SK_ID_CURR,NAME_CONTRACT_TYPE,AMT_CREDIT,AMT_ANNUITY,CODE_GENDER,AGE,NAME_FAMILY_STATUS,NAME_HOUSING_TYPE,NAME_INCOME_TYPE,AMT_INCOME_TOTAL,TARGET
230160,Cash loans,162000.0,12928.5,M,54.0,Widow,House / apartment,Working,67500.0,0
199156,Cash loans,253737.0,20178.0,F,50.0,Married,Rented apartment,Unemployed,45000.0,0
379007,Cash loans,126000.0,8203.5,F,33.0,Married,House / apartment,Unemployed,67500.0,0
109133,Cash loans,679500.0,27076.5,F,59.0,Married,House / apartment,Unemployed,121500.0,0
302937,Cash loans,193392.0,7420.5,F,61.0,Widow,House / apartment,Working,166500.0,0
248909,Cash loans,1422337.5,39244.5,F,57.0,Married,House / apartment,Working,225000.0,0
435101,Cash loans,276277.5,21825.0,F,42.0,Separated,House / apartment,Businessman,472500.0,0
451830,Cash loans,1162170.0,30784.5,F,34.0,Civil marriage,House / apartment,Working,180000.0,0
264916,Cash loans,598486.5,21627.0,F,35.0,Married,House / apartment,Working,112500.0,0
288697,Cash loans,995562.0,55719.0,F,46.0,Married,House / apartment,Working,391500.0,0
399265,Cash loans,533668.5,35937.0,F,58.0,Civil marriage,House / apartment,Working,157500.0,0
347139,Cash loans,1675413.0,58365.0,F,36.0,Married,House / apartment,Unemployed,180000.0,0
348565,Cash loans,592560.0,35937.0,M,32.0,Single / not married,House / apartment,Businessman,270000.0,1
134483,Cash loans,781920.0,25969.5,F,44.0,Married,House / apartment,Working,180000.0,0
360797,Cash loans,315000.0,21181.5,M,30.0,Single / not married,House / apartment,Unemployed,180000.0,1
208849,Cash loans,225000.0,22383.0,,68.0,Civil marriage,House / apartment,Unemployed,103500.0,0
426490,Cash loans,315000.0,25015.5,M,34.0,Single / not married,House / apartment,Working,144000.0,1
165229,Revolving loans,135000.0,6750.0,F,32.0,Single / not married,House / apartment,Unemployed,135000.0,0
300195,Cash loans,278613.0,14283.0,F,52.0,Separated,House / apartment,Working,144000.0,0
451426,Cash loans,1546141.5,82377.0,M,31.0,Single / not married,House / apartment,Businessman,382500.0,0
227265,Cash loans,728460.0,44694.0,F,,Single / not married,House / apartment,Working,180000.0,1
223634,Cash loans,794173.5,43213.5,M,27.0,Married,House / apartment,Unemployed,135000.0,0
264903,Cash loans,284400.0,16011.0,F,66.0,Married,House / apartment,Working,90000.0,0
398644,Cash loans,1125000.0,33025.5,M,50.0,Married,Municipal apartment,Businessman,202500.0,0
397608,Cash loans,315000.0,23049.0,,36.0,Single / not married,House / apartment,Working,180000.0,1
266187,Cash loans,103500.0,9675.0,M,25.0,Separated,With parents,Working,180000.0,0
226622,Cash loans,1116076.5,40216.5,F,35.0,Civil marriage,House / apartment,Unemployed,126000.0,1
281466,Cash loans,573628.5,29416.5,F,51.0,Married,House / apartment,Working,135000.0,1
187483,Cash loans,521280.0,25209.0,F,58.0,Married,House / apartment,Unemployed,135000.0,0
248242,Revolving loans,675000.0,33750.0,F,27.0,Married,House / apartment,Unemployed,202500.0,0
390914,Cash loans,269550.0,16416.0,M,,Married,House / apartment,Businessman,270000.0,0
176940,Cash loans,752742.0,40234.5,F,35.0,Separated,House / apartment,,202500.0,0
139369,Cash loans,454500.0,15151.5,F,44.0,Separated,House / apartment,Working,135000.0,0
104874,Cash loans,961146.0,28233.0,F,41.0,Married,House / apartment,Working,112500.0,0
414170,Cash loans,291915.0,15034.5,F,49.0,Married,House / apartment,Working,112500.0,0
229259,Cash loans,1212426.0,43083.0,F,47.0,Married,House / apartment,Working,171000.0,0
134148,Revolving loans,202500.0,10125.0,F,23.0,Single / not married,With parents,Unemployed,90000.0,0
288659,Cash loans,343377.0,19840.5,F,56.0,Married,House / apartment,Unemployed,90000.0,0
167115,Cash loans,247275.0,19417.5,F,51.0,Married,House / apartment,Unemployed,180000.0,0
154444,Cash loans,148500.0,14593.5,M,62.0,Married,House / apartment,Unemployed,90000.0,0
364267,Cash loans,269550.0,21294.0,M,31.0,Married,House / apartment,Businessman,270000.0,0
143391,Cash loans,152820.0,16344.0,F,41.0,Married,House / apartment,Unemployed,45000.0,0
397344,Cash loans,675000.0,24376.5,F,55.0,Married,House / apartment,Working,112500.0,0
208801,Cash loans,436032.0,20457.0,M,64.0,Married,House / apartment,Unemployed,76500.0,0
432420,Revolving loans,810000.0,40500.0,F,36.0,Married,House / apartment,Businessman,270000.0,0
335191,Cash loans,294322.5,10701.0,F,46.0,Married,House / apartment,Working,103500.0,0
195753,Cash loans,417024.0,21420.0,F,39.0,Married,House / apartment,Working,135000.0,0
396780,Cash loans,630000.0,18549.0,F,60.0,Married,House / apartment,Unemployed,72000.0,0
283627,Cash loans,1354500.0,37377.0,F,56.0,Married,House / apartment,Unemployed,112500.0,0
243103,Cash loans,647046.0,19048.5,F,65.0,Married,House / apartment,Unemployed,112500.0,0
115782,Cash loans,538389.0,38416.5,F,37.0,Married,House / apartment,Working,135000.0,0
371847,Revolving loans,157500.0,7875.0,F,26.0,Married,House / apartment,Unemployed,54000.0,0
138934,Cash loans,107820.0,5634.0,F,56.0,Separated,House / apartment,Unemployed,45000.0,0
162545,Cash loans,508495.5,25960.5,M,32.0,Married,House / apartment,Businessman,202500.0,0
273360,Cash loans,390447.0,14850.0,F,29.0,Single / not married,House / apartment,Working,67500.0,0
251865,Cash loans,550980.0,43659.0,M,49.0,Single / not married,House / apartment,,135000.0,1
139330,Revolving loans,202500.0,10125.0,F,44.0,Married,House / apartment,Working,67500.0,0
453031,Cash loans,293535.0,16978.5,F,42.0,Married,House / apartment,,135000.0,0
374782,Revolving loans,225000.0,11250.0,M,24.0,Single / not married,House / apartment,Working,144000.0,0
182545,Cash loans,314055.0,13963.5,F,60.0,Married,House / apartment,Unemployed,225000.0,0
268245,Cash loans,1113840.0,50463.0,F,42.0,Married,House / apartment,Unemployed,112500.0,0
155851,Cash loans,408780.0,14809.5,F,59.0,Married,House / apartment,Unemployed,103500.0,0
333749,Cash loans,284400.0,20740.5,F,31.0,Civil marriage,House / apartment,Working,135000.0,0
220791,Cash loans,269550.0,10116.0,F,61.0,Married,House / apartment,Working,67500.0,0
188877,Cash loans,257391.0,26374.5,F,63.0,Separated,House / apartment,Working,135000.0,0
249024,Cash loans,808650.0,31333.5,M,50.0,Married,House / apartment,Unemployed,157500.0,0
293379,Cash loans,454500.0,20020.5,,51.0,Married,House / apartment,Unemployed,85500.0,0
127295,Revolving loans,1237500.0,61875.0,F,48.0,Married,House / apartment,Businessman,450000.0,0
352918,Cash loans,662026.5,37098.0,F,55.0,Separated,House / apartment,Working,121500.0,0
246048,Cash loans,1024740.0,49297.5,M,31.0,Married,House / apartment,Working,450000.0,0
314042,Cash loans,675000.0,69295.5,M,45.0,Married,House / apartment,Unemployed,450000.0,0
212120,Cash loans,170640.0,6561.0,F,59.0,Single / not married,House / apartment,Unemployed,67500.0,0
230283,Revolving loans,585000.0,29250.0,F,39.0,Married,Rented apartment,Working,180000.0,0
423097,Cash loans,454500.0,14661.0,F,43.0,Civil marriage,House / apartment,Unemployed,135000.0,0
133727,Cash loans,358443.0,13639.5,F,44.0,Single / not married,Office apartment,Businessman,202500.0,0
369719,Cash loans,675000.0,28728.0,F,31.0,Married,House / apartment,Businessman,225000.0,0
358314,Cash loans,808650.0,23773.5,F,60.0,Civil marriage,House / apartment,Working,171000.0,0
264231,Cash loans,1483650.0,61357.5,F,42.0,Married,House / apartment,Working,112500.0,0
174628,Cash loans,521280.0,28408.5,F,27.0,Single / not married,House / apartment,Working,180000.0,0
396499,Cash loans,417024.0,25330.5,F,43.0,Married,House / apartment,Unemployed,90000.0,0
108594,Cash loans,473760.0,56353.5,M,30.0,Married,House / apartment,Working,202500.0,1
175437,Cash loans,808650.0,21460.5,F,33.0,Civil marriage,House / apartment,Working,157500.0,0
444704,Cash loans,781920.0,32998.5,F,31.0,Married,House / apartment,Working,175500.0,0
224964,Cash loans,1528200.0,53248.5,F,34.0,Civil marriage,With parents,Businessman,225000.0,0
129967,Cash loans,545040.0,26640.0,F,27.0,Married,House / apartment,Working,99000.0,1
341241,Cash loans,444420.0,21510.0,F,48.0,Married,House / apartment,Businessman,202500.0,0
266053,Cash loans,781920.0,33259.5,M,47.0,Married,Municipal apartment,Working,90000.0,0
116203,Cash loans,927252.0,25627.5,M,30.0,Married,House / apartment,Unemployed,180000.0,0
211725,Cash loans,647046.0,21001.5,F,55.0,Married,House / apartment,Unemployed,135000.0,0
101851,Cash loans,900000.0,25794.0,F,32.0,Civil marriage,House / apartment,Working,90000.0,0
343880,Cash loans,1502941.5,52371.0,F,33.0,Married,House / apartment,Businessman,225000.0,0
350568,Cash loans,1718473.5,45463.5,M,33.0,Married,House / apartment,Businessman,405000.0,0
390589,Cash loans,835380.0,31086.0,F,23.0,Civil marriage,House / apartment,Working,144000.0,0
307521,Cash loans,780363.0,31077.0,F,57.0,Married,House / apartment,Working,180000.0,0
443217,Cash loans,314100.0,17167.5,M,28.0,Married,House / apartment,Working,216000.0,0
334439,Cash loans,900000.0,26446.5,F,56.0,Married,Office apartment,Working,157500.0,0
209058,Cash loans,545040.0,26509.5,M,36.0,Civil marriage,House / apartment,Working,72000.0,0
182430,Cash loans,423000.0,18049.5,F,62.0,Widow,House / apartment,Unemployed,90000.0,0
400408,Cash loans,135000.0,14539.5,F,25.0,Married,With parents,Unemployed,135000.0,0
260350,Revolving loans,225000.0,11250.0,F,49.0,Married,House / apartment,Unemployed,90000.0,0
232667,Cash loans,332473.5,21775.5,F,30.0,Married,House / apartment,Working,247500.0,0
379458,Cash loans,720000.0,36891.0,F,58.0,Married,House / apartment,Working,135000.0,0
129395,Cash loans,284400.0,14575.5,F,24.0,Widow,With parents,Working,135000.0,0
166253,Cash loans,135000.0,5944.5,F,56.0,Single / not married,House / apartment,Unemployed,72000.0,0
215018,Cash loans,332473.5,12532.5,,60.0,Widow,House / apartment,Unemployed,45000.0,0
231929,Cash loans,1024740.0,52452.0,F,30.0,Married,House / apartment,Unemployed,67500.0,1
455877,Cash loans,900000.0,31887.0,F,39.0,Married,House / apartment,Working,135000.0,0
394732,Cash loans,1255680.0,38200.5,F,53.0,Civil marriage,House / apartment,Working,180000.0,0
341600,Cash loans,609187.5,25938.0,F,60.0,Married,House / apartment,Working,157500.0,0
312969,Cash loans,612612.0,26086.5,F,59.0,Married,House / apartment,,337500.0,0
204513,Cash loans,582768.0,37242.0,M,44.0,Separated,House / apartment,Working,270000.0,0
190970,Cash loans,269550.0,21739.5,M,27.0,Civil marriage,House / apartment,Unemployed,135000.0,0
402085,Revolving loans,180000.0,9000.0,F,24.0,Civil marriage,House / apartment,Unemployed,81000.0,0
378978,Cash loans,168102.0,16506.0,F,43.0,Widow,House / apartment,Working,135000.0,0
184076,Cash loans,675000.0,32472.0,M,41.0,Married,House / apartment,,99000.0,1
420302,Cash loans,2013840.0,53122.5,F,34.0,Married,House / apartment,Businessman,225000.0,0
124616,Cash loans,1323000.0,38812.5,F,38.0,Married,House / apartment,Working,135000.0,0
240137,Cash loans,454500.0,17739.0,F,31.0,Married,House / apartment,Unemployed,76500.0,1
318147,Cash loans,135000.0,14670.0,M,,Single / not married,House / apartment,Working,112500.0,0
246201,Cash loans,59346.0,4887.0,F,29.0,Married,House / apartment,Unemployed,103500.0,0
336873,Cash loans,161730.0,13963.5,M,47.0,Civil marriage,House / apartment,Working,112500.0,0
429713,Cash loans,95940.0,11515.5,M,43.0,Married,With parents,Unemployed,49500.0,0
373375,Cash loans,765000.0,49018.5,F,28.0,Married,House / apartment,Working,270000.0,0
433972,Revolving loans,157500.0,7875.0,F,31.0,Married,House / apartment,Unemployed,112500.0,0
309140,Cash loans,291384.0,22549.5,M,40.0,Married,House / apartment,Unemployed,180000.0,0
128031,Cash loans,640080.0,24259.5,F,35.0,Married,House / apartment,Working,225000.0,0
283672,Cash loans,935640.0,88969.5,M,51.0,Single / not married,House / apartment,Businessman,270000.0,0
297849,Cash loans,544491.0,17563.5,F,51.0,Married,House / apartment,Working,67500.0,0
347318,Cash loans,288873.0,16713.0,F,38.0,Widow,House / apartment,Unemployed,90000.0,0
226097,Cash loans,1622691.0,44752.5,F,47.0,Separated,House / apartment,Working,247500.0,0
147474,Cash loans,450000.0,17095.5,M,46.0,Married,House / apartment,Working,270000.0,0
454190,Cash loans,343800.0,16852.5,F,32.0,Married,House / apartment,Businessman,675000.0,0
255537,Cash loans,485640.0,39069.0,F,60.0,Separated,House / apartment,Businessman,225000.0,0
204428,Cash loans,119925.0,11812.5,M,58.0,Married,House / apartment,Working,157500.0,0
323158,Cash loans,112500.0,7569.0,F,56.0,Married,House / apartment,Working,112500.0,0
233351,Cash loans,512064.0,19431.0,F,51.0,Married,House / apartment,Working,112500.0,0
157227,Cash loans,1724220.0,50544.0,M,51.0,Married,House / apartment,Working,180000.0,0
312365,Cash loans,1125000.0,60070.5,F,50.0,Separated,House / apartment,Unemployed,270000.0,0
355695,Cash loans,497520.0,33376.5,M,58.0,Separated,House / apartment,Businessman,256500.0,0
204458,Cash loans,808650.0,26217.0,F,62.0,Married,House / apartment,Working,126000.0,0
240290,Cash loans,272520.0,19957.5,F,22.0,Single / not married,House / apartment,Working,126000.0,0
168655,Cash loans,269550.0,12964.5,F,63.0,Married,Municipal apartment,Unemployed,85500.0,0
168253,Cash loans,943425.0,27715.5,F,58.0,Married,House / apartment,Unemployed,90000.0,0
230470,Cash loans,163008.0,11020.5,F,34.0,Single / not married,House / apartment,Working,157500.0,0
208429,Cash loans,277969.5,18706.5,F,34.0,Married,House / apartment,Working,135000.0,0
130595,Cash loans,855000.0,41260.5,M,36.0,Married,House / apartment,Businessman,202500.0,0
216951,Cash loans,1635120.0,56835.0,M,64.0,Married,House / apartment,Unemployed,157500.0,0
448374,Cash loans,,18265.5,M,44.0,Married,House / apartment,Unemployed,90000.0,1
206029,Cash loans,283419.0,16398.0,F,45.0,Married,House / apartment,Working,180000.0,0
416454,Cash loans,296280.0,23539.5,F,32.0,Single / not married,With parents,Working,157500.0,0
450623,Cash loans,571486.5,25303.5,F,57.0,Widow,House / apartment,Working,189000.0,0
445120,Cash loans,1260000.0,36972.0,M,45.0,Married,House / apartment,Working,121500.0,1
426065,Cash loans,1159515.0,33903.0,F,53.0,Married,House / apartment,Working,180000.0,0
126237,Cash loans,983299.5,40707.0,M,55.0,Married,House / apartment,Working,144000.0,0
213352,Revolving loans,675000.0,33750.0,M,56.0,Married,House / apartment,Businessman,225000.0,0
105193,Cash loans,454500.0,27936.0,F,35.0,Single / not married,House / apartment,Working,112500.0,0
394136,Cash loans,272520.0,21658.5,F,53.0,Married,House / apartment,Working,171000.0,0
377802,Cash loans,348264.0,19993.5,F,40.0,Separated,House / apartment,Working,162000.0,0
253316,Cash loans,427450.5,29047.5,F,33.0,Married,House / apartment,Working,157500.0,0
154301,Cash loans,568800.0,15133.5,F,44.0,Civil marriage,House / apartment,Working,135000.0,0
348134,Cash loans,225000.0,13896.0,M,,Civil marriage,With parents,Working,180000.0,0
270880,Cash loans,289597.5,14913.0,F,40.0,Married,House / apartment,Unemployed,90000.0,0
401308,Cash loans,754740.0,24475.5,F,34.0,Married,House / apartment,Working,112500.0,0
287237,Cash loans,808650.0,26217.0,M,62.0,Married,House / apartment,Businessman,202500.0,0
137202,Cash loans,1116000.0,36130.5,M,40.0,Married,House / apartment,Unemployed,180000.0,0
414115,Cash loans,1102797.0,45639.0,F,52.0,Married,House / apartment,Businessman,225000.0,0
245247,Cash loans,1069285.5,48451.5,F,44.0,Married,House / apartment,Businessman,225000.0,0
274946,Cash loans,675000.0,53329.5,F,40.0,Civil marriage,Rented apartment,Businessman,270000.0,0
203334,Cash loans,284400.0,16456.5,M,67.0,Married,House / apartment,Unemployed,76500.0,0
249956,Cash loans,585000.0,31864.5,M,28.0,Married,House / apartment,Businessman,202500.0,0
406322,Cash loans,628114.5,22689.0,,44.0,Married,House / apartment,Unemployed,81000.0,0
197951,Cash loans,254700.0,17149.5,,36.0,Married,House / apartment,Unemployed,112500.0,0
393006,Cash loans,280170.0,33381.0,M,38.0,Married,House / apartment,Working,135000.0,0
349220,Cash loans,284400.0,16011.0,F,65.0,Single / not married,House / apartment,Businessman,211500.0,0
190445,Cash loans,302076.0,23508.0,F,47.0,Married,House / apartment,Unemployed,157500.0,1
349733,Cash loans,755190.0,36328.5,M,39.0,Married,House / apartment,Businessman,225000.0,0
380379,Cash loans,848745.0,37516.5,F,42.0,Widow,House / apartment,Working,157500.0,0
210970,Revolving loans,180000.0,9000.0,F,28.0,Single / not married,House / apartment,Working,112500.0,0
219499,Cash loans,450000.0,24543.0,M,28.0,Married,House / apartment,Unemployed,112500.0,0
361762,Cash loans,47970.0,4873.5,F,63.0,Civil marriage,House / apartment,Unemployed,99000.0,0
384778,Cash loans,292500.0,23238.0,F,34.0,Married,House / apartment,Unemployed,103500.0,0
213573,Cash loans,495000.0,14602.5,F,63.0,Married,House / apartment,Unemployed,135000.0,0
264618,Cash loans,130320.0,13815.0,F,39.0,Married,House / apartment,Working,112500.0,0
230733,Cash loans,288873.0,17802.0,F,56.0,Married,House / apartment,Businessman,225000.0,0
363120,Cash loans,417024.0,25200.0,F,53.0,Married,House / apartment,Unemployed,90000.0,1
323363,Cash loans,558706.5,48082.5,,26.0,Married,With parents,Working,225000.0,0
407183,Cash loans,305221.5,9382.5,F,59.0,Married,House / apartment,Unemployed,81000.0,0
379310,Cash loans,409500.0,43128.0,M,39.0,Married,House / apartment,Businessman,315000.0,0
312806,Cash loans,172692.0,17208.0,F,60.0,Married,House / apartment,Unemployed,83250.0,0
414020,Cash loans,1665000.0,58005.0,F,43.0,Married,House / apartment,Working,337500.0,0
189985,Cash loans,576072.0,20821.5,F,40.0,Married,House / apartment,Unemployed,90000.0,0
237903,Cash loans,657166.5,31743.0,M,34.0,Married,House / apartment,Working,382500.0,0
350169,Cash loans,1125000.0,32895.0,F,40.0,Married,House / apartment,Unemployed,90000.0,0
168553,Cash loans,1107000.0,36715.5,M,54.0,Married,House / apartment,,157500.0,0
224564,Cash loans,450000.0,32742.0,F,54.0,Married,House / apartment,Working,76500.0,0
129624,Cash loans,378117.0,23130.0,M,29.0,Civil marriage,House / apartment,Working,135000.0,0
151048,Cash loans,1125000.0,32895.0,F,43.0,Married,House / apartment,Working,157500.0,0
207795,Cash loans,1569285.0,62235.0,F,54.0,Married,House / apartment,Working,157500.0,0
289250,Cash loans,679500.0,28917.0,F,35.0,Separated,House / apartment,Working,180000.0,0
348474,Cash loans,900000.0,45954.0,F,40.0,Married,House / apartment,Businessman,225000.0,0
221367,Cash loans,1125000.0,32895.0,F,45.0,Married,House / apartment,Unemployed,135000.0,0
142669,Cash loans,225000.0,23184.0,F,68.0,Married,House / apartment,Working,135000.0,0
454783,Cash loans,1354500.0,42529.5,M,47.0,Married,House / apartment,Businessman,202500.0,0
374191,Cash loans,76410.0,7443.0,F,59.0,Widow,House / apartment,Unemployed,85500.0,0
227929,Revolving loans,157500.0,7875.0,M,29.0,Civil marriage,Office apartment,Working,450000.0,0
345175,Cash loans,675000.0,28597.5,M,62.0,Married,House / apartment,Unemployed,72000.0,0
213618,Cash loans,1125000.0,44617.5,M,64.0,Married,House / apartment,Unemployed,81000.0,0
418868,Cash loans,443088.0,18900.0,F,57.0,Married,House / apartment,Working,117000.0,0
236390,Cash loans,1006920.0,51543.0,F,54.0,Married,Municipal apartment,Working,112500.0,0
360368,Cash loans,545040.0,26509.5,M,23.0,Married,House / apartment,Working,112500.0,1
366873,Cash loans,254700.0,30357.0,M,22.0,Single / not married,House / apartment,Businessman,360000.0,1
144920,Cash loans,486000.0,18963.0,M,54.0,Civil marriage,House / apartment,Unemployed,135000.0,0
290223,Cash loans,314055.0,16164.0,M,31.0,Married,House / apartment,Working,180000.0,0
208767,Cash loans,298512.0,16798.5,F,,Married,House / apartment,Working,54000.0,0
404843,Cash loans,545040.0,43191.0,F,60.0,Married,House / apartment,Working,157500.0,0
292608,Cash loans,447768.0,32710.5,F,44.0,Married,House / apartment,Working,292500.0,0
395902,Revolving loans,270000.0,13500.0,M,49.0,Married,House / apartment,Working,135000.0,0
186431,Cash loans,760225.5,30280.5,F,56.0,Married,House / apartment,Working,157500.0,0
301305,Cash loans,508495.5,24592.5,M,37.0,Married,House / apartment,Working,135000.0,0
125023,Cash loans,454500.0,19386.0,M,34.0,Married,House / apartment,Working,157500.0,1
287402,Cash loans,687600.0,19039.5,F,29.0,Married,House / apartment,Working,315000.0,0
361624,Cash loans,884178.0,104931.0,M,24.0,Married,House / apartment,Working,315000.0,0
252775,Cash loans,868500.0,28017.0,F,39.0,Married,House / apartment,Working,225000.0,0
295494,Cash loans,594121.5,26298.0,F,55.0,Married,House / apartment,Working,180000.0,0
291399,Cash loans,436032.0,28516.5,M,47.0,Married,House / apartment,Working,135000.0,0
375769,Cash loans,521280.0,28408.5,M,48.0,Married,House / apartment,Working,180000.0,0
198550,Cash loans,675000.0,29862.0,F,56.0,Married,House / apartment,Working,112500.0,0
143818,Cash loans,450000.0,22018.5,F,26.0,Single / not married,House / apartment,Businessman,225000.0,0
283072,Cash loans,1078200.0,31653.0,F,49.0,Married,House / apartment,Working,112500.0,0
445719,Cash loans,312768.0,13248.0,F,58.0,Married,House / apartment,Working,90000.0,0
247569,Cash loans,203760.0,11826.0,F,37.0,Civil marriage,House / apartment,Unemployed,90000.0,0
313206,Cash loans,1236816.0,36292.5,F,50.0,Married,House / apartment,Working,180000.0,0
226393,Cash loans,1971072.0,68643.0,F,36.0,Separated,Office apartment,Businessman,540000.0,0
226196,Cash loans,491823.0,23791.5,F,45.0,Married,House / apartment,Unemployed,90000.0,0
445516,Revolving loans,315000.0,15750.0,F,50.0,Married,House / apartment,Working,157500.0,0
109278,Cash loans,755190.0,32125.5,F,61.0,Married,House / apartment,Unemployed,33300.0,0
425646,Cash loans,1051294.5,30870.0,F,37.0,Married,House / apartment,Unemployed,153000.0,0
316207,Cash loans,148140.0,11835.0,M,33.0,Married,House / apartment,Working,315000.0,0
442815,Cash loans,284400.0,22599.0,F,22.0,Married,With parents,Unemployed,180000.0,0
397924,Cash loans,1762110.0,48456.0,F,41.0,Married,House / apartment,Working,126000.0,0
243466,Revolving loans,225000.0,11250.0,F,31.0,Single / not married,House / apartment,Working,121500.0,0
154522,Cash loans,509400.0,32553.0,M,39.0,Married,House / apartment,Businessman,279000.0,0
269323,Cash loans,521280.0,28278.0,M,23.0,Single / not married,House / apartment,Unemployed,202500.0,0
134049,Cash loans,1356133.5,44950.5,M,57.0,Married,House / apartment,Working,522000.0,0
289816,Cash loans,225000.0,16303.5,F,37.0,Civil marriage,House / apartment,Working,157500.0,0
362198,Cash loans,490495.5,26014.5,F,56.0,Married,House / apartment,Working,141750.0,0
413310,Revolving loans,450000.0,22500.0,M,54.0,Married,House / apartment,Unemployed,135000.0,0
396096,Cash loans,365175.0,17154.0,F,41.0,Married,House / apartment,Unemployed,67500.0,0
236772,Cash loans,88884.0,7150.5,M,54.0,Civil marriage,House / apartment,Unemployed,337500.0,0
413866,Cash loans,1055376.0,30987.0,M,51.0,Civil marriage,House / apartment,Businessman,225000.0,0
323772,Cash loans,1442952.0,38191.5,F,37.0,Single / not married,House / apartment,Working,180000.0,0
182166,Cash loans,1078200.0,38331.0,M,31.0,Married,With parents,Working,157500.0,0
245709,Cash loans,1506816.0,47443.5,F,35.0,Married,House / apartment,Working,117000.0,0
244516,Cash loans,506889.0,37012.5,F,45.0,Married,House / apartment,Unemployed,112500.0,0
180056,Cash loans,203760.0,11826.0,F,67.0,Married,House / apartment,Businessman,202500.0,0
343288,Revolving loans,270000.0,13500.0,F,57.0,Married,House / apartment,Working,135000.0,0
431632,Cash loans,543735.0,26289.0,M,46.0,Married,House / apartment,Working,157500.0,0
439530,Cash loans,193392.0,7290.0,F,36.0,Civil marriage,House / apartment,Unemployed,81000.0,0
240146,Cash loans,578979.0,27850.5,F,52.0,Married,House / apartment,Working,135000.0,0
230909,Cash loans,891387.0,29587.5,F,42.0,Married,House / apartment,Working,180000.0,0
254576,Cash loans,305221.5,9382.5,F,65.0,Widow,House / apartment,Working,112500.0,0
366808,Cash loans,269550.0,24853.5,M,28.0,Civil marriage,House / apartment,Working,180000.0,0
397117,Cash loans,1800000.0,49500.0,M,54.0,Married,House / apartment,Businessman,630000.0,0
125567,Cash loans,207306.0,10984.5,M,62.0,Married,House / apartment,Working,157500.0,0
119214,Cash loans,675000.0,28597.5,F,30.0,Single / not married,House / apartment,Working,189000.0,0
275833,Cash loans,835380.0,40320.0,F,34.0,Civil marriage,House / apartment,Businessman,202500.0,0
420070,Cash loans,121878.0,6610.5,M,25.0,Married,Rented apartment,,126000.0,0
216068,Cash loans,675000.0,22437.0,F,64.0,Civil marriage,House / apartment,Working,157500.0,0
405214,Cash loans,273636.0,28170.0,F,46.0,Separated,House / apartment,Unemployed,112500.0,0
136463,Cash loans,508495.5,22527.0,F,55.0,Married,House / apartment,Unemployed,67500.0,0
425253,Cash loans,1575000.0,41679.0,M,56.0,Married,House / apartment,Businessman,514480.5,0
378869,Cash loans,1214100.0,67923.0,F,63.0,Married,House / apartment,Businessman,247500.0,0
283113,Cash loans,1006920.0,42790.5,F,34.0,Married,House / apartment,Working,135000.0,0
154917,Cash loans,161730.0,12645.0,M,37.0,Married,House / apartment,Businessman,225000.0,0
162838,Cash loans,243000.0,26298.0,M,38.0,Married,House / apartment,Working,135000.0,0
200548,Cash loans,677664.0,24471.0,F,37.0,Civil marriage,House / apartment,Working,157500.0,0
158165,Cash loans,278613.0,33192.0,M,30.0,Single / not married,House / apartment,Businessman,315000.0,0
237655,Cash loans,247275.0,19953.0,F,34.0,Single / not married,House / apartment,Working,180000.0,0
365682,Cash loans,622413.0,31909.5,F,32.0,Married,House / apartment,Working,135000.0,0
429898,Cash loans,254700.0,17019.0,M,67.0,Married,House / apartment,Unemployed,87750.0,0
114331,Cash loans,528633.0,22527.0,F,47.0,Married,House / apartment,Working,112500.0,0
378362,Cash loans,2281500.0,65128.5,F,44.0,Married,House / apartment,Working,117000.0,1
375669,Cash loans,225000.0,22050.0,M,58.0,Married,House / apartment,Businessman,270000.0,0
142577,Cash loans,436500.0,22284.0,F,23.0,Single / not married,House / apartment,Businessman,202500.0,0
255588,Cash loans,545040.0,26640.0,F,27.0,Married,House / apartment,Unemployed,135000.0,0
220345,Cash loans,1503000.0,41463.0,F,50.0,Married,House / apartment,Businessman,202500.0,0
374019,Cash loans,189000.0,10980.0,F,66.0,Married,House / apartment,Working,51750.0,0
277064,Cash loans,768550.5,35743.5,F,53.0,Married,House / apartment,,225000.0,0
433377,Cash loans,448056.0,21015.0,M,43.0,Married,House / apartment,Businessman,225000.0,0
184335,Cash loans,900000.0,35694.0,M,37.0,Married,House / apartment,Businessman,315000.0,0
187920,Cash loans,315000.0,15448.5,F,41.0,Civil marriage,House / apartment,Unemployed,135000.0,0
152976,Cash loans,354469.5,15147.0,F,60.0,Widow,House / apartment,Unemployed,81000.0,0
343755,Cash loans,787131.0,26014.5,M,39.0,Married,House / apartment,Businessman,225000.0,0
384446,Cash loans,260640.0,25519.5,F,45.0,Married,House / apartment,Unemployed,135000.0,0
428639,Cash loans,1011402.0,32755.5,F,43.0,Single / not married,House / apartment,Businessman,292500.0,0
188640,Cash loans,675000.0,24799.5,F,36.0,Civil marriage,House / apartment,Unemployed,67500.0,0
105016,Cash loans,331834.5,17073.0,F,39.0,Married,House / apartment,Working,202500.0,0
353175,Cash loans,1078200.0,29650.5,F,,Married,House / apartment,Working,135000.0,0
364063,Revolving loans,292500.0,14625.0,F,57.0,Widow,House / apartment,Unemployed,139500.0,0
120486,Cash loans,805675.5,52875.0,F,53.0,Married,House / apartment,Unemployed,171000.0,0
318932,Cash loans,781920.0,28215.0,F,63.0,Single / not married,House / apartment,Unemployed,112500.0,0
100593,Cash loans,263686.5,28107.0,F,38.0,Married,House / apartment,,90000.0,0
248890,Cash loans,808650.0,26217.0,F,40.0,Separated,House / apartment,Unemployed,108000.0,0
286624,Cash loans,152820.0,15786.0,F,63.0,Married,House / apartment,Unemployed,180000.0,0
101661,Cash loans,625536.0,27553.5,F,39.0,Married,Municipal apartment,Unemployed,76500.0,0
381513,Revolving loans,180000.0,9000.0,F,38.0,Married,House / apartment,Working,112500.0,0
268648,Cash loans,900693.0,29898.0,F,40.0,Married,House / apartment,Businessman,270000.0,0
301128,Cash loans,343800.0,13090.5,F,56.0,Widow,House / apartment,Working,157500.0,0
141923,Cash loans,310500.0,16384.5,M,38.0,Civil marriage,House / apartment,Working,112500.0,0
271466,Cash loans,177768.0,13063.5,M,31.0,Married,House / apartment,Working,157500.0,0
115840,Cash loans,270000.0,14647.5,F,37.0,Civil marriage,House / apartment,Unemployed,81000.0,0
411053,Cash loans,188685.0,14944.5,F,31.0,Civil marriage,House / apartment,Working,112500.0,0
277365,Cash loans,491031.0,36067.5,M,24.0,Single / not married,House / apartment,Businessman,202500.0,0
275465,Cash loans,225000.0,17775.0,F,25.0,Single / not married,House / apartment,Working,112500.0,1
201407,Cash loans,813195.0,27004.5,F,27.0,Married,House / apartment,Working,126000.0,0
259737,Cash loans,220500.0,10854.0,F,29.0,Married,House / apartment,Working,112500.0,0
249093,Cash loans,1575000.0,43312.5,M,48.0,Single / not married,House / apartment,Businessman,360000.0,0
232595,Cash loans,500211.0,26779.5,F,41.0,Married,House / apartment,Unemployed,81000.0,1
397905,Cash loans,418743.0,26892.0,F,32.0,Married,House / apartment,Unemployed,135000.0,0
322847,Cash loans,1078200.0,31653.0,F,57.0,Single / not married,House / apartment,Businessman,450000.0,0
143741,Cash loans,450000.0,29430.0,F,24.0,Civil marriage,House / apartment,Unemployed,135000.0,0
392743,Cash loans,781920.0,42417.0,M,27.0,Married,House / apartment,Working,157500.0,0
240737,Cash loans,215640.0,19908.0,F,26.0,Single / not married,House / apartment,Working,148500.0,0
150837,Cash loans,229500.0,8779.5,F,30.0,Married,With parents,Working,112500.0,0
329802,Cash loans,78192.0,9409.5,F,40.0,Married,House / apartment,Unemployed,63000.0,0
290514,Cash loans,548775.0,29367.0,F,63.0,Married,House / apartment,Working,112500.0,1
357413,Cash loans,474048.0,21010.5,F,48.0,Civil marriage,House / apartment,Working,157500.0,0
173805,Cash loans,651600.0,36513.0,M,38.0,Civil marriage,With parents,Businessman,202500.0,0
343635,Cash loans,278613.0,20403.0,M,29.0,Married,House / apartment,Unemployed,148500.0,0
106839,Cash loans,1113840.0,44302.5,M,45.0,Married,House / apartment,Working,157500.0,1
186163,Cash loans,283419.0,8721.0,F,60.0,Single / not married,House / apartment,Unemployed,67500.0,0
404321,Cash loans,119925.0,11227.5,F,59.0,Married,House / apartment,Working,67500.0,0
249659,Cash loans,834048.0,42498.0,F,26.0,Single / not married,House / apartment,,279000.0,0
150141,Cash loans,709866.0,26208.0,M,36.0,Married,Municipal apartment,Unemployed,90000.0,0
241490,Cash loans,314100.0,16573.5,F,34.0,Single / not married,House / apartment,Working,157500.0,0
193403,Cash loans,598486.5,21627.0,M,49.0,Married,House / apartment,Businessman,270000.0,0
207232,Cash loans,1237500.0,36184.5,F,39.0,Married,House / apartment,Unemployed,247500.0,0
452790,Cash loans,,42790.5,M,43.0,Separated,House / apartment,Working,202500.0,0
294963,Cash loans,90000.0,4324.5,F,28.0,Single / not married,House / apartment,Working,112500.0,0
233334,Cash loans,281493.0,14868.0,M,40.0,Civil marriage,House / apartment,Unemployed,90000.0,1
275580,Cash loans,1350000.0,39604.5,F,29.0,Married,House / apartment,Businessman,270000.0,0
347825,Cash loans,1338354.0,53208.0,F,60.0,Married,House / apartment,Businessman,270000.0,0
287267,Cash loans,882000.0,25789.5,F,32.0,Married,House / apartment,Working,225000.0,0
305646,Cash loans,521280.0,31500.0,F,45.0,Married,House / apartment,Working,135000.0,0
106863,Cash loans,360000.0,17509.5,F,27.0,Single / not married,With parents,,90000.0,0
286015,Cash loans,729792.0,35109.0,F,54.0,Married,House / apartment,Working,112500.0,0
340526,Cash loans,888840.0,29506.5,F,52.0,Separated,House / apartment,Working,157500.0,0
107354,Cash loans,755190.0,36459.0,M,53.0,Civil marriage,House / apartment,Working,112500.0,0
217123,Cash loans,1762110.0,48586.5,F,36.0,Married,House / apartment,Businessman,270000.0,0
149172,Cash loans,251091.0,23607.0,M,23.0,Single / not married,House / apartment,Working,144000.0,0
227726,Cash loans,862560.0,25348.5,F,40.0,Married,House / apartment,Working,135000.0,0
271915,Cash loans,521280.0,28408.5,M,47.0,Married,House / apartment,Working,112500.0,0
378888,Revolving loans,405000.0,20250.0,F,40.0,Married,House / apartment,Unemployed,135000.0,0
186511,Cash loans,1125000.0,33025.5,M,56.0,Married,House / apartment,Unemployed,90000.0,0
118188,Cash loans,1350000.0,39604.5,M,33.0,Married,House / apartment,Businessman,202500.0,0
202076,Cash loans,138474.0,9976.5,F,56.0,Widow,House / apartment,Working,45000.0,1
368363,Revolving loans,247500.0,12375.0,F,59.0,Married,House / apartment,Unemployed,90000.0,0
386214,Revolving loans,405000.0,20250.0,F,54.0,Civil marriage,House / apartment,Working,157500.0,0
395022,Revolving loans,270000.0,13500.0,F,30.0,Married,House / apartment,Working,135000.0,0
408995,Cash loans,454500.0,16825.5,F,30.0,Civil marriage,Rented apartment,Businessman,225000.0,1
347557,Cash loans,675000.0,32602.5,F,30.0,Married,Municipal apartment,Working,270000.0,0
235155,Cash loans,1035000.0,30393.0,F,37.0,Married,House / apartment,Businessman,202500.0,0
262299,Cash loans,568057.5,24196.5,F,55.0,Separated,House / apartment,Unemployed,67500.0,0
122507,Cash loans,868500.0,30897.0,F,36.0,Married,House / apartment,Working,157500.0,1
168665,Cash loans,610335.0,18634.5,M,58.0,Married,House / apartment,Businessman,225000.0,0
275382,Revolving loans,270000.0,13500.0,F,54.0,Married,House / apartment,Unemployed,90000.0,0
395491,Cash loans,213948.0,21289.5,F,67.0,Widow,House / apartment,Unemployed,99000.0,0
151626,Cash loans,312768.0,20898.0,F,32.0,Married,House / apartment,Working,135000.0,0
341408,Cash loans,170640.0,11533.5,M,50.0,Married,House / apartment,Working,157500.0,0
251758,Cash loans,436500.0,34614.0,F,35.0,Married,House / apartment,Unemployed,90000.0,0
373110,Cash loans,1125000.0,40410.0,F,30.0,Married,With parents,Working,157500.0,0
188237,Cash loans,497520.0,27909.0,F,41.0,Married,House / apartment,Working,135000.0,1
392489,Cash loans,296239.5,21064.5,F,51.0,Married,House / apartment,Working,90000.0,0
232634,Cash loans,862560.0,25348.5,M,51.0,Separated,House / apartment,Working,157500.0,0
308676,Revolving loans,270000.0,13500.0,F,23.0,Married,House / apartment,Working,135000.0,0
319551,Cash loans,229500.0,11160.0,F,44.0,Married,House / apartment,Businessman,202500.0,1
146583,Cash loans,450000.0,20979.0,M,32.0,Married,House / apartment,Businessman,207000.0,0
341467,Cash loans,760225.5,30280.5,F,41.0,Married,Office apartment,Working,135000.0,0
116304,Cash loans,454500.0,17815.5,F,37.0,Civil marriage,House / apartment,Businessman,225000.0,0
413524,Cash loans,325908.0,13936.5,F,52.0,Civil marriage,House / apartment,Working,157500.0,0
201205,Cash loans,805536.0,31945.5,M,30.0,Married,House / apartment,Businessman,202500.0,0
331264,Cash loans,509400.0,32553.0,M,46.0,Married,House / apartment,Working,157500.0,0
412908,Cash loans,443088.0,19647.0,F,27.0,Single / not married,House / apartment,Unemployed,135000.0,0
396215,Cash loans,1506816.0,49099.5,F,49.0,Married,House / apartment,Unemployed,135000.0,0
267886,Cash loans,973503.0,41377.5,F,61.0,Married,House / apartment,Businessman,225000.0,0
222823,Cash loans,284400.0,15138.0,F,33.0,Single / not married,House / apartment,Unemployed,126000.0,0
132663,Revolving loans,180000.0,9000.0,F,60.0,Civil marriage,House / apartment,Working,135000.0,0
359587,Cash loans,354276.0,23193.0,F,42.0,Married,House / apartment,Working,112500.0,0
252617,Cash loans,652500.0,31387.5,F,31.0,Married,House / apartment,Working,135000.0,0
122528,Cash loans,239850.0,23364.0,F,63.0,Married,House / apartment,Unemployed,180000.0,0
331272,Cash loans,675000.0,20466.0,F,59.0,Widow,House / apartment,Businessman,225000.0,0
342080,Cash loans,427869.0,24021.0,F,47.0,Separated,House / apartment,Unemployed,67500.0,0
299392,Cash loans,284400.0,16011.0,F,67.0,Widow,House / apartment,Working,126000.0,0
115747,Cash loans,305955.0,20079.0,M,48.0,Civil marriage,House / apartment,Working,157500.0,0
415390,Cash loans,720000.0,25636.5,M,31.0,Single / not married,House / apartment,Working,180000.0,0
279792,Cash loans,941193.0,48186.0,F,51.0,Married,House / apartment,Working,225000.0,0
358077,Cash loans,254700.0,26874.0,F,53.0,Married,House / apartment,Working,180000.0,0
343114,Cash loans,1078200.0,38331.0,,40.0,Married,Rented apartment,Working,157500.0,0
147959,Cash loans,364896.0,26833.5,F,42.0,Married,House / apartment,Businessman,337500.0,0
355215,Cash loans,354276.0,13486.5,F,41.0,Civil marriage,House / apartment,Working,252900.0,0
440141,Cash loans,675000.0,34596.0,F,61.0,Married,House / apartment,Working,148500.0,0
258375,Cash loans,158301.0,16753.5,F,67.0,Married,House / apartment,Unemployed,58500.0,0
357827,Cash loans,605439.0,32971.5,M,36.0,Married,House / apartment,Working,225000.0,0
291500,Cash loans,,10206.0,M,48.0,Married,House / apartment,Unemployed,85500.0,0
413029,Cash loans,269982.0,30663.0,M,40.0,Married,House / apartment,Working,112500.0,0
171049,Cash loans,1288350.0,37669.5,M,47.0,Married,House / apartment,Working,90000.0,0
320157,Cash loans,86598.0,9454.5,M,39.0,Civil marriage,House / apartment,Unemployed,112500.0,0
178219,Cash loans,1042560.0,34587.0,F,45.0,Married,House / apartment,Unemployed,180000.0,0
291509,Cash loans,315000.0,9027.0,F,41.0,Civil marriage,House / apartment,Working,157500.0,0
387888,Cash loans,900000.0,45954.0,F,41.0,Married,House / apartment,Working,135000.0,0
420077,Cash loans,2085120.0,72607.5,F,48.0,Married,House / apartment,Businessman,292500.0,0
319217,Cash loans,518562.0,25078.5,F,29.0,Married,House / apartment,Working,126000.0,1
139047,Cash loans,148365.0,10678.5,F,,Civil marriage,House / apartment,Unemployed,72000.0,0
204432,Cash loans,450000.0,21109.5,F,36.0,Civil marriage,House / apartment,Working,90000.0,0
371021,Cash loans,422892.0,25870.5,F,,Married,House / apartment,Working,112500.0,0
155365,Cash loans,270000.0,9828.0,F,57.0,Single / not married,House / apartment,Unemployed,90000.0,0
412095,Cash loans,459000.0,13284.0,F,56.0,Married,House / apartment,Unemployed,37800.0,0
377832,Cash loans,1546020.0,42642.0,F,61.0,Married,House / apartment,Businessman,270000.0,0
112340,Cash loans,757867.5,73957.5,F,57.0,Civil marriage,House / apartment,Businessman,315000.0,0
121352,Revolving loans,810000.0,40500.0,M,36.0,Married,Municipal apartment,Businessman,360000.0,0
343000,Cash loans,673875.0,21865.5,F,39.0,Married,House / apartment,Unemployed,67500.0,0
319398,Revolving loans,180000.0,9000.0,F,30.0,Married,House / apartment,Working,67500.0,0
356446,Cash loans,225000.0,17775.0,M,31.0,Married,Municipal apartment,Unemployed,45000.0,0
407777,Cash loans,1800000.0,62568.0,M,65.0,Married,House / apartment,Unemployed,180000.0,0
338718,Cash loans,1164667.5,34182.0,F,,Married,House / apartment,Working,135000.0,0
449447,Cash loans,824823.0,29353.5,F,35.0,Married,With parents,Unemployed,135000.0,0
313413,Cash loans,180000.0,18900.0,F,48.0,Married,House / apartment,Working,90000.0,0
209892,Cash loans,148365.0,10453.5,F,53.0,Married,With parents,Unemployed,67500.0,0
304479,Cash loans,1006920.0,51412.5,F,30.0,Civil marriage,House / apartment,Working,180000.0,0
404377,Cash loans,485640.0,38263.5,,42.0,Married,House / apartment,Businessman,270000.0,0
298511,Cash loans,509400.0,37197.0,F,55.0,Single / not married,House / apartment,Unemployed,157500.0,0
178310,Cash loans,323460.0,25159.5,M,37.0,Married,House / apartment,Businessman,202500.0,0
287368,Cash loans,1928304.0,71460.0,M,54.0,Married,House / apartment,Working,189000.0,0
411588,Revolving loans,270000.0,13500.0,F,49.0,Single / not married,House / apartment,Working,117000.0,0
309318,Cash loans,315000.0,14004.0,M,61.0,Civil marriage,House / apartment,Unemployed,157500.0,0
282893,Cash loans,,12636.0,F,51.0,Single / not married,House / apartment,Working,130500.0,0
166254,Cash loans,1113840.0,57001.5,M,64.0,Married,House / apartment,Businessman,202500.0,1
155356,Cash loans,,45112.5,F,46.0,Separated,House / apartment,Businessman,225000.0,1
455194,Cash loans,1223010.0,51948.0,M,63.0,Married,House / apartment,Unemployed,90000.0,0
357145,Cash loans,315000.0,17086.5,M,36.0,Married,House / apartment,Unemployed,157500.0,0
227961,Cash loans,1067940.0,31356.0,F,42.0,Married,House / apartment,Working,135000.0,0
412668,Cash loans,1345500.0,35491.5,,32.0,Married,With parents,Working,112500.0,0
308683,Revolving loans,720000.0,36000.0,M,31.0,Separated,With parents,Businessman,247500.0,0
228548,Cash loans,1056447.0,31018.5,M,53.0,Married,House / apartment,Working,180000.0,0
385892,Cash loans,640080.0,29970.0,F,36.0,Single / not married,House / apartment,Businessman,202500.0,0
401880,Cash loans,1185120.0,39298.5,F,53.0,Married,House / apartment,Unemployed,180000.0,1
120690,Cash loans,239850.0,25960.5,M,28.0,Single / not married,House / apartment,Businessman,202500.0,0
384032,Cash loans,343800.0,16852.5,F,27.0,Married,House / apartment,Unemployed,67500.0,0
202135,Cash loans,1125000.0,29677.5,M,50.0,Single / not married,House / apartment,Working,135000.0,0
115996,Cash loans,291915.0,21370.5,F,59.0,Married,House / apartment,Working,135000.0,0
124904,Cash loans,325908.0,15808.5,F,49.0,Married,House / apartment,Unemployed,72000.0,0
425625,Cash loans,71955.0,7137.0,M,63.0,Married,House / apartment,Unemployed,67500.0,0
131547,Revolving loans,202500.0,10125.0,F,27.0,Married,House / apartment,Unemployed,67500.0,0
359245,Cash loans,302341.5,11803.5,M,62.0,Married,House / apartment,Unemployed,92250.0,0
453468,Cash loans,388512.0,25627.5,,29.0,Separated,House / apartment,Working,180000.0,0
172778,Cash loans,593010.0,16992.0,F,56.0,Married,Municipal apartment,Unemployed,37350.0,0
113588,Cash loans,225000.0,8482.5,M,47.0,Married,House / apartment,Working,112500.0,0
284525,Cash loans,173196.0,10071.0,F,35.0,Married,House / apartment,Working,270000.0,0
373184,Cash loans,640080.0,31261.5,F,32.0,Married,House / apartment,Working,157500.0,1
341564,Cash loans,254700.0,26874.0,F,54.0,Married,House / apartment,Working,135000.0,0
239800,Cash loans,592560.0,22090.5,F,29.0,Married,House / apartment,Working,337500.0,0
376897,Cash loans,152820.0,15016.5,M,46.0,Married,House / apartment,Working,135000.0,0
396002,Cash loans,1535553.0,42354.0,M,35.0,Married,House / apartment,Businessman,423000.0,0
423636,Cash loans,765000.0,33826.5,F,49.0,Married,House / apartment,Working,112500.0,0
260248,Cash loans,545040.0,26640.0,F,48.0,Married,House / apartment,Unemployed,135000.0,0
162192,Cash loans,481495.5,33642.0,M,41.0,Married,House / apartment,Working,225000.0,0
219895,Cash loans,840951.0,40585.5,F,32.0,Married,House / apartment,Businessman,315000.0,0
349021,Cash loans,1125000.0,44748.0,F,44.0,Married,House / apartment,Working,157500.0,0
314315,Revolving loans,720000.0,36000.0,M,45.0,Married,House / apartment,Businessman,315000.0,0
422942,Cash loans,787131.0,30631.5,F,26.0,Civil marriage,House / apartment,Working,225000.0,0
407824,Cash loans,2695500.0,74254.5,F,57.0,Married,House / apartment,Working,333000.0,0
259458,Cash loans,269550.0,21739.5,M,66.0,Married,House / apartment,,90000.0,0
327801,Cash loans,360000.0,13702.5,F,39.0,Single / not married,House / apartment,Working,157500.0,0
249265,Cash loans,284400.0,13387.5,M,32.0,Married,House / apartment,Unemployed,90000.0,0
291877,Cash loans,797557.5,26487.0,F,61.0,Widow,Municipal apartment,Businessman,405000.0,0
202362,Cash loans,450000.0,22018.5,M,27.0,Single / not married,House / apartment,Working,180000.0,0
204315,Cash loans,1321902.0,38781.0,M,33.0,Married,House / apartment,Working,180000.0,0
134282,Cash loans,284400.0,16011.0,F,66.0,Married,House / apartment,Unemployed,90000.0,0
304215,Cash loans,835380.0,40320.0,M,49.0,Married,House / apartment,Businessman,211500.0,0
287589,Cash loans,781920.0,25969.5,F,60.0,Married,House / apartment,Businessman,225000.0,0
354924,Cash loans,184500.0,11146.5,M,41.0,Married,House / apartment,Working,157500.0,0
344320,Cash loans,781920.0,47965.5,M,60.0,Married,House / apartment,Working,112500.0,1
130888,Cash loans,1800000.0,47614.5,F,63.0,Married,House / apartment,Working,180000.0,0
380418,Cash loans,86598.0,8563.5,F,49.0,Married,House / apartment,Working,112500.0,0
208365,Cash loans,521280.0,31630.5,M,55.0,Married,House / apartment,Businessman,225000.0,0
175104,Cash loans,143910.0,14148.0,F,65.0,Widow,House / apartment,Unemployed,103500.0,0
324163,Cash loans,1350000.0,39604.5,F,33.0,Married,House / apartment,Working,180000.0,0
306373,Cash loans,263686.5,13914.0,F,68.0,Widow,House / apartment,Unemployed,112500.0,0
135612,Cash loans,808650.0,23175.0,F,57.0,Single / not married,House / apartment,Unemployed,99000.0,0
336796,Cash loans,472500.0,22860.0,F,39.0,Separated,House / apartment,Unemployed,90000.0,0
107185,Cash loans,640080.0,31261.5,F,28.0,Civil marriage,Office apartment,Working,117000.0,0
150812,Cash loans,900000.0,24264.0,F,55.0,Civil marriage,House / apartment,Unemployed,135000.0,0
168550,Cash loans,337761.0,17374.5,F,41.0,Married,House / apartment,Unemployed,67500.0,0
221613,Cash loans,260640.0,28197.0,M,49.0,Married,House / apartment,Businessman,202500.0,0
369807,Cash loans,,25033.5,F,53.0,Widow,House / apartment,Unemployed,135000.0,0
188650,Cash loans,747000.0,29754.0,,61.0,Married,House / apartment,Businessman,405000.0,0
393810,Cash loans,570708.0,15183.0,M,42.0,Separated,House / apartment,Working,67500.0,0
282909,Cash loans,437076.0,35172.0,F,32.0,Married,House / apartment,Businessman,225000.0,0
128716,Cash loans,,29569.5,F,58.0,Married,House / apartment,Businessman,211500.0,0
215730,Cash loans,247500.0,23031.0,F,65.0,Married,House / apartment,Working,135000.0,0
440470,Cash loans,1084383.0,35968.5,F,53.0,Married,Municipal apartment,Businessman,225000.0,0
418893,Cash loans,1312110.0,52168.5,M,52.0,Married,House / apartment,Working,180000.0,0
331316,Cash loans,679500.0,28786.5,F,57.0,Married,Municipal apartment,Unemployed,99000.0,0
417572,Cash loans,,42142.5,F,47.0,Civil marriage,Municipal apartment,Working,180000.0,0
288016,Cash loans,755190.0,33394.5,F,53.0,Widow,House / apartment,Working,225000.0,0
115044,Revolving loans,135000.0,6750.0,F,46.0,Married,Rented apartment,Unemployed,76500.0,1
397844,Cash loans,239850.0,25960.5,F,,Married,House / apartment,Working,148500.0,0
434013,Cash loans,202500.0,10602.0,F,36.0,Married,House / apartment,Unemployed,72000.0,0
140220,Cash loans,545040.0,25537.5,F,28.0,Single / not married,Rented apartment,Working,180000.0,1
220356,Cash loans,755190.0,52690.5,F,46.0,Civil marriage,House / apartment,Working,157500.0,0
336583,Cash loans,755190.0,38686.5,M,60.0,Married,House / apartment,Working,247500.0,0
199907,Cash loans,760225.5,30150.0,F,55.0,Civil marriage,House / apartment,Working,126000.0,0
365698,Cash loans,797814.0,25866.0,M,54.0,Married,House / apartment,Working,135000.0,0
133899,Cash loans,135000.0,16150.5,M,32.0,Married,House / apartment,Working,135000.0,0
148883,Cash loans,294322.5,17023.5,M,43.0,Civil marriage,House / apartment,Unemployed,90000.0,0
277665,Cash loans,450000.0,16677.0,F,57.0,Married,House / apartment,Working,112500.0,0
446787,Cash loans,,20142.0,F,24.0,Married,House / apartment,Businessman,225000.0,0
398440,Cash loans,343800.0,16155.0,F,39.0,Single / not married,House / apartment,Working,180000.0,0
126390,Cash loans,679441.5,34821.0,F,49.0,Married,House / apartment,Working,135000.0,0
326492,Cash loans,1040985.0,27589.5,F,35.0,Married,House / apartment,Working,135000.0,0
445508,Cash loans,679266.0,26451.0,F,38.0,Married,Municipal apartment,Businessman,405000.0,0
398291,Cash loans,298512.0,29209.5,F,49.0,Single / not married,House / apartment,Businessman,450000.0,0
165738,Cash loans,1006920.0,42790.5,M,48.0,Married,House / apartment,Working,135000.0,0
212527,Cash loans,,9531.0,F,60.0,Married,House / apartment,Unemployed,67500.0,0
169512,Cash loans,312768.0,28813.5,M,31.0,Married,Office apartment,Unemployed,81000.0,0
348102,Cash loans,945000.0,33943.5,F,51.0,Married,House / apartment,Businessman,247500.0,1
397921,Cash loans,808650.0,26086.5,M,44.0,Married,House / apartment,Working,112500.0,0
101994,Cash loans,733315.5,69754.5,F,40.0,Married,House / apartment,Working,180000.0,0
264762,Cash loans,630000.0,20452.5,F,,Married,House / apartment,Working,90000.0,0
393675,Cash loans,675000.0,53460.0,M,51.0,Married,House / apartment,Businessman,450000.0,0
363691,Cash loans,1042560.0,34587.0,F,49.0,Married,House / apartment,Unemployed,90000.0,0
210571,Cash loans,728460.0,41184.0,M,23.0,Single / not married,House / apartment,Working,151929.0,0
356393,Cash loans,454500.0,21996.0,F,39.0,Separated,House / apartment,Working,180000.0,0
365875,Cash loans,284400.0,10215.0,F,59.0,Married,House / apartment,Unemployed,67500.0,0
440693,Revolving loans,405000.0,20250.0,F,30.0,Married,House / apartment,Unemployed,67500.0,0
321513,Cash loans,254700.0,24192.0,M,51.0,Married,Municipal apartment,Working,135000.0,0
360957,Cash loans,521280.0,26743.5,F,24.0,Married,House / apartment,Unemployed,121500.0,0
312063,Cash loans,231813.0,14134.5,M,51.0,Single / not married,House / apartment,Unemployed,76500.0,0
125301,Cash loans,942300.0,30528.0,F,51.0,Married,With parents,Working,112500.0,0
156541,Cash loans,352044.0,16542.0,F,49.0,Married,Rented apartment,Working,67500.0,0
191606,Cash loans,755190.0,30078.0,F,51.0,Married,House / apartment,Working,157500.0,0
310134,Revolving loans,180000.0,9000.0,F,21.0,Married,House / apartment,Working,157500.0,0
171538,Cash loans,720000.0,18990.0,M,32.0,Married,House / apartment,Businessman,202500.0,0
257781,Cash loans,291915.0,20443.5,F,42.0,Married,House / apartment,Unemployed,76500.0,0
317858,Cash loans,355536.0,15790.5,F,35.0,Married,House / apartment,Unemployed,67500.0,0
199834,Cash loans,86598.0,9454.5,M,31.0,Single / not married,With parents,Working,157500.0,0
188935,Cash loans,172021.5,17757.0,M,51.0,Civil marriage,House / apartment,Working,189000.0,0
172748,Revolving loans,180000.0,9000.0,F,39.0,Married,House / apartment,Unemployed,67500.0,0
194353,Cash loans,1125000.0,32895.0,M,52.0,Single / not married,Office apartment,Businessman,216000.0,0
260597,Cash loans,111384.0,9688.5,M,22.0,Single / not married,House / apartment,Unemployed,157500.0,0
150279,Cash loans,62554.5,6408.0,F,35.0,Married,House / apartment,Unemployed,99000.0,0
193918,Cash loans,104256.0,11358.0,F,35.0,Married,House / apartment,Working,135000.0,0
420230,Cash loans,1006920.0,42790.5,F,64.0,Widow,House / apartment,Businessman,225000.0,0
162376,Cash loans,535500.0,17401.5,F,42.0,Civil marriage,House / apartment,Working,157500.0,0
332712,Cash loans,1649376.0,54639.0,M,30.0,Married,House / apartment,Working,180000.0,0
430958,Cash loans,654498.0,26086.5,F,42.0,Married,House / apartment,Working,81450.0,0
245477,Cash loans,675000.0,32602.5,F,47.0,Single / not married,House / apartment,Working,126000.0,0
257011,Cash loans,781920.0,39852.0,M,45.0,Married,House / apartment,Unemployed,127561.5,0
165459,Revolving loans,180000.0,9000.0,F,24.0,Married,House / apartment,Unemployed,67500.0,1
419847,Cash loans,76410.0,9198.0,M,28.0,Married,House / apartment,,135000.0,0
251075,Cash loans,545040.0,26509.5,M,36.0,Married,House / apartment,Businessman,225000.0,0
375450,Cash loans,1078200.0,31653.0,F,31.0,Married,House / apartment,Working,180000.0,0
127005,Cash loans,1006920.0,39528.0,M,29.0,Married,Municipal apartment,Unemployed,450000.0,0
454282,Cash loans,808650.0,26217.0,F,56.0,Married,House / apartment,Working,157500.0,0
247436,Cash loans,233208.0,12204.0,F,35.0,Married,House / apartment,Unemployed,126000.0,0
347692,Cash loans,256500.0,14854.5,F,42.0,Married,House / apartment,Working,90000.0,0
270983,Cash loans,573628.5,27724.5,M,43.0,Married,House / apartment,Working,180000.0,0
250722,Cash loans,238981.5,12964.5,F,61.0,Married,House / apartment,Working,135000.0,0
396621,Cash loans,675000.0,21906.0,F,40.0,Single / not married,With parents,Unemployed,90000.0,0
122684,Cash loans,545040.0,26640.0,F,26.0,Married,House / apartment,Working,135000.0,0
128700,Cash loans,1078200.0,38331.0,F,33.0,Married,House / apartment,Unemployed,81000.0,0
153417,Cash loans,393543.0,19062.0,M,55.0,Married,House / apartment,Working,112500.0,0
126355,Revolving loans,270000.0,13500.0,F,47.0,Married,House / apartment,Unemployed,103500.0,0
419362,Cash loans,1350000.0,35743.5,F,30.0,Single / not married,House / apartment,Unemployed,90000.0,0
326086,Revolving loans,270000.0,13500.0,F,35.0,Married,House / apartment,Unemployed,112500.0,0
375448,Cash loans,743031.0,39717.0,M,45.0,Civil marriage,House / apartment,Businessman,405000.0,0
393497,Cash loans,904500.0,38452.5,F,59.0,Married,House / apartment,Working,180000.0,0
298282,Cash loans,566320.5,14935.5,F,63.0,Married,House / apartment,Unemployed,90000.0,0
180610,Cash loans,337500.0,34713.0,M,54.0,Married,House / apartment,Businessman,427500.0,0
344353,Cash loans,,48586.5,F,42.0,Single / not married,House / apartment,Businessman,229500.0,0
218495,Cash loans,808650.0,22365.0,F,25.0,Married,House / apartment,Businessman,247500.0,0
454125,Cash loans,301500.0,12406.5,F,39.0,Married,House / apartment,Unemployed,72000.0,0
194432,Cash loans,675000.0,45238.5,F,32.0,Married,House / apartment,Working,171000.0,0
368292,Cash loans,285723.0,23035.5,M,27.0,Single / not married,House / apartment,Working,207000.0,0
291345,Cash loans,553806.0,26770.5,F,31.0,Separated,House / apartment,Working,148500.0,0
414918,Revolving loans,675000.0,33750.0,F,48.0,Married,Municipal apartment,Working,112500.0,0
437500,Revolving loans,270000.0,13500.0,F,32.0,Civil marriage,House / apartment,Unemployed,112500.0,0
445953,Cash loans,225000.0,24363.0,F,36.0,Married,With parents,Unemployed,67500.0,0
168015,Cash loans,1515415.5,40104.0,,49.0,Single / not married,House / apartment,Unemployed,157500.0,0
157277,Revolving loans,180000.0,9000.0,M,44.0,Married,House / apartment,Working,90000.0,0
254286,Cash loans,808650.0,31464.0,F,37.0,Married,Municipal apartment,Businessman,202500.0,0
307091,Cash loans,536917.5,30109.5,M,59.0,Married,House / apartment,Unemployed,202500.0,0
148441,Cash loans,314055.0,19215.0,F,59.0,Widow,House / apartment,Unemployed,121500.0,1
226621,Cash loans,445500.0,16924.5,F,35.0,Single / not married,House / apartment,Unemployed,135000.0,0
130224,Cash loans,312768.0,21028.5,F,33.0,Married,House / apartment,Unemployed,157500.0,0
111129,Cash loans,545040.0,25407.0,F,28.0,Single / not married,Rented apartment,Working,135000.0,1
233530,Revolving loans,270000.0,13500.0,F,51.0,Married,House / apartment,Unemployed,90000.0,0
115431,Cash loans,1125000.0,33025.5,M,45.0,Married,House / apartment,Working,540000.0,0
259111,Cash loans,549000.0,14611.5,,26.0,Married,House / apartment,Working,180000.0,0
217587,Cash loans,112500.0,10957.5,M,35.0,Married,House / apartment,,135000.0,0
249260,Cash loans,328405.5,14463.0,F,57.0,Separated,House / apartment,Unemployed,67500.0,0
233568,Cash loans,436032.0,20457.0,F,30.0,Married,House / apartment,Unemployed,54000.0,0
345379,Cash loans,152820.0,9949.5,F,26.0,Civil marriage,House / apartment,Unemployed,67500.0,0
155255,Cash loans,202500.0,12519.0,F,41.0,Married,House / apartment,Working,157500.0,0
304244,Cash loans,495000.0,16357.5,M,39.0,Married,House / apartment,Unemployed,126000.0,0
272650,Cash loans,91008.0,7317.0,,52.0,Married,House / apartment,Unemployed,126000.0,0
421167,Cash loans,844474.5,28039.5,M,62.0,Married,House / apartment,Working,135000.0,0
212195,Cash loans,675000.0,21906.0,F,58.0,Married,House / apartment,Unemployed,112500.0,0
218774,Cash loans,183384.0,12384.0,F,52.0,Widow,House / apartment,Unemployed,90000.0,0
414440,Cash loans,203760.0,13266.0,F,38.0,Civil marriage,With parents,Working,112500.0,0
354415,Cash loans,1056447.0,31018.5,F,57.0,Married,House / apartment,Working,157500.0,0
201283,Cash loans,253737.0,16956.0,F,38.0,Married,Municipal apartment,Unemployed,81000.0,0
282796,Cash loans,504000.0,16785.0,F,,Married,Municipal apartment,Unemployed,67500.0,0
132401,Revolving loans,180000.0,9000.0,M,23.0,Single / not married,Co-op apartment,Working,112500.0,0
395204,Cash loans,810000.0,29223.0,F,34.0,Civil marriage,House / apartment,Unemployed,76500.0,1
264914,Cash loans,324000.0,25726.5,M,27.0,Married,House / apartment,Working,135000.0,0
395740,Cash loans,422235.0,18729.0,M,58.0,Married,House / apartment,Working,54000.0,0
413260,Cash loans,532494.0,42070.5,F,49.0,Civil marriage,House / apartment,Businessman,382500.0,1
424087,Cash loans,256500.0,15628.5,M,27.0,Married,House / apartment,Unemployed,90000.0,0
171046,Cash loans,1786500.0,49126.5,F,40.0,Married,House / apartment,Businessman,540000.0,0
249016,Cash loans,1575000.0,43312.5,M,29.0,Married,House / apartment,Businessman,225000.0,0
181872,Cash loans,1006920.0,42660.0,M,37.0,Married,Co-op apartment,Working,180000.0,0
374062,Cash loans,679500.0,36333.0,M,62.0,Married,House / apartment,Working,135000.0,0
395949,Cash loans,450000.0,19066.5,F,35.0,Married,House / apartment,Unemployed,135000.0,0
324206,Revolving loans,585000.0,29250.0,F,26.0,Single / not married,With parents,Working,292500.0,0
122761,Cash loans,743958.0,24129.0,F,52.0,Married,House / apartment,Working,157500.0,0
181677,Cash loans,427869.0,24691.5,M,25.0,Single / not married,House / apartment,Working,135000.0,0
355702,Cash loans,191880.0,17883.0,F,57.0,Separated,House / apartment,Unemployed,81000.0,0
421527,Cash loans,1096020.0,56092.5,,56.0,Separated,House / apartment,Working,315000.0,0
363023,Cash loans,225000.0,21168.0,M,,Single / not married,House / apartment,Unemployed,103500.0,1
102480,Cash loans,792162.0,38241.0,F,30.0,Single / not married,House / apartment,Unemployed,135000.0,0
158424,Cash loans,573943.5,29434.5,F,,Married,House / apartment,Working,193500.0,0
334502,Cash loans,2156400.0,57015.0,M,33.0,Married,House / apartment,Businessman,261000.0,0
377817,Cash loans,1125000.0,33025.5,F,51.0,Married,House / apartment,Working,157500.0,0
100904,Cash loans,348264.0,19575.0,F,49.0,Married,House / apartment,,45000.0,0
202672,Cash loans,1327500.0,38812.5,F,44.0,Married,House / apartment,Businessman,225000.0,0
383380,Cash loans,1006920.0,48573.0,F,35.0,Married,House / apartment,Businessman,315000.0,0
341464,Cash loans,1006920.0,42660.0,F,28.0,Separated,House / apartment,Businessman,1035000.0,0
149706,Cash loans,860917.5,36477.0,F,60.0,Separated,House / apartment,Working,171000.0,0
243769,Cash loans,1125000.0,34110.0,F,46.0,Separated,House / apartment,Businessman,220500.0,0
319001,Cash loans,563112.0,14985.0,F,54.0,Married,House / apartment,Working,49500.0,0
181833,Cash loans,1928304.0,79578.0,F,39.0,Married,House / apartment,Businessman,360000.0,0
402678,Cash loans,614574.0,19953.0,F,55.0,Married,House / apartment,Working,157500.0,0
139273,Cash loans,540000.0,21415.5,F,48.0,Married,House / apartment,Working,139500.0,0
406883,Cash loans,1116076.5,37012.5,M,46.0,Married,House / apartment,Businessman,270000.0,0
105482,Cash loans,728460.0,58405.5,F,36.0,Separated,House / apartment,Working,445500.0,0
175852,Cash loans,308461.5,24498.0,M,35.0,Married,House / apartment,Working,180000.0,0
337876,Revolving loans,180000.0,9000.0,F,24.0,Single / not married,House / apartment,Unemployed,99000.0,0
106848,Cash loans,497520.0,53712.0,M,35.0,Married,House / apartment,Working,540000.0,0
234728,Cash loans,127350.0,13639.5,M,39.0,Single / not married,House / apartment,Unemployed,60750.0,0
283695,Cash loans,284400.0,13387.5,F,44.0,Married,House / apartment,Unemployed,112500.0,0
319456,Revolving loans,180000.0,9000.0,F,22.0,Married,House / apartment,Working,112500.0,1
432293,Revolving loans,270000.0,13500.0,,34.0,Married,House / apartment,Working,180000.0,0
292559,Cash loans,337500.0,17671.5,F,,Civil marriage,House / apartment,Unemployed,67500.0,0
451689,Cash loans,614223.0,31491.0,F,42.0,Married,House / apartment,Businessman,315000.0,0
449089,Cash loans,269550.0,23265.0,,40.0,Married,House / apartment,Working,270000.0,0
275049,Cash loans,267336.0,15475.5,F,67.0,Widow,House / apartment,Unemployed,54000.0,0
191286,Cash loans,942300.0,27679.5,F,58.0,Civil marriage,House / apartment,Working,180000.0,0
277526,Cash loans,601470.0,25614.0,F,60.0,Married,Municipal apartment,Businessman,360000.0,1
445195,Cash loans,539100.0,27652.5,M,45.0,Married,House / apartment,Working,265500.0,0
276874,Cash loans,1546020.0,48118.5,M,31.0,Married,House / apartment,Working,225000.0,0
411806,Cash loans,284400.0,18643.5,F,28.0,Married,House / apartment,Working,112500.0,1
389341,Cash loans,1312110.0,55723.5,F,43.0,Married,House / apartment,Businessman,441000.0,0
220619,Cash loans,127350.0,7920.0,M,63.0,Widow,House / apartment,Working,135000.0,0
121992,Cash loans,,44793.0,F,49.0,Widow,House / apartment,Businessman,225000.0,0
328347,Cash loans,646920.0,19044.0,F,64.0,Married,House / apartment,Working,139500.0,0
218245,Cash loans,1008027.0,40108.5,F,53.0,Married,House / apartment,Working,157500.0,0
254851,Cash loans,538704.0,23859.0,F,59.0,Married,House / apartment,Unemployed,67500.0,0
347849,Cash loans,508495.5,24592.5,F,47.0,Civil marriage,House / apartment,Businessman,202500.0,0
434000,Cash loans,272520.0,19957.5,F,36.0,Married,House / apartment,Unemployed,112500.0,0
219252,Cash loans,152820.0,18265.5,F,27.0,Civil marriage,Municipal apartment,Unemployed,90000.0,0
433889,Cash loans,269550.0,21739.5,F,25.0,Civil marriage,Rented apartment,Working,126000.0,0
440311,Cash loans,378000.0,40837.5,F,31.0,Single / not married,House / apartment,Working,135000.0,0
232831,Cash loans,1125000.0,47664.0,M,52.0,Married,House / apartment,Businessman,225000.0,0
271379,Cash loans,310500.0,22212.0,F,68.0,Widow,House / apartment,Businessman,236250.0,0
168016,Cash loans,450000.0,27193.5,M,52.0,Married,House / apartment,Unemployed,76500.0,0
222203,Cash loans,540000.0,16501.5,F,60.0,Single / not married,House / apartment,Working,112500.0,0
367325,Cash loans,746280.0,54436.5,F,44.0,Separated,House / apartment,Unemployed,193500.0,0
310421,Cash loans,526491.0,29529.0,M,23.0,Married,House / apartment,Working,180000.0,0
431147,Revolving loans,270000.0,13500.0,M,30.0,Single / not married,With parents,Businessman,225000.0,0
381631,Cash loans,552555.0,28197.0,F,47.0,Civil marriage,House / apartment,Working,171000.0,0
274255,Cash loans,545040.0,25537.5,F,32.0,Married,House / apartment,Businessman,405000.0,0
416171,Cash loans,225000.0,8482.5,F,36.0,Married,House / apartment,Unemployed,90000.0,0
101431,Cash loans,746280.0,54436.5,F,38.0,Married,House / apartment,Working,292500.0,0
234155,Cash loans,71955.0,7137.0,F,57.0,Separated,House / apartment,Working,126000.0,0
155545,Cash loans,319981.5,17356.5,F,23.0,Single / not married,Rented apartment,Working,117000.0,0
212177,Cash loans,1271929.5,50571.0,F,33.0,Married,House / apartment,Working,157500.0,0
261677,Cash loans,315000.0,25015.5,F,50.0,Married,House / apartment,Unemployed,45000.0,0
285560,Revolving loans,1350000.0,67500.0,M,57.0,Married,House / apartment,Businessman,225000.0,0
438165,Cash loans,422235.0,18729.0,M,27.0,Single / not married,House / apartment,Working,247500.0,0
301229,Cash loans,1325475.0,56290.5,F,45.0,Married,House / apartment,Businessman,360000.0,0
276172,Cash loans,450000.0,12001.5,M,25.0,Single / not married,With parents,Working,157500.0,0
190449,Cash loans,544491.0,17694.0,F,51.0,Married,House / apartment,Working,292500.0,1
383509,Cash loans,573628.5,24435.0,M,41.0,Married,House / apartment,Working,112500.0,0
277836,Cash loans,1303812.0,38119.5,F,38.0,Married,House / apartment,Businessman,360000.0,1
252243,Cash loans,150948.0,10633.5,F,61.0,Widow,House / apartment,Working,135000.0,0
137201,Cash loans,900000.0,37836.0,M,27.0,Civil marriage,House / apartment,Working,405000.0,0
403082,Cash loans,1597779.0,46849.5,F,27.0,Married,House / apartment,Unemployed,99000.0,0
257183,Revolving loans,225000.0,11250.0,M,53.0,Married,House / apartment,Businessman,391500.0,0
295538,Revolving loans,247500.0,12375.0,M,39.0,Separated,House / apartment,Unemployed,90000.0,0
183164,Revolving loans,270000.0,13500.0,F,42.0,Married,House / apartment,Unemployed,85500.0,0
218662,Cash loans,211068.0,20560.5,F,55.0,Married,House / apartment,Working,112500.0,0
273455,Cash loans,269550.0,10116.0,F,62.0,Widow,House / apartment,Unemployed,33750.0,0
372581,Cash loans,1206000.0,31941.0,M,47.0,Married,House / apartment,Businessman,225000.0,0
243147,Cash loans,675000.0,21775.5,,51.0,Widow,House / apartment,Working,63000.0,0
121578,Cash loans,199080.0,7632.0,F,57.0,Single / not married,House / apartment,Unemployed,157500.0,0
405776,Cash loans,900000.0,29745.0,M,28.0,Married,House / apartment,Businessman,270000.0,0
390713,Cash loans,315000.0,32404.5,F,52.0,Married,House / apartment,Working,135000.0,0
198927,Cash loans,544491.0,16047.0,,51.0,Civil marriage,House / apartment,Unemployed,96750.0,0
274504,Cash loans,1030680.0,65997.0,F,47.0,Married,House / apartment,Businessman,337500.0,0
238388,Cash loans,270000.0,21460.5,F,26.0,Married,House / apartment,Working,90000.0,0
184123,Cash loans,381528.0,22032.0,M,59.0,Married,House / apartment,Unemployed,99000.0,0
455085,Revolving loans,225000.0,11250.0,M,40.0,Married,House / apartment,Unemployed,180000.0,0
224884,Cash loans,225000.0,8698.5,F,26.0,Civil marriage,House / apartment,Working,135000.0,0
106908,Cash loans,390384.0,44280.0,F,31.0,Married,House / apartment,Working,135000.0,0
320634,Cash loans,454500.0,16843.5,F,55.0,Separated,Office apartment,,81000.0,0
254309,Cash loans,888840.0,32053.5,M,,Married,House / apartment,Working,157500.0,0
137822,Cash loans,315000.0,16492.5,F,33.0,Single / not married,Municipal apartment,Unemployed,135000.0,0
434546,Cash loans,1185282.0,34785.0,F,59.0,Married,House / apartment,Businessman,216000.0,0
175490,Cash loans,568800.0,17437.5,F,57.0,Separated,House / apartment,Working,382500.0,0
232307,Cash loans,225000.0,14778.0,M,28.0,Single / not married,House / apartment,Unemployed,90000.0,0
247480,Cash loans,184500.0,10138.5,F,,Separated,House / apartment,Working,135000.0,0
358248,Cash loans,,24259.5,F,46.0,Married,House / apartment,Working,180000.0,0
453311,Cash loans,585000.0,22797.0,F,43.0,Civil marriage,House / apartment,Unemployed,81000.0,0
149057,Cash loans,170640.0,8428.5,F,34.0,Civil marriage,House / apartment,Unemployed,45000.0,0
350884,Cash loans,,42336.0,M,30.0,Married,House / apartment,Businessman,270000.0,0
107404,Cash loans,1125000.0,44617.5,F,49.0,Married,House / apartment,Working,180000.0,0
401259,Cash loans,170640.0,9922.5,,67.0,Married,House / apartment,Unemployed,90000.0,0
367094,Cash loans,254700.0,20250.0,F,38.0,Civil marriage,House / apartment,Working,180000.0,1
293806,Cash loans,239418.0,13873.5,F,29.0,Civil marriage,House / apartment,,67500.0,0
221627,Cash loans,840996.0,24718.5,F,47.0,Married,House / apartment,Working,153000.0,0
325801,Cash loans,450000.0,22977.0,,38.0,Civil marriage,House / apartment,Working,135000.0,0
302067,Cash loans,1319269.5,38704.5,F,45.0,Married,House / apartment,Businessman,270000.0,0
141841,Cash loans,364896.0,24813.0,F,23.0,Single / not married,Rented apartment,Working,112500.0,1
237401,Cash loans,170640.0,11533.5,M,23.0,Single / not married,With parents,Unemployed,90000.0,0
239606,Cash loans,134775.0,9715.5,F,34.0,Married,With parents,Unemployed,157500.0,0
452361,Revolving loans,270000.0,13500.0,F,33.0,Married,House / apartment,Working,135000.0,0
140971,Cash loans,450000.0,24412.5,F,58.0,Widow,House / apartment,Unemployed,112500.0,0
218661,Cash loans,545040.0,26640.0,F,38.0,Civil marriage,House / apartment,Working,157500.0,1
349816,Cash loans,526491.0,17527.5,F,60.0,Widow,Municipal apartment,Unemployed,135000.0,0
280013,Cash loans,712944.0,30334.5,F,47.0,Married,House / apartment,Working,135000.0,0
153207,Cash loans,679500.0,19998.0,F,43.0,Married,House / apartment,Working,135000.0,0
436751,Cash loans,738108.0,47299.5,M,54.0,Married,House / apartment,Working,360000.0,0
186194,Cash loans,47970.0,5166.0,M,,Civil marriage,House / apartment,Unemployed,135000.0,0
151439,Cash loans,293535.0,28723.5,F,56.0,Civil marriage,House / apartment,Unemployed,99000.0,0
431905,Cash loans,675000.0,20668.5,F,45.0,Married,House / apartment,Unemployed,90000.0,1
452608,Cash loans,942300.0,30528.0,F,43.0,Married,Municipal apartment,Working,148500.0,0
187909,Cash loans,1035832.5,30415.5,F,58.0,Married,House / apartment,Working,184500.0,0
374451,Cash loans,376920.0,18261.0,F,63.0,Single / not married,House / apartment,Unemployed,121500.0,0
445537,Revolving loans,180000.0,9000.0,F,23.0,Single / not married,House / apartment,Unemployed,90000.0,0
335814,Cash loans,562500.0,21924.0,F,53.0,Married,House / apartment,Working,112500.0,0
148336,Revolving loans,1350000.0,67500.0,M,42.0,Married,House / apartment,Businessman,337500.0,0
440024,Cash loans,808650.0,29839.5,F,38.0,Married,House / apartment,Working,139500.0,0
430461,Cash loans,1739470.5,54747.0,M,49.0,Married,House / apartment,Businessman,472500.0,0
133328,Cash loans,681723.0,51102.0,F,46.0,Separated,House / apartment,Working,292500.0,0
404962,Cash loans,640080.0,19534.5,M,46.0,Married,House / apartment,Working,135000.0,0
317581,Cash loans,534204.0,28323.0,F,61.0,Married,House / apartment,Working,157500.0,0
137744,Cash loans,363190.5,23341.5,F,66.0,Married,House / apartment,Working,135000.0,0
450789,Cash loans,450000.0,21780.0,F,28.0,Single / not married,House / apartment,Unemployed,90000.0,0
384024,Cash loans,1011955.5,45139.5,F,34.0,Married,House / apartment,Working,180000.0,0
349863,Cash loans,,39627.0,M,39.0,Single / not married,House / apartment,Businessman,225000.0,0
431369,Revolving loans,450000.0,22500.0,F,37.0,Married,House / apartment,Working,157500.0,0
112669,Cash loans,720000.0,23224.5,F,46.0,Separated,House / apartment,Businessman,270000.0,0
376037,Cash loans,1001425.5,33093.0,M,40.0,Married,House / apartment,Businessman,279000.0,0
455605,Cash loans,675000.0,69295.5,F,47.0,Married,House / apartment,Businessman,225000.0,0
233481,Cash loans,1235434.5,44505.0,F,40.0,Married,House / apartment,Working,135000.0,0
417760,Cash loans,888840.0,28039.5,M,40.0,Married,House / apartment,Working,247500.0,0
151097,Cash loans,414000.0,28134.0,M,37.0,Married,House / apartment,Working,112500.0,0
115802,Cash loans,331632.0,30816.0,F,42.0,Separated,House / apartment,Unemployed,90000.0,0
439417,Cash loans,472500.0,46161.0,F,52.0,Married,House / apartment,Businessman,360000.0,0
146961,Cash loans,545040.0,16654.5,M,62.0,Married,House / apartment,Unemployed,72000.0,0
302634,Cash loans,528633.0,21096.0,,36.0,Married,House / apartment,Working,180000.0,0
193990,Cash loans,239850.0,24705.0,F,58.0,Civil marriage,House / apartment,Unemployed,180000.0,1
294536,Cash loans,142200.0,9387.0,F,23.0,Separated,Co-op apartment,Working,112500.0,1
128068,Cash loans,241618.5,24885.0,F,59.0,Married,House / apartment,Unemployed,76500.0,0
442635,Cash loans,177903.0,13968.0,F,30.0,Single / not married,House / apartment,Working,112500.0,1
310206,Cash loans,521280.0,28408.5,M,32.0,Married,House / apartment,Unemployed,180000.0,0
143598,Revolving loans,270000.0,13500.0,M,37.0,Married,With parents,Unemployed,180000.0,0
155787,Cash loans,203760.0,22072.5,,39.0,Civil marriage,House / apartment,Working,180000.0,0
116553,Cash loans,586633.5,35577.0,M,50.0,Married,House / apartment,Unemployed,135000.0,0
232010,Cash loans,247275.0,17586.0,M,45.0,Civil marriage,House / apartment,Businessman,540000.0,0
107890,Cash loans,1107981.0,32526.0,M,27.0,Married,With parents,Working,180000.0,0
439053,Cash loans,1762110.0,48586.5,M,39.0,Married,House / apartment,Businessman,270000.0,0
189828,Cash loans,552555.0,19975.5,F,63.0,Married,House / apartment,Businessman,225000.0,0
294620,Cash loans,1971072.0,68512.5,M,34.0,Married,Rented apartment,Businessman,297000.0,0
301758,Cash loans,1258650.0,53455.5,,48.0,Separated,House / apartment,Businessman,315000.0,0
425515,Cash loans,257562.0,13279.5,F,30.0,Separated,House / apartment,Working,112500.0,0
171051,Cash loans,508495.5,21672.0,F,49.0,Separated,House / apartment,Working,180000.0,0
425141,Cash loans,297000.0,23593.5,F,29.0,Married,House / apartment,Working,112500.0,0
371191,Cash loans,755190.0,38686.5,M,53.0,Married,House / apartment,Working,135000.0,0
390611,Cash loans,900000.0,26446.5,F,48.0,Married,Municipal apartment,Unemployed,54000.0,0
364258,Revolving loans,202500.0,10125.0,F,44.0,Married,House / apartment,Unemployed,90000.0,0
269545,Cash loans,669600.0,34317.0,M,31.0,Married,House / apartment,Businessman,225000.0,0
196491,Cash loans,797557.5,26487.0,F,47.0,Married,House / apartment,,180000.0,0
129892,Cash loans,333337.5,19264.5,F,61.0,Married,House / apartment,Working,166500.0,0
431287,Cash loans,450000.0,32746.5,F,39.0,Single / not married,With parents,Unemployed,135000.0,0
146711,Cash loans,163008.0,18522.0,M,33.0,Married,House / apartment,Businessman,225000.0,0
362986,Cash loans,673875.0,21865.5,F,55.0,Married,House / apartment,Working,180000.0,0
190326,Cash loans,1256400.0,36864.0,M,43.0,Single / not married,House / apartment,Working,292500.0,0
437340,Cash loans,495882.0,39307.5,M,49.0,Separated,House / apartment,Unemployed,292500.0,0
455932,Cash loans,226152.0,12397.5,F,28.0,Civil marriage,Rented apartment,Working,135000.0,0
406870,Cash loans,268659.0,15552.0,F,67.0,Married,Municipal apartment,Unemployed,112500.0,0
150027,Cash loans,408780.0,20011.5,M,28.0,Married,House / apartment,Unemployed,157500.0,1
218235,Cash loans,497520.0,33376.5,M,27.0,Single / not married,House / apartment,Businessman,225000.0,0
305477,Cash loans,1147500.0,30267.0,M,40.0,Married,House / apartment,Unemployed,99238.5,0
271793,Cash loans,284400.0,10215.0,F,59.0,Single / not married,House / apartment,Unemployed,94500.0,0
152804,Cash loans,837000.0,24601.5,F,52.0,Civil marriage,House / apartment,Working,189000.0,0
317370,Cash loans,202500.0,13828.5,F,28.0,Married,With parents,,135000.0,1
106280,Cash loans,382500.0,25690.5,M,37.0,Civil marriage,With parents,Working,202500.0,0
381902,Cash loans,254700.0,24939.0,F,55.0,Married,House / apartment,Unemployed,135000.0,0
439324,Cash loans,755190.0,38556.0,F,53.0,Married,House / apartment,Unemployed,90000.0,0
113359,Cash loans,1971072.0,68643.0,F,42.0,Married,House / apartment,Businessman,315000.0,1
233045,Cash loans,467257.5,16911.0,F,57.0,Married,Municipal apartment,Unemployed,72000.0,1
254894,Cash loans,180000.0,19098.0,M,50.0,Married,House / apartment,Unemployed,157500.0,0
101683,Cash loans,133528.5,10705.5,F,26.0,Single / not married,With parents,Unemployed,90000.0,0
451655,Cash loans,383202.0,20916.0,F,32.0,Married,House / apartment,Working,157500.0,0
223261,Cash loans,451102.5,19242.0,F,57.0,Separated,House / apartment,Unemployed,81000.0,0
443251,Cash loans,247536.0,11538.0,F,38.0,Married,House / apartment,Unemployed,166500.0,0
381134,Cash loans,170640.0,10566.0,F,50.0,Widow,House / apartment,Unemployed,81000.0,0
323212,Cash loans,,24894.0,F,33.0,Married,House / apartment,Unemployed,81000.0,0
333878,Revolving loans,180000.0,9000.0,F,32.0,Married,House / apartment,Working,157500.0,0
183779,Revolving loans,180000.0,9000.0,F,23.0,Married,Municipal apartment,Working,135000.0,0
450317,Cash loans,1078200.0,31653.0,F,40.0,Married,House / apartment,Businessman,225000.0,0
320901,Cash loans,495000.0,25402.5,F,49.0,Married,House / apartment,Unemployed,157500.0,0
403089,Cash loans,360000.0,37017.0,M,27.0,Single / not married,House / apartment,Unemployed,157500.0,0
380971,Cash loans,1023966.0,30069.0,M,34.0,Single / not married,House / apartment,Working,207000.0,1
343670,Cash loans,550980.0,40090.5,F,38.0,Civil marriage,With parents,Working,144000.0,0
169671,Cash loans,269550.0,11547.0,F,49.0,Single / not married,House / apartment,Unemployed,90000.0,0
156328,Cash loans,500566.5,37557.0,F,38.0,Civil marriage,House / apartment,Working,157500.0,0
193256,Cash loans,526491.0,24394.5,M,33.0,Single / not married,House / apartment,Working,139500.0,0
181537,Revolving loans,270000.0,13500.0,M,26.0,Married,House / apartment,Working,135000.0,0
114906,Revolving loans,180000.0,9000.0,F,22.0,Single / not married,House / apartment,Unemployed,90000.0,0
251899,Cash loans,224136.0,17707.5,F,53.0,Married,House / apartment,Working,171000.0,0
354994,Cash loans,263686.5,17298.0,,42.0,Married,House / apartment,Working,112500.0,1
138438,Cash loans,545040.0,26509.5,F,,Married,Municipal apartment,Unemployed,90000.0,0
322340,Cash loans,1082214.0,31770.0,F,59.0,Widow,House / apartment,Working,202500.0,1
271457,Cash loans,1928304.0,73579.5,M,44.0,Civil marriage,House / apartment,Businessman,675000.0,0
284740,Cash loans,900000.0,45954.0,M,50.0,Married,House / apartment,Businessman,270000.0,0
281733,Cash loans,114682.5,12177.0,M,36.0,Married,Municipal apartment,Businessman,225000.0,0
373147,Cash loans,339723.0,18558.0,F,65.0,Widow,Municipal apartment,Working,157500.0,0
137062,Cash loans,781920.0,31846.5,,28.0,Single / not married,With parents,,225000.0,0
369902,Cash loans,900000.0,46084.5,F,36.0,Married,House / apartment,Working,135000.0,0
390831,Cash loans,568057.5,27459.0,F,47.0,Married,House / apartment,Working,315000.0,0
212769,Cash loans,961146.0,31135.5,,32.0,Married,House / apartment,Working,144000.0,1
389677,Cash loans,707287.5,38497.5,F,27.0,Married,House / apartment,Businessman,202500.0,0
171841,Revolving loans,180000.0,9000.0,M,59.0,Married,House / apartment,Working,135000.0,1
316215,Cash loans,582768.0,30172.5,M,29.0,Married,House / apartment,Businessman,225000.0,0
382762,Cash loans,263844.0,11749.5,F,34.0,Married,House / apartment,Unemployed,56250.0,0
415419,Cash loans,450000.0,23692.5,F,42.0,Married,House / apartment,,180000.0,0
113277,Cash loans,302206.5,15822.0,F,31.0,Married,House / apartment,Unemployed,108000.0,0
454093,Revolving loans,202500.0,10125.0,M,45.0,Married,House / apartment,Unemployed,90000.0,0
337384,Cash loans,358074.0,18409.5,M,43.0,Civil marriage,House / apartment,Working,157500.0,0
166375,Cash loans,293535.0,23319.0,M,36.0,Single / not married,House / apartment,Unemployed,157500.0,0
146288,Cash loans,450000.0,27193.5,F,34.0,Married,House / apartment,Businessman,229500.0,0
386527,Revolving loans,720000.0,36000.0,F,52.0,Married,House / apartment,Working,225000.0,0
351886,Cash loans,862560.0,25218.0,F,55.0,Married,House / apartment,Unemployed,67500.0,1
267813,Cash loans,450000.0,30573.0,M,42.0,Married,House / apartment,Businessman,225000.0,0
182834,Cash loans,547344.0,33615.0,F,50.0,Married,House / apartment,Working,180000.0,0
266294,Cash loans,584766.0,22270.5,M,42.0,Civil marriage,House / apartment,Working,135000.0,1
286965,Cash loans,598486.5,21627.0,F,55.0,Married,House / apartment,Unemployed,67500.0,0
392991,Cash loans,810000.0,31522.5,M,30.0,Married,House / apartment,Working,315000.0,0
200937,Cash loans,288873.0,16713.0,F,54.0,Single / not married,House / apartment,Unemployed,180000.0,0
225274,Cash loans,850846.5,43443.0,F,,Married,House / apartment,Unemployed,90000.0,0
288839,Cash loans,254700.0,14350.5,M,58.0,Married,House / apartment,Working,121500.0,0
442534,Cash loans,755190.0,30078.0,F,55.0,Married,House / apartment,Unemployed,135000.0,0
302961,Cash loans,225000.0,23184.0,F,67.0,Married,House / apartment,Unemployed,126000.0,0
412285,Cash loans,283585.5,17478.0,,50.0,Single / not married,House / apartment,Working,180000.0,0
381084,Cash loans,2085120.0,72607.5,F,30.0,Married,House / apartment,Businessman,360000.0,0
122689,Revolving loans,540000.0,27000.0,M,40.0,Married,House / apartment,Working,157500.0,0
130951,Cash loans,521280.0,28408.5,F,46.0,Married,House / apartment,Working,129150.0,0
290333,Cash loans,152820.0,15016.5,M,66.0,Married,House / apartment,Unemployed,189000.0,0
105307,Cash loans,904500.0,88245.0,F,51.0,Separated,House / apartment,Working,225000.0,0
375080,Cash loans,755190.0,36459.0,M,36.0,Married,House / apartment,Working,180000.0,0
188603,Cash loans,790830.0,57546.0,F,38.0,Married,House / apartment,Working,180000.0,1
279921,Cash loans,521280.0,31630.5,,35.0,Single / not married,House / apartment,Working,450000.0,0
439586,Cash loans,808650.0,23773.5,F,55.0,Married,House / apartment,Unemployed,40500.0,0
372298,Cash loans,284400.0,13963.5,F,,Married,House / apartment,Unemployed,63000.0,0
371287,Cash loans,1042560.0,55674.0,F,49.0,Married,House / apartment,Working,135000.0,0
220854,Cash loans,592560.0,26230.5,F,31.0,Married,Rented apartment,Unemployed,112500.0,0
449329,Cash loans,2013840.0,55507.5,M,54.0,Married,House / apartment,Working,315000.0,0
437145,Cash loans,302206.5,15561.0,,61.0,Widow,House / apartment,Unemployed,90000.0,0
334655,Cash loans,288562.5,30429.0,F,43.0,Civil marriage,House / apartment,Businessman,202500.0,0
235944,Cash loans,135000.0,7065.0,F,30.0,Single / not married,Rented apartment,Working,225000.0,0
185912,Cash loans,555273.0,18040.5,F,54.0,Civil marriage,House / apartment,Working,157500.0,0
344180,Cash loans,522000.0,16969.5,F,57.0,Widow,House / apartment,Unemployed,157500.0,0
157112,Cash loans,640080.0,31261.5,F,42.0,Married,House / apartment,Businessman,279000.0,0
161249,Cash loans,225000.0,17905.5,F,58.0,Civil marriage,House / apartment,Working,112500.0,0
226134,Revolving loans,270000.0,13500.0,F,27.0,Single / not married,House / apartment,Working,180000.0,0
333932,Cash loans,288873.0,16713.0,F,27.0,Married,House / apartment,Unemployed,94500.0,0
449274,Cash loans,284400.0,14854.5,M,34.0,Married,House / apartment,Unemployed,180000.0,0
308261,Cash loans,479700.0,51790.5,F,38.0,Single / not married,Rented apartment,Unemployed,121500.0,0
403190,Cash loans,675000.0,28728.0,M,31.0,Single / not married,House / apartment,Working,180000.0,0
391541,Revolving loans,180000.0,9000.0,M,38.0,Married,House / apartment,Working,135000.0,1
291362,Cash loans,1066320.0,38299.5,F,28.0,Married,House / apartment,,112500.0,0
154117,Revolving loans,180000.0,9000.0,M,28.0,Single / not married,House / apartment,Working,135000.0,0
239886,Cash loans,444420.0,27135.0,F,39.0,Married,House / apartment,Unemployed,90000.0,0
199572,Cash loans,355536.0,21613.5,M,31.0,Civil marriage,House / apartment,Unemployed,103500.0,1
220677,Cash loans,1246500.0,36576.0,F,41.0,Married,House / apartment,Working,157500.0,1
239029,Cash loans,808650.0,26086.5,F,45.0,Single / not married,With parents,Unemployed,90000.0,0
113700,Cash loans,284400.0,19134.0,F,31.0,Married,House / apartment,Working,112500.0,0
261112,Cash loans,942300.0,34749.0,M,47.0,Separated,House / apartment,Businessman,292500.0,0
119194,Cash loans,781920.0,28215.0,F,53.0,Married,House / apartment,Working,180000.0,0
416463,Revolving loans,540000.0,27000.0,F,56.0,Married,House / apartment,Businessman,225000.0,0
191532,Cash loans,276277.5,21510.0,M,36.0,Married,House / apartment,Unemployed,40500.0,0
391308,Cash loans,687600.0,18265.5,F,25.0,Married,House / apartment,Unemployed,101250.0,0
220326,Cash loans,1008000.0,53833.5,M,42.0,Married,House / apartment,Businessman,247500.0,0
190076,Cash loans,339241.5,15943.5,F,45.0,Married,House / apartment,Businessman,202500.0,0
313201,Cash loans,337500.0,16546.5,F,29.0,Married,House / apartment,Working,112500.0,0
373127,Cash loans,58500.0,7069.5,M,31.0,Married,House / apartment,Working,157500.0,1
408287,Cash loans,260640.0,31059.0,M,27.0,Single / not married,With parents,Unemployed,99000.0,0
349883,Cash loans,284400.0,19134.0,M,24.0,Married,House / apartment,Unemployed,135000.0,0
433895,Revolving loans,180000.0,9000.0,F,59.0,Civil marriage,House / apartment,Working,112500.0,0
421335,Cash loans,601470.0,25614.0,F,40.0,Civil marriage,House / apartment,Unemployed,90000.0,0
410513,Cash loans,761067.0,25281.0,F,57.0,Single / not married,Office apartment,Working,135000.0,0
394251,Cash loans,207000.0,21208.5,M,,Single / not married,House / apartment,Working,180000.0,0
418150,Cash loans,1800000.0,62568.0,F,39.0,Married,House / apartment,Working,157500.0,0
248362,Cash loans,1102828.5,32373.0,F,56.0,Married,House / apartment,Working,180000.0,0
139094,Cash loans,142200.0,6916.5,F,29.0,Separated,House / apartment,Unemployed,63000.0,1
308409,Cash loans,808650.0,26217.0,F,49.0,Married,House / apartment,Unemployed,90000.0,0
103376,Cash loans,308133.0,13185.0,F,48.0,Separated,House / apartment,Unemployed,112500.0,0
260078,Cash loans,754740.0,29376.0,F,62.0,Married,Municipal apartment,Working,112500.0,0
285464,Cash loans,450000.0,21888.0,F,42.0,Separated,House / apartment,Unemployed,135000.0,0
236294,Revolving loans,270000.0,13500.0,F,48.0,Single / not married,House / apartment,Businessman,225000.0,0
151592,Cash loans,266832.0,24601.5,M,37.0,Married,House / apartment,Unemployed,135000.0,0
153205,Cash loans,175500.0,11871.0,M,29.0,Single / not married,House / apartment,Working,112500.0,0
407234,Cash loans,288000.0,29641.5,F,28.0,Married,House / apartment,Working,67500.0,0
355636,Cash loans,990000.0,29074.5,F,57.0,Married,House / apartment,Working,166500.0,0
413319,Cash loans,269550.0,12001.5,F,66.0,Married,House / apartment,Unemployed,67500.0,0
170023,Cash loans,720000.0,21181.5,F,38.0,Married,House / apartment,Unemployed,112500.0,0
224375,Cash loans,1227901.5,46899.0,F,53.0,Married,House / apartment,Businessman,202500.0,0
284768,Cash loans,1386000.0,36693.0,F,40.0,Civil marriage,House / apartment,Businessman,270000.0,0
200118,Cash loans,298512.0,17266.5,,55.0,Widow,House / apartment,Unemployed,90000.0,0
269290,Cash loans,521280.0,31630.5,M,30.0,Civil marriage,House / apartment,Working,112500.0,0
151582,Cash loans,1236816.0,36162.0,M,42.0,Separated,House / apartment,Working,540000.0,0
436324,Revolving loans,585000.0,29250.0,F,36.0,Married,House / apartment,Unemployed,90000.0,0
401153,Cash loans,1078200.0,31522.5,F,43.0,Married,House / apartment,Unemployed,90000.0,0
375701,Revolving loans,270000.0,13500.0,F,42.0,Married,House / apartment,Businessman,225000.0,0
193652,Cash loans,690660.0,54697.5,M,35.0,Married,House / apartment,Businessman,202500.0,0
377801,Cash loans,170640.0,8298.0,F,27.0,Widow,House / apartment,Businessman,405000.0,0
261483,Cash loans,225000.0,17905.5,F,,Married,House / apartment,Unemployed,54000.0,0
332665,Cash loans,99504.0,10575.0,F,56.0,Married,House / apartment,Unemployed,67500.0,0
137815,Cash loans,1078200.0,31653.0,F,43.0,Married,House / apartment,Working,157500.0,0
426422,Cash loans,52128.0,5472.0,M,64.0,Married,House / apartment,Unemployed,67500.0,0
343318,Cash loans,1451047.5,53775.0,F,56.0,Separated,House / apartment,Businessman,211500.0,0
289679,Cash loans,301500.0,15525.0,M,28.0,Married,House / apartment,Working,180000.0,0
351007,Revolving loans,202500.0,10125.0,F,31.0,Married,House / apartment,Businessman,225000.0,0
301586,Cash loans,746280.0,59094.0,F,55.0,Married,House / apartment,Businessman,225000.0,0
302519,Cash loans,509602.5,19539.0,M,34.0,Married,House / apartment,Unemployed,135000.0,0
149573,Cash loans,95940.0,9342.0,F,,Married,House / apartment,Businessman,315000.0,0
347664,Cash loans,1255680.0,41629.5,F,47.0,Married,House / apartment,Working,225000.0,0
234596,Cash loans,770292.0,34938.0,F,47.0,Married,House / apartment,Businessman,202500.0,0
373850,Cash loans,297130.5,18085.5,F,26.0,Single / not married,With parents,Working,112500.0,0
432588,Cash loans,1125000.0,62950.5,F,44.0,Civil marriage,House / apartment,Working,360000.0,0
232158,Cash loans,130824.0,6097.5,F,51.0,Single / not married,House / apartment,Working,103500.0,1
254304,Cash loans,677664.0,24471.0,M,33.0,Married,House / apartment,Working,128250.0,0
391061,Cash loans,1668096.0,58113.0,,46.0,Married,House / apartment,Businessman,202500.0,0
419716,Cash loans,900000.0,26446.5,M,54.0,Separated,House / apartment,Businessman,243000.0,0
140511,Cash loans,171841.5,11614.5,M,33.0,Married,House / apartment,Working,135000.0,0
444612,Cash loans,292500.0,14224.5,M,32.0,Civil marriage,House / apartment,Working,112500.0,0
302872,Cash loans,454500.0,14791.5,F,52.0,Married,House / apartment,Working,112500.0,1
367637,Cash loans,900000.0,26446.5,M,46.0,Married,House / apartment,Businessman,220500.0,0
283993,Cash loans,526491.0,19039.5,F,38.0,Separated,House / apartment,Working,148500.0,0
170464,Cash loans,1206000.0,81049.5,F,32.0,Married,House / apartment,Businessman,225000.0,0
215591,Cash loans,90000.0,4882.5,F,27.0,Married,With parents,Unemployed,38250.0,0
145657,Cash loans,1006920.0,42790.5,M,62.0,Married,House / apartment,Working,153000.0,0
313883,Cash loans,808650.0,26217.0,M,50.0,Married,House / apartment,Working,135000.0,0
259886,Cash loans,673875.0,26109.0,F,49.0,Civil marriage,House / apartment,Businessman,202500.0,0
331330,Cash loans,1074856.5,55012.5,F,38.0,Single / not married,House / apartment,Unemployed,391500.0,0
195654,Cash loans,360000.0,24484.5,F,24.0,Single / not married,With parents,Unemployed,90000.0,0
249907,Cash loans,549882.0,20331.0,F,43.0,Single / not married,House / apartment,Working,48600.0,0
277133,Cash loans,2013840.0,55507.5,M,23.0,Single / not married,With parents,Working,180000.0,0
240565,Cash loans,755190.0,38556.0,F,27.0,Married,House / apartment,Unemployed,157500.0,0
225939,Cash loans,2425950.0,64125.0,M,37.0,Married,With parents,Businessman,405000.0,0
271108,Cash loans,148365.0,13608.0,M,27.0,Single / not married,House / apartment,Working,202500.0,0
261168,Cash loans,481500.0,23292.0,F,37.0,Married,House / apartment,Working,135000.0,0
166323,Cash loans,271066.5,21861.0,M,50.0,Civil marriage,House / apartment,Businessman,202500.0,1
233795,Cash loans,135000.0,10822.5,F,,Civil marriage,House / apartment,Working,157500.0,0
400355,Cash loans,986553.0,31824.0,M,47.0,Married,House / apartment,Working,157500.0,0
335266,Cash loans,1762110.0,48586.5,F,46.0,Married,House / apartment,Businessman,270000.0,0
207531,Cash loans,808650.0,26086.5,F,55.0,Civil marriage,House / apartment,Unemployed,103500.0,0
191511,Cash loans,414792.0,25335.0,M,41.0,Civil marriage,House / apartment,Working,252000.0,0
152360,Cash loans,518562.0,25078.5,F,32.0,Married,House / apartment,Unemployed,135000.0,0
356995,Cash loans,788472.0,52821.0,M,45.0,Married,House / apartment,Working,180000.0,0
375273,Revolving loans,180000.0,9000.0,F,27.0,Civil marriage,House / apartment,Businessman,225000.0,0
192970,Cash loans,1288350.0,37800.0,F,46.0,Separated,House / apartment,Businessman,315000.0,0
252192,Cash loans,1129500.0,31189.5,F,54.0,Widow,House / apartment,Working,157500.0,0
349110,Cash loans,171000.0,11556.0,F,47.0,Widow,House / apartment,Businessman,256500.0,0
423194,Revolving loans,180000.0,9000.0,M,22.0,Single / not married,House / apartment,Working,135000.0,0
160315,Cash loans,301500.0,10957.5,M,54.0,Married,House / apartment,Unemployed,45000.0,0
352697,Cash loans,349258.5,17959.5,F,48.0,Single / not married,House / apartment,,135000.0,0
445204,Revolving loans,450000.0,22500.0,M,53.0,Married,House / apartment,Businessman,247500.0,0
393289,Cash loans,808650.0,23773.5,M,57.0,Married,House / apartment,Businessman,225000.0,0
302117,Cash loans,293733.0,31765.5,M,54.0,Separated,House / apartment,Businessman,360000.0,0
124306,Cash loans,1339884.0,39307.5,F,45.0,Separated,House / apartment,Businessman,270000.0,0
269598,Cash loans,284400.0,22599.0,F,30.0,Married,With parents,Working,81000.0,1
301547,Cash loans,314100.0,17167.5,F,36.0,Single / not married,House / apartment,Unemployed,112500.0,0
175713,Cash loans,545040.0,25537.5,M,54.0,Single / not married,House / apartment,Working,157500.0,0
255547,Cash loans,343800.0,16155.0,F,28.0,Single / not married,House / apartment,Unemployed,76950.0,1
225422,Cash loans,450000.0,21888.0,M,37.0,Separated,House / apartment,Working,144000.0,1
449527,Cash loans,225000.0,16303.5,M,29.0,Single / not married,House / apartment,Businessman,382500.0,0
118730,Cash loans,728460.0,57685.5,F,39.0,Married,House / apartment,Working,135000.0,0
123374,Cash loans,269550.0,11547.0,F,50.0,Married,House / apartment,Unemployed,67500.0,0
195676,Cash loans,781920.0,25101.0,F,60.0,Single / not married,House / apartment,Unemployed,157500.0,0
312187,Cash loans,841500.0,22329.0,M,33.0,Married,House / apartment,Unemployed,144360.0,0
116260,Cash loans,404325.0,19449.0,F,30.0,Civil marriage,With parents,Working,135000.0,0
251826,Revolving loans,157500.0,7875.0,F,56.0,Married,House / apartment,Working,112500.0,0
274438,Cash loans,728460.0,44694.0,F,44.0,Married,House / apartment,Unemployed,90000.0,0
417795,Cash loans,675000.0,26059.5,F,54.0,Single / not married,House / apartment,Working,198000.0,0
374483,Revolving loans,180000.0,9000.0,F,22.0,Single / not married,House / apartment,Working,108000.0,0
335238,Cash loans,244584.0,14170.5,F,43.0,Married,House / apartment,Working,72000.0,0
323061,Cash loans,140166.0,12982.5,M,22.0,Single / not married,House / apartment,Unemployed,90000.0,0
263760,Cash loans,76410.0,9198.0,F,24.0,Separated,With parents,Unemployed,135000.0,0
156511,Cash loans,1223010.0,51948.0,F,59.0,Widow,House / apartment,Businessman,225000.0,0
406910,Cash loans,2315916.0,63814.5,F,59.0,Married,House / apartment,Businessman,270000.0,1
265598,Cash loans,398160.0,10948.5,F,45.0,Separated,House / apartment,Working,112500.0,0
418849,Cash loans,263686.5,17298.0,F,34.0,Married,House / apartment,Businessman,360000.0,1
217149,Cash loans,592560.0,40216.5,M,28.0,Married,House / apartment,Working,225000.0,1
365161,Cash loans,191880.0,19107.0,F,64.0,Married,House / apartment,Working,180000.0,0
195270,Revolving loans,180000.0,9000.0,M,27.0,Married,House / apartment,Working,126000.0,0
252968,Revolving loans,450000.0,22500.0,F,26.0,Single / not married,House / apartment,Working,270000.0,0
192094,Cash loans,1211049.0,39195.0,M,54.0,Married,House / apartment,Businessman,585000.0,1
258913,Cash loans,346500.0,13189.5,F,57.0,Separated,House / apartment,Working,157500.0,0
140355,Cash loans,675000.0,26154.0,F,44.0,Single / not married,Municipal apartment,Working,135000.0,0
111707,Cash loans,803259.0,26041.5,F,62.0,Married,House / apartment,Working,180000.0,0
103457,Cash loans,855000.0,43654.5,M,22.0,Married,House / apartment,Working,252000.0,0
360306,Cash loans,1350000.0,39474.0,M,36.0,Married,House / apartment,Working,202500.0,0
416184,Cash loans,508495.5,21672.0,F,40.0,Widow,House / apartment,Working,180000.0,0
179563,Cash loans,450000.0,32742.0,M,61.0,Married,House / apartment,Working,135000.0,0
241950,Cash loans,517500.0,18418.5,F,28.0,Married,With parents,Working,126000.0,0
205527,Cash loans,781920.0,41400.0,M,25.0,Single / not married,House / apartment,Working,157500.0,1
440692,Cash loans,143910.0,17208.0,M,40.0,Single / not married,House / apartment,Working,135000.0,0
389059,Cash loans,175500.0,18751.5,F,44.0,Single / not married,House / apartment,,148500.0,0
311830,Revolving loans,292500.0,14625.0,F,59.0,Married,House / apartment,Unemployed,180000.0,0
377214,Revolving loans,450000.0,22500.0,F,50.0,Married,House / apartment,Businessman,315000.0,0
295577,Cash loans,604152.0,30978.0,F,50.0,Single / not married,House / apartment,Working,405000.0,1
163596,Cash loans,668304.0,32278.5,M,45.0,Married,House / apartment,,112500.0,0
449393,Cash loans,296280.0,16069.5,F,54.0,Married,House / apartment,Unemployed,112500.0,1
371765,Cash loans,458460.0,28179.0,M,30.0,Married,House / apartment,Working,135000.0,0
198910,Cash loans,225000.0,15219.0,F,40.0,Married,House / apartment,Working,157500.0,0
403313,Cash loans,697500.0,20394.0,F,65.0,Widow,House / apartment,Working,112500.0,0
193834,Cash loans,1258650.0,53325.0,F,39.0,Married,House / apartment,Unemployed,180000.0,1
302197,Cash loans,810000.0,38965.5,M,38.0,Civil marriage,House / apartment,Businessman,225000.0,0
194754,Cash loans,1057266.0,44923.5,F,48.0,Single / not married,Municipal apartment,Businessman,247500.0,0
126234,Cash loans,770292.0,30676.5,F,55.0,Married,House / apartment,Unemployed,157500.0,0
392122,Cash loans,540000.0,29313.0,M,33.0,Civil marriage,Rented apartment,Working,157500.0,0
171782,Cash loans,337500.0,31086.0,F,31.0,Civil marriage,House / apartment,Working,112500.0,0
375910,Cash loans,536917.5,29254.5,F,37.0,Married,House / apartment,Working,112500.0,0
292273,Cash loans,877500.0,31086.0,M,61.0,Married,House / apartment,Working,157500.0,0
251265,Cash loans,436032.0,20457.0,M,,Married,House / apartment,Unemployed,157500.0,0
192198,Cash loans,544491.0,16047.0,F,47.0,Single / not married,House / apartment,Working,90000.0,0
273862,Revolving loans,360000.0,18000.0,M,44.0,Married,House / apartment,Working,112500.0,0
320952,Cash loans,728460.0,41949.0,F,44.0,Separated,House / apartment,Working,112500.0,0
141758,Cash loans,191880.0,17883.0,F,69.0,Single / not married,House / apartment,Unemployed,67500.0,0
187683,Cash loans,508495.5,21541.5,M,58.0,Married,House / apartment,Working,189000.0,0
378778,Cash loans,225000.0,11619.0,M,53.0,Married,House / apartment,Working,180000.0,0
383274,Cash loans,534204.0,29826.0,M,32.0,Married,House / apartment,Working,157500.0,0
257422,Cash loans,675000.0,29731.5,F,65.0,Married,House / apartment,Working,67500.0,1
145012,Cash loans,381528.0,18684.0,,27.0,Married,House / apartment,Working,112500.0,0
300747,Cash loans,497520.0,32521.5,F,31.0,Married,With parents,Businessman,202500.0,0
436590,Revolving loans,180000.0,9000.0,F,22.0,Single / not married,House / apartment,Working,139500.0,0
255454,Cash loans,787086.0,23143.5,M,62.0,Separated,House / apartment,Unemployed,103500.0,0
225285,Revolving loans,180000.0,9000.0,F,23.0,Single / not married,House / apartment,Working,180000.0,0
241667,Cash loans,328500.0,22351.5,M,38.0,Married,House / apartment,Working,225000.0,0
266398,Cash loans,454500.0,21996.0,F,61.0,Married,House / apartment,Working,186750.0,0
389072,Cash loans,2013840.0,53253.0,M,61.0,Married,House / apartment,Businessman,292500.0,0
302140,Cash loans,863226.0,36571.5,F,49.0,Married,House / apartment,Working,157500.0,0
306406,Cash loans,1066320.0,38299.5,F,47.0,Married,House / apartment,Unemployed,112500.0,0
290733,Cash loans,1800000.0,62568.0,M,29.0,Married,House / apartment,Businessman,247500.0,0
185513,Revolving loans,360000.0,18000.0,M,31.0,Married,House / apartment,Working,121500.0,0
149814,Cash loans,814041.0,23931.0,F,45.0,Married,House / apartment,Businessman,292500.0,0
310613,Cash loans,315000.0,11875.5,F,43.0,Married,House / apartment,Unemployed,54000.0,0
205918,Cash loans,225000.0,22050.0,F,,Married,House / apartment,Unemployed,90000.0,0
101475,Cash loans,95940.0,9472.5,F,60.0,Widow,House / apartment,Unemployed,67500.0,0
344445,Cash loans,398016.0,42363.0,M,31.0,Married,House / apartment,Working,135000.0,0
205330,Cash loans,403330.5,20619.0,M,49.0,Married,House / apartment,Working,126000.0,0
287442,Cash loans,224136.0,24268.5,F,35.0,Single / not married,House / apartment,Working,112500.0,0
118944,Cash loans,533668.5,25803.0,F,35.0,Civil marriage,House / apartment,Working,157500.0,0
143816,Cash loans,679500.0,27076.5,F,31.0,Married,House / apartment,Working,225000.0,0
220939,Cash loans,272520.0,17545.5,F,62.0,Married,House / apartment,Working,135000.0,0
318807,Revolving loans,382500.0,19125.0,F,26.0,Married,House / apartment,Working,121500.0,0
339221,Cash loans,247275.0,16357.5,M,58.0,Married,House / apartment,Unemployed,135000.0,0
360706,Cash loans,288873.0,10503.0,M,65.0,Civil marriage,With parents,Unemployed,76500.0,0
373095,Cash loans,538704.0,26046.0,M,25.0,Single / not married,House / apartment,Unemployed,157500.0,0
244731,Cash loans,485640.0,34668.0,F,41.0,Married,House / apartment,Businessman,235350.0,0
209571,Cash loans,152820.0,16177.5,M,33.0,Civil marriage,Rented apartment,Working,135000.0,0
428414,Cash loans,855000.0,43654.5,F,28.0,Married,House / apartment,Working,157500.0,1
278299,Cash loans,292500.0,28494.0,F,63.0,Married,House / apartment,Unemployed,67500.0,0
394552,Cash loans,239850.0,23494.5,F,68.0,Single / not married,House / apartment,Businessman,202500.0,0
186150,Cash loans,675000.0,29731.5,F,48.0,Married,House / apartment,Unemployed,180000.0,0
288268,Cash loans,1886850.0,51885.0,F,36.0,Married,House / apartment,Working,180000.0,0
417482,Cash loans,91692.0,11011.5,F,,Married,House / apartment,Unemployed,85500.0,1
286245,Cash loans,640080.0,29970.0,M,28.0,Married,House / apartment,Businessman,225000.0,1
334612,Cash loans,1428408.0,75519.0,F,63.0,Widow,House / apartment,,405000.0,0
335386,Cash loans,808650.0,31464.0,F,33.0,Married,House / apartment,Businessman,225000.0,0
449222,Cash loans,659610.0,21406.5,F,29.0,Single / not married,With parents,Unemployed,94500.0,0
217416,Revolving loans,135000.0,6750.0,F,35.0,Married,With parents,Unemployed,67500.0,0
371553,Cash loans,276813.0,19683.0,M,37.0,Separated,House / apartment,Businessman,292500.0,0
289027,Cash loans,2013840.0,55507.5,F,40.0,Single / not married,House / apartment,Businessman,225000.0,0
445201,Cash loans,184500.0,8973.0,F,35.0,Married,House / apartment,Working,112500.0,0
220343,Cash loans,364896.0,16069.5,F,50.0,Married,House / apartment,Unemployed,81000.0,0
264936,Cash loans,240660.0,11835.0,M,44.0,Single / not married,With parents,Unemployed,90000.0,0
308199,Cash loans,1113840.0,47191.5,F,38.0,Married,House / apartment,Unemployed,144000.0,0
419672,Cash loans,225000.0,12334.5,M,35.0,Married,House / apartment,Businessman,225000.0,0
368230,Revolving loans,180000.0,9000.0,M,35.0,Married,House / apartment,Working,157500.0,0
269112,Revolving loans,405000.0,20250.0,F,47.0,Separated,House / apartment,Businessman,202500.0,0
201539,Revolving loans,270000.0,13500.0,M,34.0,Civil marriage,House / apartment,Businessman,225000.0,1
361359,Cash loans,71955.0,7555.5,F,51.0,Single / not married,With parents,Working,90000.0,0
213797,Cash loans,900000.0,26446.5,F,44.0,Single / not married,House / apartment,Businessman,225000.0,0
208368,Cash loans,274500.0,10867.5,M,43.0,Married,House / apartment,Working,135000.0,0
153277,Cash loans,1002870.0,42619.5,F,50.0,Separated,Municipal apartment,Working,315000.0,0
160603,Cash loans,1087366.5,35208.0,M,,Married,Office apartment,Working,130500.0,0
276989,Cash loans,773680.5,37350.0,M,36.0,Married,House / apartment,Businessman,202500.0,0
445802,Cash loans,297130.5,14422.5,F,62.0,Widow,House / apartment,Unemployed,70200.0,0
431494,Revolving loans,180000.0,9000.0,M,26.0,Civil marriage,House / apartment,Working,112500.0,0
300582,Cash loans,284400.0,16011.0,M,65.0,Married,House / apartment,Unemployed,61650.0,0
231844,Cash loans,545040.0,26640.0,F,64.0,Married,House / apartment,Working,112500.0,1
239912,Cash loans,675000.0,32602.5,F,30.0,Married,With parents,Unemployed,67500.0,0
217662,Cash loans,746271.0,36031.5,F,50.0,Widow,House / apartment,Working,225000.0,0
279140,Cash loans,384048.0,14607.0,M,48.0,Married,House / apartment,Working,135000.0,0
123731,Cash loans,269550.0,12001.5,M,60.0,Married,House / apartment,Unemployed,45000.0,0
386260,Cash loans,1024740.0,55719.0,F,30.0,Married,House / apartment,Businessman,315000.0,0
371411,Cash loans,286704.0,20083.5,F,47.0,Married,House / apartment,Working,112500.0,0
353085,Cash loans,266832.0,20079.0,F,62.0,Married,House / apartment,Working,135000.0,0
164032,Cash loans,823500.0,42174.0,F,50.0,Married,House / apartment,Businessman,225000.0,0
402157,Cash loans,634041.0,22905.0,F,32.0,Single / not married,House / apartment,Unemployed,81000.0,0
355677,Cash loans,499221.0,25618.5,M,49.0,Married,House / apartment,Unemployed,90000.0,0
222388,Cash loans,308133.0,11547.0,F,36.0,Single / not married,With parents,Unemployed,99000.0,0
337047,Cash loans,226422.0,18283.5,F,28.0,Single / not married,House / apartment,Working,112500.0,0
392690,Cash loans,668983.5,68679.0,F,43.0,Married,Co-op apartment,Unemployed,540000.0,0
250742,Cash loans,860377.5,37899.0,M,63.0,Married,House / apartment,Working,130500.0,0
334433,Cash loans,284400.0,16456.5,F,50.0,Civil marriage,House / apartment,Working,112500.0,0
408025,Cash loans,270000.0,18922.5,F,35.0,Single / not married,House / apartment,Working,112500.0,0
432270,Cash loans,485086.5,18414.0,F,59.0,Married,House / apartment,Unemployed,90000.0,0
328842,Cash loans,1243548.0,50778.0,M,41.0,Married,With parents,,202500.0,0
298424,Cash loans,269550.0,13891.5,F,46.0,Separated,House / apartment,Unemployed,81000.0,0
394719,Revolving loans,135000.0,6750.0,F,47.0,Married,House / apartment,Working,112500.0,0
113392,Cash loans,108000.0,8788.5,F,59.0,Married,House / apartment,Working,225000.0,0
223882,Cash loans,805536.0,32076.0,F,37.0,Married,House / apartment,,144000.0,0
105663,Revolving loans,270000.0,13500.0,F,23.0,Civil marriage,House / apartment,Working,180000.0,0
254807,Cash loans,697500.0,27792.0,F,41.0,Married,House / apartment,Working,112500.0,0
156491,Cash loans,921330.0,41764.5,F,36.0,Married,House / apartment,Businessman,202500.0,0
272414,Revolving loans,270000.0,13500.0,F,54.0,Married,House / apartment,Unemployed,90000.0,0
326776,Cash loans,971280.0,54364.5,F,56.0,Married,House / apartment,Businessman,225000.0,0
396682,Cash loans,225000.0,11632.5,,58.0,Separated,House / apartment,Unemployed,85500.0,0
237526,Cash loans,269550.0,19300.5,F,66.0,Single / not married,House / apartment,Working,180000.0,0
388005,Cash loans,1045854.0,37053.0,M,35.0,Married,House / apartment,Businessman,202500.0,0
267092,Cash loans,263686.5,25816.5,F,59.0,Separated,House / apartment,Unemployed,90000.0,0
106752,Cash loans,,12307.5,M,39.0,Married,House / apartment,Unemployed,108000.0,0
389317,Cash loans,781920.0,31522.5,M,57.0,Married,House / apartment,Unemployed,135000.0,0
171165,Revolving loans,247500.0,12375.0,F,51.0,Civil marriage,House / apartment,Businessman,243000.0,0
412766,Cash loans,253737.0,26127.0,F,46.0,Single / not married,House / apartment,Unemployed,90000.0,0
320849,Cash loans,1138900.5,33430.5,F,60.0,Married,House / apartment,Businessman,270000.0,0
398736,Cash loans,390960.0,20092.5,F,65.0,Single / not married,House / apartment,Working,99000.0,0
352809,Cash loans,835605.0,24561.0,F,54.0,Civil marriage,House / apartment,Working,112500.0,0
389586,Revolving loans,135000.0,6750.0,F,58.0,Married,Office apartment,Working,171000.0,0
341807,Cash loans,1078200.0,28570.5,M,32.0,Married,House / apartment,Working,180000.0,0
101926,Cash loans,254700.0,24939.0,F,67.0,Married,House / apartment,Working,90000.0,0
305716,Cash loans,521280.0,47938.5,M,58.0,Civil marriage,House / apartment,Businessman,270000.0,0
184361,Cash loans,242595.0,10813.5,M,65.0,Married,House / apartment,Working,144000.0,0
225595,Cash loans,590337.0,28530.0,F,35.0,Married,House / apartment,Unemployed,157500.0,0
444857,Revolving loans,180000.0,9000.0,M,,Married,House / apartment,Unemployed,99000.0,1
186566,Cash loans,45000.0,4855.5,F,28.0,Civil marriage,House / apartment,Businessman,202500.0,0
169103,Cash loans,479353.5,29457.0,F,54.0,Married,Office apartment,Working,157500.0,0
214091,Cash loans,314055.0,13963.5,M,63.0,Separated,House / apartment,Unemployed,99000.0,0
364460,Cash loans,450000.0,16965.0,F,65.0,Married,House / apartment,Working,180000.0,0
374286,Cash loans,276277.5,19359.0,,58.0,Widow,House / apartment,Unemployed,45000.0,0
332477,Cash loans,450000.0,27193.5,,38.0,Married,House / apartment,Working,135000.0,0
395640,Cash loans,225000.0,15660.0,F,38.0,Single / not married,House / apartment,Unemployed,90000.0,0
392038,Cash loans,118602.0,9306.0,M,27.0,Single / not married,With parents,Working,135000.0,0
301874,Cash loans,320922.0,33826.5,F,24.0,Single / not married,Rented apartment,Working,171000.0,0
132265,Cash loans,980838.0,52389.0,M,58.0,Married,House / apartment,Working,225000.0,0
165365,Cash loans,443088.0,21316.5,M,32.0,Married,House / apartment,Working,121500.0,0
360926,Cash loans,306306.0,16744.5,F,41.0,Married,House / apartment,Working,112500.0,0
246728,Cash loans,473760.0,43969.5,M,41.0,Married,House / apartment,Businessman,315000.0,0
438238,Cash loans,288873.0,19435.5,M,48.0,Married,House / apartment,Unemployed,157500.0,0
300342,Cash loans,225000.0,26703.0,F,32.0,Married,House / apartment,Working,184500.0,0
214309,Cash loans,354276.0,16645.5,M,64.0,Married,House / apartment,Unemployed,67500.0,0
359366,Cash loans,225000.0,18171.0,M,31.0,Separated,House / apartment,Working,135000.0,0
430781,Cash loans,835380.0,40320.0,F,40.0,Married,Municipal apartment,Working,225000.0,0
379896,Revolving loans,450000.0,22500.0,F,49.0,Single / not married,House / apartment,Unemployed,67500.0,0
240569,Cash loans,1078200.0,31653.0,F,31.0,Married,House / apartment,Working,112500.0,0
340820,Cash loans,450000.0,32877.0,M,53.0,Married,House / apartment,Unemployed,234000.0,0
379342,Cash loans,360000.0,28570.5,F,31.0,Married,House / apartment,Businessman,202500.0,0
139237,Cash loans,814041.0,23800.5,F,51.0,Married,Municipal apartment,Unemployed,121500.0,0
449981,Cash loans,573408.0,30393.0,M,58.0,Single / not married,House / apartment,Working,135000.0,0
222453,Cash loans,1339884.0,39307.5,M,34.0,Married,House / apartment,Businessman,270000.0,0
276096,Cash loans,197820.0,17050.5,F,37.0,Married,House / apartment,Working,157500.0,1
312779,Cash loans,1247472.0,52983.0,F,31.0,Married,House / apartment,Working,360000.0,0
452828,Cash loans,104256.0,11358.0,F,54.0,Married,House / apartment,Working,99000.0,0
198455,Cash loans,1303200.0,46939.5,F,45.0,Married,House / apartment,Unemployed,144000.0,0
182562,Cash loans,,8032.5,F,57.0,Married,House / apartment,Unemployed,90000.0,0
118370,Cash loans,445500.0,16794.0,F,39.0,Married,House / apartment,Unemployed,67500.0,0
167995,Cash loans,135000.0,10953.0,F,25.0,Married,House / apartment,Unemployed,103500.0,0
248245,Cash loans,1040985.0,28755.0,F,45.0,Separated,House / apartment,Working,157500.0,0
253391,Cash loans,112068.0,7488.0,F,26.0,Single / not married,House / apartment,Unemployed,81000.0,1
367454,Cash loans,733315.5,43006.5,F,42.0,Married,House / apartment,Working,252000.0,0
147074,Cash loans,315000.0,14814.0,M,50.0,Married,House / apartment,Unemployed,121500.0,0
238552,Cash loans,677664.0,32598.0,F,35.0,Married,House / apartment,Working,180000.0,0
398920,Cash loans,373140.0,37035.0,M,52.0,Married,House / apartment,Working,112500.0,0
218799,Revolving loans,180000.0,9000.0,M,53.0,Single / not married,With parents,Working,180000.0,0
306742,Revolving loans,810000.0,40500.0,F,43.0,Single / not married,House / apartment,Working,180000.0,0
173271,Cash loans,162000.0,5301.0,F,63.0,Widow,House / apartment,Unemployed,72000.0,0
285421,Cash loans,225000.0,8082.0,F,40.0,Married,House / apartment,Unemployed,90000.0,0
128911,Cash loans,675000.0,19867.5,F,60.0,Separated,House / apartment,Working,108000.0,0
439487,Revolving loans,202500.0,10125.0,F,61.0,Single / not married,House / apartment,Working,157500.0,0
225757,Cash loans,1467612.0,62311.5,M,22.0,Single / not married,With parents,Businessman,225000.0,0
285919,Revolving loans,337500.0,16875.0,F,43.0,Married,Municipal apartment,Unemployed,157500.0,0
269468,Revolving loans,135000.0,6750.0,F,54.0,Married,House / apartment,Working,126000.0,0
360621,Cash loans,729792.0,37390.5,F,23.0,Single / not married,House / apartment,Businessman,202500.0,0
433806,Revolving loans,720000.0,36000.0,M,62.0,Separated,House / apartment,Businessman,247500.0,0
206143,Cash loans,675000.0,28507.5,F,40.0,Separated,House / apartment,Unemployed,121500.0,0
337444,Cash loans,640080.0,29970.0,M,,Civil marriage,House / apartment,Working,180000.0,0
352908,Cash loans,1436850.0,42142.5,M,61.0,Married,House / apartment,Working,225000.0,0
376103,Cash loans,959598.0,28188.0,F,56.0,Widow,House / apartment,Working,112500.0,0
346447,Cash loans,1078200.0,38331.0,M,34.0,Married,With parents,Businessman,360000.0,0
153375,Cash loans,528633.0,20965.5,F,60.0,Separated,House / apartment,Working,126000.0,0
285634,Revolving loans,270000.0,13500.0,F,45.0,Married,House / apartment,Unemployed,90000.0,0
448541,Cash loans,148365.0,12024.0,F,33.0,Married,Office apartment,Unemployed,90000.0,0
440911,Cash loans,900000.0,31887.0,F,33.0,Married,House / apartment,Working,112500.0,0
173384,Cash loans,900000.0,29034.0,F,64.0,Married,House / apartment,Unemployed,47250.0,0
129193,Cash loans,1298655.0,38101.5,F,40.0,Married,House / apartment,Working,148500.0,0
240053,Cash loans,780363.0,33192.0,F,30.0,Married,House / apartment,Unemployed,90000.0,0
349092,Cash loans,695970.0,30784.5,F,63.0,Married,House / apartment,Working,135000.0,0
355579,Revolving loans,247500.0,12375.0,F,48.0,Single / not married,House / apartment,Unemployed,90000.0,0
392275,Cash loans,545040.0,25537.5,F,26.0,Married,House / apartment,Unemployed,90000.0,0
220672,Cash loans,1006920.0,42790.5,F,56.0,Married,House / apartment,Unemployed,67500.0,0
351638,Cash loans,284400.0,19003.5,F,66.0,Widow,House / apartment,Unemployed,90000.0,0
329601,Cash loans,202500.0,11754.0,F,54.0,Married,House / apartment,Unemployed,130500.0,0
303297,Cash loans,765261.0,30478.5,F,64.0,Widow,Office apartment,Businessman,202500.0,0
279765,Cash loans,610335.0,22050.0,F,56.0,Separated,House / apartment,Working,112500.0,0
115652,Cash loans,95940.0,9616.5,F,57.0,Married,House / apartment,Working,250200.0,0
119620,Cash loans,355536.0,19417.5,M,33.0,Married,House / apartment,Businessman,202500.0,0
165457,Cash loans,675000.0,24376.5,F,44.0,Single / not married,House / apartment,Working,148500.0,0
157282,Revolving loans,180000.0,9000.0,F,26.0,Married,House / apartment,Working,126000.0,1
126813,Cash loans,463284.0,22662.0,F,29.0,Single / not married,House / apartment,Working,135000.0,0
311390,Cash loans,540000.0,21055.5,M,45.0,Married,House / apartment,Working,135000.0,0
258342,Cash loans,501948.0,13932.0,M,29.0,Single / not married,House / apartment,Working,135000.0,0
443057,Cash loans,1971072.0,68643.0,F,56.0,Married,House / apartment,Working,135000.0,0
360570,Revolving loans,630000.0,31500.0,F,33.0,Married,House / apartment,Working,270000.0,0
253766,Cash loans,267102.0,19125.0,F,65.0,Single / not married,House / apartment,Unemployed,90000.0,0
350934,Cash loans,112500.0,11524.5,F,31.0,Civil marriage,With parents,Working,126000.0,0
450890,Cash loans,156384.0,11821.5,F,56.0,Married,House / apartment,Unemployed,90000.0,0
300607,Cash loans,314100.0,14683.5,F,49.0,Separated,House / apartment,Working,135000.0,0
338741,Cash loans,808650.0,29839.5,F,37.0,Separated,House / apartment,Businessman,315000.0,0
391169,Cash loans,431280.0,23395.5,M,35.0,Married,House / apartment,Unemployed,90000.0,0
425851,Cash loans,473742.0,31788.0,M,30.0,Single / not married,House / apartment,Unemployed,180000.0,0
137732,Cash loans,215640.0,8118.0,F,66.0,Married,House / apartment,Unemployed,45000.0,1
409824,Cash loans,508495.5,20164.5,M,53.0,Married,House / apartment,Businessman,202500.0,0
190724,Cash loans,1166724.0,34245.0,M,35.0,Married,House / apartment,Businessman,225000.0,0
282254,Cash loans,364896.0,28782.0,F,41.0,Married,House / apartment,Working,135000.0,0
439432,Cash loans,1006920.0,39933.0,F,53.0,Separated,House / apartment,Working,135000.0,0
215741,Cash loans,1339884.0,39307.5,F,42.0,Married,House / apartment,Working,247500.0,0
415926,Cash loans,725121.0,68980.5,F,48.0,Single / not married,House / apartment,Businessman,360000.0,0
139184,Cash loans,540000.0,39294.0,M,43.0,Married,House / apartment,Businessman,270000.0,0
313996,Cash loans,270000.0,28480.5,M,52.0,Married,House / apartment,Working,171000.0,0
156237,Cash loans,832500.0,24471.0,F,42.0,Separated,House / apartment,Working,225000.0,0
370859,Cash loans,1223010.0,51817.5,F,39.0,Married,House / apartment,Working,157500.0,0
238220,Cash loans,582768.0,54616.5,M,48.0,Married,House / apartment,Working,270000.0,0
401731,Cash loans,540000.0,15916.5,F,62.0,Single / not married,House / apartment,Unemployed,90000.0,0
405541,Cash loans,225000.0,22383.0,F,68.0,Single / not married,House / apartment,Working,157500.0,0
109612,Cash loans,544491.0,17694.0,F,23.0,Civil marriage,House / apartment,Unemployed,67500.0,1
177468,Cash loans,416052.0,20367.0,F,32.0,Single / not married,House / apartment,Unemployed,135000.0,1
215514,Cash loans,1093500.0,35086.5,F,66.0,Married,House / apartment,Unemployed,67500.0,1
134289,Cash loans,384048.0,18810.0,,25.0,Single / not married,House / apartment,Working,112500.0,0
380647,Cash loans,808650.0,23773.5,F,60.0,Married,Municipal apartment,Working,180000.0,0
212362,Cash loans,327024.0,18391.5,F,65.0,Widow,House / apartment,Working,135000.0,0
196406,Cash loans,454500.0,27805.5,F,27.0,Married,Municipal apartment,Unemployed,139500.0,0
420735,Cash loans,545040.0,26640.0,F,35.0,Married,House / apartment,Unemployed,135000.0,0
285620,Cash loans,177768.0,9207.0,F,43.0,Civil marriage,House / apartment,Unemployed,103500.0,0
355907,Cash loans,1061599.5,31167.0,F,45.0,Married,House / apartment,Working,130500.0,0
349469,Cash loans,343800.0,16155.0,F,32.0,Married,House / apartment,Unemployed,90000.0,0
349658,Revolving loans,135000.0,6750.0,F,50.0,Married,House / apartment,Working,157500.0,0
258810,Cash loans,463131.0,23773.5,F,45.0,Civil marriage,House / apartment,Working,180000.0,0
204103,Cash loans,50940.0,6174.0,,28.0,Single / not married,House / apartment,Working,225000.0,0
368135,Cash loans,292500.0,15061.5,M,,Married,House / apartment,Working,135000.0,0
356148,Cash loans,536917.5,28737.0,F,51.0,Single / not married,House / apartment,Unemployed,225000.0,0
271420,Cash loans,377649.0,18495.0,F,27.0,Married,With parents,Working,112500.0,1
141694,Cash loans,436032.0,15790.5,M,59.0,Single / not married,House / apartment,Working,126000.0,1
325199,Cash loans,123637.5,8923.5,M,68.0,Widow,House / apartment,Working,112500.0,0
207595,Cash loans,781920.0,33259.5,F,52.0,Married,House / apartment,Working,135000.0,0
247699,Cash loans,187659.0,19228.5,F,63.0,Married,House / apartment,Unemployed,90000.0,0
266639,Cash loans,445333.5,52848.0,M,25.0,Civil marriage,House / apartment,Working,139500.0,0
292647,Cash loans,269982.0,28480.5,F,25.0,Single / not married,With parents,Working,112500.0,0
377311,Cash loans,1078200.0,31653.0,F,63.0,Married,House / apartment,,180000.0,0
174243,Cash loans,981000.0,28813.5,M,50.0,Married,House / apartment,Businessman,202500.0,0
133056,Cash loans,1125000.0,33025.5,F,47.0,Married,House / apartment,Working,157500.0,0
351148,Revolving loans,180000.0,9000.0,F,24.0,Single / not married,House / apartment,Working,135000.0,0
348955,Cash loans,284400.0,16456.5,F,65.0,Widow,House / apartment,Working,261000.0,0
267942,Cash loans,270000.0,14134.5,M,47.0,Married,House / apartment,Working,126000.0,0
317839,Cash loans,401386.5,19309.5,,64.0,Widow,House / apartment,Working,90000.0,0
291603,Cash loans,274500.0,27279.0,F,59.0,Married,House / apartment,Working,121500.0,0
426954,Cash loans,555273.0,16366.5,F,63.0,Married,House / apartment,Unemployed,90000.0,0
298233,Cash loans,1354500.0,35860.5,M,45.0,Married,House / apartment,Businessman,270000.0,0
243846,Cash loans,1233477.0,52389.0,F,49.0,Separated,House / apartment,,225000.0,0
417105,Cash loans,1631209.5,44856.0,F,55.0,Civil marriage,House / apartment,Working,112500.0,0
289289,Cash loans,360000.0,17509.5,M,28.0,Single / not married,House / apartment,Unemployed,90000.0,0
232211,Cash loans,263686.5,13522.5,M,62.0,Married,House / apartment,Working,135000.0,0
147803,Cash loans,170640.0,6430.5,F,62.0,Separated,House / apartment,Working,112500.0,0
188663,Cash loans,539100.0,22968.0,F,59.0,Married,House / apartment,Unemployed,58500.0,0
352077,Cash loans,679500.0,26946.0,M,,Married,House / apartment,Businessman,270000.0,0
202400,Cash loans,582804.0,31747.5,F,42.0,Separated,House / apartment,Businessman,202500.0,0
364427,Revolving loans,180000.0,9000.0,F,21.0,Married,House / apartment,Working,135000.0,0
357196,Cash loans,450000.0,30073.5,F,31.0,Married,Office apartment,Working,180000.0,0
171651,Cash loans,675000.0,21906.0,F,54.0,Separated,House / apartment,Businessman,262350.0,0
114795,Cash loans,630000.0,32296.5,F,52.0,Civil marriage,House / apartment,Working,175500.0,0
406240,Cash loans,414792.0,19350.0,F,37.0,Married,House / apartment,Unemployed,72000.0,1
118047,Cash loans,241618.5,24885.0,F,57.0,Married,House / apartment,Businessman,216000.0,0
333139,Cash loans,450000.0,30073.5,F,30.0,Separated,Office apartment,Working,135000.0,0
381351,Cash loans,808650.0,26217.0,M,62.0,Married,House / apartment,Unemployed,108000.0,0
398385,Cash loans,675000.0,32602.5,M,52.0,Widow,House / apartment,Businessman,270000.0,0
103355,Cash loans,818671.5,37935.0,M,58.0,Married,House / apartment,Unemployed,99000.0,0
450304,Cash loans,1350000.0,44617.5,F,47.0,Married,House / apartment,Businessman,247500.0,0
110034,Revolving loans,405000.0,20250.0,F,38.0,Single / not married,House / apartment,Working,135000.0,0
247215,Cash loans,239850.0,25578.0,F,25.0,Married,House / apartment,Unemployed,76500.0,0
385295,Cash loans,,26316.0,M,33.0,Married,House / apartment,Unemployed,157500.0,0
421292,Cash loans,558000.0,17838.0,F,62.0,Separated,House / apartment,Unemployed,90000.0,0
172736,Cash loans,497520.0,33376.5,M,55.0,Married,House / apartment,Working,112500.0,0
101001,Cash loans,1024740.0,49428.0,F,34.0,Married,Municipal apartment,Working,157500.0,0
144771,Cash loans,327024.0,21420.0,F,28.0,Single / not married,With parents,Working,112500.0,0
166013,Cash loans,339241.5,16627.5,M,52.0,Married,House / apartment,Working,180000.0,0
100298,Cash loans,473760.0,48676.5,F,44.0,Married,House / apartment,Businessman,270000.0,0
294539,Cash loans,,29227.5,F,48.0,Married,House / apartment,,202500.0,0
337814,Revolving loans,810000.0,40500.0,M,39.0,Married,House / apartment,Working,297000.0,0
370692,Cash loans,540000.0,30150.0,M,29.0,Married,Rented apartment,Working,135000.0,0
173563,Cash loans,521280.0,26613.0,F,,Separated,House / apartment,Working,202500.0,0
210651,Cash loans,528633.0,25560.0,,55.0,Married,House / apartment,Unemployed,81000.0,0
180505,Cash loans,225000.0,11074.5,M,32.0,Married,House / apartment,Businessman,296235.0,0
288641,Cash loans,531706.5,16249.5,F,61.0,Widow,House / apartment,Businessman,270000.0,0
321768,Cash loans,1093500.0,46458.0,M,46.0,Married,House / apartment,Businessman,418500.0,0
237924,Cash loans,126000.0,7231.5,F,53.0,Married,House / apartment,Working,112500.0,0
220538,Cash loans,288873.0,18589.5,F,46.0,Married,House / apartment,Working,157500.0,0
344574,Cash loans,573628.5,24435.0,F,62.0,Married,House / apartment,Unemployed,67500.0,0
192244,Cash loans,451804.5,28872.0,F,58.0,Married,House / apartment,Working,112500.0,0
433034,Cash loans,319500.0,13536.0,F,53.0,Married,House / apartment,Unemployed,121500.0,0
330738,Cash loans,269550.0,18891.0,F,66.0,Married,House / apartment,Unemployed,180000.0,0
195119,Cash loans,1169532.0,42138.0,M,57.0,Separated,House / apartment,Businessman,315000.0,0
327357,Revolving loans,225000.0,11250.0,F,39.0,Married,House / apartment,Working,162000.0,0
361794,Cash loans,776304.0,25042.5,F,38.0,Single / not married,House / apartment,Working,157500.0,0
193659,Cash loans,450000.0,42205.5,M,23.0,Civil marriage,House / apartment,Businessman,216000.0,0
437249,Cash loans,171900.0,8491.5,F,52.0,Single / not married,House / apartment,Unemployed,90000.0,0
318417,Cash loans,640080.0,31261.5,M,30.0,Married,House / apartment,Businessman,225000.0,1
225613,Cash loans,900000.0,57649.5,F,34.0,Married,House / apartment,Working,157500.0,0
414921,Cash loans,314100.0,17037.0,M,43.0,Married,Office apartment,Businessman,405000.0,0
134561,Cash loans,331920.0,17077.5,F,36.0,Married,House / apartment,Unemployed,67500.0,1
311732,Cash loans,810378.0,26140.5,F,58.0,Married,House / apartment,Businessman,247500.0,0
424075,Cash loans,1190434.5,34938.0,F,52.0,Married,House / apartment,Unemployed,162000.0,0
161087,Cash loans,679500.0,28917.0,F,55.0,Widow,Rented apartment,Working,112500.0,1
240018,Cash loans,549882.0,14634.0,M,51.0,Married,House / apartment,Working,153000.0,0
185278,Cash loans,1125000.0,33025.5,F,40.0,Married,Office apartment,Working,189000.0,0
166159,Cash loans,176328.0,6777.0,F,49.0,Married,House / apartment,,202500.0,0
100502,Cash loans,485640.0,41674.5,F,44.0,Married,Municipal apartment,Businessman,202500.0,0
260793,Cash loans,1762110.0,46611.0,F,37.0,Married,House / apartment,Businessman,216000.0,0
345570,Cash loans,1245861.0,44878.5,M,59.0,Married,House / apartment,Working,225000.0,0
381857,Cash loans,143910.0,17077.5,M,27.0,Married,Co-op apartment,Working,157500.0,1
197244,Cash loans,900000.0,26316.0,M,37.0,Married,With parents,Working,135000.0,0
339575,Cash loans,1268109.0,123669.0,F,39.0,Civil marriage,House / apartment,Businessman,481500.0,0
245042,Cash loans,2013840.0,55507.5,M,39.0,Married,House / apartment,Businessman,315000.0,0
406781,Cash loans,1113840.0,44172.0,M,38.0,Married,House / apartment,Businessman,202500.0,0
302572,Cash loans,45000.0,4450.5,F,59.0,Married,House / apartment,Unemployed,157500.0,0
161610,Cash loans,489024.0,35716.5,M,37.0,Civil marriage,House / apartment,Working,180000.0,0
132526,Revolving loans,180000.0,9000.0,F,37.0,Married,House / apartment,Unemployed,90000.0,0
232880,Cash loans,895500.0,39573.0,F,63.0,Married,House / apartment,Unemployed,180000.0,0
352602,Cash loans,277969.5,22090.5,F,52.0,Married,House / apartment,Unemployed,54000.0,0
167086,Cash loans,1687266.0,64395.0,F,38.0,Married,House / apartment,Working,225000.0,0
241295,Cash loans,1442952.0,46548.0,F,37.0,Married,House / apartment,Businessman,225000.0,1
130926,Revolving loans,405000.0,20250.0,F,54.0,Single / not married,House / apartment,Working,135000.0,0
344134,Cash loans,1008000.0,42835.5,F,52.0,Married,House / apartment,Unemployed,90000.0,0
399831,Cash loans,225000.0,15034.5,M,55.0,Married,House / apartment,Working,157500.0,0
165006,Revolving loans,540000.0,27000.0,F,44.0,Separated,House / apartment,Working,180000.0,0
444110,Cash loans,501435.0,19030.5,F,60.0,Single / not married,House / apartment,Unemployed,140400.0,0
439810,Cash loans,509400.0,37197.0,M,25.0,Single / not married,House / apartment,Working,180000.0,0
428168,Cash loans,274500.0,20101.5,F,33.0,Single / not married,House / apartment,Businessman,243000.0,1
416357,Cash loans,544491.0,17563.5,F,39.0,Married,House / apartment,Unemployed,90000.0,0
422035,Cash loans,1293502.5,37948.5,M,41.0,Married,House / apartment,Working,157500.0,0
435949,Cash loans,225000.0,11983.5,F,48.0,Married,House / apartment,Businessman,225000.0,0
180135,Cash loans,1006920.0,51543.0,M,49.0,Married,House / apartment,Unemployed,180000.0,0
272647,Cash loans,248760.0,26248.5,F,56.0,Widow,House / apartment,Working,135000.0,0
442014,Cash loans,1546020.0,45333.0,M,32.0,Married,House / apartment,Businessman,261000.0,1
218198,Cash loans,728460.0,57685.5,F,30.0,Single / not married,With parents,Working,180000.0,0
297833,Cash loans,269550.0,13891.5,M,63.0,Married,House / apartment,Working,135000.0,0
338611,Cash loans,207306.0,8779.5,F,67.0,Married,House / apartment,Working,72000.0,1
143064,Cash loans,270000.0,13117.5,F,34.0,Married,House / apartment,Working,112500.0,0
137148,Cash loans,225000.0,24232.5,M,28.0,Married,House / apartment,Working,292500.0,0
310401,Cash loans,485901.0,29493.0,M,36.0,Married,House / apartment,Unemployed,157500.0,0
246997,Cash loans,668304.0,28444.5,M,51.0,Married,House / apartment,Businessman,270000.0,0
451896,Revolving loans,270000.0,13500.0,M,61.0,Married,House / apartment,Businessman,202500.0,0
392996,Cash loans,711747.0,56362.5,M,41.0,Married,House / apartment,Working,202500.0,1
234381,Cash loans,755190.0,33394.5,F,50.0,Separated,House / apartment,Businessman,247500.0,0
152072,Cash loans,1540588.5,45045.0,M,42.0,Married,House / apartment,Businessman,630000.0,0
266626,Cash loans,508495.5,21541.5,M,28.0,Married,With parents,Working,135000.0,0
381588,Cash loans,269550.0,11871.0,F,67.0,Single / not married,House / apartment,,67500.0,0
283658,Cash loans,765000.0,30469.5,F,38.0,Married,House / apartment,Working,157500.0,0
406340,Cash loans,545040.0,26640.0,F,36.0,Married,House / apartment,Working,112500.0,0
117153,Cash loans,675000.0,21906.0,F,37.0,Married,House / apartment,Businessman,202500.0,0
402418,Cash loans,454500.0,16825.5,M,42.0,Married,House / apartment,Working,157500.0,0
205373,Cash loans,879480.0,34209.0,F,41.0,Married,House / apartment,Unemployed,126000.0,0
159725,Cash loans,723996.0,30802.5,F,62.0,Married,House / apartment,Working,112500.0,0
206899,Revolving loans,810000.0,40500.0,M,53.0,Married,House / apartment,Businessman,810000.0,0
211828,Cash loans,269550.0,18364.5,F,39.0,Married,House / apartment,Working,112500.0,1
300893,Cash loans,355536.0,15790.5,F,28.0,Married,House / apartment,Unemployed,81000.0,0
341621,Revolving loans,270000.0,13500.0,F,37.0,Single / not married,House / apartment,Unemployed,135000.0,0
381856,Cash loans,500427.0,27274.5,F,39.0,Married,House / apartment,Working,135000.0,0
150836,Cash loans,1042560.0,34587.0,F,44.0,Widow,House / apartment,Working,202500.0,0
249296,Cash loans,539100.0,29376.0,F,34.0,Married,House / apartment,Working,135000.0,0
123217,Cash loans,263686.5,27819.0,M,34.0,Widow,House / apartment,Working,157500.0,0
414677,Cash loans,1129500.0,33025.5,M,56.0,Married,House / apartment,Businessman,202500.0,0
383079,Cash loans,521280.0,41062.5,M,31.0,Married,House / apartment,Working,112500.0,0
366184,Cash loans,1303812.0,34524.0,F,55.0,Single / not married,House / apartment,Working,135000.0,0
341754,Cash loans,90000.0,10152.0,M,33.0,Married,House / apartment,,225000.0,0
450414,Cash loans,1292773.5,46566.0,F,54.0,Married,House / apartment,Working,247500.0,0
305319,Cash loans,552555.0,16879.5,F,59.0,Married,House / apartment,Working,112500.0,0
297436,Cash loans,900000.0,29875.5,F,64.0,Married,House / apartment,Working,112500.0,0
411934,Revolving loans,720000.0,36000.0,F,36.0,Married,House / apartment,Unemployed,171000.0,0
244272,Cash loans,585000.0,24916.5,F,53.0,Separated,House / apartment,Working,112500.0,0
222075,Cash loans,704844.0,31176.0,F,62.0,Married,House / apartment,Unemployed,63000.0,0
185054,Cash loans,203760.0,13396.5,F,59.0,Married,House / apartment,Unemployed,63000.0,0
343451,Cash loans,284400.0,13963.5,F,33.0,Single / not married,House / apartment,Unemployed,54000.0,1
433864,Cash loans,1078200.0,31653.0,M,43.0,Married,House / apartment,Working,112500.0,0
379968,Cash loans,886176.0,47214.0,F,42.0,Married,With parents,Working,157500.0,0
270174,Cash loans,458235.0,23526.0,F,33.0,Married,House / apartment,Unemployed,90000.0,1
243231,Cash loans,225000.0,6187.5,F,53.0,Separated,House / apartment,Unemployed,112500.0,0
326349,Revolving loans,382500.0,19125.0,M,49.0,Married,House / apartment,Working,126000.0,0
363917,Cash loans,637695.0,23035.5,,62.0,Married,House / apartment,Working,112500.0,0
397184,Cash loans,840951.0,35761.5,F,44.0,Civil marriage,House / apartment,Businessman,315000.0,0
250100,Cash loans,675000.0,19867.5,F,,Separated,House / apartment,Working,81000.0,0
142282,Cash loans,135000.0,13482.0,F,28.0,Married,House / apartment,,135000.0,0
346777,Cash loans,508495.5,21541.5,M,55.0,Separated,House / apartment,Working,135000.0,0
332322,Cash loans,781920.0,28215.0,F,41.0,Married,House / apartment,Unemployed,135000.0,0
406544,Cash loans,900000.0,26316.0,F,55.0,Married,House / apartment,Unemployed,76500.0,0
396525,Cash loans,509400.0,40374.0,F,35.0,Civil marriage,House / apartment,Working,135000.0,0
298868,Cash loans,900000.0,36657.0,F,25.0,Civil marriage,House / apartment,Working,157500.0,0
444655,Cash loans,808650.0,31464.0,F,32.0,Married,House / apartment,Unemployed,90000.0,1
413746,Cash loans,573628.5,21388.5,F,35.0,Single / not married,House / apartment,Businessman,405000.0,0
136145,Cash loans,125136.0,8127.0,M,36.0,Married,House / apartment,Working,112500.0,0
148398,Cash loans,323460.0,26064.0,F,37.0,Married,House / apartment,Working,135000.0,1
159997,Cash loans,483480.0,13986.0,F,35.0,Civil marriage,House / apartment,Unemployed,126000.0,0
197961,Cash loans,341280.0,24961.5,M,30.0,Single / not married,House / apartment,Working,180000.0,0
205924,Revolving loans,225000.0,11250.0,F,47.0,Separated,Rented apartment,Working,117000.0,0
443614,Cash loans,1298655.0,37971.0,F,31.0,Married,House / apartment,Working,180000.0,0
112058,Revolving loans,270000.0,13500.0,F,25.0,Civil marriage,House / apartment,Working,112500.0,0
177360,Cash loans,454500.0,19386.0,F,45.0,Married,House / apartment,Businessman,202500.0,0
310689,Cash loans,91008.0,4423.5,F,36.0,Married,House / apartment,,99000.0,1
366470,Cash loans,1984500.0,52479.0,F,26.0,Single / not married,House / apartment,Unemployed,270000.0,0
148284,Cash loans,592560.0,28638.0,M,44.0,Married,House / apartment,Unemployed,157500.0,1
185056,Cash loans,375322.5,26820.0,F,45.0,Married,House / apartment,Working,135000.0,0
168664,Cash loans,781920.0,23836.5,F,65.0,Married,House / apartment,Working,157500.0,0
249001,Cash loans,675000.0,21775.5,F,45.0,Married,House / apartment,Working,148500.0,1
339212,Revolving loans,180000.0,9000.0,F,26.0,Married,House / apartment,Unemployed,67500.0,0
436245,Cash loans,592560.0,35937.0,M,47.0,Married,House / apartment,Working,180000.0,1
255185,Cash loans,337500.0,26793.0,F,25.0,Married,House / apartment,Working,157500.0,0
118719,Revolving loans,270000.0,13500.0,,,Married,House / apartment,Unemployed,103500.0,0
128211,Cash loans,305640.0,32224.5,M,42.0,Married,House / apartment,Working,135000.0,0
255673,Cash loans,148365.0,13738.5,F,33.0,Married,House / apartment,Unemployed,103500.0,0
369627,Cash loans,1125000.0,44748.0,F,37.0,Civil marriage,House / apartment,Working,157500.0,0
363806,Revolving loans,270000.0,13500.0,M,54.0,Single / not married,House / apartment,Unemployed,108000.0,0
432372,Cash loans,555273.0,16362.0,F,60.0,Married,House / apartment,Working,99000.0,0
142860,Cash loans,814041.0,23931.0,M,45.0,Married,House / apartment,Working,382500.0,0
195042,Cash loans,503676.0,27454.5,F,42.0,Married,House / apartment,Working,135000.0,0
266672,Cash loans,545040.0,30564.0,F,49.0,Separated,Office apartment,Working,157500.0,0
210922,Revolving loans,765000.0,38250.0,F,37.0,Married,House / apartment,Businessman,337500.0,0
101755,Cash loans,225000.0,21919.5,F,49.0,Single / not married,House / apartment,Working,112500.0,0
212899,Cash loans,948730.5,50674.5,M,42.0,Married,House / apartment,Businessman,315000.0,0
288735,Cash loans,315000.0,16083.0,F,24.0,Single / not married,House / apartment,Working,135000.0,0
224085,Revolving loans,720000.0,36000.0,F,49.0,Married,House / apartment,Working,360000.0,0
290705,Cash loans,495985.5,23121.0,F,38.0,Married,House / apartment,Working,157500.0,0
369225,Cash loans,752742.0,40234.5,F,45.0,Married,House / apartment,Businessman,202500.0,0
233753,Cash loans,352044.0,16542.0,F,30.0,Married,Rented apartment,Unemployed,67500.0,0
402756,Cash loans,314100.0,16164.0,F,54.0,Married,House / apartment,Businessman,202500.0,0
354538,Revolving loans,675000.0,33750.0,F,46.0,Single / not married,House / apartment,,225000.0,0
254707,Cash loans,900000.0,31887.0,M,43.0,Married,House / apartment,,157500.0,0
415481,Cash loans,675000.0,34465.5,M,61.0,Married,House / apartment,Working,112500.0,0
176308,Cash loans,370629.0,12172.5,M,27.0,Single / not married,House / apartment,Unemployed,90000.0,0
151491,Cash loans,495000.0,19242.0,,63.0,Single / not married,House / apartment,Working,166500.0,0
274085,Cash loans,2695500.0,71235.0,M,36.0,Married,House / apartment,Businessman,405000.0,0
431198,Cash loans,540000.0,21415.5,F,50.0,Civil marriage,House / apartment,Working,180000.0,0
341068,Cash loans,584766.0,24903.0,M,53.0,Married,House / apartment,Businessman,270000.0,0
367493,Cash loans,1094688.0,39451.5,F,60.0,Married,House / apartment,Businessman,211500.0,1
276368,Cash loans,709866.0,23026.5,F,32.0,Married,With parents,Working,135000.0,0
384584,Cash loans,1288350.0,37669.5,F,28.0,Single / not married,House / apartment,Working,184500.0,0
283012,Cash loans,1125000.0,36292.5,F,52.0,Married,House / apartment,Working,126000.0,0
127791,Cash loans,1040463.0,30420.0,F,,Married,With parents,,112500.0,0
138069,Revolving loans,225000.0,11250.0,F,65.0,Single / not married,House / apartment,Unemployed,72000.0,0
302632,Cash loans,288873.0,11020.5,F,40.0,Single / not married,With parents,Working,67500.0,0
295007,Revolving loans,405000.0,20250.0,F,50.0,Married,House / apartment,Working,135000.0,0
293460,Cash loans,427500.0,33903.0,F,24.0,Single / not married,With parents,Unemployed,90000.0,0
346457,Cash loans,582804.0,25803.0,F,59.0,Married,House / apartment,Working,157500.0,0
133178,Cash loans,512064.0,23998.5,F,50.0,Widow,House / apartment,Working,157500.0,0
327329,Cash loans,1138900.5,33300.0,M,40.0,Married,House / apartment,,180000.0,0
438414,Cash loans,969579.0,32175.0,F,61.0,Single / not married,House / apartment,Businessman,225000.0,0
376194,Cash loans,441481.5,16771.5,,60.0,Civil marriage,House / apartment,Unemployed,112500.0,0
302496,Cash loans,1247121.0,40360.5,F,49.0,Civil marriage,House / apartment,Businessman,450000.0,0
281311,Cash loans,180000.0,11011.5,F,44.0,Married,House / apartment,Unemployed,126000.0,0
256977,Cash loans,90000.0,8253.0,M,31.0,Single / not married,Municipal apartment,Working,112500.0,1
262103,Cash loans,113760.0,7533.0,M,33.0,Married,House / apartment,Working,225000.0,0
225988,Revolving loans,382500.0,19125.0,F,54.0,Married,House / apartment,Working,127125.0,0
253029,Cash loans,1035072.0,30393.0,F,56.0,Married,House / apartment,Working,225000.0,0
406656,Cash loans,1759180.5,61276.5,F,38.0,Married,With parents,Businessman,211500.0,0
405017,Cash loans,343800.0,16155.0,,35.0,Married,House / apartment,Working,135000.0,1
205093,Cash loans,255829.5,25051.5,F,62.0,Married,House / apartment,Working,157500.0,0
406343,Revolving loans,405000.0,20250.0,F,61.0,Married,House / apartment,Unemployed,135000.0,0
160065,Cash loans,490495.5,30136.5,M,33.0,Married,House / apartment,Businessman,270000.0,0
144453,Cash loans,1350000.0,51421.5,M,55.0,Married,House / apartment,Businessman,202500.0,0
146917,Revolving loans,540000.0,27000.0,F,59.0,Widow,House / apartment,Working,180000.0,0
221641,Cash loans,986782.5,44721.0,M,42.0,Single / not married,House / apartment,,540000.0,0
204599,Cash loans,254700.0,24192.0,M,47.0,Married,House / apartment,Working,180000.0,0
348560,Revolving loans,405000.0,20250.0,F,39.0,Married,House / apartment,Unemployed,135000.0,0
240398,Revolving loans,180000.0,9000.0,M,23.0,Single / not married,With parents,Working,112500.0,0
348579,Cash loans,1236816.0,35446.5,M,35.0,Married,House / apartment,Working,450000.0,0
190685,Cash loans,95940.0,10980.0,F,37.0,Separated,Municipal apartment,Working,207000.0,0
209110,Cash loans,894766.5,29700.0,F,28.0,Single / not married,Rented apartment,Working,144000.0,0
199121,Cash loans,314100.0,12091.5,M,57.0,Married,House / apartment,,135000.0,0
226239,Cash loans,711612.0,27702.0,M,31.0,Married,House / apartment,Working,405000.0,0
290000,Cash loans,1178703.0,80388.0,F,61.0,Married,House / apartment,Businessman,202500.0,0
414466,Cash loans,835380.0,40320.0,F,55.0,Married,House / apartment,Businessman,202500.0,0
148369,Cash loans,203760.0,22072.5,F,32.0,Married,House / apartment,Unemployed,67500.0,0
367314,Cash loans,343800.0,16155.0,F,47.0,Married,House / apartment,Unemployed,67500.0,0
153436,Cash loans,728460.0,44694.0,F,37.0,Civil marriage,House / apartment,Working,225000.0,0
311644,Cash loans,1575000.0,41548.5,F,43.0,Married,House / apartment,Working,153000.0,0
419973,Cash loans,521280.0,28408.5,M,38.0,Married,House / apartment,Working,189000.0,0
198198,Revolving loans,180000.0,9000.0,F,22.0,Separated,House / apartment,Unemployed,90000.0,0
258729,Cash loans,675000.0,21775.5,M,41.0,Married,House / apartment,Working,112500.0,0
181058,Revolving loans,585000.0,29250.0,F,57.0,Married,House / apartment,,202500.0,0
257610,Cash loans,208512.0,24745.5,M,30.0,Married,House / apartment,Businessman,225000.0,0
326234,Revolving loans,270000.0,13500.0,F,54.0,Widow,House / apartment,Working,121500.0,0
451966,Cash loans,497520.0,32391.0,M,28.0,Single / not married,House / apartment,Working,157500.0,0
137090,Cash loans,282690.0,13729.5,F,47.0,Married,House / apartment,Working,270000.0,0
331503,Cash loans,1762110.0,46480.5,F,54.0,Single / not married,House / apartment,,405000.0,0
379974,Cash loans,454500.0,21865.5,F,28.0,Married,House / apartment,Unemployed,67500.0,0
224551,Cash loans,781920.0,25969.5,F,53.0,Separated,House / apartment,Working,135000.0,0
145646,Cash loans,254700.0,14751.0,M,66.0,Married,House / apartment,Working,180000.0,0
188610,Cash loans,450000.0,29097.0,F,54.0,Separated,House / apartment,Working,112500.0,0
303593,Cash loans,148140.0,7690.5,F,38.0,Single / not married,House / apartment,Unemployed,157500.0,0
121344,Cash loans,337500.0,18846.0,F,62.0,Civil marriage,House / apartment,Unemployed,54000.0,0
200439,Cash loans,254700.0,14751.0,F,66.0,Widow,House / apartment,Working,157500.0,1
199601,Cash loans,90000.0,3811.5,M,62.0,Civil marriage,House / apartment,Unemployed,67500.0,0
174942,Cash loans,605439.0,26797.5,M,45.0,Married,House / apartment,Businessman,247500.0,0
396131,Revolving loans,180000.0,9000.0,M,22.0,Single / not married,Municipal apartment,Working,157500.0,1
158095,Cash loans,1258650.0,53455.5,F,55.0,Married,House / apartment,Working,175500.0,0
341157,Cash loans,526491.0,16092.0,M,63.0,Married,House / apartment,Unemployed,90000.0,0
186180,Cash loans,450000.0,24543.0,F,36.0,Married,House / apartment,Unemployed,94500.0,0
130573,Cash loans,495000.0,33210.0,M,54.0,Married,House / apartment,Unemployed,67500.0,0
428277,Cash loans,615109.5,22221.0,F,55.0,Married,House / apartment,Working,202500.0,0
234292,Cash loans,450000.0,35554.5,F,29.0,Married,House / apartment,Working,112500.0,1
398438,Cash loans,755190.0,56592.0,M,40.0,Married,Municipal apartment,Businessman,297000.0,0
308983,Cash loans,178290.0,17761.5,F,43.0,Married,House / apartment,Unemployed,99000.0,0
368157,Cash loans,450000.0,13774.5,M,39.0,Married,House / apartment,Businessman,270000.0,0
199189,Cash loans,359725.5,20781.0,F,61.0,Single / not married,House / apartment,Working,157500.0,0
353541,Cash loans,163201.5,11488.5,F,39.0,Married,House / apartment,,81000.0,0
337637,Cash loans,666000.0,30991.5,F,55.0,Married,House / apartment,Working,90000.0,0
204074,Cash loans,238500.0,23233.5,F,43.0,Married,House / apartment,Working,180000.0,0
434403,Cash loans,1321902.0,38781.0,M,62.0,Married,House / apartment,Working,112500.0,0
125920,Cash loans,612612.0,26086.5,M,45.0,Married,House / apartment,,135000.0,0
219652,Cash loans,814041.0,23931.0,M,53.0,Married,House / apartment,Businessman,450000.0,0
208242,Cash loans,1128415.5,47938.5,M,64.0,Married,House / apartment,Businessman,202500.0,1
154593,Cash loans,314100.0,13963.5,F,38.0,Married,House / apartment,,112500.0,0
338098,Revolving loans,135000.0,6750.0,F,39.0,Single / not married,House / apartment,Businessman,315000.0,0
262766,Revolving loans,225000.0,11250.0,F,40.0,Married,House / apartment,Working,112500.0,0
215025,Cash loans,857169.0,27778.5,M,44.0,Married,Office apartment,Unemployed,157500.0,0
210351,Cash loans,824823.0,22810.5,F,31.0,Married,House / apartment,Working,112500.0,0
373798,Revolving loans,270000.0,13500.0,F,35.0,Married,House / apartment,Working,180000.0,0
427550,Cash loans,278505.0,20394.0,F,56.0,Married,Municipal apartment,Working,157500.0,0
152433,Cash loans,263686.5,28107.0,M,30.0,Married,House / apartment,Businessman,225000.0,0
358235,Revolving loans,495000.0,24750.0,M,38.0,Civil marriage,House / apartment,Businessman,225000.0,0
221349,Cash loans,582228.0,18778.5,F,59.0,Married,House / apartment,Unemployed,225000.0,0
232165,Cash loans,886401.0,45387.0,,46.0,Married,House / apartment,Working,247500.0,0
311103,Revolving loans,270000.0,13500.0,M,36.0,Single / not married,House / apartment,Unemployed,117000.0,0
206002,Cash loans,149625.0,4243.5,F,58.0,Separated,House / apartment,Unemployed,45000.0,0
263261,Cash loans,755190.0,38686.5,F,45.0,Married,House / apartment,Working,120150.0,0
114000,Cash loans,848308.5,63427.5,M,30.0,Married,House / apartment,Businessman,1125000.0,0
440932,Cash loans,508495.5,22396.5,F,58.0,Widow,House / apartment,Businessman,202500.0,0
171366,Cash loans,781920.0,28084.5,F,46.0,Married,House / apartment,Businessman,225000.0,0
369796,Cash loans,1006920.0,39933.0,M,23.0,Single / not married,House / apartment,Working,144000.0,0
151981,Revolving loans,337500.0,16875.0,F,57.0,Married,House / apartment,Unemployed,76500.0,0
201890,Cash loans,1515415.5,41670.0,F,55.0,Married,House / apartment,Working,139500.0,0
452174,Cash loans,513040.5,50107.5,M,54.0,Married,House / apartment,Businessman,225000.0,0
170868,Cash loans,553806.0,26640.0,M,47.0,Married,House / apartment,Businessman,450000.0,0
285924,Cash loans,284400.0,10719.0,F,56.0,Separated,House / apartment,Working,112500.0,0
104191,Cash loans,573408.0,27715.5,F,25.0,Married,With parents,Businessman,247500.0,0
359782,Cash loans,1024740.0,55719.0,F,37.0,Married,House / apartment,Businessman,202500.0,0
359718,Cash loans,291384.0,20407.5,F,51.0,Married,House / apartment,Unemployed,67500.0,0
321584,Cash loans,971280.0,56920.5,M,40.0,Single / not married,House / apartment,Businessman,225000.0,0
453242,Cash loans,835605.0,24561.0,M,53.0,Married,House / apartment,Working,117000.0,0
227110,Cash loans,450000.0,22018.5,F,29.0,Married,With parents,Working,90000.0,0
360509,Revolving loans,180000.0,9000.0,F,38.0,Married,House / apartment,Working,63000.0,0
279315,Cash loans,288873.0,19435.5,M,28.0,Civil marriage,House / apartment,Unemployed,180000.0,0
164645,Cash loans,229500.0,18130.5,M,41.0,Married,House / apartment,Working,135000.0,0
382831,Cash loans,197820.0,14197.5,F,54.0,Married,House / apartment,Unemployed,45000.0,0
358350,Cash loans,625356.0,20304.0,F,41.0,Married,House / apartment,Working,90000.0,0
158957,Cash loans,900000.0,23742.0,F,37.0,Married,House / apartment,Unemployed,112500.0,0
286620,Revolving loans,382500.0,19125.0,M,33.0,Married,House / apartment,Working,166500.0,0
131035,Cash loans,1227901.5,50139.0,F,58.0,Married,House / apartment,Working,180000.0,0
215824,Cash loans,675000.0,18562.5,F,25.0,Married,House / apartment,Unemployed,73759.5,0
295898,Cash loans,152820.0,15016.5,F,46.0,Civil marriage,House / apartment,Working,121500.0,0
124185,Cash loans,132444.0,14184.0,M,23.0,Single / not married,House / apartment,Unemployed,90000.0,0
350089,Cash loans,225000.0,11619.0,F,53.0,Married,House / apartment,Unemployed,90000.0,0
329044,Cash loans,450000.0,25834.5,F,46.0,Civil marriage,House / apartment,Unemployed,202500.0,0
167134,Cash loans,247275.0,19822.5,F,37.0,Separated,House / apartment,Working,157500.0,0
380504,Cash loans,231813.0,18715.5,F,28.0,Married,House / apartment,Unemployed,63000.0,1
137076,Cash loans,47970.0,4873.5,F,45.0,Married,House / apartment,Unemployed,67500.0,0
416836,Cash loans,163201.5,10917.0,F,68.0,Married,House / apartment,Working,135000.0,0
325823,Cash loans,990000.0,29074.5,M,52.0,Married,House / apartment,Working,180000.0,0
166600,Cash loans,622120.5,45400.5,F,24.0,Civil marriage,House / apartment,Working,283500.0,0
455941,Cash loans,1007761.5,42826.5,M,52.0,Married,House / apartment,Businessman,315000.0,0
371545,Cash loans,675000.0,34596.0,F,42.0,Civil marriage,House / apartment,Working,112500.0,0
334709,Cash loans,463626.0,22432.5,F,64.0,Married,House / apartment,Working,121500.0,0
167880,Cash loans,315000.0,14004.0,F,58.0,Married,House / apartment,Working,112500.0,0
170384,Revolving loans,180000.0,9000.0,M,32.0,Married,House / apartment,Working,180000.0,0
449026,Cash loans,64692.0,4630.5,F,56.0,Civil marriage,House / apartment,Working,58500.0,0
212008,Cash loans,813195.0,43456.5,F,53.0,Married,House / apartment,Working,135000.0,0
163967,Cash loans,117000.0,6246.0,F,66.0,Married,House / apartment,Unemployed,43884.0,0
244195,Cash loans,229230.0,12928.5,M,65.0,Married,House / apartment,Working,76500.0,0
310006,Revolving loans,202500.0,10125.0,F,23.0,Single / not married,House / apartment,Unemployed,90000.0,0
100490,Cash loans,755190.0,38686.5,M,27.0,Separated,House / apartment,Unemployed,135000.0,1
359873,Cash loans,198000.0,10057.5,F,61.0,Single / not married,House / apartment,Working,81000.0,0
364226,Cash loans,742500.0,34537.5,M,58.0,Married,House / apartment,Unemployed,90000.0,0
313368,Cash loans,640080.0,29970.0,F,32.0,Civil marriage,House / apartment,Businessman,202500.0,0
152289,Cash loans,810000.0,39096.0,M,44.0,Married,House / apartment,Businessman,247500.0,0
385205,Cash loans,585000.0,35788.5,F,40.0,Married,House / apartment,Businessman,225000.0,0
363735,Cash loans,481495.5,36000.0,F,38.0,Married,House / apartment,Businessman,225000.0,0
249857,Cash loans,315666.0,23728.5,F,58.0,Married,House / apartment,Unemployed,157500.0,0
215943,Cash loans,204768.0,11560.5,F,60.0,Separated,House / apartment,Unemployed,76500.0,0
219809,Cash loans,521280.0,31630.5,F,25.0,Civil marriage,House / apartment,Working,157500.0,0
227468,Cash loans,225000.0,17775.0,M,33.0,Married,House / apartment,Working,157500.0,0
131521,Cash loans,781920.0,34573.5,F,59.0,Married,House / apartment,Working,135000.0,0
424740,Cash loans,760225.5,32206.5,F,,Married,House / apartment,Unemployed,103500.0,0
252719,Cash loans,288873.0,16258.5,F,59.0,Married,House / apartment,Unemployed,36000.0,0
251387,Cash loans,314100.0,13306.5,F,62.0,Married,House / apartment,Unemployed,112500.0,0
399391,Cash loans,834048.0,27693.0,F,28.0,Separated,House / apartment,Working,180000.0,0
327104,Cash loans,254700.0,24939.0,F,47.0,Single / not married,House / apartment,Working,157500.0,0
348082,Cash loans,604152.0,40536.0,F,,Married,House / apartment,Unemployed,135000.0,0
125021,Cash loans,663093.0,25821.0,M,47.0,Married,House / apartment,Working,382500.0,1
192228,Cash loans,364500.0,24489.0,F,43.0,Married,House / apartment,Working,180000.0,0
220065,Cash loans,428854.5,20119.5,M,45.0,Married,House / apartment,Businessman,225000.0,1
320237,Cash loans,312768.0,13905.0,M,60.0,Married,House / apartment,Unemployed,90000.0,0
405743,Cash loans,1056447.0,31018.5,F,48.0,Civil marriage,Municipal apartment,Working,180000.0,0
434832,Cash loans,499221.0,25618.5,F,41.0,Single / not married,House / apartment,Businessman,247500.0,0
174704,Cash loans,219042.0,14391.0,M,44.0,Single / not married,With parents,Unemployed,135000.0,1
202433,Revolving loans,135000.0,6750.0,F,23.0,Married,With parents,Unemployed,45000.0,0
111164,Cash loans,448056.0,21789.0,F,32.0,Married,House / apartment,Unemployed,135000.0,0
290669,Cash loans,170640.0,11533.5,F,35.0,Civil marriage,House / apartment,Businessman,225000.0,0
392352,Cash loans,1570797.0,43326.0,F,54.0,Married,House / apartment,Businessman,310500.0,0
286796,Cash loans,526500.0,30352.5,F,57.0,Married,House / apartment,Unemployed,90000.0,0
227250,Cash loans,1575000.0,54877.5,M,43.0,Married,House / apartment,Unemployed,180000.0,0
147451,Cash loans,385164.0,20295.0,M,40.0,Single / not married,House / apartment,Working,157500.0,0
244139,Cash loans,1886850.0,52015.5,F,30.0,Married,House / apartment,Businessman,225000.0,0
395761,Cash loans,1113133.5,32674.5,F,53.0,Married,House / apartment,Working,135000.0,0
441495,Revolving loans,405000.0,20250.0,F,59.0,Married,House / apartment,Working,135000.0,0
405663,Cash loans,1006920.0,40063.5,F,34.0,Married,House / apartment,Working,225000.0,0
143158,Cash loans,288873.0,16713.0,F,39.0,Married,House / apartment,Unemployed,108000.0,0
126908,Cash loans,1078200.0,31653.0,F,45.0,Married,House / apartment,Unemployed,103500.0,0
313940,Revolving loans,405000.0,20250.0,F,48.0,Separated,House / apartment,,135000.0,0
173280,Cash loans,675000.0,22306.5,F,58.0,Married,House / apartment,,81000.0,0
165905,Cash loans,436032.0,21339.0,M,43.0,Married,Municipal apartment,Unemployed,121500.0,1
362240,Cash loans,225000.0,9909.0,,65.0,Widow,House / apartment,Unemployed,99000.0,0
197076,Cash loans,454500.0,21865.5,F,27.0,Married,House / apartment,Businessman,207000.0,1
289578,Cash loans,333000.0,17131.5,F,65.0,Married,House / apartment,Working,157500.0,0
379970,Cash loans,254700.0,14350.5,F,66.0,Married,House / apartment,Working,64800.0,0
202053,Cash loans,562491.0,26194.5,F,37.0,Civil marriage,House / apartment,Working,180000.0,0
393022,Cash loans,1256400.0,36864.0,M,39.0,Separated,House / apartment,Working,202500.0,0
199986,Cash loans,343800.0,16852.5,F,37.0,Married,House / apartment,Businessman,202500.0,1
176703,Revolving loans,270000.0,13500.0,F,28.0,Married,House / apartment,Businessman,225000.0,0
154055,Cash loans,199008.0,20520.0,F,68.0,Separated,House / apartment,Working,112500.0,0
299084,Cash loans,391500.0,25150.5,M,65.0,Widow,House / apartment,Working,112500.0,0
272088,Cash loans,521280.0,31630.5,M,57.0,Married,House / apartment,Unemployed,180000.0,0
124150,Revolving loans,450000.0,22500.0,F,47.0,Married,House / apartment,Working,157500.0,0
405266,Cash loans,900000.0,29034.0,F,36.0,Married,House / apartment,Working,157500.0,0
105278,Cash loans,1042560.0,37575.0,,45.0,Married,Municipal apartment,Unemployed,112500.0,0
104827,Cash loans,406597.5,20889.0,F,34.0,Married,House / apartment,Unemployed,90000.0,1
219288,Cash loans,599472.0,24196.5,F,42.0,Married,Municipal apartment,Working,135000.0,0
331580,Cash loans,1350000.0,39604.5,M,40.0,Married,With parents,Working,180000.0,0
270813,Cash loans,107820.0,7798.5,F,51.0,Married,House / apartment,Unemployed,67500.0,0
334386,Cash loans,1066500.0,45315.0,F,47.0,Widow,Municipal apartment,Working,157500.0,0
362823,Cash loans,1007761.5,42826.5,F,60.0,Married,House / apartment,Unemployed,90000.0,0
455592,Cash loans,405000.0,17968.5,F,61.0,Married,House / apartment,Working,135000.0,0
387460,Cash loans,412942.5,43947.0,F,32.0,Single / not married,With parents,Businessman,202500.0,0
337877,Cash loans,900000.0,35824.5,M,61.0,Married,House / apartment,Working,112500.0,1
296073,Cash loans,508495.5,24592.5,F,42.0,Married,House / apartment,Businessman,225000.0,1
115505,Cash loans,810000.0,32121.0,F,53.0,Civil marriage,House / apartment,Working,135000.0,0
167536,Cash loans,1762110.0,48456.0,M,54.0,Married,House / apartment,Working,202500.0,0
369402,Cash loans,135000.0,9148.5,F,33.0,Married,House / apartment,Working,180000.0,1
307115,Cash loans,1256400.0,36864.0,F,42.0,Single / not married,House / apartment,Businessman,270000.0,0
362062,Cash loans,291915.0,20889.0,F,37.0,Married,House / apartment,Businessman,315000.0,1
390262,Cash loans,156384.0,18558.0,F,28.0,Married,House / apartment,Working,135000.0,0
205507,Cash loans,538704.0,29353.5,F,47.0,Married,House / apartment,Working,180000.0,0
455924,Cash loans,1827549.0,50386.5,F,51.0,Married,House / apartment,Businessman,225000.0,0
336129,Cash loans,99504.0,11938.5,F,34.0,Married,With parents,Working,99000.0,0
350594,Cash loans,550980.0,36949.5,F,28.0,Single / not married,House / apartment,Businessman,202500.0,0
114765,Cash loans,98910.0,7785.0,F,40.0,Married,House / apartment,Working,81000.0,0
305694,Cash loans,,16587.0,F,25.0,Married,House / apartment,Unemployed,121500.0,0
175306,Cash loans,1125000.0,62950.5,,40.0,Married,House / apartment,Businessman,360000.0,0
100940,Cash loans,101880.0,10566.0,F,53.0,Married,House / apartment,Unemployed,54000.0,0
349714,Cash loans,848745.0,37516.5,M,63.0,Married,House / apartment,Businessman,216000.0,0
151510,Cash loans,152820.0,14886.0,M,65.0,Married,House / apartment,Unemployed,90000.0,0
155764,Cash loans,269550.0,14242.5,F,26.0,Separated,House / apartment,Working,112500.0,1
275919,Revolving loans,202500.0,10125.0,M,46.0,Separated,House / apartment,Working,216000.0,0
116192,Cash loans,765000.0,22365.0,F,37.0,Married,House / apartment,Working,144000.0,0
110683,Cash loans,521280.0,31500.0,M,28.0,Married,House / apartment,Working,112500.0,1
130816,Cash loans,180000.0,19030.5,F,38.0,Married,House / apartment,Unemployed,78750.0,0
322920,Cash loans,411813.0,19210.5,F,26.0,Single / not married,House / apartment,Businessman,216000.0,0
276851,Cash loans,835380.0,40320.0,M,29.0,Married,House / apartment,Working,337500.0,0
170833,Cash loans,254700.0,15709.5,F,65.0,Married,House / apartment,Working,189000.0,0
310590,Cash loans,1350000.0,43681.5,F,37.0,Married,House / apartment,Working,135000.0,0
203748,Cash loans,450000.0,43839.0,F,51.0,Married,House / apartment,Businessman,220500.0,0
295202,Cash loans,675000.0,21775.5,F,36.0,Married,House / apartment,Working,99000.0,1
399251,Cash loans,360000.0,18508.5,M,30.0,Married,With parents,Working,90000.0,0
425147,Cash loans,667237.5,24097.5,F,57.0,Single / not married,House / apartment,Unemployed,67500.0,0
427494,Cash loans,1047195.0,44496.0,M,59.0,Married,House / apartment,Working,166500.0,0
429053,Cash loans,1574532.0,58482.0,M,41.0,Married,Municipal apartment,Businessman,270000.0,0
158945,Cash loans,539100.0,26064.0,M,36.0,Married,House / apartment,Working,180000.0,0
272649,Cash loans,562491.0,27189.0,F,52.0,Single / not married,House / apartment,Working,127800.0,0
414223,Cash loans,1006920.0,51543.0,F,27.0,Married,House / apartment,Unemployed,135000.0,0
251014,Cash loans,167121.0,13063.5,M,54.0,Civil marriage,House / apartment,Working,112500.0,0
222017,Cash loans,251091.0,23364.0,F,69.0,Widow,House / apartment,Unemployed,94500.0,0
129738,Cash loans,302206.5,15822.0,F,48.0,Civil marriage,House / apartment,Unemployed,180000.0,0
131017,Cash loans,180000.0,11718.0,F,25.0,Single / not married,With parents,Working,112500.0,0
254489,Cash loans,173196.0,18504.0,F,62.0,Widow,House / apartment,Working,157500.0,0
132549,Cash loans,543735.0,27891.0,F,36.0,Civil marriage,House / apartment,Unemployed,135000.0,0
400062,Cash loans,450000.0,17140.5,M,32.0,Married,House / apartment,,225000.0,0
284851,Cash loans,720000.0,34767.0,M,34.0,Married,With parents,Working,180000.0,0
172463,Cash loans,450000.0,30573.0,M,37.0,Married,House / apartment,Working,112500.0,0
377884,Cash loans,279000.0,10647.0,F,43.0,Single / not married,House / apartment,Unemployed,112500.0,0
160110,Cash loans,225000.0,10620.0,M,44.0,Married,House / apartment,Working,112500.0,1
371739,Cash loans,509400.0,40374.0,M,29.0,Married,House / apartment,Businessman,270000.0,0
238765,Cash loans,450000.0,27324.0,F,29.0,Married,House / apartment,Businessman,202500.0,0
162658,Revolving loans,225000.0,11250.0,F,51.0,Married,House / apartment,Working,180000.0,0
422885,Cash loans,298512.0,29655.0,M,47.0,Married,House / apartment,Businessman,351000.0,0
124807,Cash loans,1113840.0,47322.0,F,61.0,Married,Office apartment,Working,193500.0,0
164567,Cash loans,254700.0,14350.5,F,66.0,Civil marriage,House / apartment,Businessman,225000.0,0
454035,Cash loans,526491.0,28048.5,F,52.0,Widow,House / apartment,Working,112500.0,0
375463,Cash loans,807984.0,43177.5,F,65.0,Single / not married,House / apartment,Businessman,270000.0,0
390017,Cash loans,101880.0,6808.5,M,30.0,Married,Municipal apartment,Working,135000.0,0
229238,Cash loans,101880.0,10053.0,F,56.0,Single / not married,House / apartment,Working,135000.0,0
207581,Cash loans,225000.0,22383.0,F,47.0,Married,House / apartment,Unemployed,90000.0,0
163554,Cash loans,640080.0,31261.5,M,36.0,Single / not married,House / apartment,Unemployed,90000.0,0
391563,Cash loans,675000.0,19867.5,F,59.0,Married,House / apartment,Unemployed,81000.0,0
358228,Revolving loans,765000.0,38250.0,M,32.0,Single / not married,House / apartment,Businessman,261000.0,0
348495,Cash loans,1530000.0,42075.0,M,37.0,Married,House / apartment,Businessman,360000.0,0
397201,Revolving loans,720000.0,36000.0,F,57.0,Single / not married,House / apartment,Businessman,261000.0,0
192846,Cash loans,225000.0,20637.0,M,29.0,Married,House / apartment,Unemployed,126000.0,0
327125,Cash loans,545040.0,26640.0,F,32.0,Married,House / apartment,Businessman,202500.0,0
345712,Cash loans,1256400.0,40657.5,M,37.0,Married,House / apartment,Working,157500.0,0
191149,Cash loans,675000.0,34465.5,F,41.0,Married,House / apartment,Working,126000.0,0
354787,Cash loans,,10683.0,M,39.0,Married,House / apartment,Working,193500.0,0
188794,Cash loans,83538.0,6376.5,F,63.0,Married,House / apartment,Unemployed,49500.0,0
453922,Cash loans,592560.0,28638.0,F,45.0,Civil marriage,House / apartment,Working,202500.0,0
203389,Cash loans,126000.0,13230.0,M,22.0,Single / not married,House / apartment,Unemployed,81000.0,0
148794,Cash loans,545040.0,26509.5,,26.0,Married,House / apartment,,135000.0,0
281189,Cash loans,152820.0,18265.5,M,50.0,Married,House / apartment,Unemployed,99000.0,0
453158,Cash loans,521280.0,25209.0,F,62.0,Married,House / apartment,Working,180000.0,0
268564,Revolving loans,405000.0,20250.0,M,49.0,Civil marriage,House / apartment,Working,135000.0,0
233886,Cash loans,1808842.5,63004.5,M,47.0,Married,House / apartment,Businessman,360000.0,0
150326,Cash loans,545040.0,20677.5,M,49.0,Single / not married,House / apartment,Businessman,292500.0,0
160901,Cash loans,720000.0,30636.0,M,65.0,Single / not married,House / apartment,Businessman,247500.0,0
175065,Cash loans,398016.0,21136.5,F,39.0,Married,House / apartment,Working,135000.0,0
243876,Cash loans,254700.0,25834.5,F,28.0,Married,House / apartment,Working,157500.0,0
197606,Cash loans,398016.0,22351.5,F,59.0,Separated,House / apartment,,144000.0,0
249454,Cash loans,631332.0,33763.5,M,55.0,Married,House / apartment,Working,315000.0,0
293962,Cash loans,269550.0,21739.5,F,42.0,Married,House / apartment,Unemployed,112500.0,0
445064,Cash loans,45000.0,4725.0,F,33.0,Single / not married,House / apartment,Unemployed,67500.0,0
424417,Cash loans,450000.0,30573.0,F,27.0,Married,House / apartment,Unemployed,67500.0,0
153044,Cash loans,282690.0,15462.0,F,35.0,Married,Municipal apartment,Unemployed,90000.0,0
440243,Cash loans,497520.0,25758.0,F,29.0,Married,House / apartment,Working,180000.0,0
397873,Revolving loans,270000.0,13500.0,M,53.0,Married,House / apartment,Working,202500.0,0
352512,Cash loans,135000.0,10665.0,M,31.0,Married,Municipal apartment,Businessman,315000.0,0
395876,Cash loans,850500.0,55120.5,F,49.0,Married,House / apartment,Businessman,270000.0,0
396587,Cash loans,1555690.5,42912.0,F,43.0,Married,House / apartment,Working,225000.0,0
184501,Cash loans,450000.0,32746.5,F,34.0,Married,House / apartment,Working,112500.0,0
166023,Cash loans,776304.0,25173.0,F,36.0,Civil marriage,House / apartment,Working,112500.0,0
372550,Cash loans,490482.0,48510.0,F,40.0,Married,House / apartment,Working,450000.0,0
445606,Cash loans,973710.0,26905.5,M,36.0,Married,House / apartment,Businessman,270000.0,1
243989,Cash loans,450000.0,20979.0,M,32.0,Single / not married,House / apartment,Unemployed,135000.0,0
412996,Cash loans,253737.0,15520.5,F,41.0,Married,House / apartment,Working,112500.0,0
154053,Cash loans,406597.5,22185.0,M,24.0,Single / not married,House / apartment,Working,112500.0,0
116686,Cash loans,193572.0,18985.5,F,68.0,Separated,House / apartment,Unemployed,90000.0,0
319527,Cash loans,418500.0,22833.0,M,27.0,Married,House / apartment,Working,157500.0,0
202155,Cash loans,419679.0,23562.0,F,57.0,Widow,House / apartment,Working,157500.0,0
256553,Cash loans,675000.0,32602.5,F,58.0,Widow,House / apartment,Working,157500.0,0
228440,Cash loans,891000.0,26181.0,M,53.0,Married,House / apartment,Unemployed,90000.0,0
300895,Cash loans,225000.0,12334.5,F,40.0,Widow,House / apartment,Businessman,225000.0,1
154726,Cash loans,344043.0,27180.0,M,23.0,Single / not married,Municipal apartment,Working,135000.0,0
305493,Cash loans,614475.0,18760.5,F,,Married,House / apartment,Businessman,270000.0,0
425045,Cash loans,999000.0,29340.0,F,36.0,Married,House / apartment,Unemployed,90000.0,1
173260,Cash loans,1293502.5,35698.5,F,44.0,Married,House / apartment,Businessman,315000.0,0
116691,Revolving loans,180000.0,9000.0,M,37.0,Married,House / apartment,Businessman,202500.0,0
358340,Cash loans,1125171.0,47803.5,M,33.0,Married,House / apartment,Businessman,315000.0,0
271337,Cash loans,203760.0,19980.0,F,59.0,Widow,House / apartment,Working,112500.0,0
384987,Revolving loans,180000.0,9000.0,M,39.0,Civil marriage,House / apartment,Unemployed,67500.0,0
388072,Revolving loans,292500.0,14625.0,F,59.0,Married,House / apartment,Working,292500.0,0
275109,Cash loans,225000.0,26703.0,M,31.0,Married,House / apartment,Unemployed,112500.0,0
446675,Cash loans,675000.0,17806.5,F,37.0,Married,House / apartment,Businessman,541710.0,0
183253,Revolving loans,202500.0,10125.0,F,51.0,Widow,House / apartment,Unemployed,90000.0,0
443846,Cash loans,592560.0,26230.5,F,41.0,Married,House / apartment,Working,180000.0,0
377160,Cash loans,,15241.5,F,46.0,Single / not married,House / apartment,Working,135000.0,0
275847,Cash loans,247500.0,16870.5,M,50.0,Separated,House / apartment,Unemployed,103500.0,0
369572,Cash loans,1350000.0,39474.0,F,40.0,Married,House / apartment,Unemployed,112500.0,0
444116,Cash loans,675000.0,48136.5,F,51.0,Married,House / apartment,Unemployed,94500.0,0
236970,Cash loans,417708.0,33133.5,F,64.0,Married,House / apartment,,135000.0,0
316157,Cash loans,1017544.5,43240.5,M,46.0,Married,House / apartment,Working,157500.0,0
250420,Cash loans,640080.0,31131.0,M,32.0,Single / not married,House / apartment,Businessman,450000.0,0
284698,Revolving loans,180000.0,9000.0,M,28.0,Single / not married,House / apartment,Unemployed,112500.0,0
394163,Cash loans,225000.0,10620.0,F,26.0,Separated,With parents,Unemployed,45000.0,0
129124,Cash loans,473760.0,49878.0,M,28.0,Married,House / apartment,Working,193500.0,0
198059,Cash loans,,14220.0,F,53.0,Married,House / apartment,Working,144000.0,0
303705,Revolving loans,247500.0,12375.0,F,40.0,Separated,House / apartment,Working,121500.0,0
448615,Cash loans,1080000.0,42961.5,F,40.0,Married,House / apartment,Working,180000.0,0
344354,Cash loans,835380.0,35523.0,F,27.0,Single / not married,House / apartment,Working,112500.0,0
141330,Revolving loans,202500.0,10125.0,F,35.0,Civil marriage,House / apartment,Unemployed,90000.0,0
440694,Cash loans,364896.0,24813.0,M,24.0,Single / not married,House / apartment,Unemployed,135000.0,0
441483,Cash loans,225000.0,10944.0,F,28.0,Civil marriage,House / apartment,Unemployed,94500.0,0
323018,Cash loans,472500.0,47686.5,F,57.0,Widow,House / apartment,Working,270000.0,0
285945,Revolving loans,270000.0,13500.0,F,53.0,Married,House / apartment,Unemployed,90000.0,0
444344,Cash loans,808650.0,29839.5,M,50.0,Married,House / apartment,Businessman,225000.0,0
409005,Cash loans,225000.0,11074.5,F,41.0,Civil marriage,House / apartment,Unemployed,67500.0,0
305461,Cash loans,1436850.0,46480.5,F,,Married,House / apartment,Businessman,202500.0,1
250911,Cash loans,497520.0,56263.5,M,27.0,Married,House / apartment,Unemployed,108000.0,0
115901,Cash loans,754740.0,22198.5,,44.0,Married,House / apartment,Unemployed,63000.0,0
449071,Cash loans,472500.0,18868.5,F,59.0,Separated,House / apartment,Businessman,247500.0,0
299542,Cash loans,432567.0,22779.0,M,53.0,Civil marriage,House / apartment,Working,180000.0,0
397076,Cash loans,161730.0,7254.0,M,60.0,Single / not married,House / apartment,Working,45000.0,0
304007,Cash loans,450000.0,29299.5,M,31.0,Single / not married,House / apartment,,157500.0,0
176245,Cash loans,675000.0,22437.0,F,46.0,Married,House / apartment,Unemployed,180000.0,0
313450,Cash loans,170640.0,8082.0,F,33.0,Civil marriage,House / apartment,Working,112500.0,0
271292,Cash loans,303489.0,20412.0,F,44.0,Single / not married,House / apartment,Unemployed,67500.0,0
125916,Cash loans,1078200.0,31653.0,F,55.0,Separated,House / apartment,Working,139500.0,0
364193,Cash loans,261000.0,15111.0,F,38.0,Married,House / apartment,Unemployed,112500.0,0
252812,Revolving loans,202500.0,10125.0,F,52.0,Married,House / apartment,Working,112500.0,0
316818,Cash loans,415107.0,21325.5,M,45.0,Married,House / apartment,Unemployed,180000.0,0
127404,Revolving loans,247500.0,12375.0,F,32.0,Married,House / apartment,Unemployed,76500.0,1
389412,Cash loans,417024.0,25200.0,M,,Civil marriage,Co-op apartment,Working,180000.0,0
221624,Cash loans,253737.0,26127.0,F,50.0,Married,House / apartment,Unemployed,67500.0,0
239378,Revolving loans,,20250.0,,44.0,Married,House / apartment,Businessman,238500.0,0
199472,Cash loans,225000.0,11074.5,F,27.0,Single / not married,Rented apartment,Working,157500.0,0
330976,Revolving loans,247500.0,12375.0,F,50.0,Married,House / apartment,Unemployed,90000.0,0
188159,Cash loans,263686.5,25816.5,F,50.0,Widow,House / apartment,Unemployed,90000.0,0
401033,Cash loans,728460.0,37849.5,F,38.0,Single / not married,House / apartment,Unemployed,203134.5,1
262952,Revolving loans,270000.0,13500.0,F,48.0,Married,House / apartment,Working,144000.0,0
452912,Revolving loans,135000.0,6750.0,F,32.0,Widow,House / apartment,,90000.0,0
178115,Cash loans,1546020.0,45202.5,M,54.0,Married,House / apartment,Businessman,202500.0,0
229180,Cash loans,679500.0,19867.5,F,46.0,Married,House / apartment,Working,90000.0,0
342371,Cash loans,343800.0,16852.5,,38.0,Married,House / apartment,Working,112500.0,0
341144,Cash loans,781920.0,41787.0,M,37.0,Married,House / apartment,Unemployed,135000.0,0
103104,Cash loans,225000.0,13594.5,M,37.0,Married,House / apartment,Unemployed,108000.0,0
261568,Cash loans,2013840.0,83110.5,F,55.0,Married,House / apartment,Working,157500.0,0
321917,Cash loans,161730.0,13095.0,F,28.0,Married,House / apartment,Working,135000.0,0
194208,Cash loans,1138500.0,45279.0,F,41.0,Married,House / apartment,Working,180000.0,0
350719,Cash loans,270000.0,10309.5,F,,Civil marriage,House / apartment,Working,157500.0,0
275568,Cash loans,1120500.0,47605.5,M,60.0,Married,House / apartment,,292500.0,0
427857,Cash loans,2695500.0,71235.0,M,64.0,Married,House / apartment,Businessman,900000.0,0
232868,Cash loans,828000.0,29466.0,F,37.0,Married,House / apartment,Working,157500.0,0
177160,Cash loans,497520.0,56133.0,M,23.0,Married,House / apartment,Working,211500.0,0
356149,Revolving loans,382500.0,19125.0,F,50.0,Married,House / apartment,Working,112500.0,0
254531,Cash loans,325908.0,16767.0,,31.0,Civil marriage,House / apartment,Unemployed,184500.0,0
164701,Cash loans,1293502.5,35698.5,F,39.0,Married,House / apartment,Working,112500.0,0
325418,Cash loans,182448.0,19777.5,F,25.0,Single / not married,House / apartment,Unemployed,76500.0,0
265311,Cash loans,612612.0,29601.0,M,51.0,Married,House / apartment,Businessman,292500.0,0
350736,Cash loans,1056447.0,31018.5,F,41.0,Civil marriage,House / apartment,Working,135000.0,0
186103,Cash loans,755190.0,38610.0,M,40.0,Married,Rented apartment,Businessman,225000.0,0
326263,Cash loans,886176.0,28930.5,F,35.0,Married,House / apartment,Unemployed,180000.0,0
277591,Cash loans,675000.0,28507.5,F,52.0,Married,House / apartment,Unemployed,94500.0,0
147872,Cash loans,229500.0,24349.5,M,26.0,Single / not married,House / apartment,Working,157500.0,0
303890,Cash loans,589050.0,23490.0,F,53.0,Married,House / apartment,Businessman,243000.0,0
433131,Cash loans,314100.0,21244.5,F,35.0,Separated,Municipal apartment,Businessman,220500.0,0
409816,Cash loans,1193580.0,35028.0,M,49.0,Single / not married,Municipal apartment,Businessman,225000.0,0
302850,Cash loans,654048.0,23620.5,F,50.0,Separated,House / apartment,Working,121500.0,0
275463,Cash loans,1078200.0,31522.5,F,49.0,Married,House / apartment,Unemployed,90000.0,0
217536,Cash loans,675000.0,65889.0,,59.0,Separated,House / apartment,,135000.0,0
240922,Cash loans,1058197.5,38137.5,M,55.0,Married,House / apartment,Businessman,270000.0,0
294550,Cash loans,481495.5,36000.0,M,49.0,Married,House / apartment,Working,180000.0,0
120443,Cash loans,835380.0,40320.0,F,42.0,Married,House / apartment,Working,126000.0,0
108495,Cash loans,402214.5,29398.5,M,31.0,Married,House / apartment,Businessman,315000.0,0
206397,Cash loans,814041.0,23931.0,F,53.0,Married,House / apartment,Working,135000.0,0
382031,Cash loans,1350000.0,39604.5,F,62.0,Separated,House / apartment,Businessman,225000.0,0
396109,Cash loans,900000.0,48825.0,M,26.0,Married,House / apartment,Businessman,270000.0,0
224471,Cash loans,1141686.0,41139.0,F,58.0,Married,House / apartment,Unemployed,90000.0,0
338887,Cash loans,1223010.0,51948.0,M,41.0,Married,House / apartment,Unemployed,148500.0,0
156347,Cash loans,675000.0,36094.5,F,61.0,Separated,House / apartment,Working,157500.0,0
440072,Cash loans,735579.0,35518.5,M,24.0,Married,House / apartment,Businessman,202500.0,0
340712,Cash loans,625536.0,35059.5,F,60.0,Married,House / apartment,Businessman,225000.0,0
290797,Cash loans,211500.0,7726.5,F,65.0,Married,House / apartment,Unemployed,144000.0,0
430442,Cash loans,1258650.0,53455.5,F,48.0,Married,House / apartment,Businessman,247500.0,0
207159,Cash loans,1506816.0,47443.5,F,53.0,Widow,House / apartment,Working,189000.0,0
406516,Cash loans,970380.0,28372.5,M,41.0,Single / not married,House / apartment,Businessman,540000.0,0
161484,Revolving loans,495000.0,24750.0,F,62.0,Married,House / apartment,Working,180000.0,0
166218,Cash loans,1078200.0,31653.0,F,33.0,Married,House / apartment,Working,180000.0,0
329609,Revolving loans,180000.0,9000.0,M,39.0,Single / not married,House / apartment,Working,135000.0,0
349516,Cash loans,225000.0,12204.0,F,40.0,Married,House / apartment,Unemployed,90000.0,0
348189,Cash loans,518562.0,25078.5,F,,Married,House / apartment,Working,157500.0,0
104108,Cash loans,472500.0,20943.0,F,60.0,Widow,House / apartment,,90000.0,0
437413,Cash loans,1118700.0,47529.0,M,38.0,Married,House / apartment,Working,225000.0,0
427349,Cash loans,552555.0,16879.5,F,57.0,Married,House / apartment,Working,180000.0,0
208247,Cash loans,755190.0,38556.0,M,30.0,Married,House / apartment,Businessman,202500.0,1
363129,Cash loans,754740.0,24475.5,F,37.0,Civil marriage,With parents,Unemployed,67500.0,0
303326,Cash loans,436500.0,29299.5,M,23.0,Single / not married,House / apartment,Working,166500.0,1
329959,Cash loans,755190.0,52690.5,M,56.0,Married,House / apartment,Unemployed,90000.0,0
421142,Revolving loans,180000.0,9000.0,F,25.0,Single / not married,House / apartment,Unemployed,157500.0,0
292803,Revolving loans,225000.0,11250.0,F,29.0,Married,House / apartment,Businessman,202500.0,0
309769,Cash loans,562500.0,23962.5,F,52.0,Single / not married,House / apartment,,112500.0,0
306375,Cash loans,840996.0,24718.5,,45.0,Married,House / apartment,Unemployed,157500.0,0
309235,Cash loans,135000.0,7020.0,M,65.0,Single / not married,Municipal apartment,Working,180000.0,0
404510,Cash loans,497520.0,36184.5,M,27.0,Single / not married,Rented apartment,Unemployed,180000.0,0
330589,Cash loans,550080.0,15255.0,F,51.0,Married,House / apartment,Working,112500.0,0
268735,Cash loans,900000.0,26446.5,M,49.0,Married,House / apartment,Unemployed,180000.0,0
199734,Cash loans,272520.0,19827.0,F,28.0,Married,House / apartment,Unemployed,74700.0,0
214307,Cash loans,675000.0,32602.5,M,37.0,Single / not married,House / apartment,Working,112500.0,0
371602,Cash loans,545040.0,25537.5,F,29.0,Married,House / apartment,Working,112500.0,1
135961,Cash loans,808650.0,23773.5,F,59.0,Married,House / apartment,Unemployed,90000.0,0
338468,Cash loans,545040.0,26640.0,M,26.0,Married,House / apartment,Businessman,337500.0,0
365204,Cash loans,157500.0,16960.5,F,46.0,Married,House / apartment,Working,157500.0,1
452132,Cash loans,343800.0,16852.5,F,33.0,Single / not married,With parents,Unemployed,67500.0,0
327283,Cash loans,781920.0,50103.0,F,27.0,Married,House / apartment,Working,180000.0,0
309940,Cash loans,1921797.0,58396.5,F,46.0,Widow,House / apartment,Working,148500.0,0
356346,Cash loans,1193580.0,35028.0,F,44.0,Married,House / apartment,Unemployed,202500.0,0
369984,Cash loans,1029658.5,34155.0,M,58.0,Married,House / apartment,Unemployed,90000.0,0
259727,Cash loans,1035072.0,30393.0,M,40.0,Widow,House / apartment,Businessman,225000.0,0
249594,Cash loans,247275.0,19953.0,F,25.0,Married,House / apartment,Working,112500.0,0
362064,Cash loans,180000.0,14220.0,M,24.0,Single / not married,House / apartment,Businessman,202500.0,0
310264,Cash loans,1035832.5,30415.5,F,37.0,Married,House / apartment,,247500.0,0
129272,Cash loans,537763.5,33030.0,M,39.0,Married,House / apartment,Businessman,450000.0,0
436634,Cash loans,,21361.5,M,22.0,Single / not married,House / apartment,Working,135000.0,0
254191,Revolving loans,180000.0,9000.0,F,22.0,Single / not married,Rented apartment,Unemployed,67500.0,1
398050,Cash loans,1515415.5,40104.0,F,43.0,Single / not married,House / apartment,Businessman,342000.0,0
426335,Cash loans,1350000.0,39474.0,M,57.0,Married,House / apartment,Unemployed,112500.0,0
110172,Revolving loans,270000.0,13500.0,F,28.0,Separated,House / apartment,Working,198000.0,0
267920,Cash loans,180000.0,19386.0,M,27.0,Single / not married,House / apartment,Working,225000.0,0
350280,Cash loans,130320.0,13815.0,M,41.0,Married,House / apartment,,135000.0,1
241891,Cash loans,781920.0,25969.5,F,58.0,Single / not married,House / apartment,Unemployed,144000.0,0
297146,Cash loans,513531.0,24835.5,F,39.0,Married,House / apartment,Unemployed,135000.0,0
273943,Cash loans,204858.0,18918.0,M,45.0,Married,Municipal apartment,Unemployed,90000.0,1
218759,Cash loans,1042560.0,34587.0,F,59.0,Married,House / apartment,Working,117000.0,0
394885,Cash loans,161730.0,11632.5,F,40.0,Married,House / apartment,Working,135000.0,0
232250,Cash loans,1210500.0,79443.0,F,59.0,Married,House / apartment,Working,180000.0,0
410022,Cash loans,1029658.5,37111.5,F,35.0,Married,House / apartment,Working,180000.0,0
207126,Cash loans,1078200.0,28570.5,M,26.0,Married,House / apartment,Businessman,225000.0,1
156554,Cash loans,1546020.0,45333.0,F,40.0,Civil marriage,House / apartment,Working,180000.0,0
201712,Cash loans,545040.0,26640.0,F,36.0,Married,House / apartment,Working,180000.0,0
234140,Cash loans,521280.0,27423.0,M,52.0,Separated,House / apartment,Businessman,270000.0,1
163899,Cash loans,225000.0,23053.5,F,59.0,Married,House / apartment,Working,135000.0,0
149144,Cash loans,188460.0,9751.5,F,,Married,House / apartment,Unemployed,99000.0,0
100114,Cash loans,284400.0,22599.0,F,29.0,Single / not married,House / apartment,Working,135000.0,0
324705,Cash loans,900000.0,29745.0,F,44.0,Separated,House / apartment,Working,157500.0,0
119941,Cash loans,450000.0,21109.5,M,49.0,Married,House / apartment,Working,144000.0,0
266080,Cash loans,675000.0,21906.0,M,34.0,Single / not married,House / apartment,Working,90000.0,0
279664,Cash loans,247500.0,15948.0,F,63.0,Widow,House / apartment,Working,157500.0,0
238249,Cash loans,502497.0,28975.5,M,32.0,Single / not married,House / apartment,Businessman,270000.0,0
421435,Cash loans,622188.0,20691.0,F,62.0,Widow,House / apartment,Unemployed,103500.0,0
158247,Cash loans,765000.0,76567.5,M,37.0,Married,House / apartment,Businessman,270000.0,0
346722,Cash loans,284400.0,16011.0,F,41.0,Civil marriage,Co-op apartment,Working,157500.0,0
197092,Cash loans,463500.0,19615.5,F,34.0,Civil marriage,House / apartment,Unemployed,90000.0,0
112959,Cash loans,545040.0,25537.5,F,27.0,Married,House / apartment,Working,180000.0,0
368293,Cash loans,521280.0,27423.0,M,44.0,Married,House / apartment,Working,157500.0,0
260764,Cash loans,653328.0,19233.0,,64.0,Married,House / apartment,Unemployed,135000.0,0
435011,Cash loans,1305909.0,43285.5,F,63.0,Civil marriage,House / apartment,Working,225000.0,1
202140,Cash loans,189000.0,12915.0,M,38.0,Married,Rented apartment,Unemployed,90000.0,1
282109,Cash loans,301464.0,22068.0,F,37.0,Married,House / apartment,Unemployed,112500.0,0
437483,Cash loans,521280.0,31630.5,F,40.0,Civil marriage,House / apartment,,135000.0,1
284128,Cash loans,450000.0,21780.0,M,43.0,Married,House / apartment,Unemployed,67500.0,0
354743,Cash loans,360000.0,19660.5,F,25.0,Civil marriage,House / apartment,Unemployed,135000.0,0
131079,Cash loans,561384.0,57523.5,F,33.0,Civil marriage,House / apartment,Businessman,225000.0,0
157528,Cash loans,247275.0,19953.0,,23.0,Single / not married,House / apartment,Working,157500.0,0
362516,Cash loans,805536.0,32076.0,F,54.0,Married,Rented apartment,Working,234000.0,0
195282,Cash loans,753840.0,24448.5,F,,Married,House / apartment,Unemployed,101250.0,0
132747,Cash loans,1078200.0,38200.5,M,58.0,Married,House / apartment,Businessman,225000.0,1
177208,Cash loans,301464.0,17437.5,F,45.0,Married,House / apartment,Working,180000.0,0
283722,Cash loans,229230.0,24817.5,F,30.0,Married,House / apartment,Working,112500.0,0
360326,Cash loans,545040.0,26640.0,F,28.0,Married,House / apartment,Unemployed,90000.0,0
254687,Cash loans,492862.5,24102.0,F,41.0,Married,House / apartment,Businessman,202500.0,0
221002,Cash loans,755190.0,31995.0,M,61.0,Married,Municipal apartment,Unemployed,90000.0,1
238289,Revolving loans,270000.0,13500.0,M,53.0,Married,House / apartment,Working,180000.0,0
333161,Cash loans,494208.0,30235.5,M,27.0,Married,House / apartment,Working,135000.0,0
283365,Cash loans,328405.5,17815.5,F,39.0,Married,House / apartment,Businessman,225000.0,0
345749,Revolving loans,270000.0,13500.0,F,23.0,Married,House / apartment,Unemployed,135000.0,0
162578,Cash loans,508495.5,24592.5,,39.0,Married,House / apartment,Businessman,360000.0,0
416473,Cash loans,244584.0,16474.5,,28.0,Married,Municipal apartment,Unemployed,108000.0,0
405315,Cash loans,835380.0,40320.0,M,42.0,Single / not married,House / apartment,Businessman,360000.0,0
141425,Cash loans,352044.0,13401.0,F,52.0,Single / not married,House / apartment,Working,135000.0,0
370286,Cash loans,203760.0,23116.5,F,28.0,Civil marriage,With parents,Unemployed,112500.0,0
111580,Revolving loans,225000.0,11250.0,M,26.0,Single / not married,House / apartment,Unemployed,112500.0,0
292358,Cash loans,495882.0,36211.5,M,33.0,Married,House / apartment,Working,112500.0,1
330649,Cash loans,1046142.0,30717.0,F,41.0,Civil marriage,House / apartment,Businessman,247500.0,0
364828,Revolving loans,180000.0,9000.0,F,38.0,Married,House / apartment,Unemployed,76500.0,0
284073,Cash loans,153504.0,15084.0,F,68.0,Widow,House / apartment,Unemployed,85500.0,0
348338,Cash loans,900297.0,31896.0,F,38.0,Married,House / apartment,Unemployed,135000.0,0
112773,Cash loans,855000.0,43785.0,F,41.0,Married,House / apartment,Working,180000.0,0
334706,Cash loans,454500.0,19386.0,F,45.0,Married,House / apartment,Businessman,225000.0,0
162565,Cash loans,254700.0,20119.5,M,31.0,Married,House / apartment,Working,157500.0,0
102554,Cash loans,490495.5,29205.0,M,52.0,Married,House / apartment,Working,135000.0,0
162715,Cash loans,1013004.0,36517.5,F,,Married,House / apartment,Working,180000.0,0
452902,Cash loans,766444.5,72027.0,F,57.0,Married,House / apartment,Working,315000.0,0
267793,Cash loans,337500.0,12253.5,F,57.0,Married,House / apartment,Working,67500.0,0
158065,Cash loans,225000.0,8568.0,M,31.0,Married,House / apartment,Working,112500.0,0
240034,Cash loans,1609272.0,44383.5,F,45.0,Civil marriage,House / apartment,Businessman,229500.0,0
334280,Cash loans,746280.0,41800.5,F,43.0,Civil marriage,House / apartment,Unemployed,135000.0,0
451669,Cash loans,1113840.0,29997.0,F,46.0,Married,House / apartment,Working,112500.0,0
188769,Cash loans,696150.0,33619.5,F,26.0,Married,House / apartment,Businessman,216000.0,0
180061,Cash loans,755190.0,35122.5,M,47.0,Married,House / apartment,Unemployed,162000.0,0
106279,Cash loans,1042560.0,34587.0,F,49.0,Married,House / apartment,Working,180000.0,0
375375,Cash loans,450000.0,21888.0,F,39.0,Widow,House / apartment,Unemployed,90000.0,1
411797,Cash loans,781920.0,28215.0,M,48.0,Married,House / apartment,Unemployed,135000.0,0
284164,Cash loans,540000.0,26109.0,F,56.0,Married,House / apartment,Unemployed,85500.0,0
260532,Cash loans,727785.0,20988.0,F,58.0,Widow,House / apartment,Unemployed,112500.0,0
138342,Revolving loans,270000.0,13500.0,M,35.0,Married,House / apartment,Working,157500.0,0
284838,Cash loans,547344.0,26460.0,F,56.0,Married,House / apartment,Working,153000.0,0
133888,Cash loans,491031.0,32355.0,M,31.0,Married,House / apartment,Working,337500.0,0
216915,Cash loans,360000.0,18378.0,M,57.0,Civil marriage,House / apartment,Unemployed,40500.0,1
231857,Cash loans,254700.0,28935.0,,23.0,Single / not married,With parents,Unemployed,90000.0,0
182175,Cash loans,521280.0,28408.5,M,40.0,Married,House / apartment,Working,135000.0,0
275882,Cash loans,508495.5,22527.0,F,57.0,Married,House / apartment,Working,126000.0,0
395752,Cash loans,1144053.0,33579.0,F,41.0,Married,House / apartment,Unemployed,225000.0,0
444767,Cash loans,284400.0,18643.5,F,37.0,Married,House / apartment,Businessman,202500.0,1
192695,Cash loans,1481701.5,53221.5,M,50.0,Married,Municipal apartment,Businessman,247500.0,0
435899,Cash loans,450000.0,32877.0,F,39.0,Married,With parents,Unemployed,90000.0,0
374401,Cash loans,2250000.0,59485.5,M,41.0,Married,House / apartment,Working,360000.0,0
359901,Cash loans,189000.0,13441.5,M,58.0,Married,House / apartment,Unemployed,67500.0,0
446596,Cash loans,544491.0,21226.5,F,33.0,Married,House / apartment,Unemployed,90000.0,0
373694,Cash loans,239850.0,25447.5,M,26.0,Married,House / apartment,Working,202500.0,0
360002,Cash loans,781920.0,25839.0,F,53.0,Single / not married,House / apartment,Unemployed,135000.0,0
196948,Cash loans,1258650.0,53455.5,F,64.0,Married,House / apartment,Working,108000.0,0
147360,Cash loans,182016.0,14508.0,F,50.0,Married,House / apartment,Businessman,360000.0,0
190080,Cash loans,619254.0,27405.0,F,56.0,Married,House / apartment,Working,189000.0,0
201741,Cash loans,728460.0,43375.5,F,23.0,Civil marriage,House / apartment,Working,135000.0,0
145778,Cash loans,301464.0,8419.5,F,28.0,Married,House / apartment,Unemployed,180000.0,0
333077,Revolving loans,202500.0,10125.0,F,35.0,Married,House / apartment,Working,112500.0,0
187457,Cash loans,835380.0,23571.0,F,54.0,Single / not married,Municipal apartment,Businessman,292500.0,0
346602,Cash loans,904500.0,26577.0,F,47.0,Married,House / apartment,Unemployed,67500.0,0
430356,Cash loans,755190.0,36459.0,F,27.0,Married,House / apartment,Unemployed,135000.0,0
445077,Cash loans,1323000.0,68503.5,F,55.0,Married,House / apartment,Unemployed,157500.0,0
127972,Cash loans,938034.0,27427.5,F,54.0,Widow,Municipal apartment,Working,112500.0,0
220033,Cash loans,288562.5,22927.5,M,30.0,Single / not married,House / apartment,Businessman,202500.0,0
369841,Cash loans,454500.0,44406.0,M,36.0,Married,House / apartment,Businessman,270000.0,0
432875,Cash loans,1125000.0,47664.0,F,31.0,Married,House / apartment,Unemployed,112500.0,0
444741,Cash loans,1288350.0,37800.0,M,46.0,Married,House / apartment,Working,180000.0,0
144277,Cash loans,327024.0,21982.5,F,30.0,Married,House / apartment,Unemployed,72000.0,0
150610,Revolving loans,360000.0,18000.0,M,34.0,Married,House / apartment,Working,180000.0,0
395988,Cash loans,260640.0,19485.0,F,30.0,Married,House / apartment,Working,121500.0,0
387285,Revolving loans,337500.0,16875.0,,23.0,Single / not married,House / apartment,Working,135000.0,0
235533,Cash loans,781920.0,28215.0,F,38.0,Married,House / apartment,Working,112500.0,0
421147,Cash loans,450000.0,35554.5,F,42.0,Married,House / apartment,Unemployed,180000.0,0
230070,Cash loans,675000.0,28728.0,F,36.0,Married,Rented apartment,Working,162000.0,0
176119,Cash loans,675000.0,52236.0,M,55.0,Married,House / apartment,Working,180000.0,0
282067,Cash loans,1138500.0,31306.5,M,28.0,Married,With parents,Working,135000.0,0
328348,Cash loans,539100.0,29245.5,F,42.0,Single / not married,House / apartment,Working,180000.0,0
451608,Cash loans,486351.0,12960.0,F,24.0,Single / not married,House / apartment,Unemployed,90000.0,0
365362,Cash loans,900000.0,29034.0,F,31.0,Married,House / apartment,,76500.0,0
441236,Cash loans,251280.0,11065.5,F,58.0,Married,House / apartment,Unemployed,135000.0,0
206158,Cash loans,1636245.0,62451.0,M,35.0,Married,House / apartment,Businessman,360000.0,0
201265,Revolving loans,180000.0,9000.0,M,33.0,Married,House / apartment,Working,202500.0,0
232118,Cash loans,1129500.0,31189.5,F,60.0,Married,House / apartment,Unemployed,90000.0,0
230564,Revolving loans,180000.0,9000.0,F,35.0,Married,House / apartment,Unemployed,90000.0,0
277196,Cash loans,1288350.0,37800.0,F,57.0,Married,House / apartment,Working,180000.0,0
163958,Cash loans,312840.0,20124.0,F,45.0,Married,House / apartment,Unemployed,67500.0,0
294867,Cash loans,792346.5,26316.0,F,48.0,Married,House / apartment,Working,112500.0,0
434862,Cash loans,225000.0,17775.0,F,38.0,Civil marriage,House / apartment,Working,135000.0,0
255239,Cash loans,509400.0,40374.0,M,,Married,House / apartment,Unemployed,157500.0,0
359385,Cash loans,1224198.0,35923.5,F,60.0,Married,House / apartment,Businessman,225000.0,0
390667,Cash loans,450000.0,12001.5,M,42.0,Married,House / apartment,Working,126000.0,0
123304,Cash loans,540000.0,15916.5,F,51.0,Separated,House / apartment,Working,112500.0,0
375642,Cash loans,405000.0,21334.5,F,31.0,Civil marriage,House / apartment,Unemployed,135000.0,0
248404,Cash loans,1125000.0,33025.5,F,42.0,Married,House / apartment,Working,157500.0,0
239933,Cash loans,1762110.0,46611.0,M,40.0,Married,House / apartment,Businessman,202500.0,0
422463,Cash loans,592560.0,35937.0,M,40.0,Civil marriage,Municipal apartment,Unemployed,117000.0,1
155502,Revolving loans,405000.0,20250.0,F,47.0,Married,House / apartment,Working,157500.0,0
219852,Cash loans,558000.0,37570.5,F,64.0,Widow,House / apartment,Businessman,292500.0,0
396467,Cash loans,1272888.0,37345.5,F,31.0,Widow,Municipal apartment,Unemployed,225000.0,0
189327,Cash loans,738000.0,33480.0,F,33.0,Civil marriage,House / apartment,Businessman,270000.0,0
230802,Cash loans,1125000.0,39987.0,F,44.0,Married,House / apartment,Businessman,270000.0,0
154388,Cash loans,490495.5,27517.5,F,48.0,Married,House / apartment,Working,112500.0,0
371119,Cash loans,1620000.0,42862.5,F,53.0,Married,House / apartment,Businessman,202500.0,0
313785,Cash loans,265851.0,11709.0,M,34.0,Married,House / apartment,Unemployed,90000.0,0
390572,Revolving loans,810000.0,40500.0,F,39.0,Married,House / apartment,Businessman,225000.0,0
319147,Cash loans,232344.0,11992.5,F,60.0,Separated,House / apartment,Unemployed,108000.0,0
348981,Cash loans,814500.0,26275.5,F,38.0,Married,House / apartment,Unemployed,54000.0,0
411788,Cash loans,1475154.0,54796.5,F,48.0,Single / not married,House / apartment,Businessman,360000.0,0
415008,Cash loans,873000.0,25654.5,F,54.0,Married,House / apartment,Unemployed,103500.0,1
437487,Cash loans,75384.0,4554.0,M,46.0,Single / not married,House / apartment,Working,157500.0,1
262409,Cash loans,453514.5,23283.0,F,63.0,Separated,House / apartment,Unemployed,67500.0,0
408532,Cash loans,900000.0,38263.5,M,,Married,House / apartment,Businessman,270000.0,1
197351,Cash loans,225000.0,22050.0,M,69.0,Married,House / apartment,Working,112500.0,0
275772,Cash loans,1356133.5,44950.5,F,37.0,Married,House / apartment,,360000.0,0
364653,Cash loans,657000.0,40324.5,F,,Married,House / apartment,Working,171000.0,0
401366,Cash loans,,33921.0,M,36.0,Married,House / apartment,Working,180000.0,0
256522,Cash loans,601470.0,30838.5,F,56.0,Separated,House / apartment,Businessman,202500.0,0
301283,Revolving loans,270000.0,13500.0,F,39.0,Married,House / apartment,Working,135000.0,0
406626,Cash loans,475929.0,20137.5,F,40.0,Married,House / apartment,Working,135000.0,0
226832,Cash loans,521280.0,31630.5,M,28.0,Married,House / apartment,Working,180000.0,1
194222,Cash loans,922500.0,39213.0,F,60.0,Married,Co-op apartment,Working,135000.0,0
284972,Cash loans,612000.0,23715.0,M,33.0,Married,With parents,Working,247500.0,0
320581,Cash loans,1314117.0,38551.5,M,48.0,Married,House / apartment,Working,112500.0,0
266966,Cash loans,1011402.0,29700.0,F,30.0,Separated,With parents,Working,157500.0,0
188651,Cash loans,585000.0,16893.0,M,42.0,Married,House / apartment,Working,157500.0,0
157774,Cash loans,900000.0,43299.0,F,60.0,Widow,House / apartment,Working,180000.0,0
227627,Cash loans,314055.0,19107.0,F,31.0,Single / not married,House / apartment,Working,99000.0,0
189698,Revolving loans,495000.0,24750.0,F,47.0,Separated,House / apartment,Working,225000.0,1
233972,Cash loans,659610.0,17527.5,M,30.0,Civil marriage,House / apartment,Working,180000.0,0
198431,Cash loans,545040.0,25537.5,M,40.0,Married,House / apartment,Working,180000.0,0
122334,Cash loans,328405.5,16897.5,M,64.0,Married,House / apartment,Unemployed,67500.0,0
306601,Cash loans,225000.0,11074.5,M,31.0,Married,Rented apartment,Unemployed,90000.0,0
344089,Cash loans,508495.5,21541.5,F,59.0,Married,House / apartment,Working,121500.0,0
194329,Cash loans,270000.0,16312.5,M,29.0,Married,House / apartment,Unemployed,180000.0,0
141108,Revolving loans,180000.0,9000.0,F,42.0,Married,House / apartment,Unemployed,67500.0,0
425908,Cash loans,,35554.5,M,35.0,Married,House / apartment,Unemployed,180000.0,1
217090,Cash loans,720000.0,23926.5,F,51.0,Single / not married,House / apartment,Working,157500.0,0
267386,Cash loans,225000.0,11619.0,M,46.0,Married,House / apartment,Working,315000.0,0
183843,Cash loans,790830.0,52978.5,M,57.0,Married,House / apartment,Businessman,225000.0,0
208493,Cash loans,1288350.0,37800.0,M,29.0,Married,Office apartment,Businessman,315000.0,0
427937,Cash loans,1155226.5,33907.5,F,41.0,Married,House / apartment,Businessman,495000.0,0
377993,Cash loans,,16348.5,F,62.0,Married,House / apartment,Unemployed,54000.0,0
235073,Revolving loans,337500.0,16875.0,F,60.0,Married,House / apartment,Unemployed,90000.0,0
301004,Cash loans,107820.0,9351.0,M,43.0,Married,House / apartment,Unemployed,139500.0,0
169968,Cash loans,247275.0,19134.0,F,39.0,Married,House / apartment,Businessman,202500.0,0
239508,Cash loans,1113840.0,44302.5,M,55.0,Married,House / apartment,Businessman,306000.0,0
361718,Cash loans,,17122.5,M,24.0,Single / not married,Rented apartment,Working,121500.0,0
403266,Cash loans,1078200.0,34911.0,M,36.0,Married,House / apartment,Working,180000.0,0
422858,Cash loans,152820.0,8662.5,F,63.0,Married,Municipal apartment,Unemployed,29250.0,0
184126,Revolving loans,765000.0,38250.0,F,43.0,Civil marriage,House / apartment,Working,112500.0,0
162605,Cash loans,54000.0,3015.0,F,60.0,Separated,House / apartment,Unemployed,67500.0,0
418528,Cash loans,545040.0,19705.5,F,63.0,Widow,House / apartment,Unemployed,45000.0,0
352017,Cash loans,281493.0,22698.0,F,27.0,Civil marriage,House / apartment,Businessman,225000.0,0
161511,Cash loans,485086.5,18414.0,F,54.0,Married,House / apartment,Working,135000.0,0
448766,Cash loans,1312110.0,55723.5,F,47.0,Separated,House / apartment,Unemployed,733500.0,0
287411,Cash loans,640080.0,31261.5,M,33.0,Married,House / apartment,,157500.0,1
408505,Revolving loans,,29250.0,M,,Civil marriage,Municipal apartment,Working,202500.0,0
418442,Cash loans,572076.0,39946.5,F,28.0,Married,Municipal apartment,Working,180000.0,1
204134,Cash loans,772686.0,25056.0,F,31.0,Single / not married,House / apartment,Working,180000.0,0
142739,Cash loans,545040.0,26509.5,M,40.0,Married,House / apartment,Unemployed,135000.0,1
121435,Cash loans,247986.0,16776.0,M,48.0,Civil marriage,House / apartment,Working,112500.0,0
364130,Cash loans,610335.0,20299.5,M,52.0,Married,House / apartment,Businessman,202500.0,0
385455,Cash loans,1288350.0,37669.5,F,42.0,Married,House / apartment,Working,112500.0,0
144993,Cash loans,,47664.0,F,42.0,Married,House / apartment,Businessman,247500.0,0
189331,Cash loans,675000.0,36747.0,F,48.0,Married,House / apartment,Unemployed,85500.0,0
438162,Cash loans,675000.0,49248.0,M,37.0,Married,Office apartment,Unemployed,180000.0,0
362748,Cash loans,450000.0,21109.5,M,35.0,Married,House / apartment,Unemployed,108000.0,0
284046,Cash loans,76752.0,7722.0,F,38.0,Married,House / apartment,Unemployed,90000.0,0
406459,Revolving loans,675000.0,33750.0,M,59.0,Married,Municipal apartment,Businessman,238500.0,0
432515,Cash loans,446931.0,20965.5,F,57.0,Married,House / apartment,Working,135000.0,0
276174,Cash loans,255960.0,20353.5,F,39.0,Separated,House / apartment,Working,135000.0,1
206694,Cash loans,675000.0,21906.0,F,47.0,Civil marriage,House / apartment,Unemployed,99000.0,0
290637,Cash loans,545040.0,36553.5,M,53.0,Married,House / apartment,Businessman,315000.0,0
217608,Cash loans,900000.0,26316.0,F,32.0,Married,House / apartment,Businessman,202500.0,0
353956,Cash loans,254700.0,20119.5,F,50.0,Civil marriage,House / apartment,Unemployed,90000.0,0
453501,Cash loans,521451.0,22221.0,F,64.0,Married,House / apartment,Businessman,252000.0,0
161675,Cash loans,1320849.0,52384.5,M,57.0,Married,House / apartment,Working,180000.0,0
330224,Cash loans,675000.0,19867.5,F,62.0,Married,House / apartment,Unemployed,81000.0,0
191829,Cash loans,312768.0,16375.5,M,27.0,Married,House / apartment,Working,157500.0,1
287396,Cash loans,555273.0,18040.5,F,41.0,Married,House / apartment,Unemployed,67500.0,0
212264,Cash loans,505642.5,27558.0,F,35.0,Civil marriage,House / apartment,Working,130500.0,0
415645,Cash loans,531706.5,30654.0,F,63.0,Married,House / apartment,Working,180000.0,0
425064,Cash loans,743031.0,39717.0,F,40.0,Married,House / apartment,,207000.0,0
132528,Cash loans,417024.0,21420.0,F,51.0,Widow,House / apartment,Businessman,382500.0,0
366954,Cash loans,1138500.0,36724.5,F,38.0,Separated,House / apartment,Businessman,225000.0,0
281468,Cash loans,675000.0,19476.0,F,57.0,Single / not married,House / apartment,Working,112500.0,0
400922,Cash loans,161730.0,11385.0,F,,Widow,House / apartment,Unemployed,67500.0,0
263241,Cash loans,679500.0,30834.0,M,52.0,Civil marriage,House / apartment,Businessman,270000.0,0
450174,Cash loans,728460.0,57685.5,M,43.0,Married,Rented apartment,Unemployed,157500.0,0
107906,Cash loans,1066500.0,45315.0,F,60.0,Separated,House / apartment,Working,171000.0,0
440366,Revolving loans,180000.0,9000.0,F,54.0,Married,House / apartment,Unemployed,90000.0,0
300121,Cash loans,284400.0,16456.5,M,30.0,Married,House / apartment,Working,157500.0,0
141728,Cash loans,1303812.0,34524.0,M,46.0,Separated,House / apartment,Unemployed,157500.0,0
161335,Cash loans,267102.0,18994.5,F,40.0,Married,House / apartment,Working,121500.0,0
343461,Cash loans,199080.0,15727.5,M,23.0,Married,House / apartment,Working,135000.0,1
252014,Cash loans,398016.0,22351.5,F,53.0,Married,House / apartment,Unemployed,67500.0,0
205590,Cash loans,500490.0,48757.5,F,51.0,Widow,House / apartment,Working,180000.0,0
130991,Cash loans,1777500.0,47020.5,M,55.0,Married,House / apartment,Businessman,292500.0,0
425775,Cash loans,360000.0,24057.0,F,50.0,Single / not married,House / apartment,Working,99000.0,0
267832,Cash loans,755190.0,33394.5,M,43.0,Married,House / apartment,Working,166500.0,1
345986,Cash loans,450000.0,20979.0,M,35.0,Married,House / apartment,Working,135000.0,0
176780,Cash loans,284400.0,16011.0,F,51.0,Married,House / apartment,Unemployed,81000.0,0
408380,Cash loans,1006920.0,51543.0,F,38.0,Married,House / apartment,Unemployed,67500.0,0
392136,Cash loans,193500.0,20448.0,F,53.0,Single / not married,House / apartment,Working,180000.0,0
244877,Cash loans,314100.0,14683.5,F,38.0,Separated,House / apartment,Unemployed,135000.0,0
378910,Cash loans,225000.0,11619.0,F,39.0,Single / not married,Municipal apartment,Unemployed,67500.0,0
295376,Cash loans,417024.0,22752.0,F,32.0,Married,House / apartment,Unemployed,144000.0,0
116302,Cash loans,544068.0,25492.5,F,39.0,Civil marriage,House / apartment,,90000.0,0
176225,Revolving loans,202500.0,10125.0,F,28.0,Married,With parents,Unemployed,67500.0,0
279795,Cash loans,,24129.0,F,37.0,Married,House / apartment,,247500.0,1
203265,Cash loans,134316.0,13284.0,F,66.0,Married,House / apartment,Working,157500.0,0
328521,Cash loans,454500.0,43281.0,F,40.0,Married,House / apartment,Working,180000.0,0
270542,Cash loans,297000.0,13972.5,M,30.0,Married,Rented apartment,Unemployed,103500.0,0
284101,Cash loans,315000.0,16213.5,F,39.0,Civil marriage,House / apartment,Working,135000.0,0
420967,Cash loans,675000.0,32602.5,M,31.0,Married,House / apartment,Unemployed,157500.0,0
351500,Cash loans,254700.0,17149.5,F,35.0,Married,House / apartment,Businessman,225000.0,0
245985,Cash loans,592560.0,30384.0,F,29.0,Married,With parents,Working,81000.0,0
351618,Cash loans,781920.0,47965.5,M,34.0,Separated,With parents,Working,126000.0,0
360520,Cash loans,781920.0,28084.5,F,44.0,Married,House / apartment,Working,54000.0,0
411751,Cash loans,1546020.0,42642.0,M,63.0,Married,Office apartment,Businessman,427500.0,0
355691,Cash loans,432841.5,27792.0,F,66.0,Married,House / apartment,Unemployed,112500.0,0
204834,Cash loans,770292.0,34938.0,M,37.0,Married,Municipal apartment,Working,135000.0,0
426068,Cash loans,545040.0,26640.0,M,,Single / not married,With parents,Unemployed,249750.0,0
396017,Cash loans,1024290.0,30078.0,F,53.0,Married,House / apartment,Businessman,225000.0,1
110925,Cash loans,900000.0,38263.5,F,58.0,Married,House / apartment,Businessman,202500.0,0
444895,Cash loans,225000.0,12915.0,F,41.0,Married,House / apartment,Businessman,202500.0,0
202556,Cash loans,454500.0,18022.5,F,48.0,Married,House / apartment,Businessman,270000.0,0
327747,Cash loans,167895.0,17626.5,F,29.0,Married,House / apartment,Unemployed,67500.0,0
120552,Cash loans,622188.0,22477.5,F,64.0,Single / not married,House / apartment,Businessman,202500.0,0
151986,Cash loans,879480.0,28498.5,F,55.0,Married,House / apartment,Businessman,202500.0,0
215783,Cash loans,640080.0,31261.5,M,38.0,Single / not married,Rented apartment,Working,112500.0,0
291639,Cash loans,50940.0,5616.0,M,36.0,Civil marriage,House / apartment,Unemployed,67500.0,0
165177,Cash loans,834048.0,48897.0,M,37.0,Civil marriage,House / apartment,Working,157500.0,0
191678,Cash loans,810000.0,23683.5,F,,Married,House / apartment,Working,135000.0,0
400875,Cash loans,1285816.5,40374.0,F,37.0,Married,House / apartment,Businessman,427500.0,0
163293,Cash loans,225000.0,10822.5,F,58.0,Widow,House / apartment,Unemployed,27900.0,0
162847,Cash loans,1002870.0,39901.5,M,39.0,Married,House / apartment,Working,180000.0,0
313259,Cash loans,269550.0,11547.0,F,61.0,Single / not married,House / apartment,Working,45000.0,0
231231,Cash loans,1125000.0,39987.0,F,48.0,Civil marriage,House / apartment,Working,171000.0,1
251451,Cash loans,254700.0,17149.5,F,66.0,Married,House / apartment,Unemployed,81000.0,0
401449,Cash loans,956574.0,36562.5,F,56.0,Widow,House / apartment,Working,126000.0,0
222829,Cash loans,170640.0,9922.5,F,27.0,Married,House / apartment,Working,135000.0,0
408994,Cash loans,1113840.0,47322.0,M,,Single / not married,House / apartment,Unemployed,135000.0,0
257331,Cash loans,225000.0,11074.5,M,47.0,Married,House / apartment,Unemployed,58500.0,0
199033,Revolving loans,180000.0,9000.0,F,57.0,Married,House / apartment,Unemployed,67500.0,0
406418,Cash loans,1994670.0,54981.0,M,41.0,Civil marriage,House / apartment,Working,247500.0,1
130502,Cash loans,622575.0,22491.0,M,60.0,Married,House / apartment,Working,585000.0,0
190480,Cash loans,204768.0,13815.0,M,39.0,Married,With parents,Unemployed,90000.0,0
336997,Cash loans,508495.5,24592.5,F,41.0,Married,House / apartment,Working,135000.0,0
262169,Cash loans,,12820.5,F,60.0,Single / not married,House / apartment,Working,157500.0,0
244856,Cash loans,253737.0,14166.0,F,53.0,Married,House / apartment,Businessman,225000.0,0
196020,Cash loans,577147.5,25551.0,F,46.0,Separated,House / apartment,Businessman,315000.0,0
430833,Cash loans,312768.0,26887.5,,31.0,Married,House / apartment,Unemployed,112500.0,0
142397,Cash loans,490536.0,22995.0,M,28.0,Single / not married,With parents,Working,180000.0,0
115557,Cash loans,163201.5,11488.5,F,58.0,Married,House / apartment,Unemployed,90000.0,0
261736,Cash loans,800343.0,84042.0,F,39.0,Married,House / apartment,Businessman,225000.0,0
373290,Cash loans,824823.0,24246.0,M,48.0,Married,House / apartment,Working,112500.0,0
345545,Cash loans,808650.0,23773.5,,57.0,Married,House / apartment,Working,126000.0,0
144437,Revolving loans,180000.0,9000.0,F,41.0,Married,House / apartment,Working,67500.0,0
117407,Revolving loans,180000.0,9000.0,F,21.0,Single / not married,House / apartment,Working,135000.0,0
352569,Revolving loans,202500.0,10125.0,M,63.0,Separated,House / apartment,Working,67500.0,0
431127,Cash loans,1046142.0,33876.0,M,44.0,Separated,House / apartment,Working,247500.0,0
454416,Revolving loans,225000.0,11250.0,F,25.0,Married,House / apartment,Unemployed,72000.0,0
351302,Revolving loans,202500.0,10125.0,F,60.0,Civil marriage,House / apartment,Unemployed,85500.0,0
376290,Cash loans,562500.0,18274.5,F,62.0,Single / not married,House / apartment,Unemployed,112500.0,0
132145,Cash loans,225000.0,10953.0,F,33.0,Civil marriage,House / apartment,Businessman,225000.0,0
377695,Cash loans,314055.0,16164.0,F,64.0,Separated,House / apartment,Unemployed,103500.0,0
283277,Cash loans,473760.0,50269.5,F,49.0,Civil marriage,House / apartment,Businessman,270000.0,0
359832,Cash loans,292500.0,30843.0,M,42.0,Married,House / apartment,Working,144000.0,0
294053,Cash loans,450000.0,35685.0,M,27.0,Married,Rented apartment,Working,180000.0,0
421595,Revolving loans,270000.0,13500.0,F,61.0,Married,House / apartment,Unemployed,135000.0,0
169637,Cash loans,450000.0,48595.5,F,52.0,Separated,House / apartment,Working,225000.0,1
120870,Cash loans,781920.0,25542.0,,58.0,Separated,House / apartment,Working,135000.0,0
126663,Cash loans,450000.0,20983.5,,40.0,Married,House / apartment,Businessman,225000.0,0
298602,Cash loans,312768.0,16096.5,F,45.0,Married,House / apartment,Working,157500.0,1
220103,Cash loans,667237.5,48681.0,F,39.0,Married,House / apartment,Unemployed,99000.0,1
254002,Cash loans,675000.0,34596.0,F,40.0,Single / not married,House / apartment,Working,112500.0,1
214442,Cash loans,1057266.0,44923.5,F,56.0,Married,House / apartment,Working,56740.5,1
357351,Cash loans,755190.0,36459.0,M,43.0,Married,House / apartment,Businessman,202500.0,0
306467,Cash loans,808650.0,29709.0,M,,Married,House / apartment,Businessman,247500.0,0
130385,Cash loans,312840.0,17599.5,F,56.0,Married,House / apartment,Businessman,225000.0,0
238137,Cash loans,436032.0,20457.0,F,47.0,Single / not married,House / apartment,Working,180000.0,0
254683,Cash loans,1255680.0,41629.5,M,51.0,Married,House / apartment,Businessman,382500.0,0
148033,Cash loans,1291500.0,37759.5,F,42.0,Separated,House / apartment,Working,166500.0,0
429858,Cash loans,900000.0,35158.5,F,35.0,Civil marriage,House / apartment,Unemployed,135000.0,0
393632,Revolving loans,405000.0,20250.0,F,55.0,Civil marriage,House / apartment,Working,135000.0,0
255357,Cash loans,382500.0,14305.5,M,28.0,Married,House / apartment,Businessman,270000.0,0
205937,Cash loans,270000.0,18171.0,M,,Married,House / apartment,Unemployed,99000.0,0
196581,Cash loans,327024.0,23827.5,M,25.0,Single / not married,Rented apartment,Working,157500.0,0
245538,Cash loans,247275.0,19548.0,M,65.0,Married,House / apartment,Working,67500.0,0
213769,Cash loans,528633.0,39654.0,M,38.0,Married,House / apartment,Unemployed,180000.0,0
205777,Cash loans,675000.0,34465.5,M,49.0,Married,House / apartment,Businessman,225000.0,0
237573,Cash loans,225000.0,14778.0,M,59.0,Married,House / apartment,Unemployed,72000.0,0
158220,Revolving loans,247500.0,12375.0,F,35.0,Married,Co-op apartment,Unemployed,76500.0,0
370919,Cash loans,1575000.0,43312.5,M,59.0,Single / not married,House / apartment,Working,315000.0,0
227277,Cash loans,225000.0,11911.5,F,42.0,Civil marriage,House / apartment,Unemployed,90000.0,0
120943,Cash loans,254700.0,14350.5,F,66.0,Widow,House / apartment,Unemployed,90000.0,0
150823,Cash loans,283419.0,16699.5,M,39.0,Married,House / apartment,Working,135000.0,0
359610,Cash loans,288562.5,31207.5,F,41.0,Married,House / apartment,Working,63000.0,0
155183,Cash loans,1093500.0,35406.0,M,53.0,Married,House / apartment,Working,180000.0,0
122697,Cash loans,675000.0,19476.0,F,64.0,Married,House / apartment,Working,121500.0,0
277645,Revolving loans,270000.0,13500.0,M,53.0,Married,House / apartment,Unemployed,103500.0,0
421179,Cash loans,203760.0,21748.5,M,,Single / not married,With parents,Unemployed,112500.0,0
304303,Cash loans,539100.0,29376.0,F,37.0,Civil marriage,House / apartment,Businessman,360000.0,0
178299,Cash loans,427500.0,20920.5,F,28.0,Married,House / apartment,Unemployed,67500.0,0
273844,Cash loans,364896.0,16200.0,F,39.0,Married,House / apartment,Unemployed,67500.0,0
187364,Cash loans,1467612.0,55899.0,F,54.0,Single / not married,House / apartment,,225000.0,0
419094,Cash loans,450000.0,32746.5,F,32.0,Married,House / apartment,Working,112500.0,0
263484,Cash loans,900000.0,35824.5,M,30.0,Civil marriage,House / apartment,Businessman,225000.0,0
165163,Cash loans,435276.0,29218.5,M,23.0,Single / not married,House / apartment,Working,157500.0,0
430214,Cash loans,900000.0,46084.5,M,41.0,Married,House / apartment,Businessman,225000.0,0
332996,Cash loans,182286.0,21762.0,F,29.0,Married,House / apartment,Working,112500.0,0
334503,Cash loans,481176.0,26230.5,F,46.0,Married,House / apartment,Working,135000.0,0
108404,Cash loans,101880.0,5818.5,F,64.0,Married,House / apartment,Working,100800.0,0
104579,Cash loans,450000.0,27324.0,M,45.0,Married,House / apartment,Unemployed,225000.0,0
168296,Cash loans,545040.0,25537.5,M,39.0,Married,House / apartment,,157500.0,0
398336,Cash loans,1051294.5,34042.5,F,41.0,Married,House / apartment,Working,157500.0,0
248032,Cash loans,159264.0,6133.5,F,59.0,Married,House / apartment,Working,135000.0,0
323905,Cash loans,,51151.5,F,28.0,Married,House / apartment,Working,135000.0,0
386778,Cash loans,248760.0,29650.5,M,35.0,Civil marriage,House / apartment,Working,135000.0,1
421495,Cash loans,900000.0,35347.5,M,61.0,Married,House / apartment,Working,157500.0,0
317211,Cash loans,712858.5,34425.0,,61.0,Civil marriage,House / apartment,Unemployed,405000.0,0
186965,Cash loans,315000.0,24507.0,F,41.0,Married,House / apartment,Working,112500.0,0
308061,Cash loans,454500.0,20020.5,F,63.0,Widow,House / apartment,Businessman,234000.0,1
216079,Cash loans,974794.5,32346.0,M,29.0,Married,House / apartment,Working,135000.0,0
446992,Cash loans,956574.0,43357.5,M,30.0,Single / not married,House / apartment,Working,202500.0,0
353327,Cash loans,170640.0,13612.5,,49.0,Married,House / apartment,Working,67500.0,0
296720,Cash loans,545040.0,26509.5,F,54.0,Married,House / apartment,Working,135000.0,0
251424,Cash loans,99000.0,7821.0,M,49.0,Married,House / apartment,Unemployed,90000.0,0
415083,Cash loans,550980.0,40221.0,M,41.0,Married,House / apartment,Working,180000.0,0
300068,Cash loans,835605.0,24561.0,F,37.0,Married,House / apartment,Unemployed,67500.0,0
330579,Cash loans,808650.0,23773.5,F,56.0,Single / not married,House / apartment,Working,157500.0,0
326373,Cash loans,755190.0,36328.5,M,34.0,Married,House / apartment,Businessman,216000.0,0
101567,Revolving loans,450000.0,22500.0,F,55.0,Married,House / apartment,Working,180000.0,0
283605,Cash loans,226152.0,10089.0,F,27.0,Civil marriage,House / apartment,Working,157500.0,0
341927,Cash loans,540000.0,17550.0,F,47.0,Married,House / apartment,Working,193500.0,0
371772,Revolving loans,270000.0,13500.0,M,32.0,Married,House / apartment,Working,211500.0,0
347668,Cash loans,218016.0,15993.0,F,54.0,Single / not married,House / apartment,Working,225000.0,0
105321,Cash loans,312768.0,15174.0,F,65.0,Widow,House / apartment,Unemployed,67500.0,0
427866,Cash loans,292005.0,20893.5,F,55.0,Civil marriage,House / apartment,Unemployed,112500.0,0
192069,Cash loans,1282500.0,35266.5,F,64.0,Married,House / apartment,Working,171000.0,0
418320,Cash loans,90000.0,8383.5,F,33.0,Married,House / apartment,Unemployed,72000.0,1
191176,Cash loans,350581.5,41737.5,M,41.0,Married,House / apartment,Businessman,225000.0,0
341328,Cash loans,182016.0,10008.0,F,29.0,Civil marriage,House / apartment,Unemployed,148500.0,0
215510,Cash loans,834048.0,27562.5,F,,Married,House / apartment,Working,135000.0,0
277237,Cash loans,1215000.0,62910.0,F,56.0,Married,House / apartment,Businessman,225000.0,0
100646,Cash loans,640080.0,31261.5,M,42.0,Married,House / apartment,Businessman,216000.0,1
363406,Cash loans,630000.0,18549.0,F,58.0,Widow,House / apartment,Unemployed,135000.0,0
114613,Cash loans,691020.0,20335.5,F,30.0,Civil marriage,House / apartment,Unemployed,112500.0,0
420588,Cash loans,254700.0,15709.5,F,66.0,Single / not married,House / apartment,Working,225000.0,0
441129,Cash loans,1288350.0,37800.0,F,43.0,Married,House / apartment,Unemployed,180000.0,0
192002,Cash loans,1236816.0,36292.5,F,54.0,Married,House / apartment,Working,135000.0,0
357859,Cash loans,808650.0,23305.5,F,56.0,Married,House / apartment,Unemployed,85500.0,0
115247,Cash loans,203760.0,22072.5,F,34.0,Married,House / apartment,Working,157500.0,0
275628,Cash loans,189000.0,9220.5,M,25.0,Single / not married,Rented apartment,Unemployed,103500.0,0
265189,Cash loans,1190340.0,66595.5,M,41.0,Married,House / apartment,Working,405000.0,0
180586,Revolving loans,360000.0,18000.0,F,31.0,Single / not married,Co-op apartment,Working,180000.0,0
322415,Cash loans,1066320.0,38430.0,F,48.0,Married,House / apartment,Working,135000.0,0
343798,Cash loans,521280.0,35392.5,F,37.0,Married,House / apartment,Working,72000.0,1
325096,Cash loans,263686.5,28525.5,M,25.0,Single / not married,House / apartment,Working,112500.0,0
357968,Revolving loans,337500.0,16875.0,F,51.0,Married,House / apartment,Working,202050.0,0
385657,Cash loans,412942.5,26518.5,F,35.0,Married,With parents,Businessman,216000.0,0
282461,Cash loans,270000.0,25897.5,F,45.0,Married,House / apartment,Working,130572.0,0
418583,Cash loans,900000.0,38133.0,M,34.0,Married,House / apartment,Working,180000.0,0
320983,Cash loans,755190.0,36459.0,M,47.0,Separated,House / apartment,Businessman,247500.0,0
103450,Cash loans,697500.0,40909.5,F,35.0,Married,House / apartment,Businessman,202500.0,0
195388,Cash loans,215865.0,21478.5,F,46.0,Married,House / apartment,Unemployed,67500.0,0
125803,Cash loans,261000.0,27535.5,F,53.0,Single / not married,House / apartment,Businessman,292500.0,0
274757,Cash loans,848745.0,46044.0,F,27.0,Married,With parents,Businessman,202500.0,1
364073,Cash loans,568800.0,17307.0,F,58.0,Married,House / apartment,Working,112500.0,1
389950,Revolving loans,180000.0,9000.0,M,28.0,Married,House / apartment,Unemployed,90000.0,0
190853,Cash loans,450000.0,30573.0,M,36.0,Married,House / apartment,Businessman,292500.0,0
369331,Cash loans,454500.0,27805.5,F,25.0,Married,With parents,Working,180000.0,0
180083,Cash loans,685386.0,54148.5,M,47.0,Married,House / apartment,Businessman,279000.0,1
160460,Cash loans,279000.0,12289.5,F,55.0,Married,House / apartment,Unemployed,121500.0,0
297409,Cash loans,269550.0,18364.5,F,57.0,Married,House / apartment,Businessman,292500.0,1
148660,Cash loans,101880.0,5818.5,F,64.0,Widow,House / apartment,Unemployed,45000.0,0
346284,Cash loans,339241.5,16627.5,M,28.0,Single / not married,House / apartment,Unemployed,90000.0,0
393701,Cash loans,454500.0,23206.5,F,34.0,Married,House / apartment,Unemployed,99000.0,0
197548,Cash loans,1350000.0,35743.5,F,56.0,Civil marriage,House / apartment,Businessman,337500.0,0
101739,Cash loans,1293502.5,35698.5,M,45.0,Married,House / apartment,Working,157500.0,0
239614,Cash loans,1800000.0,49500.0,M,41.0,Married,House / apartment,Working,382500.0,0
132471,Cash loans,755190.0,35122.5,F,29.0,Single / not married,House / apartment,Businessman,292500.0,0
446559,Cash loans,1035832.5,30415.5,F,57.0,Single / not married,Municipal apartment,,157500.0,0
236531,Cash loans,269550.0,16285.5,M,57.0,Married,House / apartment,Unemployed,112500.0,0
398570,Cash loans,545040.0,26640.0,M,43.0,Married,Office apartment,Unemployed,324000.0,0
138702,Cash loans,753840.0,22171.5,F,63.0,Married,House / apartment,Unemployed,103500.0,0
243596,Cash loans,983299.5,39127.5,M,47.0,Married,House / apartment,Working,270000.0,0
162188,Cash loans,112500.0,11254.5,F,35.0,Separated,House / apartment,Working,180000.0,0
207576,Cash loans,1024290.0,36418.5,M,23.0,Single / not married,House / apartment,Businessman,405000.0,1
195140,Cash loans,610335.0,20299.5,F,52.0,Separated,House / apartment,Working,135000.0,0
254299,Cash loans,895500.0,29592.0,F,28.0,Civil marriage,House / apartment,Businessman,247500.0,0
159005,Cash loans,1494324.0,43821.0,F,62.0,Married,House / apartment,,112500.0,0
418919,Cash loans,967428.0,28417.5,M,46.0,Single / not married,House / apartment,Businessman,202500.0,0
299887,Cash loans,1095111.0,58477.5,M,39.0,Separated,With parents,Businessman,360000.0,0
141001,Cash loans,252531.0,19008.0,F,56.0,Married,Municipal apartment,Working,112500.0,0
401208,Cash loans,117162.0,6669.0,M,64.0,Married,House / apartment,Unemployed,42750.0,0
240273,Cash loans,,30357.0,M,49.0,Married,House / apartment,Working,157500.0,0
152471,Cash loans,509400.0,40374.0,M,30.0,Single / not married,House / apartment,Working,180000.0,0
341741,Cash loans,325908.0,19822.5,M,40.0,Civil marriage,House / apartment,Working,135000.0,1
240848,Cash loans,450000.0,22977.0,F,25.0,Civil marriage,House / apartment,Businessman,225000.0,1
401081,Cash loans,135000.0,14670.0,M,28.0,Single / not married,House / apartment,Businessman,252000.0,0
187261,Cash loans,450000.0,16807.5,M,43.0,Married,House / apartment,Unemployed,135000.0,0
354536,Cash loans,450000.0,19197.0,F,39.0,Married,House / apartment,Unemployed,101250.0,0
216529,Cash loans,225000.0,11430.0,F,64.0,Widow,House / apartment,Businessman,238500.0,0
211674,Cash loans,355536.0,19287.0,M,34.0,Single / not married,House / apartment,Working,157500.0,0
310602,Cash loans,327024.0,21982.5,F,36.0,Married,House / apartment,Working,135000.0,0
299119,Cash loans,755190.0,36459.0,M,43.0,Married,House / apartment,Businessman,270000.0,0
270035,Cash loans,,22531.5,F,,Married,Rented apartment,Working,90000.0,0
150212,Cash loans,755190.0,36459.0,M,29.0,Married,House / apartment,Unemployed,67500.0,0
360945,Cash loans,,15106.5,F,30.0,Civil marriage,House / apartment,Working,112500.0,0
167489,Cash loans,270000.0,13716.0,F,,Married,House / apartment,Unemployed,70200.0,0
133159,Cash loans,675000.0,24930.0,F,41.0,Married,House / apartment,Working,180000.0,0
136142,Cash loans,1080000.0,28620.0,M,25.0,Civil marriage,With parents,Working,180000.0,0
190579,Cash loans,274500.0,22135.5,M,56.0,Married,House / apartment,Businessman,270000.0,0
210268,Cash loans,284400.0,13833.0,F,32.0,Married,With parents,Unemployed,54000.0,1
451929,Cash loans,1327500.0,56245.5,M,35.0,Single / not married,House / apartment,Working,180000.0,0
189404,Cash loans,148365.0,10548.0,M,55.0,Married,House / apartment,Unemployed,76500.0,0
430474,Revolving loans,157500.0,7875.0,M,37.0,Married,House / apartment,Businessman,225000.0,0
168535,Cash loans,832500.0,33147.0,M,49.0,Married,House / apartment,Working,135000.0,0
401151,Cash loans,917451.0,30451.5,F,55.0,Widow,House / apartment,Working,178200.0,0
195180,Cash loans,284400.0,16456.5,F,66.0,Married,House / apartment,Unemployed,81000.0,0
377371,Cash loans,297000.0,21739.5,M,34.0,Single / not married,With parents,Businessman,202500.0,0
344903,Cash loans,900000.0,26316.0,M,35.0,Married,Municipal apartment,Working,180000.0,0
362259,Cash loans,1304064.0,46971.0,F,52.0,Civil marriage,House / apartment,Businessman,270000.0,0
409763,Cash loans,553806.0,26770.5,F,51.0,Married,House / apartment,Working,112500.0,0
251780,Cash loans,1528200.0,53118.0,F,35.0,Married,House / apartment,Working,180000.0,0
123149,Cash loans,558706.5,43236.0,M,56.0,Married,House / apartment,Businessman,202500.0,0
259139,Cash loans,284400.0,20740.5,F,41.0,Separated,House / apartment,Businessman,202500.0,0
376215,Cash loans,846387.0,30114.0,F,41.0,Married,House / apartment,Working,135000.0,0
366960,Cash loans,808650.0,24732.0,F,60.0,Married,House / apartment,,202500.0,0
183717,Cash loans,284256.0,30744.0,M,52.0,Married,House / apartment,Businessman,225000.0,1
403759,Cash loans,1288350.0,35428.5,M,38.0,Married,House / apartment,Working,157500.0,0
246572,Revolving loans,270000.0,13500.0,F,37.0,Married,House / apartment,Working,157500.0,0
257853,Cash loans,354276.0,12852.0,F,59.0,Single / not married,House / apartment,Working,72000.0,0
334293,Cash loans,117000.0,7947.0,F,35.0,Married,House / apartment,Unemployed,45000.0,0
278996,Cash loans,1260702.0,39582.0,M,54.0,Married,House / apartment,,180000.0,0
157532,Cash loans,495882.0,39177.0,F,53.0,Married,House / apartment,Unemployed,90000.0,0
129584,Cash loans,1266048.0,53770.5,F,65.0,Married,House / apartment,Working,225000.0,0
317848,Cash loans,536917.5,22878.0,F,58.0,Separated,House / apartment,Unemployed,171000.0,0
450522,Cash loans,454500.0,45999.0,F,65.0,Single / not married,Co-op apartment,Unemployed,157500.0,0
399485,Cash loans,354469.5,24133.5,F,21.0,Single / not married,House / apartment,Unemployed,90000.0,0
318245,Cash loans,808650.0,26086.5,M,31.0,Single / not married,House / apartment,Unemployed,157500.0,0
323708,Cash loans,1125000.0,33025.5,F,61.0,Married,House / apartment,Unemployed,76500.0,1
341073,Cash loans,1259626.5,50085.0,F,33.0,Married,House / apartment,Working,270000.0,0
254131,Cash loans,891072.0,37881.0,F,45.0,Single / not married,House / apartment,Working,292500.0,0
359214,Cash loans,745429.5,39712.5,F,47.0,Single / not married,House / apartment,Working,193500.0,0
194930,Cash loans,454500.0,13419.0,M,65.0,Married,House / apartment,Working,94500.0,0
301701,Cash loans,1057266.0,44793.0,F,36.0,Married,House / apartment,Working,121500.0,0
402947,Cash loans,781920.0,25101.0,F,59.0,Married,House / apartment,Unemployed,76500.0,0
197832,Cash loans,1096020.0,56092.5,F,57.0,Married,House / apartment,Unemployed,90000.0,0
115224,Cash loans,1208304.0,51322.5,F,42.0,Civil marriage,House / apartment,Businessman,225000.0,0
341880,Revolving loans,157500.0,7875.0,M,33.0,Married,House / apartment,Unemployed,67500.0,0
351752,Cash loans,312768.0,17595.0,F,60.0,Married,House / apartment,Unemployed,90000.0,0
288711,Cash loans,263686.5,25816.5,,41.0,Widow,House / apartment,,171000.0,0
320918,Cash loans,485640.0,33799.5,F,64.0,Widow,House / apartment,Businessman,238500.0,0
419195,Cash loans,1546020.0,45333.0,F,44.0,Married,House / apartment,Businessman,247500.0,0
408593,Cash loans,835380.0,31950.0,F,33.0,Married,House / apartment,Businessman,225000.0,0
121724,Cash loans,614475.0,22198.5,F,63.0,Married,House / apartment,Businessman,225000.0,0
410255,Cash loans,454500.0,27936.0,M,51.0,Married,House / apartment,Working,135000.0,0
176838,Cash loans,808650.0,31464.0,M,46.0,Married,House / apartment,Businessman,288000.0,0
403335,Cash loans,454500.0,19255.5,F,33.0,Married,With parents,Working,135000.0,0
320822,Cash loans,610335.0,25785.0,F,33.0,Married,House / apartment,Unemployed,103500.0,0
430613,Cash loans,1288350.0,37800.0,M,34.0,Married,House / apartment,Businessman,225000.0,0
410809,Cash loans,906228.0,33714.0,F,56.0,Single / not married,House / apartment,Unemployed,99000.0,0
423252,Cash loans,234324.0,15655.5,M,24.0,Married,Municipal apartment,Unemployed,121500.0,0
394680,Cash loans,840951.0,33480.0,M,38.0,Married,House / apartment,Unemployed,180000.0,0
430068,Cash loans,346500.0,23283.0,M,28.0,Married,House / apartment,Unemployed,157500.0,0
248515,Cash loans,1066608.0,35379.0,F,35.0,Civil marriage,House / apartment,Unemployed,247500.0,0
423339,Cash loans,417024.0,22752.0,F,27.0,Married,House / apartment,Unemployed,90000.0,0
383819,Revolving loans,405000.0,20250.0,F,53.0,Married,House / apartment,Unemployed,135000.0,0
388691,Cash loans,755190.0,33394.5,F,63.0,Married,House / apartment,Unemployed,90000.0,1
307998,Cash loans,392427.0,28566.0,M,23.0,Married,House / apartment,Businessman,225000.0,0
191595,Cash loans,50940.0,5089.5,F,67.0,Widow,House / apartment,Working,153000.0,0
175220,Cash loans,225000.0,17775.0,F,26.0,Single / not married,With parents,Working,135000.0,0
319339,Cash loans,450000.0,22860.0,F,52.0,Single / not married,House / apartment,Working,263655.0,0
215119,Cash loans,808650.0,26217.0,F,45.0,Single / not married,House / apartment,Unemployed,180000.0,0
190974,Cash loans,640080.0,29970.0,M,64.0,Married,Office apartment,Working,117000.0,0
340073,Cash loans,284400.0,18643.5,F,32.0,Civil marriage,House / apartment,Unemployed,99000.0,0
429793,Cash loans,325908.0,17811.0,F,31.0,Married,With parents,Working,315000.0,0
364101,Cash loans,176328.0,10251.0,F,,Single / not married,House / apartment,Working,180000.0,0
123858,Cash loans,640080.0,24259.5,F,37.0,Married,House / apartment,Working,225000.0,0
101660,Cash loans,381528.0,14512.5,F,59.0,Single / not married,House / apartment,Working,112500.0,0
351449,Cash loans,62361.0,6547.5,M,50.0,Widow,House / apartment,Unemployed,90000.0,0
300968,Cash loans,343800.0,16155.0,M,56.0,Married,Municipal apartment,Working,112500.0,1
296249,Cash loans,81000.0,7555.5,F,35.0,Single / not married,House / apartment,Unemployed,90000.0,0
206849,Cash loans,1185120.0,46120.5,F,54.0,Married,House / apartment,Businessman,216000.0,0
414048,Cash loans,360000.0,17509.5,M,28.0,Single / not married,With parents,Businessman,225000.0,0
321998,Revolving loans,540000.0,27000.0,M,43.0,Married,House / apartment,Businessman,225000.0,0
394912,Revolving loans,270000.0,13500.0,M,35.0,Married,House / apartment,Unemployed,157500.0,0
337184,Cash loans,269550.0,18364.5,F,39.0,Married,House / apartment,Unemployed,90000.0,0
167356,Cash loans,1078200.0,31522.5,F,55.0,Widow,House / apartment,Working,198000.0,0
340152,Cash loans,1467612.0,55899.0,F,49.0,Married,House / apartment,Working,157500.0,0
205865,Cash loans,1345500.0,37129.5,F,60.0,Married,House / apartment,Unemployed,135000.0,0
345620,Cash loans,373500.0,17541.0,F,41.0,Married,House / apartment,Working,157500.0,0
204110,Cash loans,157500.0,16137.0,F,46.0,Married,House / apartment,Unemployed,67500.0,0
162311,Cash loans,1162170.0,34110.0,M,23.0,Civil marriage,House / apartment,Working,180000.0,1
367900,Cash loans,742284.0,45540.0,F,24.0,Married,House / apartment,Unemployed,126000.0,0
310437,Cash loans,167895.0,16483.5,F,60.0,Widow,House / apartment,Unemployed,49500.0,0
323166,Cash loans,675000.0,32602.5,F,49.0,Separated,House / apartment,Working,157500.0,0
380387,Cash loans,1288350.0,37669.5,F,61.0,Married,House / apartment,Working,157500.0,0
102477,Cash loans,1133748.0,33277.5,M,47.0,Married,House / apartment,Businessman,270000.0,0
323767,Cash loans,621000.0,24192.0,M,40.0,Married,House / apartment,Working,157500.0,0
109724,Cash loans,454500.0,14661.0,F,58.0,Married,Municipal apartment,Unemployed,90000.0,0
195294,Cash loans,508495.5,24592.5,M,54.0,Married,House / apartment,Working,157500.0,0
185843,Cash loans,241618.5,24025.5,F,39.0,Separated,House / apartment,Working,112500.0,0
257339,Cash loans,1113840.0,57001.5,F,31.0,Married,Municipal apartment,Businessman,360000.0,0
106376,Cash loans,545040.0,28894.5,,42.0,Married,House / apartment,Working,225000.0,0
335033,Cash loans,199152.0,10930.5,F,57.0,Married,House / apartment,Businessman,225000.0,0
194823,Cash loans,373311.0,15943.5,F,62.0,Married,House / apartment,Unemployed,58500.0,0
255133,Cash loans,254700.0,14620.5,F,67.0,Widow,House / apartment,Unemployed,67500.0,0
152094,Cash loans,168102.0,18234.0,M,30.0,Married,House / apartment,Businessman,202500.0,0
117787,Revolving loans,225000.0,11250.0,M,36.0,Married,House / apartment,Businessman,270000.0,0
407863,Cash loans,1980000.0,64912.5,M,25.0,Single / not married,House / apartment,Businessman,409500.0,0
383981,Cash loans,112500.0,12244.5,M,36.0,Married,House / apartment,Working,112500.0,0
129243,Cash loans,1078200.0,31653.0,F,31.0,Married,House / apartment,Working,112500.0,0
149478,Cash loans,1546020.0,40914.0,F,36.0,Married,House / apartment,Working,135000.0,0
417286,Revolving loans,225000.0,11250.0,M,33.0,Married,House / apartment,Unemployed,90000.0,0
260955,Cash loans,,32746.5,M,40.0,Married,Office apartment,Working,157500.0,0
281139,Cash loans,1125000.0,60070.5,F,48.0,Married,House / apartment,Working,180000.0,0
327487,Cash loans,91692.0,9063.0,M,61.0,Married,House / apartment,Unemployed,90000.0,0
252942,Cash loans,288873.0,18936.0,F,28.0,Single / not married,With parents,Working,112500.0,0
266809,Cash loans,197820.0,13765.5,F,65.0,Married,House / apartment,Unemployed,90000.0,0
259280,Cash loans,781695.0,22986.0,F,52.0,Married,House / apartment,Unemployed,94500.0,0
329231,Cash loans,592560.0,22698.0,M,41.0,Married,House / apartment,Businessman,225000.0,0
423233,Cash loans,1113840.0,44172.0,F,53.0,Married,House / apartment,Working,135000.0,0
209382,Cash loans,325908.0,19822.5,,31.0,Civil marriage,House / apartment,Working,112500.0,0
309736,Cash loans,196677.0,19287.0,F,68.0,Single / not married,House / apartment,Unemployed,94500.0,0
314562,Cash loans,450000.0,22977.0,F,35.0,Married,House / apartment,Working,135000.0,0
144717,Cash loans,1259545.5,122832.0,M,46.0,Married,House / apartment,,810000.0,0
308161,Cash loans,284400.0,10849.5,M,27.0,Married,With parents,Businessman,202500.0,0
178611,Cash loans,622188.0,20691.0,F,64.0,Widow,House / apartment,Working,162000.0,0
140837,Cash loans,364896.0,16200.0,F,60.0,Married,House / apartment,Working,90000.0,0
371796,Cash loans,450000.0,36211.5,M,27.0,Single / not married,House / apartment,Working,157500.0,1
292812,Cash loans,1546020.0,45333.0,F,64.0,Married,House / apartment,Working,148500.0,0
152894,Cash loans,953460.0,73917.0,F,27.0,Married,House / apartment,Working,180000.0,0
260664,Cash loans,521280.0,41926.5,M,28.0,Married,House / apartment,Working,180000.0,0
251944,Cash loans,675000.0,26901.0,F,44.0,Single / not married,House / apartment,Unemployed,72000.0,0
296836,Cash loans,1125000.0,36423.0,F,29.0,Married,With parents,Unemployed,180000.0,0
239498,Cash loans,755190.0,36459.0,F,36.0,Married,House / apartment,Unemployed,202500.0,0
317758,Cash loans,323194.5,18684.0,F,42.0,Single / not married,House / apartment,Unemployed,90000.0,0
296226,Cash loans,1078200.0,31653.0,F,47.0,Married,House / apartment,Working,135000.0,1
311084,Cash loans,446787.0,35820.0,M,30.0,Single / not married,House / apartment,Working,225000.0,0
354999,Cash loans,942300.0,30528.0,M,31.0,Married,Municipal apartment,Unemployed,180000.0,0
424461,Cash loans,1223010.0,48631.5,F,35.0,Married,House / apartment,Working,157500.0,0
272034,Cash loans,500490.0,52555.5,F,39.0,Single / not married,House / apartment,Businessman,315000.0,0
405983,Cash loans,2931660.0,74241.0,M,,Civil marriage,House / apartment,Businessman,652500.0,0
352378,Cash loans,616846.5,45018.0,F,40.0,Civil marriage,House / apartment,Working,180000.0,0
102064,Revolving loans,157500.0,7875.0,F,27.0,Civil marriage,House / apartment,Unemployed,99000.0,0
258238,Cash loans,916470.0,26928.0,M,58.0,Married,House / apartment,Working,157500.0,0
273485,Cash loans,183294.0,14521.5,M,27.0,Single / not married,House / apartment,Unemployed,180000.0,0
119188,Cash loans,450000.0,44509.5,F,36.0,Married,House / apartment,Working,135000.0,0
145813,Cash loans,900000.0,46084.5,,46.0,Married,House / apartment,Working,180000.0,0
383885,Revolving loans,1350000.0,67500.0,F,61.0,Married,House / apartment,Working,157500.0,0
304170,Cash loans,284400.0,13963.5,F,29.0,Separated,House / apartment,Unemployed,67500.0,0
203783,Cash loans,755190.0,36459.0,F,35.0,Married,House / apartment,Businessman,247500.0,0
279976,Cash loans,251280.0,17127.0,F,50.0,Married,House / apartment,Unemployed,81000.0,0
199173,Cash loans,1030680.0,65997.0,F,43.0,Separated,House / apartment,,427500.0,0
339821,Cash loans,497520.0,27909.0,F,63.0,Married,House / apartment,Working,90000.0,0
325967,Revolving loans,270000.0,13500.0,F,45.0,Single / not married,Municipal apartment,Working,180000.0,0
192766,Cash loans,441000.0,21447.0,,31.0,Separated,House / apartment,Working,180000.0,0
195446,Cash loans,213948.0,12073.5,F,66.0,Widow,House / apartment,Unemployed,90000.0,0
103834,Cash loans,728460.0,40806.0,M,,Civil marriage,House / apartment,Working,135000.0,0
226518,Cash loans,282690.0,14562.0,F,31.0,Married,House / apartment,Unemployed,112500.0,0
338635,Revolving loans,180000.0,9000.0,F,21.0,Single / not married,House / apartment,Working,112500.0,0
101433,Cash loans,751500.0,27121.5,F,59.0,Married,House / apartment,Businessman,315000.0,0
290666,Cash loans,450000.0,36211.5,F,50.0,Single / not married,House / apartment,Businessman,337500.0,0
233906,Cash loans,1546020.0,45198.0,F,57.0,Married,House / apartment,Working,202500.0,1
176014,Cash loans,540000.0,17550.0,F,36.0,Married,House / apartment,Unemployed,81000.0,0
403081,Cash loans,170640.0,11533.5,F,29.0,Single / not married,With parents,Working,112500.0,0
138140,Cash loans,225000.0,14778.0,M,30.0,Single / not married,House / apartment,Working,225000.0,0
243000,Cash loans,790830.0,57546.0,F,29.0,Married,House / apartment,Working,225000.0,1
246840,Cash loans,269550.0,24723.0,M,25.0,Married,House / apartment,Businessman,225000.0,0
215788,Cash loans,90000.0,3555.0,F,37.0,Married,House / apartment,Unemployed,85500.0,0
402990,Cash loans,781920.0,25542.0,F,63.0,Married,House / apartment,Unemployed,90000.0,0
120972,Cash loans,402696.0,40365.0,M,26.0,Married,House / apartment,Working,180000.0,0
216019,Cash loans,553806.0,21222.0,M,55.0,Married,House / apartment,Working,135000.0,0
110000,Cash loans,364896.0,15457.5,F,55.0,Separated,House / apartment,Working,270000.0,0
439612,Cash loans,1288350.0,37800.0,M,57.0,Married,House / apartment,Businessman,225000.0,0
300803,Cash loans,71955.0,8536.5,M,34.0,Married,House / apartment,Unemployed,180000.0,0
295329,Cash loans,578979.0,27981.0,M,34.0,Married,House / apartment,Working,121500.0,0
252548,Cash loans,1646316.0,45270.0,M,52.0,Married,Municipal apartment,Working,180000.0,0
282077,Cash loans,679500.0,21919.5,F,50.0,Married,House / apartment,Working,180000.0,0
124642,Cash loans,675000.0,21906.0,M,43.0,Married,House / apartment,Unemployed,180000.0,0
234088,Cash loans,675000.0,32602.5,F,43.0,Married,House / apartment,Unemployed,135000.0,0
274288,Cash loans,481495.5,33511.5,F,39.0,Married,House / apartment,Working,135000.0,0
127898,Cash loans,1288350.0,41692.5,F,59.0,Married,House / apartment,Working,45000.0,0
131478,Cash loans,155965.5,7582.5,M,36.0,Married,House / apartment,Unemployed,58500.0,0
181858,Cash loans,1125171.0,41697.0,M,44.0,Married,House / apartment,Working,135000.0,0
427251,Cash loans,1024290.0,30078.0,M,65.0,Married,House / apartment,Unemployed,83250.0,0
166519,Cash loans,508495.5,21672.0,F,40.0,Married,House / apartment,Working,67500.0,0
106991,Cash loans,572292.0,20556.0,F,36.0,Married,House / apartment,Working,157500.0,0
433548,Cash loans,497520.0,36184.5,M,35.0,Married,House / apartment,Businessman,225000.0,0
451134,Cash loans,375322.5,16029.0,F,55.0,Civil marriage,House / apartment,Working,135000.0,0
307285,Cash loans,566055.0,16681.5,F,60.0,Married,House / apartment,Unemployed,135000.0,0
212698,Cash loans,1174090.5,46692.0,F,49.0,Married,House / apartment,Unemployed,90000.0,0
276385,Cash loans,646920.0,18670.5,F,58.0,Married,House / apartment,Unemployed,72000.0,0
228221,Cash loans,1125000.0,33025.5,F,38.0,Separated,House / apartment,Working,157500.0,0
330748,Cash loans,1800000.0,62698.5,F,40.0,Civil marriage,House / apartment,Businessman,225000.0,0
155348,Cash loans,1248030.0,41377.5,M,31.0,Single / not married,House / apartment,Working,135000.0,0
252720,Cash loans,152820.0,15111.0,,67.0,Married,House / apartment,Unemployed,157500.0,0
245516,Cash loans,1019610.0,33826.5,F,44.0,Married,House / apartment,Working,157500.0,0
422676,Revolving loans,337500.0,16875.0,M,53.0,Married,House / apartment,Working,157500.0,0
456158,Revolving loans,450000.0,22500.0,M,33.0,Married,House / apartment,,234000.0,0
237832,Cash loans,953010.0,48789.0,F,50.0,Single / not married,House / apartment,Businessman,202500.0,0
180019,Cash loans,544491.0,16047.0,F,44.0,Married,House / apartment,Unemployed,103500.0,1
174042,Cash loans,1258650.0,53455.5,M,37.0,Married,Office apartment,Unemployed,450000.0,0
426884,Cash loans,536917.5,19413.0,F,39.0,Married,House / apartment,Businessman,225000.0,0
428974,Cash loans,225000.0,11619.0,F,,Married,House / apartment,Unemployed,90000.0,0
254004,Cash loans,900000.0,38263.5,M,37.0,Married,House / apartment,Businessman,360000.0,0
327312,Cash loans,231813.0,11965.5,F,32.0,Married,House / apartment,,81000.0,0
351488,Cash loans,450000.0,21109.5,M,30.0,Married,House / apartment,Businessman,270000.0,0
102365,Revolving loans,270000.0,13500.0,F,21.0,Single / not married,House / apartment,Businessman,225000.0,0
456127,Cash loans,183384.0,19588.5,M,38.0,Married,Municipal apartment,Working,157500.0,0
397929,Cash loans,1096020.0,56092.5,M,39.0,Married,House / apartment,Businessman,202500.0,0
449858,Cash loans,225000.0,17905.5,M,25.0,Single / not married,With parents,Working,135000.0,0
177541,Cash loans,743031.0,39717.0,M,44.0,Married,House / apartment,Businessman,225000.0,0
133434,Cash loans,956574.0,40527.0,M,56.0,Separated,Municipal apartment,Working,157500.0,0
114820,Cash loans,607041.0,29331.0,F,36.0,Married,House / apartment,Unemployed,112500.0,0
216187,Cash loans,540000.0,17550.0,M,47.0,Single / not married,House / apartment,Working,112500.0,0
382941,Cash loans,450000.0,22977.0,F,27.0,Married,House / apartment,Working,157500.0,0
217447,Cash loans,825853.5,47542.5,F,62.0,Married,House / apartment,Businessman,450000.0,0
291841,Cash loans,485640.0,38263.5,F,29.0,Married,House / apartment,Businessman,229500.0,0
302661,Cash loans,1800000.0,62568.0,M,,Married,House / apartment,Businessman,220500.0,0
352248,Cash loans,675000.0,26770.5,F,59.0,Married,House / apartment,Unemployed,72000.0,0
223160,Cash loans,396000.0,28813.5,F,23.0,Married,House / apartment,Unemployed,81000.0,1
242560,Cash loans,760500.0,40518.0,M,45.0,Married,House / apartment,Working,369000.0,0
293856,Cash loans,454500.0,16321.5,M,39.0,Married,House / apartment,Unemployed,193500.0,0
268454,Revolving loans,270000.0,13500.0,F,43.0,Married,House / apartment,Working,135000.0,0
334126,Cash loans,1525482.0,40369.5,F,46.0,Married,House / apartment,Working,157500.0,0
291081,Cash loans,1023966.0,30069.0,F,,Civil marriage,Office apartment,Working,157500.0,0
121249,Cash loans,679500.0,19998.0,F,48.0,Married,House / apartment,Businessman,225000.0,0
195498,Cash loans,1003500.0,33291.0,F,41.0,Married,House / apartment,Unemployed,90000.0,0
308879,Cash loans,770292.0,34938.0,F,32.0,Married,House / apartment,Working,126000.0,0
277606,Cash loans,508495.5,20295.0,F,64.0,Widow,House / apartment,Unemployed,63000.0,0
281115,Cash loans,327024.0,21028.5,F,50.0,Single / not married,House / apartment,Unemployed,108000.0,0
245445,Cash loans,164952.0,13162.5,F,36.0,Civil marriage,House / apartment,Unemployed,90000.0,1
136831,Cash loans,497520.0,28692.0,M,68.0,Separated,House / apartment,Businessman,247500.0,0
168504,Cash loans,229500.0,12577.5,M,28.0,Single / not married,Co-op apartment,Working,112500.0,0
284823,Cash loans,180000.0,8388.0,M,56.0,Civil marriage,Rented apartment,Working,90000.0,0
187570,Cash loans,675000.0,32472.0,F,33.0,Married,House / apartment,Businessman,270000.0,0
164879,Cash loans,417024.0,21289.5,M,32.0,Civil marriage,House / apartment,Unemployed,135000.0,0
167575,Cash loans,508500.0,16533.0,M,43.0,Married,House / apartment,Unemployed,139500.0,0
371402,Cash loans,299772.0,16866.0,F,48.0,Widow,House / apartment,Unemployed,67500.0,0
223722,Cash loans,508495.5,22396.5,F,55.0,Married,House / apartment,,74250.0,0
400853,Cash loans,323388.0,34956.0,M,50.0,Married,House / apartment,Businessman,225000.0,0
340135,Cash loans,450000.0,16965.0,F,40.0,Married,House / apartment,Working,54000.0,0
385956,Cash loans,1125000.0,32895.0,F,39.0,Civil marriage,House / apartment,Working,360000.0,0
437873,Cash loans,566055.0,18256.5,M,42.0,Married,House / apartment,Working,112500.0,0
107654,Revolving loans,135000.0,6750.0,F,41.0,Married,House / apartment,,31500.0,0
351927,Revolving loans,225000.0,11250.0,F,23.0,Civil marriage,With parents,Working,180000.0,0
172164,Cash loans,1467612.0,62311.5,M,27.0,Married,House / apartment,Businessman,234000.0,0
134640,Cash loans,337500.0,13027.5,F,65.0,Married,House / apartment,Working,72000.0,0
230278,Cash loans,749349.0,24304.5,F,57.0,Separated,House / apartment,Working,157500.0,0
320857,Revolving loans,225000.0,11250.0,F,36.0,Married,House / apartment,Businessman,225000.0,0
244145,Cash loans,1154520.0,45918.0,F,51.0,Married,House / apartment,Working,157500.0,0
360179,Cash loans,675000.0,32602.5,,47.0,Married,House / apartment,Businessman,382500.0,0
261374,Cash loans,526500.0,28692.0,F,53.0,Civil marriage,House / apartment,Working,162000.0,0
225676,Cash loans,1305000.0,55422.0,M,30.0,Married,House / apartment,Businessman,360000.0,0
216531,Cash loans,643500.0,32985.0,M,33.0,Separated,House / apartment,Unemployed,180000.0,0
222987,Cash loans,477000.0,20074.5,,28.0,Married,House / apartment,Unemployed,67500.0,0
177077,Cash loans,733315.5,39199.5,F,27.0,Single / not married,House / apartment,Unemployed,180000.0,0
205485,Cash loans,148500.0,9922.5,F,45.0,Married,House / apartment,Working,121500.0,0
255635,Cash loans,1460691.0,57928.5,M,55.0,Married,House / apartment,Working,225000.0,0
227622,Cash loans,948582.0,33736.5,M,38.0,Married,House / apartment,,274500.0,0
220398,Cash loans,1042560.0,34587.0,F,52.0,Married,House / apartment,Working,180000.0,0
236768,Revolving loans,270000.0,13500.0,F,63.0,Married,House / apartment,Unemployed,81000.0,1
420687,Cash loans,1467612.0,58203.0,M,35.0,Single / not married,House / apartment,Businessman,292500.0,0
285779,Cash loans,566055.0,18387.0,F,37.0,Married,House / apartment,Unemployed,94500.0,0
295719,Cash loans,278460.0,25668.0,M,,Married,Office apartment,,157500.0,0
119710,Cash loans,593010.0,23107.5,M,41.0,Married,With parents,Businessman,202500.0,0
273531,Cash loans,95940.0,9486.0,M,67.0,Single / not married,House / apartment,Unemployed,63000.0,1
151969,Cash loans,781920.0,25969.5,F,59.0,Single / not married,House / apartment,Businessman,207000.0,0
209942,Revolving loans,585000.0,29250.0,F,45.0,Married,House / apartment,Businessman,225000.0,0
215858,Revolving loans,270000.0,13500.0,M,55.0,Married,House / apartment,Working,225000.0,1
188018,Cash loans,755190.0,36459.0,M,37.0,Married,House / apartment,Working,180000.0,0
420456,Cash loans,810000.0,22275.0,F,26.0,Married,House / apartment,Working,112500.0,0
140936,Cash loans,544491.0,15916.5,F,59.0,Widow,House / apartment,Unemployed,38700.0,0
194380,Cash loans,165915.0,13239.0,F,59.0,Married,House / apartment,Unemployed,157500.0,0
303249,Cash loans,269550.0,20988.0,M,54.0,Married,Co-op apartment,Working,180000.0,0
383598,Cash loans,271957.5,24943.5,M,52.0,Married,House / apartment,Working,117000.0,0
197604,Cash loans,269550.0,13909.5,F,64.0,Widow,House / apartment,Unemployed,81000.0,0
147392,Cash loans,1327500.0,38943.0,M,59.0,Married,House / apartment,Working,360000.0,0
331210,Cash loans,168147.0,13203.0,F,50.0,Single / not married,House / apartment,Businessman,292500.0,0
350615,Cash loans,201024.0,8644.5,F,64.0,Single / not married,House / apartment,Unemployed,90000.0,0
220344,Cash loans,630000.0,32166.0,F,32.0,Single / not married,House / apartment,Businessman,360000.0,0
176969,Cash loans,1113840.0,47322.0,M,33.0,Married,House / apartment,Businessman,540000.0,0
157016,Cash loans,360000.0,19530.0,F,38.0,Married,House / apartment,Working,135000.0,0
198499,Cash loans,533668.5,25803.0,F,43.0,Married,House / apartment,Working,157500.0,0
107936,Cash loans,387000.0,14719.5,F,47.0,Separated,House / apartment,Working,135000.0,0
332101,Cash loans,1039702.5,34488.0,M,58.0,Married,House / apartment,Working,175500.0,0
162826,Cash loans,997335.0,29290.5,F,53.0,Married,House / apartment,Working,157500.0,0
168984,Cash loans,266652.0,21195.0,F,47.0,Married,House / apartment,Working,121500.0,0
323440,Cash loans,152820.0,15111.0,M,49.0,Single / not married,House / apartment,Working,135000.0,0
208739,Cash loans,521280.0,28408.5,F,26.0,Single / not married,House / apartment,Working,112500.0,1
398803,Cash loans,127350.0,13509.0,F,44.0,Single / not married,House / apartment,Working,67500.0,0
342666,Cash loans,485901.0,26487.0,F,46.0,Married,With parents,Working,112500.0,0
125832,Cash loans,521280.0,31630.5,M,46.0,Married,House / apartment,Working,135000.0,1
147807,Cash loans,172021.5,18193.5,M,25.0,Civil marriage,With parents,Unemployed,90000.0,0
358642,Cash loans,561384.0,57654.0,F,27.0,Civil marriage,House / apartment,Working,180000.0,0
117315,Cash loans,738171.0,68440.5,M,33.0,Married,House / apartment,Businessman,450000.0,0
452140,Cash loans,1339884.0,43353.0,F,36.0,Married,House / apartment,Working,180000.0,0
116209,Revolving loans,225000.0,11250.0,F,63.0,Widow,House / apartment,Working,135000.0,0
276393,Cash loans,138474.0,10854.0,F,31.0,Single / not married,House / apartment,Unemployed,81000.0,1
333782,Cash loans,497520.0,33246.0,M,25.0,Civil marriage,House / apartment,Businessman,540000.0,0
215852,Cash loans,299772.0,19647.0,F,27.0,Married,House / apartment,Businessman,202500.0,0
294644,Cash loans,755190.0,35122.5,F,55.0,Married,House / apartment,Working,135000.0,0
160130,Cash loans,835380.0,35523.0,F,33.0,Civil marriage,House / apartment,Working,157500.0,1
370530,Cash loans,900000.0,35694.0,F,62.0,Married,House / apartment,Unemployed,72000.0,0
116230,Cash loans,450000.0,27531.0,F,48.0,Married,House / apartment,Working,144000.0,0
445326,Cash loans,1345500.0,57006.0,M,53.0,Married,House / apartment,Businessman,360000.0,0
433456,Cash loans,315000.0,14814.0,F,29.0,Civil marriage,With parents,Businessman,225000.0,0
358099,Cash loans,269550.0,24853.5,M,26.0,Married,House / apartment,Working,121500.0,0
231673,Cash loans,1610757.0,56119.5,F,62.0,Married,House / apartment,Working,270000.0,0
431185,Cash loans,1293502.5,35698.5,M,,Married,House / apartment,Businessman,202500.0,0
202267,Cash loans,700830.0,20619.0,F,63.0,Married,House / apartment,,67500.0,0
125596,Cash loans,305221.5,11637.0,F,62.0,Married,House / apartment,Working,135000.0,0
444610,Cash loans,1183396.5,77796.0,F,54.0,Married,House / apartment,Businessman,225000.0,0
392442,Cash loans,943425.0,27585.0,M,53.0,Married,House / apartment,Working,157500.0,0
359955,Cash loans,1451047.5,60012.0,,31.0,Single / not married,House / apartment,Businessman,270000.0,0
397407,Cash loans,859500.0,25258.5,F,60.0,Married,House / apartment,Working,189000.0,0
441090,Cash loans,1006920.0,40063.5,M,39.0,Married,House / apartment,Working,157500.0,0
114459,Cash loans,170640.0,9922.5,M,36.0,Married,House / apartment,Working,67500.0,0
309611,Cash loans,508495.5,22527.0,F,,Married,House / apartment,Businessman,202500.0,0
155265,Cash loans,900000.0,29745.0,M,38.0,Married,House / apartment,Unemployed,180000.0,0
150379,Cash loans,1288350.0,41692.5,M,36.0,Married,House / apartment,Working,135000.0,0
156282,Cash loans,239850.0,24705.0,F,67.0,Widow,House / apartment,Working,128250.0,0
404184,Cash loans,152820.0,16344.0,M,35.0,Married,Municipal apartment,Working,112500.0,0
181902,Cash loans,225000.0,22050.0,F,68.0,Married,House / apartment,Working,112500.0,0
450646,Cash loans,904500.0,26577.0,M,41.0,Married,House / apartment,Businessman,270000.0,0
105818,Cash loans,990000.0,29074.5,F,40.0,Widow,House / apartment,Working,180000.0,0
277937,Cash loans,101880.0,10206.0,F,38.0,Separated,House / apartment,,180000.0,0
275304,Cash loans,1223010.0,51948.0,M,44.0,Single / not married,House / apartment,Working,180000.0,0
281073,Cash loans,103500.0,10872.0,F,64.0,Married,House / apartment,Working,135000.0,0
317452,Cash loans,544491.0,17563.5,M,53.0,Civil marriage,House / apartment,Unemployed,40500.0,0
131515,Cash loans,1078200.0,31653.0,F,55.0,Single / not married,House / apartment,Businessman,225000.0,0
172232,Cash loans,990000.0,44293.5,F,60.0,Married,House / apartment,Businessman,202500.0,1
154700,Cash loans,314100.0,13437.0,M,66.0,Married,House / apartment,Businessman,225000.0,0
274746,Cash loans,67500.0,5539.5,M,63.0,Married,House / apartment,Unemployed,81000.0,0
331622,Cash loans,497520.0,32521.5,M,43.0,Married,House / apartment,Unemployed,180000.0,0
182937,Cash loans,756000.0,26914.5,F,41.0,Married,House / apartment,Working,112500.0,0
408724,Cash loans,331834.5,15124.5,,61.0,Married,House / apartment,Working,180000.0,0
451082,Revolving loans,157500.0,7875.0,F,51.0,Married,House / apartment,Unemployed,58500.0,0
214625,Cash loans,2250000.0,61875.0,M,34.0,Married,House / apartment,Businessman,270000.0,0
253456,Cash loans,134775.0,12492.0,F,33.0,Married,House / apartment,Unemployed,99000.0,0
430800,Cash loans,705559.5,46305.0,F,62.0,Married,House / apartment,Working,121500.0,0
285644,Cash loans,808650.0,26217.0,F,39.0,Civil marriage,House / apartment,Unemployed,225000.0,0
327660,Cash loans,765000.0,41499.0,M,35.0,Married,House / apartment,Working,135000.0,1
450572,Cash loans,835744.5,35541.0,M,55.0,Single / not married,House / apartment,Unemployed,180000.0,0
306590,Cash loans,454810.5,48388.5,M,42.0,Married,House / apartment,Unemployed,135000.0,0
116221,Cash loans,459000.0,16861.5,F,49.0,Married,House / apartment,Unemployed,90000.0,0
371272,Cash loans,352044.0,17253.0,F,35.0,Married,House / apartment,Unemployed,45000.0,0
277737,Cash loans,95940.0,9616.5,F,40.0,Married,House / apartment,Unemployed,49500.0,0
135325,Cash loans,225000.0,8082.0,F,38.0,Married,House / apartment,Unemployed,90000.0,0
440353,Cash loans,787131.0,26014.5,F,65.0,Widow,House / apartment,Working,135000.0,0
408131,Revolving loans,180000.0,9000.0,F,39.0,Civil marriage,Office apartment,Unemployed,90000.0,0
370337,Cash loans,1288350.0,37800.0,F,40.0,Married,House / apartment,Businessman,270000.0,0
195027,Revolving loans,270000.0,13500.0,F,31.0,Married,House / apartment,Unemployed,90000.0,0
422147,Revolving loans,270000.0,13500.0,M,41.0,Single / not married,House / apartment,Unemployed,180000.0,0
157579,Cash loans,376078.5,18418.5,F,64.0,Widow,House / apartment,Businessman,202500.0,0
110704,Cash loans,594121.5,32359.5,M,31.0,Civil marriage,House / apartment,Businessman,247500.0,1
367667,Revolving loans,270000.0,13500.0,M,37.0,Married,House / apartment,Businessman,225000.0,0
204562,Cash loans,598486.5,25290.0,F,45.0,Married,House / apartment,Working,135000.0,0
376727,Cash loans,755190.0,32125.5,F,44.0,Civil marriage,House / apartment,Unemployed,112500.0,0
404428,Cash loans,152820.0,9477.0,F,53.0,Separated,House / apartment,Working,157500.0,0
392688,Cash loans,497520.0,36184.5,M,28.0,Single / not married,Co-op apartment,Businessman,202500.0,0
226253,Cash loans,607500.0,34875.0,F,56.0,Married,House / apartment,Working,135000.0,0
178601,Cash loans,1125000.0,33025.5,M,61.0,Married,House / apartment,Unemployed,180000.0,0
264160,Cash loans,219042.0,12703.5,M,48.0,Married,House / apartment,Unemployed,112500.0,0
380640,Cash loans,743031.0,37872.0,F,38.0,Civil marriage,House / apartment,Working,126000.0,0
237046,Cash loans,254700.0,14220.0,F,66.0,Married,House / apartment,Unemployed,90000.0,0
356488,Cash loans,271066.5,21861.0,M,54.0,Civil marriage,House / apartment,Working,135000.0,0
169920,Cash loans,234324.0,15655.5,M,29.0,Single / not married,House / apartment,Working,148500.0,0
390125,Cash loans,269550.0,21739.5,F,34.0,Civil marriage,House / apartment,Unemployed,90000.0,0
312502,Cash loans,,16447.5,F,62.0,Married,House / apartment,Unemployed,112500.0,0
361934,Cash loans,719860.5,48429.0,F,31.0,Married,House / apartment,Working,135000.0,0
439136,Cash loans,450000.0,44509.5,F,42.0,Married,House / apartment,Working,315000.0,0
115786,Cash loans,281493.0,15399.0,F,63.0,Single / not married,House / apartment,Working,166500.0,0
135085,Cash loans,1260000.0,36972.0,F,31.0,Married,House / apartment,Working,157500.0,0
335048,Cash loans,373140.0,39721.5,M,51.0,Married,House / apartment,Working,225000.0,0
172265,Cash loans,1125000.0,32895.0,F,26.0,Married,House / apartment,Unemployed,67500.0,0
264576,Cash loans,760225.5,38947.5,M,50.0,Civil marriage,House / apartment,Working,216000.0,1
246417,Cash loans,1102171.5,46827.0,F,37.0,Married,House / apartment,Working,180000.0,1
109947,Cash loans,327024.0,18391.5,F,55.0,Married,House / apartment,Unemployed,90000.0,0
292877,Revolving loans,270000.0,13500.0,F,56.0,Widow,House / apartment,Businessman,202500.0,0
408402,Cash loans,271066.5,16510.5,M,41.0,Married,House / apartment,Working,126000.0,0
270094,Revolving loans,135000.0,6750.0,F,46.0,Civil marriage,House / apartment,Unemployed,135000.0,1
253220,Cash loans,547344.0,17788.5,F,43.0,Separated,House / apartment,Unemployed,135000.0,0
331251,Cash loans,411813.0,22468.5,M,26.0,Married,House / apartment,,202500.0,1
415266,Cash loans,170640.0,9922.5,F,53.0,Married,House / apartment,Unemployed,63000.0,0
129971,Cash loans,364896.0,24682.5,F,49.0,Married,House / apartment,Unemployed,72000.0,0
225930,Cash loans,1125000.0,47664.0,F,59.0,Married,House / apartment,Unemployed,135000.0,0
448273,Cash loans,526491.0,32337.0,M,30.0,Single / not married,House / apartment,Unemployed,180000.0,0
336406,Cash loans,450000.0,32742.0,F,29.0,Married,House / apartment,Unemployed,67500.0,0
135552,Cash loans,1288350.0,37800.0,M,64.0,Married,House / apartment,Working,112500.0,0
386885,Revolving loans,225000.0,11250.0,M,41.0,Civil marriage,House / apartment,Unemployed,135000.0,0
320087,Cash loans,568057.5,21766.5,F,24.0,Married,House / apartment,Working,157500.0,1
362325,Cash loans,1006920.0,39933.0,F,38.0,Married,House / apartment,,292500.0,0
109176,Revolving loans,202500.0,10125.0,F,52.0,Married,House / apartment,Working,175500.0,0
336036,Cash loans,454500.0,36040.5,F,52.0,Married,House / apartment,Working,171000.0,0
134904,Cash loans,640080.0,31261.5,M,39.0,Married,House / apartment,Businessman,202500.0,1
448598,Cash loans,50940.0,5535.0,M,58.0,Married,House / apartment,Unemployed,85500.0,0
410883,Cash loans,382500.0,21357.0,F,60.0,Married,House / apartment,Unemployed,189000.0,0
313695,Cash loans,540000.0,23917.5,F,56.0,Widow,House / apartment,Unemployed,114750.0,0
276098,Cash loans,313438.5,18121.5,F,61.0,Married,House / apartment,Unemployed,90000.0,0
174100,Cash loans,601470.0,28935.0,F,39.0,Married,House / apartment,Working,112500.0,0
351410,Cash loans,1006920.0,51543.0,M,31.0,Separated,Rented apartment,Working,166500.0,0
352509,Cash loans,225000.0,26833.5,F,51.0,Married,House / apartment,Working,144000.0,1
366723,Revolving loans,765000.0,38250.0,F,45.0,Married,House / apartment,Businessman,270000.0,0
376331,Cash loans,675000.0,32602.5,M,47.0,Married,House / apartment,Working,121500.0,0
291106,Cash loans,814041.0,23931.0,F,64.0,Married,House / apartment,Businessman,202500.0,0
255242,Cash loans,450000.0,21109.5,F,28.0,Married,House / apartment,Working,360000.0,0
100614,Revolving loans,180000.0,9000.0,F,22.0,Single / not married,House / apartment,Unemployed,90000.0,0
201965,Cash loans,1288350.0,37800.0,F,47.0,Civil marriage,House / apartment,Working,270000.0,0
361899,Cash loans,545040.0,26640.0,F,41.0,Married,House / apartment,Unemployed,99000.0,0
255407,Cash loans,263686.5,25425.0,F,46.0,Widow,House / apartment,Unemployed,90000.0,1
129163,Cash loans,679500.0,45724.5,F,40.0,Married,House / apartment,Unemployed,54000.0,0
381065,Cash loans,292500.0,11155.5,F,45.0,Married,House / apartment,Working,112500.0,0
176152,Cash loans,971280.0,51745.5,F,58.0,Married,House / apartment,Unemployed,180000.0,0
123442,Cash loans,675000.0,19737.0,F,,Married,House / apartment,Unemployed,99000.0,0
349569,Cash loans,1056447.0,34209.0,F,46.0,Married,House / apartment,Unemployed,135000.0,0
132602,Cash loans,1078200.0,31653.0,F,40.0,Civil marriage,House / apartment,Businessman,202500.0,0
421579,Cash loans,225000.0,16501.5,F,37.0,Married,House / apartment,Working,135000.0,0
204768,Cash loans,728460.0,74772.0,M,46.0,Married,House / apartment,Businessman,270000.0,0
306540,Cash loans,479700.0,50373.0,M,52.0,Single / not married,House / apartment,Working,315000.0,0
351739,Cash loans,315000.0,20259.0,F,25.0,Single / not married,With parents,Working,157500.0,0
137717,Cash loans,607050.0,32472.0,M,61.0,Married,House / apartment,Working,180000.0,0
193433,Cash loans,779688.0,39937.5,M,22.0,Married,House / apartment,Working,135000.0,0
436850,Cash loans,96786.0,9702.0,F,24.0,Married,House / apartment,Unemployed,67500.0,0
147975,Cash loans,531265.5,24894.0,F,35.0,Married,House / apartment,Unemployed,103500.0,0
149990,Cash loans,562500.0,27189.0,M,48.0,Married,House / apartment,Working,112500.0,1
132333,Cash loans,2517300.0,69354.0,M,33.0,Married,With parents,Businessman,315000.0,0
440382,Cash loans,284400.0,16456.5,M,55.0,Separated,House / apartment,Businessman,225000.0,0
226136,Cash loans,450000.0,35554.5,F,39.0,Separated,House / apartment,Businessman,247500.0,0
450934,Cash loans,1133748.0,33277.5,F,45.0,Married,House / apartment,Unemployed,45000.0,0
246710,Cash loans,870984.0,38493.0,F,56.0,Married,House / apartment,Businessman,450000.0,0
118110,Cash loans,305221.5,17973.0,M,,Married,House / apartment,Unemployed,135000.0,0
330859,Cash loans,1206954.0,31968.0,F,47.0,Married,House / apartment,Working,135000.0,0
375867,Cash loans,264159.0,12708.0,F,63.0,Widow,House / apartment,Working,157500.0,0
157916,Cash loans,901192.5,46143.0,F,43.0,Single / not married,House / apartment,Working,157500.0,0
313475,Cash loans,490536.0,22995.0,F,42.0,Single / not married,House / apartment,Unemployed,112500.0,0
197338,Cash loans,,26217.0,F,56.0,Married,House / apartment,Unemployed,90000.0,0
104719,Cash loans,315000.0,12006.0,F,56.0,Married,House / apartment,,121500.0,0
178318,Cash loans,360000.0,15381.0,F,30.0,Single / not married,House / apartment,Unemployed,90000.0,0
394197,Cash loans,571486.5,26613.0,F,65.0,Married,House / apartment,Unemployed,90000.0,0
121848,Cash loans,497520.0,25272.0,F,65.0,Widow,House / apartment,Working,157500.0,0
321413,Cash loans,533668.5,40032.0,M,54.0,Civil marriage,House / apartment,Working,135000.0,0
266797,Cash loans,62820.0,3334.5,F,44.0,Married,House / apartment,Working,135000.0,0
289197,Cash loans,2085120.0,72607.5,M,43.0,Married,House / apartment,Working,270000.0,0
446531,Cash loans,900000.0,26446.5,F,37.0,Civil marriage,Rented apartment,Working,126000.0,0
197871,Cash loans,265851.0,12919.5,F,63.0,Married,House / apartment,Unemployed,121500.0,0
198363,Cash loans,922500.0,27103.5,F,52.0,Widow,House / apartment,Businessman,247500.0,0
152029,Cash loans,339241.5,10413.0,F,,Married,House / apartment,Unemployed,126000.0,1
175178,Revolving loans,382500.0,19125.0,M,38.0,Married,House / apartment,Working,157500.0,0
423491,Cash loans,1024740.0,52452.0,F,47.0,Married,House / apartment,Businessman,270000.0,0
156765,Cash loans,562500.0,20844.0,F,62.0,Civil marriage,House / apartment,Unemployed,180000.0,0
176882,Cash loans,517500.0,16821.0,F,64.0,Married,House / apartment,Unemployed,67500.0,0
240390,Cash loans,706500.0,37768.5,M,49.0,Married,House / apartment,Working,180000.0,0
422462,Cash loans,1462266.0,101902.5,M,46.0,Married,Office apartment,Working,360000.0,0
252406,Cash loans,229500.0,17887.5,M,45.0,Married,House / apartment,Working,157500.0,0
226350,Cash loans,916470.0,26928.0,F,55.0,Married,Municipal apartment,Businessman,202500.0,0
258738,Revolving loans,270000.0,13500.0,F,47.0,Civil marriage,House / apartment,Working,270000.0,0
377933,Cash loans,338832.0,23710.5,F,59.0,Married,House / apartment,Working,175500.0,0
252158,Cash loans,508495.5,24462.0,F,63.0,Married,House / apartment,Working,112500.0,0
412921,Cash loans,1012500.0,32791.5,M,46.0,Married,House / apartment,Working,135000.0,0
396295,Cash loans,269550.0,13095.0,F,54.0,Married,House / apartment,Unemployed,59400.0,0
197130,Cash loans,50940.0,5616.0,F,32.0,Married,House / apartment,Unemployed,180000.0,0
311438,Cash loans,592560.0,32274.0,F,47.0,Married,House / apartment,Unemployed,144000.0,0
123363,Cash loans,450000.0,21888.0,M,28.0,Single / not married,House / apartment,Working,180000.0,0
321937,Cash loans,1024740.0,43546.5,F,32.0,Married,House / apartment,Working,337500.0,0
310089,Cash loans,1110019.5,36814.5,F,42.0,Married,Municipal apartment,Working,157500.0,0
129613,Cash loans,862560.0,25218.0,,60.0,Married,House / apartment,Working,157500.0,0
117373,Cash loans,1314117.0,38551.5,F,56.0,Civil marriage,House / apartment,Businessman,225000.0,0
157996,Cash loans,291915.0,15966.0,F,31.0,Married,House / apartment,Working,180000.0,0
124383,Cash loans,900000.0,26316.0,F,28.0,Married,Municipal apartment,,67500.0,0
430552,Cash loans,450000.0,22018.5,F,53.0,Widow,House / apartment,Businessman,202500.0,0
353530,Cash loans,275040.0,12951.0,M,24.0,Married,House / apartment,Unemployed,47250.0,0
149595,Cash loans,1575000.0,43443.0,F,53.0,Married,House / apartment,Working,180000.0,0
367804,Cash loans,270000.0,29079.0,F,33.0,Married,House / apartment,Working,180000.0,0
336736,Cash loans,610335.0,22050.0,F,38.0,Married,House / apartment,Unemployed,90000.0,0
145663,Cash loans,500427.0,27274.5,M,27.0,Married,House / apartment,Unemployed,90000.0,0
311859,Revolving loans,180000.0,9000.0,F,57.0,Married,House / apartment,Unemployed,67500.0,0
115950,Cash loans,137538.0,14940.0,F,35.0,Married,House / apartment,Working,112500.0,1
299659,Cash loans,610335.0,18504.0,M,31.0,Civil marriage,Municipal apartment,Working,144000.0,0
216566,Cash loans,862560.0,25348.5,F,38.0,Married,House / apartment,Unemployed,90000.0,0
214881,Cash loans,695439.0,22563.0,F,39.0,Single / not married,Municipal apartment,Working,112500.0,0
286940,Cash loans,518562.0,22972.5,M,59.0,Married,House / apartment,Working,112500.0,0
168365,Revolving loans,225000.0,11250.0,M,55.0,Married,House / apartment,Working,135000.0,0
133601,Cash loans,553500.0,30024.0,F,48.0,Civil marriage,House / apartment,Businessman,225000.0,0
234516,Cash loans,314100.0,21375.0,F,41.0,Civil marriage,House / apartment,Working,142200.0,0
275609,Cash loans,808650.0,23773.5,M,,Married,House / apartment,Unemployed,90000.0,0
367471,Cash loans,219870.0,12055.5,F,35.0,Married,House / apartment,Working,153000.0,0
331378,Cash loans,191880.0,21780.0,M,47.0,Married,House / apartment,Unemployed,81000.0,0
254307,Revolving loans,180000.0,9000.0,F,22.0,Single / not married,House / apartment,Unemployed,99000.0,0
169251,Cash loans,675000.0,19737.0,F,33.0,Married,House / apartment,Working,157500.0,0
322661,Cash loans,468121.5,24030.0,F,50.0,Married,House / apartment,Businessman,360000.0,0
172887,Cash loans,213322.5,13630.5,F,28.0,Married,House / apartment,Unemployed,90000.0,0
414394,Revolving loans,180000.0,9000.0,F,,Married,House / apartment,Working,67500.0,0
342334,Cash loans,760225.5,30280.5,F,28.0,Single / not married,House / apartment,Working,135000.0,0
207414,Cash loans,269550.0,18760.5,F,60.0,Single / not married,Municipal apartment,Unemployed,54000.0,0
195071,Cash loans,203760.0,21523.5,F,37.0,Married,House / apartment,Unemployed,90000.0,0
146432,Cash loans,1078200.0,31653.0,F,47.0,Married,House / apartment,Unemployed,90000.0,0
245556,Cash loans,315000.0,11803.5,F,43.0,Single / not married,House / apartment,Unemployed,162000.0,0
112043,Cash loans,628069.5,34200.0,F,26.0,Single / not married,Rented apartment,Working,135000.0,0
121708,Cash loans,225000.0,5935.5,F,29.0,Married,House / apartment,Working,112500.0,0
444207,Cash loans,813105.0,37809.0,F,44.0,Separated,House / apartment,Working,180000.0,0
304892,Cash loans,743697.0,48217.5,F,48.0,Married,House / apartment,Businessman,247500.0,0
383813,Cash loans,760225.5,32337.0,F,40.0,Married,House / apartment,Working,157500.0,0
366724,Cash loans,1288350.0,37800.0,M,47.0,Married,House / apartment,Businessman,202500.0,0
366959,Cash loans,1006920.0,51543.0,M,57.0,Married,House / apartment,Working,135000.0,0
303466,Cash loans,203760.0,11695.5,F,66.0,Married,Municipal apartment,Unemployed,86400.0,0
317329,Revolving loans,270000.0,13500.0,F,57.0,Married,House / apartment,,90000.0,0
310168,Cash loans,1764000.0,63490.5,F,57.0,Married,House / apartment,Unemployed,135000.0,0
218254,Cash loans,675000.0,28597.5,M,33.0,Married,House / apartment,Working,135000.0,1
299495,Cash loans,284400.0,16011.0,F,58.0,Married,House / apartment,Businessman,225000.0,0
270073,Cash loans,254700.0,24192.0,F,28.0,Civil marriage,House / apartment,Working,135000.0,0
315242,Cash loans,312768.0,17095.5,F,28.0,Widow,House / apartment,Businessman,216000.0,0
238539,Cash loans,286704.0,22648.5,M,33.0,Married,House / apartment,Working,157500.0,0
232117,Cash loans,1350000.0,39474.0,M,32.0,Single / not married,House / apartment,Working,270000.0,0
219686,Cash loans,1260702.0,41796.0,F,44.0,Widow,House / apartment,Working,270000.0,0
186366,Cash loans,556870.5,21123.0,F,50.0,Single / not married,House / apartment,Unemployed,90000.0,0
419529,Cash loans,792000.0,26302.5,M,,Married,House / apartment,Working,157500.0,0
240318,Cash loans,562491.0,23962.5,M,35.0,Single / not married,House / apartment,Businessman,337500.0,0
417835,Cash loans,995643.0,63760.5,F,56.0,Married,House / apartment,,144000.0,0
406069,Cash loans,254700.0,27427.5,F,48.0,Married,House / apartment,Working,112500.0,0
304880,Cash loans,521280.0,27292.5,F,37.0,Single / not married,House / apartment,Working,157500.0,0
410286,Revolving loans,810000.0,40500.0,F,30.0,Civil marriage,House / apartment,Businessman,225000.0,0
171630,Cash loans,679500.0,39856.5,M,43.0,Married,House / apartment,Working,157500.0,0
114809,Cash loans,582804.0,31747.5,F,53.0,Separated,House / apartment,Working,252000.0,0
108507,Revolving loans,202500.0,10125.0,F,61.0,Separated,House / apartment,Working,225000.0,0
423904,Revolving loans,675000.0,33750.0,F,55.0,Married,House / apartment,Businessman,225000.0,0
118002,Cash loans,152820.0,15786.0,F,46.0,Single / not married,House / apartment,Unemployed,45000.0,0
302962,Cash loans,225000.0,17905.5,F,32.0,Separated,House / apartment,Working,112500.0,0
257855,Cash loans,161730.0,8595.0,M,29.0,Married,House / apartment,Unemployed,81000.0,0
151781,Cash loans,458460.0,33358.5,,,Single / not married,House / apartment,Businessman,337500.0,1
191719,Cash loans,755190.0,38686.5,M,62.0,Married,House / apartment,Unemployed,108000.0,0
105708,Revolving loans,270000.0,13500.0,F,53.0,Married,House / apartment,Working,112500.0,0
137277,Revolving loans,270000.0,13500.0,F,32.0,Married,House / apartment,Working,130500.0,0
172901,Cash loans,276277.5,17784.0,M,57.0,Single / not married,House / apartment,Unemployed,63000.0,1
163937,Cash loans,232344.0,11992.5,F,41.0,Married,House / apartment,Unemployed,90000.0,0
385743,Cash loans,,35685.0,M,37.0,Married,House / apartment,Working,148500.0,0
376873,Cash loans,571500.0,27490.5,M,34.0,Married,House / apartment,Businessman,202500.0,0
368706,Cash loans,545040.0,20547.0,F,30.0,Married,House / apartment,Working,90000.0,0
242099,Cash loans,840285.0,42903.0,M,54.0,Married,House / apartment,Working,135000.0,0
188581,Cash loans,765000.0,20308.5,F,38.0,Married,House / apartment,Unemployed,108000.0,0
192132,Cash loans,1006920.0,39528.0,M,34.0,Married,House / apartment,Working,270000.0,0
294736,Cash loans,1215000.0,45157.5,F,37.0,Married,House / apartment,Working,135000.0,0
456056,Revolving loans,180000.0,9000.0,,38.0,Married,With parents,Working,193500.0,0
445026,Cash loans,607500.0,38952.0,F,40.0,Married,House / apartment,Unemployed,112500.0,0
281447,Cash loans,127350.0,7240.5,F,57.0,Separated,House / apartment,Working,47250.0,0
106319,Cash loans,835506.0,27081.0,F,50.0,Married,House / apartment,Businessman,225000.0,0
226625,Cash loans,178290.0,14215.5,M,25.0,Single / not married,House / apartment,Working,112500.0,1
254844,Cash loans,1350000.0,48622.5,M,39.0,Married,House / apartment,Working,157500.0,0
329009,Revolving loans,180000.0,9000.0,F,30.0,Married,House / apartment,Unemployed,67500.0,0
415713,Cash loans,540000.0,30280.5,M,59.0,Married,House / apartment,Unemployed,157500.0,0
191708,Cash loans,359725.5,24169.5,M,31.0,Married,House / apartment,Businessman,225000.0,1
368327,Cash loans,315000.0,25015.5,F,33.0,Married,House / apartment,Working,112500.0,1
221620,Cash loans,582228.0,18909.0,F,55.0,Married,House / apartment,Unemployed,99000.0,0
130785,Cash loans,397881.0,26716.5,F,28.0,Married,With parents,Working,121500.0,0
346949,Cash loans,1066320.0,38299.5,F,33.0,Married,House / apartment,Working,135000.0,0
375415,Cash loans,225000.0,22383.0,F,68.0,Widow,House / apartment,Unemployed,45000.0,0
117479,Cash loans,573408.0,29407.5,F,32.0,Married,House / apartment,Unemployed,94500.0,1
384461,Cash loans,729792.0,24246.0,M,42.0,Separated,House / apartment,Businessman,292500.0,0
284605,Cash loans,480060.0,23476.5,F,47.0,Single / not married,House / apartment,Working,180000.0,0
322467,Cash loans,760225.5,30280.5,M,45.0,Married,House / apartment,Unemployed,121500.0,0
378206,Cash loans,592560.0,32274.0,M,33.0,Married,With parents,Working,157500.0,0
132338,Cash loans,900000.0,32017.5,M,32.0,Married,House / apartment,Businessman,270000.0,0
402194,Cash loans,675000.0,21906.0,F,60.0,Married,House / apartment,Working,135000.0,0
430097,Revolving loans,270000.0,13500.0,F,37.0,Married,House / apartment,Working,135000.0,0
425805,Cash loans,1288350.0,37800.0,M,39.0,Married,House / apartment,Working,90000.0,0
268660,Revolving loans,630000.0,31500.0,F,43.0,Married,House / apartment,Businessman,225000.0,0
312701,Cash loans,932643.0,27400.5,F,33.0,Married,House / apartment,Working,112500.0,0
267800,Cash loans,755190.0,58572.0,F,42.0,Single / not married,House / apartment,Businessman,225000.0,0
188742,Cash loans,508495.5,24592.5,M,44.0,Married,House / apartment,Unemployed,135000.0,0
200528,Cash loans,296280.0,16069.5,M,37.0,Married,House / apartment,Businessman,225000.0,0
177062,Cash loans,912240.0,53469.0,M,42.0,Separated,House / apartment,Unemployed,315000.0,0
286903,Cash loans,675000.0,26284.5,F,50.0,Single / not married,House / apartment,Working,270000.0,0
404883,Cash loans,293535.0,23319.0,F,53.0,Married,House / apartment,Working,162000.0,0
408773,Cash loans,157500.0,15574.5,M,28.0,Married,House / apartment,Working,198675.0,0
298263,Cash loans,475929.0,43780.5,F,40.0,Married,With parents,Working,112500.0,0
375819,Cash loans,1223010.0,51817.5,F,54.0,Widow,House / apartment,Working,180000.0,0
373131,Cash loans,1575000.0,43443.0,M,34.0,Married,House / apartment,Working,180000.0,0
437082,Cash loans,1006920.0,51543.0,F,36.0,Married,House / apartment,Working,180000.0,1
379696,Cash loans,1354500.0,51592.5,M,35.0,Married,House / apartment,Businessman,540000.0,0
449850,Cash loans,518562.0,26604.0,F,42.0,Married,House / apartment,Working,112500.0,0
200712,Cash loans,521280.0,26743.5,F,59.0,Married,House / apartment,Working,121500.0,0
399774,Cash loans,225000.0,10620.0,,51.0,Married,House / apartment,Working,112500.0,0
293091,Cash loans,1066500.0,45315.0,F,32.0,Married,House / apartment,Unemployed,198000.0,0
338917,Cash loans,760225.5,30280.5,M,44.0,Married,House / apartment,Businessman,315000.0,0
173597,Cash loans,284400.0,22599.0,F,49.0,Married,House / apartment,Working,157500.0,1
284091,Cash loans,284400.0,10345.5,M,58.0,Widow,House / apartment,Working,157500.0,0
362724,Cash loans,1130548.5,40738.5,F,42.0,Married,House / apartment,Unemployed,126000.0,0
215160,Cash loans,254700.0,16582.5,F,47.0,Civil marriage,House / apartment,Working,135000.0,0
412813,Cash loans,454500.0,14661.0,F,28.0,Single / not married,House / apartment,Unemployed,112500.0,0
216489,Cash loans,500211.0,30730.5,M,44.0,Single / not married,House / apartment,Working,112500.0,0
265729,Revolving loans,495000.0,24750.0,F,41.0,Single / not married,House / apartment,Unemployed,135000.0,0
100975,Revolving loans,225000.0,11250.0,F,44.0,Married,House / apartment,Working,157500.0,0
231647,Cash loans,544491.0,17694.0,F,46.0,Civil marriage,House / apartment,Working,135000.0,0
334704,Cash loans,495216.0,26995.5,M,45.0,Married,House / apartment,Unemployed,180000.0,0
328199,Cash loans,810000.0,23683.5,F,,Married,House / apartment,Unemployed,81000.0,0
335018,Cash loans,760225.5,30280.5,F,40.0,Separated,House / apartment,Working,121500.0,0
145164,Revolving loans,630000.0,31500.0,F,37.0,Civil marriage,House / apartment,Businessman,270000.0,0
203773,Cash loans,1741972.5,48033.0,F,36.0,Married,House / apartment,Working,135000.0,0
322913,Cash loans,835380.0,40320.0,F,43.0,Married,House / apartment,Working,157500.0,0
235280,Cash loans,1249740.0,69912.0,F,34.0,Married,House / apartment,Businessman,270000.0,0
154862,Cash loans,427500.0,20920.5,F,31.0,Single / not married,House / apartment,Unemployed,157500.0,0
362106,Cash loans,781920.0,28215.0,F,63.0,Single / not married,House / apartment,Working,180000.0,0
253711,Cash loans,485640.0,39069.0,F,33.0,Separated,House / apartment,Unemployed,157500.0,0
191641,Revolving loans,180000.0,9000.0,F,,Civil marriage,House / apartment,Working,112500.0,0
233650,Cash loans,1467612.0,58333.5,M,31.0,Married,House / apartment,Unemployed,225000.0,0
368206,Cash loans,497520.0,53712.0,M,51.0,Married,House / apartment,Working,540000.0,0
403514,Revolving loans,180000.0,9000.0,F,21.0,Single / not married,House / apartment,Unemployed,90000.0,0
176919,Cash loans,182448.0,19287.0,F,62.0,Married,House / apartment,Unemployed,90000.0,0
395882,Cash loans,227520.0,18103.5,M,41.0,Single / not married,House / apartment,Unemployed,157500.0,1
446998,Cash loans,182983.5,13140.0,F,67.0,Married,House / apartment,Unemployed,54000.0,0
379176,Cash loans,745429.5,38191.5,F,31.0,Married,House / apartment,Businessman,270000.0,0
382369,Cash loans,1024740.0,52321.5,M,46.0,Married,House / apartment,Businessman,360000.0,0
450436,Cash loans,427500.0,30532.5,F,41.0,Separated,House / apartment,Businessman,315000.0,0
181568,Cash loans,90000.0,8766.0,F,64.0,Married,House / apartment,Unemployed,54000.0,0
298097,Cash loans,3299688.0,170986.5,M,34.0,Married,House / apartment,Businessman,1575000.0,0
305754,Cash loans,225000.0,11488.5,F,32.0,Married,House / apartment,,157500.0,0
184720,Cash loans,234324.0,15786.0,F,34.0,Civil marriage,House / apartment,Working,121500.0,0
189798,Cash loans,239476.5,20682.0,M,25.0,Single / not married,With parents,Businessman,202500.0,0
194267,Revolving loans,270000.0,13500.0,F,23.0,Married,House / apartment,Working,112500.0,0
241446,Cash loans,1288350.0,37800.0,F,48.0,Married,House / apartment,Working,117000.0,0
181579,Cash loans,776304.0,25173.0,M,50.0,Married,House / apartment,Working,157500.0,0
207967,Revolving loans,135000.0,6750.0,F,58.0,Separated,House / apartment,Working,180000.0,0
204399,Cash loans,295168.5,13131.0,F,41.0,Single / not married,House / apartment,Unemployed,135000.0,1
436315,Cash loans,225000.0,25578.0,M,28.0,Single / not married,House / apartment,Working,144000.0,0
257770,Cash loans,364896.0,24813.0,F,55.0,Married,Rented apartment,Unemployed,135000.0,0
264879,Cash loans,1006920.0,51543.0,F,34.0,Civil marriage,With parents,Working,130500.0,0
201792,Cash loans,134775.0,7186.5,M,40.0,Married,House / apartment,Working,135000.0,0
352794,Cash loans,521280.0,31630.5,F,47.0,Married,House / apartment,Unemployed,76500.0,1
111364,Cash loans,622413.0,31909.5,F,24.0,Married,With parents,Unemployed,67500.0,0
110525,Cash loans,521280.0,31500.0,F,49.0,Separated,House / apartment,Unemployed,135000.0,1
220473,Cash loans,659610.0,17527.5,F,51.0,Single / not married,House / apartment,Working,135000.0,1
393973,Cash loans,499500.0,26743.5,F,62.0,Married,House / apartment,Working,135000.0,0
376006,Cash loans,1611072.0,44433.0,F,39.0,Married,House / apartment,Businessman,225000.0,0
383405,Cash loans,454500.0,15021.0,F,63.0,Married,House / apartment,Working,157500.0,0
309427,Revolving loans,270000.0,13500.0,F,29.0,Married,House / apartment,Unemployed,90000.0,0
359973,Revolving loans,180000.0,9000.0,F,29.0,Married,House / apartment,Businessman,202500.0,0
180563,Cash loans,709033.5,69201.0,,,Married,House / apartment,Businessman,585000.0,0
324900,Cash loans,1056447.0,34209.0,M,52.0,Married,House / apartment,Businessman,315000.0,0
438453,Revolving loans,270000.0,13500.0,,27.0,Single / not married,With parents,Businessman,337500.0,0
222729,Cash loans,1006920.0,51412.5,M,47.0,Married,House / apartment,Working,270000.0,0
294461,Cash loans,900000.0,47952.0,F,50.0,Separated,House / apartment,Working,135000.0,0
433746,Cash loans,284400.0,16011.0,F,67.0,Widow,House / apartment,Unemployed,90000.0,0
434033,Cash loans,1046142.0,30717.0,M,55.0,Married,House / apartment,Unemployed,205200.0,0
422419,Revolving loans,360000.0,18000.0,F,53.0,Married,House / apartment,Working,126000.0,0
125411,Cash loans,528633.0,25560.0,M,63.0,Married,House / apartment,Working,128700.0,0
196386,Cash loans,785772.0,28354.5,F,58.0,Married,House / apartment,Working,180000.0,0
140304,Cash loans,528633.0,25560.0,M,45.0,Married,House / apartment,Businessman,270000.0,0
435156,Cash loans,1006920.0,40063.5,F,45.0,Married,House / apartment,Businessman,270000.0,0
271643,Cash loans,280170.0,29547.0,F,35.0,Civil marriage,House / apartment,Businessman,202500.0,0
408245,Cash loans,,25060.5,F,42.0,Civil marriage,House / apartment,Unemployed,112500.0,0
119755,Cash loans,679500.0,26572.5,F,65.0,Separated,House / apartment,Unemployed,90000.0,1
150640,Cash loans,1113840.0,47322.0,M,59.0,Married,House / apartment,Working,157500.0,0
244639,Cash loans,398160.0,29101.5,M,49.0,Married,House / apartment,Businessman,202500.0,0
219412,Cash loans,518562.0,22099.5,F,49.0,Married,House / apartment,Working,157500.0,0
256799,Cash loans,254700.0,18585.0,M,35.0,Married,House / apartment,Working,180000.0,0
301896,Cash loans,479700.0,46728.0,,49.0,Civil marriage,House / apartment,Businessman,225000.0,0
333134,Cash loans,701730.0,72036.0,F,52.0,Married,House / apartment,Businessman,450000.0,0
181365,Cash loans,473161.5,36747.0,M,46.0,Civil marriage,House / apartment,Businessman,225000.0,0
231803,Cash loans,1042560.0,34456.5,F,44.0,Married,House / apartment,Unemployed,90000.0,0
154459,Cash loans,675000.0,35964.0,F,62.0,Married,House / apartment,Unemployed,90000.0,0
127778,Revolving loans,270000.0,13500.0,F,53.0,Separated,House / apartment,Businessman,540000.0,0
439521,Cash loans,167076.0,15453.0,,48.0,Civil marriage,Municipal apartment,Working,94500.0,0
263410,Cash loans,528633.0,25560.0,M,38.0,Civil marriage,House / apartment,,225000.0,0
228725,Revolving loans,180000.0,9000.0,F,21.0,Single / not married,Municipal apartment,Working,112500.0,0
130755,Revolving loans,202500.0,10125.0,M,32.0,Married,House / apartment,Unemployed,90000.0,0
427549,Cash loans,1193580.0,42417.0,M,45.0,Married,House / apartment,Working,157500.0,1
254734,Cash loans,1305000.0,49837.5,M,49.0,Single / not married,House / apartment,Working,157500.0,0
208314,Cash loans,360000.0,28440.0,F,43.0,Married,House / apartment,Unemployed,90000.0,0
124438,Cash loans,327024.0,11745.0,F,55.0,Widow,House / apartment,Unemployed,96750.0,0
282362,Cash loans,904500.0,30024.0,F,63.0,Married,House / apartment,Unemployed,121500.0,0
176808,Revolving loans,315000.0,15750.0,F,48.0,Separated,House / apartment,Working,112500.0,0
378588,Cash loans,592560.0,40216.5,M,52.0,Married,House / apartment,Businessman,202500.0,0
387826,Cash loans,724500.0,28863.0,F,48.0,Widow,House / apartment,Unemployed,121500.0,0
359823,Cash loans,247275.0,19953.0,F,29.0,Married,House / apartment,Working,157500.0,0
325095,Cash loans,550980.0,36949.5,F,32.0,Married,House / apartment,Working,135000.0,0
199130,Cash loans,331920.0,18135.0,M,37.0,Married,House / apartment,,270000.0,0
400102,Cash loans,76410.0,8226.0,M,52.0,Single / not married,House / apartment,Unemployed,81000.0,0
194639,Cash loans,1546020.0,45333.0,M,26.0,Single / not married,House / apartment,Businessman,225000.0,0
411878,Cash loans,545040.0,36553.5,F,44.0,Civil marriage,Municipal apartment,Unemployed,90000.0,1
350849,Cash loans,454500.0,14661.0,M,27.0,Married,House / apartment,Businessman,270000.0,0
144543,Cash loans,663669.0,26775.0,M,28.0,Married,House / apartment,Businessman,225000.0,0
333883,Cash loans,521280.0,27423.0,F,34.0,Married,House / apartment,Unemployed,103500.0,1
289715,Cash loans,323460.0,25159.5,M,39.0,Married,House / apartment,Working,112500.0,1
259034,Cash loans,700830.0,22738.5,F,43.0,Civil marriage,House / apartment,Working,180000.0,0
248195,Cash loans,276277.5,23841.0,M,47.0,Single / not married,House / apartment,Businessman,225000.0,0
353877,Cash loans,679500.0,28786.5,M,32.0,Married,House / apartment,Businessman,369000.0,0
235425,Cash loans,1065433.5,42385.5,F,54.0,Single / not married,House / apartment,Businessman,202500.0,0
417686,Cash loans,553806.0,23593.5,F,47.0,Married,House / apartment,Businessman,315000.0,0
227202,Cash loans,450000.0,14755.5,F,30.0,Single / not married,House / apartment,Working,180000.0,0
412394,Cash loans,364896.0,13653.0,F,34.0,Civil marriage,House / apartment,Working,135000.0,0
226764,Cash loans,373135.5,19179.0,M,27.0,Married,Municipal apartment,Businessman,360000.0,0
311756,Cash loans,180000.0,17662.5,F,68.0,Separated,House / apartment,Unemployed,49500.0,0
356840,Cash loans,1078200.0,31522.5,M,55.0,Married,House / apartment,Working,135000.0,0
402063,Cash loans,755190.0,36459.0,F,41.0,Married,House / apartment,Working,135000.0,0
152661,Cash loans,755190.0,28116.0,F,66.0,Widow,House / apartment,Working,135000.0,0
413963,Cash loans,583834.5,19422.0,M,58.0,Married,House / apartment,Unemployed,85500.0,0
321774,Cash loans,544491.0,17694.0,F,47.0,Married,Co-op apartment,Unemployed,90000.0,0
347336,Revolving loans,675000.0,33750.0,F,31.0,Married,House / apartment,Businessman,450000.0,0
322191,Cash loans,291915.0,23535.0,F,54.0,Married,House / apartment,Working,162000.0,0
329881,Cash loans,125136.0,7312.5,F,47.0,Separated,House / apartment,Unemployed,67500.0,0
400911,Cash loans,1113840.0,47191.5,F,30.0,Civil marriage,House / apartment,Businessman,202500.0,0
395847,Cash loans,900000.0,43429.5,M,27.0,Single / not married,House / apartment,Working,112500.0,1
296412,Cash loans,450000.0,16164.0,F,64.0,Married,House / apartment,Working,166500.0,1
190636,Cash loans,573408.0,31234.5,,45.0,Single / not married,House / apartment,Working,157500.0,1
344495,Cash loans,284400.0,16456.5,F,39.0,Single / not married,Municipal apartment,Unemployed,67500.0,0
224087,Cash loans,592560.0,31023.0,F,40.0,Married,House / apartment,Unemployed,81000.0,0
181337,Cash loans,521280.0,24156.0,F,44.0,Single / not married,House / apartment,Unemployed,157500.0,0
251323,Cash loans,270000.0,29079.0,M,30.0,Single / not married,With parents,Working,157500.0,0
159407,Cash loans,,22671.0,F,68.0,Married,House / apartment,Working,135000.0,0
151363,Cash loans,2517300.0,66532.5,M,55.0,Married,House / apartment,Businessman,450000.0,0
222250,Cash loans,319981.5,17487.0,F,28.0,Married,House / apartment,Unemployed,67500.0,0
158779,Cash loans,473760.0,51151.5,F,29.0,Single / not married,House / apartment,Businessman,292500.0,0
134156,Revolving loans,900000.0,45000.0,M,55.0,Married,House / apartment,Businessman,315000.0,0
269768,Cash loans,675000.0,37822.5,M,36.0,Single / not married,With parents,Businessman,247500.0,0
314096,Cash loans,728460.0,56502.0,M,50.0,Married,House / apartment,Working,265500.0,0
112878,Cash loans,284400.0,10849.5,F,32.0,Married,House / apartment,Working,157500.0,0
416329,Cash loans,582768.0,32539.5,M,61.0,Married,House / apartment,Working,175500.0,0
436888,Cash loans,1762110.0,46611.0,F,52.0,Civil marriage,House / apartment,Working,180000.0,0
344926,Cash loans,339948.0,26694.0,F,61.0,Married,House / apartment,Businessman,225000.0,0
345811,Cash loans,225000.0,14508.0,F,35.0,Separated,House / apartment,Working,54000.0,0
341794,Cash loans,1006920.0,42660.0,M,60.0,Civil marriage,House / apartment,Businessman,337500.0,0
269343,Revolving loans,225000.0,11250.0,M,35.0,Married,House / apartment,Businessman,225000.0,0
268632,Cash loans,331632.0,35316.0,F,33.0,Single / not married,House / apartment,Working,157500.0,0
100037,Cash loans,199008.0,20893.5,F,36.0,Civil marriage,House / apartment,Unemployed,90000.0,0
404700,Cash loans,640080.0,31261.5,F,32.0,Married,House / apartment,Businessman,225000.0,0
396510,Cash loans,81504.0,9346.5,F,27.0,Single / not married,With parents,Working,112500.0,0
269905,Cash loans,931617.0,47695.5,M,,Married,House / apartment,Working,225000.0,0
328577,Cash loans,1125000.0,60070.5,F,49.0,Married,House / apartment,Businessman,202500.0,0
336205,Revolving loans,270000.0,13500.0,F,30.0,Married,House / apartment,Unemployed,180000.0,0
111457,Cash loans,,25798.5,F,51.0,Married,House / apartment,Unemployed,42750.0,0
189536,Cash loans,229230.0,14778.0,F,53.0,Married,House / apartment,Unemployed,67500.0,0
197505,Cash loans,55692.0,4293.0,F,63.0,Married,House / apartment,Unemployed,67500.0,0
352000,Cash loans,,20992.5,M,30.0,Single / not married,With parents,Unemployed,153000.0,0
322635,Cash loans,450000.0,21888.0,F,,Married,House / apartment,Unemployed,103500.0,0
256452,Cash loans,625536.0,20803.5,F,52.0,Married,House / apartment,Unemployed,81000.0,0
399558,Cash loans,675000.0,32602.5,F,39.0,Married,House / apartment,Working,135000.0,0
424521,Cash loans,904500.0,38322.0,F,48.0,Married,House / apartment,Working,180000.0,0
212954,Cash loans,152820.0,16587.0,M,28.0,Single / not married,House / apartment,,121500.0,1
192952,Cash loans,284400.0,13387.5,M,38.0,Single / not married,House / apartment,Businessman,225000.0,0
424335,Cash loans,314055.0,13437.0,F,64.0,Widow,House / apartment,Unemployed,99000.0,0
137012,Cash loans,203760.0,21523.5,F,52.0,Separated,House / apartment,Unemployed,78750.0,0
179611,Cash loans,587619.0,19084.5,M,51.0,Married,House / apartment,Working,135000.0,0
411201,Cash loans,312768.0,24691.5,F,35.0,Married,House / apartment,Businessman,247500.0,0
175213,Cash loans,497520.0,32391.0,F,40.0,Married,House / apartment,Unemployed,193500.0,0
137337,Cash loans,211500.0,10305.0,M,36.0,Married,House / apartment,Working,175500.0,0
446011,Revolving loans,495000.0,24750.0,F,58.0,Widow,House / apartment,Businessman,225000.0,0
162809,Cash loans,781920.0,34573.5,F,59.0,Married,House / apartment,Businessman,270000.0,0
453849,Cash loans,450000.0,35554.5,M,34.0,Married,Municipal apartment,Businessman,247500.0,0
364510,Cash loans,862560.0,25348.5,M,32.0,Married,House / apartment,Businessman,225000.0,0
198013,Cash loans,1724220.0,47542.5,F,43.0,Married,House / apartment,Working,112500.0,0
142589,Revolving loans,180000.0,9000.0,F,34.0,Separated,House / apartment,Unemployed,81000.0,0
386143,Cash loans,229500.0,11038.5,F,40.0,Civil marriage,House / apartment,Unemployed,90000.0,0
416289,Cash loans,314100.0,19111.5,M,36.0,Civil marriage,House / apartment,Working,180000.0,0
440140,Cash loans,545040.0,26509.5,,25.0,Single / not married,House / apartment,Unemployed,202500.0,0
208106,Revolving loans,1350000.0,67500.0,M,46.0,Married,House / apartment,Businessman,675000.0,0
211202,Cash loans,675000.0,20668.5,F,38.0,Single / not married,Rented apartment,Working,157500.0,1
235074,Cash loans,298512.0,18391.5,M,48.0,Married,House / apartment,Working,180000.0,0
454469,Cash loans,1042560.0,37575.0,F,41.0,Married,House / apartment,Working,225000.0,0
227055,Cash loans,284400.0,16456.5,M,41.0,Married,House / apartment,Working,135000.0,0
357552,Cash loans,835380.0,40320.0,F,47.0,Married,House / apartment,Unemployed,180000.0,0
392603,Cash loans,760225.5,30280.5,F,41.0,Separated,House / apartment,Businessman,202500.0,0
177856,Cash loans,675000.0,34465.5,F,39.0,Married,House / apartment,Businessman,450000.0,0
425991,Cash loans,343800.0,16155.0,M,33.0,Civil marriage,With parents,Unemployed,81000.0,1
293939,Cash loans,1788750.0,56295.0,F,35.0,Married,House / apartment,Businessman,315000.0,0
110252,Cash loans,808650.0,26217.0,F,37.0,Married,House / apartment,Unemployed,157500.0,0
454411,Cash loans,1350000.0,46926.0,F,43.0,Married,House / apartment,Working,180000.0,0
232244,Cash loans,601470.0,29065.5,F,58.0,Married,House / apartment,Unemployed,63000.0,0
388236,Cash loans,797814.0,25866.0,F,49.0,Widow,Municipal apartment,Working,112500.0,1
426172,Cash loans,735579.0,37687.5,M,30.0,Married,Office apartment,Businessman,225000.0,0
313828,Cash loans,1711764.0,45283.5,M,36.0,Married,House / apartment,Businessman,292500.0,0
237682,Cash loans,652311.0,19201.5,F,64.0,Widow,House / apartment,Working,193500.0,0
273129,Cash loans,95940.0,9486.0,F,51.0,Civil marriage,House / apartment,Unemployed,45000.0,0
158134,Cash loans,143910.0,14148.0,F,50.0,Single / not married,House / apartment,Working,112500.0,0
122451,Cash loans,254700.0,13441.5,F,39.0,Single / not married,House / apartment,Businessman,540000.0,0
419351,Cash loans,612612.0,31410.0,M,51.0,Married,With parents,Working,112500.0,0
354248,Cash loans,168102.0,16753.5,M,39.0,Separated,House / apartment,Working,180000.0,0
219575,Cash loans,501363.0,27328.5,F,39.0,Married,House / apartment,Businessman,225000.0,0
350117,Cash loans,1078200.0,38200.5,F,39.0,Single / not married,House / apartment,Businessman,225000.0,0
151276,Cash loans,454500.0,23085.0,F,59.0,Single / not married,House / apartment,Businessman,225000.0,0
208577,Cash loans,331920.0,16096.5,F,66.0,Single / not married,House / apartment,Businessman,202500.0,0
439979,Cash loans,313438.5,30663.0,,49.0,Married,House / apartment,Unemployed,126000.0,0
445621,Cash loans,518562.0,19345.5,M,48.0,Married,House / apartment,Working,135000.0,0
300415,Cash loans,130320.0,15592.5,,39.0,Married,House / apartment,Unemployed,112500.0,0
209023,Cash loans,835380.0,40320.0,M,35.0,Married,House / apartment,Working,180000.0,0
110281,Revolving loans,157500.0,7875.0,M,42.0,Married,House / apartment,Unemployed,135000.0,0
242250,Cash loans,1125000.0,109597.5,F,32.0,Married,With parents,Businessman,405000.0,0
418818,Cash loans,539100.0,29376.0,F,38.0,Married,House / apartment,Businessman,360000.0,0
428635,Cash loans,592560.0,35937.0,M,58.0,Married,House / apartment,Businessman,270000.0,0
111677,Cash loans,634482.0,20596.5,M,38.0,Married,House / apartment,Businessman,270000.0,0
311188,Cash loans,675000.0,17806.5,F,32.0,Married,House / apartment,Working,157500.0,0
382773,Cash loans,1175314.5,38974.5,M,41.0,Married,House / apartment,Working,225000.0,1
124469,Cash loans,691020.0,26905.5,F,26.0,Married,House / apartment,Working,112500.0,0
378957,Revolving loans,202500.0,10125.0,M,61.0,Civil marriage,House / apartment,Working,112500.0,0
205847,Cash loans,640080.0,31261.5,M,38.0,Married,House / apartment,Working,180000.0,0
345613,Cash loans,364896.0,28827.0,F,50.0,Civil marriage,Municipal apartment,Businessman,270000.0,0
144011,Cash loans,695970.0,37885.5,F,27.0,Civil marriage,House / apartment,Working,157500.0,0
180321,Cash loans,900000.0,38263.5,F,30.0,Single / not married,House / apartment,Businessman,225000.0,0
405859,Cash loans,1502941.5,52371.0,F,37.0,Single / not married,With parents,Businessman,337500.0,0
406160,Cash loans,1071909.0,28273.5,F,49.0,Married,House / apartment,Businessman,216000.0,0
241569,Cash loans,,37255.5,M,39.0,Married,House / apartment,Businessman,270000.0,0
411486,Cash loans,808650.0,26217.0,F,39.0,Married,With parents,Businessman,225000.0,0
427521,Cash loans,224136.0,17838.0,,27.0,Civil marriage,With parents,Working,135000.0,0
319319,Cash loans,545040.0,31419.0,F,36.0,Married,House / apartment,Businessman,202500.0,0
205586,Cash loans,1971072.0,62019.0,F,40.0,Married,House / apartment,Businessman,387000.0,1
430012,Cash loans,1125000.0,32895.0,F,46.0,Married,House / apartment,Unemployed,157500.0,0
345151,Cash loans,52128.0,5602.5,F,57.0,Single / not married,House / apartment,Working,157500.0,0
166666,Cash loans,450000.0,30573.0,,51.0,Married,House / apartment,Unemployed,112500.0,1
148267,Cash loans,143910.0,15268.5,F,29.0,Married,House / apartment,Unemployed,72000.0,0
305368,Cash loans,2013840.0,55507.5,M,50.0,Married,House / apartment,Businessman,292500.0,1
146137,Cash loans,1800000.0,47484.0,F,55.0,Married,House / apartment,Working,180000.0,0
310350,Cash loans,1170000.0,37872.0,M,48.0,Married,House / apartment,Businessman,202500.0,0
174979,Cash loans,291915.0,23535.0,M,64.0,Married,House / apartment,Unemployed,90000.0,0
440726,Cash loans,549882.0,16204.5,F,58.0,Married,Co-op apartment,Working,157500.0,0
279477,Cash loans,904500.0,62950.5,M,64.0,Married,House / apartment,Working,157500.0,0
276597,Cash loans,2013840.0,55507.5,M,30.0,Married,With parents,Businessman,405000.0,0
265695,Cash loans,540000.0,30150.0,F,23.0,Civil marriage,House / apartment,Working,135000.0,0
100142,Cash loans,579195.0,27994.5,M,37.0,Civil marriage,House / apartment,Businessman,360000.0,0
397318,Cash loans,1800000.0,47614.5,F,41.0,Married,Municipal apartment,Businessman,337500.0,0
127694,Cash loans,254700.0,27153.0,F,29.0,Married,House / apartment,Unemployed,112500.0,0
131531,Cash loans,1125171.0,44752.5,M,45.0,Married,House / apartment,Businessman,270000.0,0
169991,Cash loans,808650.0,26217.0,F,26.0,Married,House / apartment,Unemployed,90000.0,0
445622,Cash loans,183384.0,19876.5,F,54.0,Widow,House / apartment,Working,157500.0,0
285686,Cash loans,904500.0,29178.0,F,36.0,Civil marriage,Rented apartment,Working,135000.0,0
168659,Cash loans,555273.0,16042.5,F,34.0,Married,House / apartment,Unemployed,90000.0,0
125645,Cash loans,900000.0,46084.5,,34.0,Married,House / apartment,,270000.0,0
366374,Cash loans,906660.0,32697.0,M,49.0,Single / not married,With parents,Working,135000.0,0
300390,Cash loans,1575000.0,43312.5,F,52.0,Married,House / apartment,Businessman,292500.0,0
111565,Cash loans,152820.0,18265.5,F,28.0,Married,House / apartment,Working,144000.0,0
165074,Cash loans,862560.0,30690.0,M,56.0,Married,House / apartment,Businessman,360000.0,0
309224,Cash loans,247500.0,15084.0,F,52.0,Single / not married,House / apartment,Working,112500.0,1
157440,Cash loans,225000.0,12915.0,M,33.0,Married,House / apartment,Businessman,283500.0,0
327606,Cash loans,755190.0,36459.0,,57.0,Married,House / apartment,Unemployed,112500.0,0
427469,Cash loans,791595.0,42304.5,F,50.0,Married,House / apartment,Businessman,450000.0,0
351614,Cash loans,414000.0,22590.0,F,57.0,Married,House / apartment,Unemployed,76500.0,0
351445,Cash loans,450000.0,21109.5,F,33.0,Married,House / apartment,Working,180000.0,0
169216,Cash loans,225000.0,27994.5,M,46.0,Married,House / apartment,Working,270000.0,0
122597,Cash loans,441000.0,21577.5,F,55.0,Single / not married,Municipal apartment,Businessman,202500.0,0
272690,Cash loans,675000.0,32602.5,,42.0,Married,House / apartment,Unemployed,135000.0,0
388910,Cash loans,386977.5,13896.0,F,60.0,Widow,House / apartment,Working,144000.0,0
385163,Cash loans,225000.0,22050.0,F,52.0,Separated,Co-op apartment,Unemployed,90000.0,0
251849,Cash loans,540000.0,42664.5,F,23.0,Married,House / apartment,Working,166500.0,0
209198,Revolving loans,292500.0,14625.0,,32.0,Married,House / apartment,Unemployed,180000.0,0
204144,Cash loans,566055.0,22063.5,M,57.0,Civil marriage,Municipal apartment,Working,112500.0,1
145131,Cash loans,491823.0,25110.0,F,30.0,Single / not married,House / apartment,Unemployed,85500.0,0
383478,Revolving loans,337500.0,16875.0,F,43.0,Married,House / apartment,Working,135000.0,0
104804,Cash loans,1440000.0,39730.5,F,44.0,Married,House / apartment,Unemployed,180000.0,0
377119,Cash loans,879480.0,25843.5,F,56.0,Single / not married,House / apartment,Working,171000.0,0
377562,Cash loans,545040.0,26640.0,M,28.0,Civil marriage,House / apartment,Businessman,225000.0,0
436494,Cash loans,360000.0,17446.5,F,59.0,Civil marriage,House / apartment,Working,180000.0,0
406317,Cash loans,1350000.0,55116.0,M,60.0,Married,House / apartment,Working,135000.0,0
380604,Cash loans,,31464.0,F,32.0,Married,House / apartment,Working,112500.0,0
194690,Cash loans,341280.0,9778.5,F,31.0,Married,House / apartment,Working,292500.0,0
281900,Cash loans,450000.0,25258.5,F,51.0,Separated,House / apartment,Unemployed,99000.0,0
453866,Cash loans,225000.0,14647.5,F,65.0,Single / not married,House / apartment,Unemployed,54000.0,0
406422,Revolving loans,270000.0,13500.0,F,51.0,Married,House / apartment,Unemployed,90000.0,0
329040,Cash loans,1350000.0,128178.0,F,65.0,Married,House / apartment,Unemployed,162000.0,1
295444,Revolving loans,135000.0,6750.0,F,39.0,Married,House / apartment,Unemployed,103500.0,0
208558,Cash loans,854896.5,39744.0,F,60.0,Married,House / apartment,Working,180000.0,0
312735,Revolving loans,450000.0,22500.0,F,57.0,Widow,House / apartment,Businessman,202500.0,0
188123,Cash loans,704844.0,36117.0,M,55.0,Married,House / apartment,Unemployed,90000.0,1
167191,Revolving loans,337500.0,16875.0,F,42.0,Married,House / apartment,Businessman,225000.0,0
136022,Cash loans,521280.0,23089.5,F,49.0,Single / not married,House / apartment,Working,157500.0,0
165294,Cash loans,477000.0,23076.0,F,23.0,Single / not married,House / apartment,Working,112500.0,0
347518,Cash loans,720000.0,18990.0,M,23.0,Single / not married,House / apartment,Working,186885.0,0
117504,Cash loans,539590.5,20340.0,F,50.0,Single / not married,House / apartment,Unemployed,112500.0,1
298508,Revolving loans,202500.0,10125.0,M,28.0,Married,House / apartment,Unemployed,135000.0,0
357877,Cash loans,1125000.0,32895.0,F,43.0,Married,House / apartment,Unemployed,157500.0,0
170686,Cash loans,270000.0,17401.5,F,53.0,Single / not married,House / apartment,Working,126000.0,0
292112,Cash loans,545040.0,25537.5,M,44.0,Married,House / apartment,Unemployed,148500.0,0
401739,Cash loans,269982.0,32170.5,F,55.0,Married,House / apartment,Working,135000.0,0
363335,Cash loans,510102.0,38268.0,F,27.0,Single / not married,House / apartment,Working,112500.0,0
410894,Cash loans,592560.0,35937.0,M,35.0,Married,House / apartment,Businessman,225000.0,0
191239,Cash loans,1078200.0,38331.0,M,41.0,Married,House / apartment,Businessman,270000.0,0
363549,Cash loans,,25492.5,M,52.0,Married,House / apartment,Unemployed,130500.0,0
100599,Cash loans,835380.0,40320.0,M,44.0,Married,House / apartment,Businessman,315000.0,0
142939,Cash loans,313438.5,18121.5,F,37.0,Married,Municipal apartment,Working,90000.0,0
233023,Cash loans,942300.0,27679.5,F,56.0,Separated,House / apartment,Working,180000.0,0
348858,Cash loans,1061599.5,28134.0,M,55.0,Married,House / apartment,Businessman,225000.0,0
373578,Cash loans,1078200.0,31653.0,F,42.0,Married,House / apartment,Working,112500.0,0
168867,Cash loans,900000.0,26446.5,F,56.0,Married,House / apartment,Businessman,211500.0,0
290019,Cash loans,327024.0,11875.5,F,57.0,Widow,House / apartment,Working,135000.0,0
331507,Cash loans,500211.0,28062.0,F,39.0,Married,House / apartment,Working,126000.0,0
339499,Cash loans,254700.0,18585.0,M,33.0,Separated,With parents,Working,144000.0,0
104052,Cash loans,755190.0,36459.0,F,56.0,Married,House / apartment,Unemployed,81000.0,0
398404,Cash loans,1078200.0,38331.0,M,31.0,Married,With parents,Working,189000.0,0
310798,Cash loans,1288350.0,41692.5,M,40.0,Civil marriage,House / apartment,Businessman,202500.0,1
331840,Revolving loans,225000.0,11250.0,F,43.0,Married,House / apartment,Unemployed,126000.0,0
227819,Cash loans,808650.0,23643.0,F,65.0,Civil marriage,House / apartment,Unemployed,81000.0,0
170233,Cash loans,808650.0,23773.5,F,43.0,Married,House / apartment,Unemployed,67500.0,0
144915,Cash loans,1066752.0,29466.0,F,41.0,Married,House / apartment,Working,112500.0,0
367359,Cash loans,1288350.0,41692.5,M,57.0,Married,House / apartment,Businessman,225000.0,0
347659,Cash loans,835380.0,40320.0,M,41.0,Married,House / apartment,Businessman,202500.0,0
307503,Cash loans,491823.0,25749.0,F,31.0,Married,House / apartment,Unemployed,67500.0,1
383489,Cash loans,305221.5,11506.5,F,62.0,Widow,Municipal apartment,Businessman,202500.0,0
361294,Cash loans,315000.0,20367.0,F,29.0,Married,With parents,Working,135000.0,0
375679,Cash loans,76410.0,5103.0,M,29.0,Single / not married,House / apartment,Working,90000.0,0
170073,Cash loans,719860.5,48429.0,F,51.0,Single / not married,House / apartment,Unemployed,360000.0,0
118773,Cash loans,474048.0,24331.5,F,32.0,Married,House / apartment,Working,90000.0,0
162300,Cash loans,1339884.0,39307.5,F,53.0,Married,House / apartment,Businessman,225000.0,0
408700,Cash loans,2475000.0,62568.0,M,27.0,Married,House / apartment,Working,157500.0,0
224132,Cash loans,540000.0,26109.0,M,38.0,Married,House / apartment,Businessman,229500.0,0
122364,Cash loans,938034.0,27427.5,F,35.0,Civil marriage,House / apartment,Businessman,225000.0,0
148443,Cash loans,544491.0,21226.5,M,53.0,Married,House / apartment,Businessman,292500.0,0
231302,Cash loans,1046142.0,30717.0,F,41.0,Married,House / apartment,Working,112500.0,0
249354,Revolving loans,270000.0,13500.0,M,33.0,Married,House / apartment,Unemployed,112500.0,0
372055,Revolving loans,180000.0,9000.0,F,37.0,Married,House / apartment,Unemployed,54000.0,0
247529,Cash loans,922500.0,27103.5,M,33.0,Married,House / apartment,Unemployed,180000.0,0
399484,Cash loans,894906.0,28998.0,,34.0,Married,House / apartment,Businessman,225000.0,0
287986,Cash loans,417024.0,20191.5,M,46.0,Separated,House / apartment,Working,180000.0,1
287651,Cash loans,298512.0,18261.0,F,53.0,Single / not married,House / apartment,Working,112500.0,0
362429,Cash loans,137538.0,15646.5,,32.0,Married,With parents,Working,180000.0,0
414980,Cash loans,810000.0,31518.0,M,38.0,Married,With parents,Unemployed,90000.0,0
399249,Cash loans,1005120.0,29520.0,M,32.0,Married,House / apartment,Unemployed,135000.0,0
260523,Cash loans,1267735.5,37197.0,F,38.0,Civil marriage,House / apartment,Working,180000.0,0
235878,Cash loans,533668.5,37273.5,F,42.0,Married,House / apartment,Unemployed,112500.0,0
140317,Cash loans,306306.0,13621.5,F,41.0,Single / not married,Municipal apartment,Working,135000.0,0
436617,Cash loans,553806.0,28273.5,F,55.0,Married,House / apartment,Working,112500.0,0
204005,Cash loans,526491.0,31351.5,M,46.0,Single / not married,House / apartment,Businessman,292500.0,0
376693,Cash loans,225000.0,10039.5,M,41.0,Single / not married,House / apartment,Businessman,225000.0,0
294714,Cash loans,1288350.0,34114.5,F,54.0,Married,House / apartment,Businessman,292500.0,0
385967,Cash loans,900000.0,43429.5,F,35.0,Married,House / apartment,Working,180000.0,0
130848,Cash loans,445500.0,41652.0,F,42.0,Married,House / apartment,Businessman,354879.0,0
194865,Cash loans,601470.0,25483.5,F,43.0,Single / not married,House / apartment,Businessman,247500.0,0
161129,Cash loans,113760.0,7731.0,F,35.0,Married,House / apartment,Working,112500.0,0
132693,Cash loans,450000.0,32746.5,M,44.0,Married,House / apartment,Working,202500.0,0
268563,Cash loans,253737.0,25096.5,F,37.0,Married,House / apartment,Working,99000.0,0
328759,Cash loans,675000.0,36747.0,M,50.0,Married,Office apartment,Businessman,360000.0,0
319379,Cash loans,331632.0,32931.0,F,31.0,Married,House / apartment,Working,157500.0,0
322417,Cash loans,724500.0,21312.0,F,44.0,Married,House / apartment,Working,112500.0,0
417493,Cash loans,225000.0,12204.0,M,34.0,Married,House / apartment,,225000.0,0
173971,Cash loans,728460.0,74641.5,M,38.0,Married,House / apartment,Working,157500.0,0
270929,Cash loans,526491.0,17527.5,F,50.0,Married,House / apartment,Unemployed,49500.0,0
152001,Cash loans,545040.0,25407.0,M,,Married,House / apartment,Unemployed,67500.0,1
375521,Cash loans,225000.0,23872.5,M,27.0,Single / not married,House / apartment,Working,157500.0,0
124640,Cash loans,1800000.0,49500.0,F,37.0,Married,House / apartment,Businessman,360000.0,0
250128,Cash loans,148365.0,13738.5,M,28.0,Single / not married,Rented apartment,Businessman,225000.0,0
384371,Cash loans,639000.0,50485.5,F,33.0,Civil marriage,House / apartment,Working,180000.0,0
198305,Cash loans,508495.5,38146.5,F,37.0,Single / not married,House / apartment,Businessman,315000.0,0
107284,Cash loans,450000.0,17095.5,F,45.0,Married,House / apartment,Businessman,270000.0,0
263840,Cash loans,191880.0,18819.0,F,68.0,Married,House / apartment,,67500.0,0
159762,Cash loans,215640.0,17419.5,F,23.0,Separated,House / apartment,Working,180000.0,0
451153,Cash loans,348264.0,27513.0,F,41.0,Married,House / apartment,Working,135000.0,1
397580,Cash loans,625536.0,34065.0,M,54.0,Married,House / apartment,Businessman,225000.0,0
451826,Cash loans,598486.5,25290.0,M,58.0,Civil marriage,House / apartment,Unemployed,121500.0,0
385403,Cash loans,45000.0,4450.5,M,57.0,Married,Office apartment,Unemployed,90000.0,0
371759,Cash loans,625536.0,22468.5,F,56.0,Married,House / apartment,Working,144000.0,0
340469,Cash loans,473760.0,53451.0,F,27.0,Married,House / apartment,Businessman,292500.0,0
202403,Cash loans,225000.0,12204.0,F,54.0,Civil marriage,House / apartment,Working,112500.0,0
236978,Cash loans,248760.0,28264.5,M,35.0,Married,Office apartment,Working,175500.0,0
329069,Cash loans,50940.0,6174.0,F,27.0,Separated,House / apartment,,67500.0,0
113710,Cash loans,274500.0,21370.5,M,46.0,Separated,House / apartment,Businessman,225000.0,0
253450,Cash loans,675000.0,28597.5,F,38.0,Married,House / apartment,Unemployed,67500.0,0
438963,Cash loans,566055.0,18387.0,F,37.0,Widow,House / apartment,Businessman,225000.0,0
227045,Revolving loans,270000.0,13500.0,M,34.0,Married,Rented apartment,Working,112500.0,0
428471,Cash loans,1125000.0,33025.5,F,30.0,Married,House / apartment,Working,180000.0,0
388352,Cash loans,675000.0,27229.5,M,43.0,Single / not married,House / apartment,Working,180000.0,0
257419,Cash loans,1264500.0,34902.0,F,53.0,Married,House / apartment,Businessman,225000.0,0
247284,Cash loans,339241.5,12919.5,F,51.0,Married,House / apartment,Working,135000.0,0
302703,Cash loans,432567.0,19183.5,F,51.0,Widow,House / apartment,Working,81000.0,0
348232,Cash loans,562491.0,27058.5,M,34.0,Married,House / apartment,Working,157500.0,0
302717,Cash loans,675000.0,32602.5,M,32.0,Married,House / apartment,Working,135000.0,0
365924,Cash loans,375367.5,39546.0,M,,Single / not married,With parents,Unemployed,189000.0,0
135842,Cash loans,323388.0,25677.0,M,33.0,Married,House / apartment,Working,225000.0,0
253653,Cash loans,103500.0,7047.0,M,45.0,Married,House / apartment,Unemployed,67500.0,0
198746,Cash loans,1288350.0,37800.0,M,35.0,Married,House / apartment,Working,135000.0,0
277858,Cash loans,990000.0,29074.5,M,59.0,Married,House / apartment,Working,180000.0,0
317957,Cash loans,808650.0,22365.0,F,25.0,Married,Municipal apartment,Working,121500.0,1
168452,Cash loans,814041.0,28840.5,F,39.0,Married,House / apartment,Unemployed,90000.0,0
190345,Cash loans,1040463.0,30550.5,F,46.0,Married,House / apartment,Unemployed,76500.0,0
455861,Cash loans,1800000.0,49500.0,F,52.0,Civil marriage,House / apartment,Working,247500.0,0
213714,Revolving loans,630000.0,31500.0,F,37.0,Single / not married,House / apartment,Businessman,225000.0,0
254976,Cash loans,900000.0,26446.5,M,52.0,Civil marriage,House / apartment,Working,180000.0,0
188134,Cash loans,521280.0,31500.0,M,42.0,Married,House / apartment,Businessman,225000.0,0
110978,Cash loans,1006920.0,42790.5,F,51.0,Single / not married,House / apartment,Working,189000.0,0
287244,Cash loans,1100709.0,43780.5,M,62.0,Married,House / apartment,,112500.0,0
192034,Revolving loans,585000.0,29250.0,F,39.0,Married,House / apartment,Working,189000.0,0
292245,Cash loans,781920.0,32868.0,M,30.0,Married,House / apartment,Working,135000.0,0
395441,Cash loans,1125000.0,44617.5,F,55.0,Married,House / apartment,Working,157500.0,0
312564,Cash loans,473760.0,53581.5,M,29.0,Married,House / apartment,,180000.0,0
101120,Revolving loans,270000.0,13500.0,M,42.0,Widow,House / apartment,Businessman,225000.0,0
393888,Cash loans,704844.0,28084.5,F,41.0,Single / not married,House / apartment,Working,157500.0,0
103710,Cash loans,1498500.0,52218.0,F,54.0,Civil marriage,House / apartment,Businessman,450000.0,0
355258,Cash loans,720000.0,55849.5,F,35.0,Married,House / apartment,Working,157500.0,0
233302,Revolving loans,202500.0,10125.0,F,34.0,Married,House / apartment,Unemployed,108000.0,0
149014,Cash loans,283419.0,15952.5,F,63.0,Separated,House / apartment,Working,135000.0,0
222217,Cash loans,180000.0,20439.0,M,34.0,Married,House / apartment,Unemployed,121500.0,0
213907,Cash loans,840996.0,24718.5,F,41.0,Married,House / apartment,Unemployed,67500.0,0
377913,Cash loans,699808.5,27882.0,F,50.0,Separated,House / apartment,Working,225000.0,0
412256,Cash loans,,25578.0,M,38.0,Married,House / apartment,Businessman,292500.0,0
294280,Revolving loans,315000.0,15750.0,F,60.0,Married,House / apartment,Unemployed,157500.0,1
436047,Cash loans,724981.5,27612.0,M,52.0,Separated,House / apartment,Working,126000.0,0
388498,Cash loans,526491.0,28048.5,F,40.0,Married,House / apartment,Working,135000.0,0
367286,Cash loans,1125000.0,40410.0,M,28.0,Civil marriage,House / apartment,Businessman,216000.0,0
120735,Cash loans,1288350.0,37669.5,M,38.0,Married,House / apartment,Working,135000.0,1
150413,Cash loans,495000.0,30411.0,M,30.0,Married,House / apartment,Working,157500.0,0
317597,Cash loans,1971072.0,68643.0,M,54.0,Married,House / apartment,Businessman,315000.0,0
156169,Cash loans,781920.0,25969.5,M,48.0,Married,Rented apartment,Working,144000.0,0
209469,Cash loans,310500.0,17955.0,F,40.0,Married,House / apartment,Unemployed,81000.0,1
375427,Cash loans,1288350.0,41692.5,F,36.0,Married,With parents,Working,270000.0,0
193373,Cash loans,2013840.0,55377.0,F,36.0,Married,House / apartment,Unemployed,306000.0,0
254517,Cash loans,392472.0,28687.5,F,42.0,Married,House / apartment,Working,144000.0,0
139167,Cash loans,808650.0,23773.5,F,59.0,Married,House / apartment,Businessman,247500.0,1
149902,Cash loans,315000.0,16083.0,F,54.0,Civil marriage,House / apartment,Working,81000.0,0
213911,Cash loans,417024.0,18499.5,F,63.0,Widow,House / apartment,Unemployed,112500.0,0
169127,Cash loans,269550.0,12964.5,F,46.0,Married,House / apartment,Unemployed,72000.0,1
309368,Cash loans,1442596.5,39667.5,F,48.0,Widow,Municipal apartment,Businessman,225000.0,0
209657,Revolving loans,,27000.0,M,61.0,Married,House / apartment,,173250.0,0
387908,Cash loans,545040.0,31288.5,F,42.0,Separated,House / apartment,Unemployed,135000.0,0
256157,Cash loans,1305000.0,36018.0,M,62.0,Married,House / apartment,Working,112500.0,0
149099,Cash loans,675000.0,29731.5,F,,Married,House / apartment,Working,112500.0,0
262805,Cash loans,814041.0,28971.0,F,28.0,Married,Office apartment,Working,112500.0,0
109664,Cash loans,172021.5,20542.5,F,46.0,Civil marriage,House / apartment,Working,157500.0,0
274078,Cash loans,568800.0,16429.5,M,43.0,Separated,House / apartment,Unemployed,103500.0,0
389001,Cash loans,611905.5,32728.5,F,60.0,Widow,House / apartment,Working,225000.0,0
139041,Cash loans,1040463.0,27576.0,F,24.0,Married,House / apartment,Working,135000.0,0
187123,Cash loans,143910.0,14364.0,M,36.0,Married,House / apartment,Unemployed,157500.0,0
106142,Cash loans,640080.0,29970.0,M,32.0,Single / not married,House / apartment,Working,135000.0,0
104043,Cash loans,284400.0,13257.0,M,31.0,Civil marriage,With parents,Working,180000.0,0
289374,Cash loans,965340.0,101497.5,M,44.0,Married,House / apartment,Businessman,292500.0,0
214744,Cash loans,675000.0,26770.5,F,58.0,Widow,House / apartment,Businessman,202500.0,0
191352,Cash loans,1350000.0,39474.0,F,55.0,Married,House / apartment,Businessman,450000.0,0
101284,Cash loans,260640.0,24034.5,M,42.0,Married,House / apartment,Working,112500.0,0
141276,Cash loans,302206.5,16524.0,M,52.0,Married,House / apartment,Unemployed,67500.0,1
117871,Revolving loans,135000.0,6750.0,F,62.0,Married,House / apartment,Working,135000.0,0
104471,Cash loans,112500.0,13351.5,M,22.0,Single / not married,House / apartment,Working,157500.0,0
274802,Cash loans,182016.0,14508.0,M,64.0,Married,House / apartment,Working,145800.0,0
329917,Cash loans,625536.0,31905.0,M,39.0,Married,House / apartment,Businessman,225000.0,0
372685,Revolving loans,900000.0,45000.0,M,43.0,Married,House / apartment,Businessman,270000.0,0
384591,Cash loans,904500.0,38322.0,M,40.0,Married,House / apartment,Businessman,225000.0,0
342801,Cash loans,346500.0,18139.5,F,27.0,Married,House / apartment,Unemployed,108000.0,0
271729,Cash loans,675000.0,21775.5,M,41.0,Married,House / apartment,,135000.0,0
218291,Cash loans,323388.0,21739.5,F,30.0,Married,House / apartment,Working,112500.0,0
338324,Cash loans,1125000.0,32895.0,F,57.0,Married,House / apartment,Unemployed,121500.0,0
292585,Cash loans,143910.0,13455.0,M,40.0,Married,House / apartment,Working,148770.0,1
165619,Cash loans,1535553.0,40635.0,F,59.0,Married,House / apartment,Businessman,202500.0,0
389290,Cash loans,675000.0,32602.5,F,33.0,Married,House / apartment,Working,112500.0,0
261811,Revolving loans,180000.0,9000.0,M,28.0,Single / not married,House / apartment,Unemployed,67500.0,0
361104,Cash loans,971280.0,51876.0,M,39.0,Married,House / apartment,Businessman,292500.0,0
147719,Cash loans,1024740.0,55719.0,M,23.0,Single / not married,With parents,Businessman,432000.0,0
111892,Cash loans,101880.0,10809.0,M,30.0,Married,House / apartment,Working,112500.0,0
431370,Cash loans,985747.5,44676.0,F,41.0,Married,House / apartment,Working,90000.0,1
276683,Cash loans,789939.0,21721.5,F,47.0,Married,House / apartment,Working,139500.0,0
456086,Cash loans,253737.0,16956.0,F,57.0,Married,House / apartment,Unemployed,92250.0,0
263504,Cash loans,364896.0,16200.0,M,44.0,Married,House / apartment,Working,180000.0,0
421227,Cash loans,1138900.5,33430.5,F,54.0,Civil marriage,House / apartment,Working,360000.0,0
137574,Cash loans,679500.0,22050.0,F,50.0,Married,House / apartment,Working,108000.0,0
451684,Cash loans,241618.5,23665.5,F,49.0,Single / not married,Municipal apartment,Working,135000.0,0
456052,Cash loans,316125.0,15372.0,M,37.0,Single / not married,With parents,Unemployed,135000.0,1
291745,Cash loans,948582.0,27864.0,F,60.0,Married,House / apartment,Working,180000.0,0
423015,Cash loans,352044.0,16542.0,M,35.0,Married,House / apartment,Unemployed,121500.0,0
180892,Cash loans,646389.0,20295.0,F,58.0,Single / not married,House / apartment,Working,157500.0,0
277776,Cash loans,227520.0,16618.5,F,35.0,Married,House / apartment,Working,108000.0,0
398629,Cash loans,225000.0,22252.5,F,53.0,Married,House / apartment,Working,135000.0,0
417767,Cash loans,225000.0,8613.0,M,63.0,Widow,House / apartment,Working,315000.0,0
258299,Cash loans,781920.0,52384.5,M,40.0,Married,House / apartment,Working,292500.0,0
202361,Cash loans,640080.0,23121.0,F,50.0,Married,House / apartment,Unemployed,112500.0,0
404167,Cash loans,942300.0,36513.0,F,38.0,Married,House / apartment,Working,81000.0,1
272064,Cash loans,254700.0,14220.0,F,66.0,Married,House / apartment,Working,90000.0,0
410180,Cash loans,970380.0,28503.0,F,42.0,Married,House / apartment,Unemployed,135000.0,0
392304,Cash loans,1125000.0,33025.5,F,57.0,Single / not married,House / apartment,Working,382657.5,0
230994,Cash loans,450000.0,35685.0,F,33.0,Separated,With parents,Businessman,202500.0,0
139631,Cash loans,814797.0,44329.5,F,44.0,Married,House / apartment,,247500.0,0
121648,Cash loans,1237684.5,49216.5,M,42.0,Married,House / apartment,Businessman,315000.0,0
288201,Cash loans,247275.0,17338.5,F,66.0,Widow,House / apartment,Unemployed,90000.0,0
113462,Cash loans,607500.0,25866.0,F,56.0,Civil marriage,House / apartment,Working,135000.0,0
315226,Cash loans,364896.0,24682.5,M,28.0,Single / not married,House / apartment,Businessman,225000.0,0
116536,Cash loans,835380.0,40320.0,M,,Married,House / apartment,Working,180000.0,0
129931,Revolving loans,270000.0,13500.0,F,31.0,Married,House / apartment,Working,135000.0,0
248102,Cash loans,207000.0,10197.0,F,25.0,Married,House / apartment,Working,162000.0,0
370819,Cash loans,1436850.0,42142.5,M,51.0,Married,House / apartment,Working,135000.0,0
219504,Cash loans,1215000.0,48186.0,M,39.0,Married,House / apartment,Businessman,495000.0,0
179666,Cash loans,1051245.0,34042.5,F,43.0,Married,House / apartment,Working,135000.0,0
356749,Cash loans,592560.0,32274.0,F,30.0,Married,House / apartment,Unemployed,135000.0,1
362085,Cash loans,450000.0,47254.5,M,49.0,Civil marriage,House / apartment,Working,315000.0,0
342506,Cash loans,1206954.0,34717.5,F,36.0,Married,House / apartment,,202500.0,0
147947,Cash loans,1102162.5,36553.5,M,42.0,Married,House / apartment,Working,157500.0,0
426264,Cash loans,241618.5,25636.5,M,36.0,Married,House / apartment,Working,135000.0,0
162526,Cash loans,509602.5,23157.0,F,46.0,Married,House / apartment,Unemployed,90000.0,0
325537,Cash loans,589045.5,19467.0,F,51.0,Married,House / apartment,Working,112500.0,0
354693,Cash loans,225000.0,19246.5,M,28.0,Married,House / apartment,Unemployed,112500.0,0
392605,Revolving loans,292500.0,14625.0,M,64.0,Single / not married,House / apartment,Working,112500.0,0
274966,Cash loans,662026.5,23778.0,M,47.0,Married,House / apartment,Working,135000.0,0
263500,Cash loans,589500.0,17365.5,F,54.0,Civil marriage,House / apartment,Unemployed,126000.0,0
432318,Cash loans,315000.0,15151.5,M,62.0,Married,Municipal apartment,,54000.0,0
350367,Revolving loans,270000.0,13500.0,F,46.0,Married,House / apartment,Working,135000.0,0
220040,Cash loans,545040.0,25537.5,F,37.0,Civil marriage,House / apartment,Working,148500.0,0
276585,Cash loans,107820.0,7798.5,M,61.0,Married,House / apartment,Working,157500.0,0
108225,Cash loans,170640.0,11034.0,F,54.0,Separated,House / apartment,Unemployed,67500.0,0
417415,Cash loans,845158.5,48649.5,M,43.0,Married,House / apartment,Businessman,261000.0,0
193940,Cash loans,545040.0,36553.5,F,41.0,Married,House / apartment,Unemployed,112500.0,0
323980,Cash loans,863226.0,32121.0,F,41.0,Married,House / apartment,Working,157500.0,0
214904,Cash loans,500211.0,28062.0,M,47.0,Single / not married,House / apartment,Unemployed,99000.0,0
396203,Cash loans,942300.0,30528.0,M,60.0,Married,Municipal apartment,Unemployed,90000.0,1
265129,Cash loans,545040.0,26640.0,F,22.0,Civil marriage,House / apartment,Working,112500.0,0
268141,Revolving loans,270000.0,13500.0,M,,Married,With parents,Working,180000.0,0
171135,Revolving loans,337500.0,16875.0,F,48.0,Widow,House / apartment,Unemployed,108000.0,0
300542,Cash loans,288873.0,19435.5,M,28.0,Married,House / apartment,Working,157500.0,0
136610,Cash loans,497520.0,31923.0,F,67.0,Married,House / apartment,Unemployed,146250.0,1
191234,Cash loans,528633.0,27121.5,F,29.0,Civil marriage,House / apartment,Working,180000.0,1
382280,Cash loans,361462.5,19737.0,M,43.0,Married,House / apartment,,135000.0,0
307813,Cash loans,834048.0,26316.0,F,,Married,House / apartment,Unemployed,99000.0,0
326208,Cash loans,224149.5,26730.0,F,37.0,Married,House / apartment,Businessman,202500.0,0
263628,Cash loans,314100.0,16164.0,F,52.0,Married,House / apartment,Working,112500.0,0
137081,Cash loans,1312110.0,55723.5,F,46.0,Married,House / apartment,Businessman,270000.0,0
232013,Cash loans,152820.0,9895.5,F,63.0,Widow,House / apartment,Unemployed,112500.0,0
162603,Cash loans,338832.0,12685.5,F,66.0,Married,House / apartment,Businessman,202500.0,0
362721,Cash loans,1350000.0,37255.5,F,45.0,Married,House / apartment,Working,121500.0,0
451325,Cash loans,360000.0,23436.0,F,52.0,Civil marriage,House / apartment,Unemployed,90000.0,0
161889,Cash loans,98910.0,7033.5,M,43.0,Married,House / apartment,Unemployed,67500.0,0
154418,Cash loans,1006920.0,42790.5,F,55.0,Married,House / apartment,Working,112500.0,0
430430,Cash loans,1198944.0,43195.5,F,27.0,Married,House / apartment,Working,270000.0,0
354417,Cash loans,592560.0,35937.0,M,33.0,Single / not married,With parents,Businessman,315000.0,1
141027,Cash loans,152820.0,8662.5,F,60.0,Married,House / apartment,Working,56250.0,0
190162,Cash loans,1255680.0,41629.5,F,31.0,Married,House / apartment,Businessman,211500.0,0
117823,Cash loans,213948.0,22828.5,F,32.0,Single / not married,With parents,Unemployed,112500.0,0
444441,Cash loans,701730.0,66627.0,F,54.0,Married,House / apartment,Businessman,405000.0,0
388543,Cash loans,390960.0,16695.0,F,57.0,Civil marriage,House / apartment,Unemployed,67500.0,0
135753,Revolving loans,180000.0,9000.0,M,27.0,Civil marriage,With parents,Working,180000.0,0
344893,Cash loans,281916.0,13842.0,F,37.0,Married,House / apartment,Working,76500.0,0
404343,Cash loans,1535553.0,40504.5,F,50.0,Married,House / apartment,Working,112500.0,0
219987,Cash loans,225000.0,10489.5,M,37.0,Single / not married,House / apartment,Businessman,225000.0,0
136134,Cash loans,497520.0,53712.0,,57.0,Widow,House / apartment,Working,180000.0,0
304686,Cash loans,462195.0,20488.5,F,53.0,Married,House / apartment,Unemployed,180000.0,0
388233,Cash loans,592560.0,40216.5,F,34.0,Married,House / apartment,Businessman,202500.0,0
377434,Cash loans,301896.0,22702.5,F,51.0,Married,House / apartment,Unemployed,90000.0,0
203723,Cash loans,675000.0,32602.5,F,52.0,Married,House / apartment,Unemployed,90000.0,0
334455,Cash loans,269550.0,11416.5,F,57.0,Married,House / apartment,Unemployed,85500.0,0
322051,Revolving loans,270000.0,13500.0,M,29.0,Married,House / apartment,Unemployed,103500.0,0
190214,Cash loans,486459.0,18337.5,F,45.0,Separated,Municipal apartment,Working,135000.0,0
433682,Cash loans,572076.0,42772.5,M,30.0,Single / not married,House / apartment,Unemployed,180000.0,0
350972,Cash loans,1078200.0,31653.0,F,35.0,Separated,House / apartment,Businessman,202500.0,0
264845,Cash loans,1118700.0,47529.0,F,57.0,Single / not married,House / apartment,Working,180000.0,0
293699,Cash loans,302206.5,14665.5,F,59.0,Married,House / apartment,Working,67500.0,0
239462,Cash loans,450000.0,53536.5,M,36.0,Married,House / apartment,Businessman,202500.0,1
173983,Cash loans,364428.0,9742.5,F,43.0,Separated,House / apartment,Working,162000.0,0
256823,Revolving loans,450000.0,22500.0,M,50.0,Married,House / apartment,Working,112500.0,0
237974,Cash loans,1061599.5,28134.0,F,41.0,Single / not married,House / apartment,Unemployed,157500.0,0
257852,Cash loans,427500.0,20920.5,F,25.0,Married,House / apartment,Working,126000.0,0
237681,Cash loans,589045.5,32085.0,M,34.0,Married,House / apartment,Working,202500.0,0
199672,Cash loans,254700.0,16713.0,M,60.0,Married,House / apartment,Working,45000.0,1
359130,Cash loans,225000.0,8482.5,F,53.0,Single / not married,House / apartment,Working,45000.0,0
231691,Cash loans,684738.0,20151.0,F,65.0,Married,House / apartment,Unemployed,67500.0,0
150578,Cash loans,339948.0,27256.5,F,50.0,Married,House / apartment,Working,166500.0,0
356068,Revolving loans,675000.0,33750.0,M,51.0,Married,House / apartment,Businessman,450000.0,0
233436,Cash loans,1078200.0,31522.5,F,48.0,Civil marriage,House / apartment,Unemployed,108000.0,0
367961,Cash loans,352044.0,16542.0,M,41.0,Married,House / apartment,Working,112500.0,0
231671,Revolving loans,135000.0,6750.0,F,56.0,Married,House / apartment,Working,157500.0,0
166756,Cash loans,312768.0,15043.5,F,64.0,Widow,House / apartment,Unemployed,67500.0,0
263450,Cash loans,237204.0,16506.0,F,62.0,Single / not married,House / apartment,Working,153000.0,0
155420,Cash loans,148365.0,11610.0,M,42.0,Married,House / apartment,Unemployed,81000.0,0
293782,Cash loans,202500.0,9049.5,F,57.0,Married,House / apartment,Working,85500.0,0
322025,Cash loans,314055.0,15237.0,F,,Married,House / apartment,Working,157500.0,0
340792,Cash loans,225000.0,20637.0,M,37.0,Single / not married,House / apartment,Unemployed,90000.0,1
255849,Cash loans,508495.5,21672.0,M,61.0,Married,House / apartment,Businessman,270000.0,0
109488,Cash loans,545040.0,20677.5,F,37.0,Single / not married,With parents,Unemployed,180000.0,0
199098,Cash loans,247275.0,19417.5,F,34.0,Civil marriage,With parents,Working,135000.0,0
352314,Revolving loans,135000.0,6750.0,F,26.0,Single / not married,With parents,Working,112500.0,0
130285,Cash loans,916470.0,26928.0,M,48.0,Married,House / apartment,Businessman,247500.0,0
395010,Cash loans,119893.5,12717.0,M,38.0,Married,House / apartment,Working,180000.0,0
212552,Cash loans,706410.0,68814.0,,64.0,Married,House / apartment,,292500.0,0
397880,Cash loans,937638.0,41301.0,F,34.0,Married,House / apartment,Businessman,225000.0,0
222960,Cash loans,,26226.0,F,67.0,Married,Office apartment,Businessman,225000.0,0
266033,Cash loans,76752.0,8140.5,M,33.0,Married,House / apartment,Working,135000.0,0
402758,Cash loans,808650.0,22365.0,,36.0,Single / not married,House / apartment,Unemployed,90000.0,0
417712,Cash loans,450000.0,30573.0,F,30.0,Married,House / apartment,Working,360000.0,0
336549,Cash loans,152820.0,8901.0,M,66.0,Married,House / apartment,Unemployed,67500.0,0
175698,Cash loans,661500.0,67783.5,M,33.0,Civil marriage,House / apartment,Businessman,270000.0,0
204436,Cash loans,450000.0,27324.0,F,,Single / not married,House / apartment,Working,112500.0,0
233245,Cash loans,840951.0,35761.5,F,42.0,Married,House / apartment,Working,193500.0,0
210115,Cash loans,743958.0,24129.0,F,36.0,Civil marriage,House / apartment,Unemployed,103500.0,1
406558,Cash loans,,34785.0,,48.0,Married,House / apartment,Businessman,202500.0,0
362170,Cash loans,167076.0,12010.5,M,49.0,Married,House / apartment,Working,135000.0,0
304937,Cash loans,286704.0,22779.0,M,60.0,Married,House / apartment,Businessman,202500.0,0
268304,Revolving loans,135000.0,6750.0,M,31.0,Married,House / apartment,Businessman,202500.0,0
450341,Cash loans,252531.0,20376.0,M,35.0,Single / not married,House / apartment,Working,157500.0,0
123278,Cash loans,180000.0,16506.0,F,25.0,Married,House / apartment,Unemployed,135000.0,1
100464,Cash loans,345510.0,17640.0,M,27.0,Single / not married,House / apartment,Working,112500.0,0
146357,Cash loans,273636.0,15835.5,F,39.0,Civil marriage,House / apartment,Unemployed,81000.0,0
440466,Cash loans,675000.0,26770.5,F,31.0,Single / not married,House / apartment,Working,117000.0,0
232908,Cash loans,553005.0,37102.5,F,64.0,Single / not married,House / apartment,Working,90000.0,0
317783,Cash loans,615888.0,60129.0,F,33.0,Married,House / apartment,Working,180000.0,0
436279,Cash loans,170640.0,13612.5,F,36.0,Single / not married,With parents,Unemployed,90000.0,0
175514,Cash loans,818410.5,27175.5,F,41.0,Separated,House / apartment,Businessman,270000.0,0
249027,Cash loans,299772.0,13972.5,M,23.0,Single / not married,House / apartment,Working,112500.0,0
232267,Cash loans,521280.0,27292.5,M,42.0,Married,House / apartment,Businessman,270000.0,0
288485,Cash loans,143910.0,15241.5,,62.0,Married,House / apartment,Working,135000.0,0
100145,Cash loans,260725.5,16789.5,F,45.0,Separated,House / apartment,Working,202500.0,0
147965,Revolving loans,135000.0,6750.0,F,32.0,Married,With parents,Working,135000.0,0
174095,Cash loans,378180.0,10102.5,M,27.0,Civil marriage,House / apartment,Unemployed,81000.0,0
270424,Cash loans,161730.0,7254.0,F,61.0,Widow,House / apartment,Unemployed,33750.0,0
299015,Cash loans,835380.0,33259.5,F,54.0,Married,House / apartment,Unemployed,67500.0,0
366354,Cash loans,295776.0,19030.5,M,47.0,Married,House / apartment,Working,157500.0,0
394330,Revolving loans,270000.0,13500.0,F,23.0,Married,Municipal apartment,Unemployed,126000.0,0
361513,Cash loans,1107981.0,32526.0,M,37.0,Married,House / apartment,Unemployed,175500.0,0
148847,Cash loans,1575000.0,43312.5,M,55.0,Married,House / apartment,Businessman,315000.0,0
314793,Cash loans,254700.0,24939.0,F,52.0,Married,Municipal apartment,Businessman,270000.0,0
211015,Cash loans,285723.0,24651.0,M,24.0,Single / not married,House / apartment,Working,225000.0,0
275036,Cash loans,724500.0,28863.0,F,34.0,Married,House / apartment,Working,112500.0,0
455991,Cash loans,495000.0,36148.5,M,37.0,Married,Rented apartment,Businessman,450000.0,0
440399,Cash loans,108072.0,6331.5,F,46.0,Married,House / apartment,Working,81000.0,0
447714,Cash loans,296280.0,23539.5,F,40.0,Separated,House / apartment,Unemployed,135000.0,0
213557,Cash loans,1078200.0,38331.0,F,39.0,Married,House / apartment,Working,90000.0,0
380411,Cash loans,149256.0,15291.0,F,65.0,Widow,House / apartment,Unemployed,81000.0,0
212351,Cash loans,1718473.5,47385.0,F,58.0,Married,House / apartment,Businessman,360000.0,0
334642,Cash loans,251280.0,11196.0,M,57.0,Civil marriage,House / apartment,Working,112500.0,0
430924,Cash loans,3150000.0,77931.0,F,28.0,Civil marriage,House / apartment,Businessman,495634.5,0
195764,Cash loans,1350000.0,39474.0,F,,Single / not married,House / apartment,Working,189000.0,0
108491,Cash loans,835380.0,42840.0,F,49.0,Married,House / apartment,Working,157500.0,0
368010,Cash loans,710640.0,80500.5,M,29.0,Single / not married,House / apartment,Businessman,270000.0,0
291325,Cash loans,813105.0,37809.0,M,44.0,Civil marriage,House / apartment,Businessman,270000.0,0
218024,Cash loans,540000.0,14242.5,F,34.0,Married,House / apartment,Working,157500.0,0
242230,Cash loans,180000.0,9319.5,F,38.0,Married,House / apartment,Working,112500.0,0
219710,Cash loans,271066.5,11614.5,F,65.0,Married,House / apartment,Working,112500.0,0
434404,Cash loans,643585.5,48249.0,F,51.0,Married,House / apartment,,81000.0,0
102586,Cash loans,364896.0,28827.0,M,22.0,Single / not married,House / apartment,Working,135000.0,1
380867,Cash loans,922500.0,27103.5,F,35.0,Married,House / apartment,Working,112500.0,0
307002,Cash loans,900000.0,45954.0,M,29.0,Married,Municipal apartment,Businessman,225000.0,0
106167,Revolving loans,180000.0,9000.0,F,49.0,Married,House / apartment,Working,112500.0,0
230220,Cash loans,348826.5,17095.5,M,56.0,Married,House / apartment,,67500.0,1
453732,Cash loans,1078200.0,31653.0,,48.0,Civil marriage,House / apartment,,270000.0,0
141535,Cash loans,219042.0,12703.5,F,44.0,Single / not married,House / apartment,Businessman,315000.0,0
342040,Cash loans,815607.0,32476.5,M,41.0,Married,House / apartment,Businessman,202500.0,0
246144,Revolving loans,270000.0,13500.0,F,39.0,Married,House / apartment,Businessman,225000.0,0
285394,Cash loans,447768.0,35505.0,M,25.0,Married,House / apartment,Working,157500.0,1
355787,Cash loans,303205.5,32782.5,F,50.0,Married,House / apartment,Working,157500.0,0
226577,Cash loans,270000.0,21330.0,F,46.0,Married,House / apartment,Working,117000.0,1
264197,Cash loans,595273.5,22572.0,F,58.0,Married,House / apartment,Working,135000.0,0
193294,Cash loans,269550.0,21294.0,F,27.0,Civil marriage,House / apartment,Unemployed,90000.0,1
212093,Cash loans,665892.0,18441.0,F,28.0,Married,House / apartment,Working,126000.0,0
419658,Cash loans,701730.0,83407.5,M,28.0,Single / not married,House / apartment,Businessman,315000.0,0
118540,Cash loans,319500.0,34029.0,F,38.0,Single / not married,House / apartment,Working,135000.0,0
234487,Cash loans,1695483.0,46624.5,M,55.0,Married,House / apartment,Businessman,225000.0,0
199186,Cash loans,397881.0,15129.0,F,46.0,Married,House / apartment,Working,112500.0,0
266185,Cash loans,691020.0,22419.0,F,49.0,Married,House / apartment,Working,180000.0,0
137763,Cash loans,760500.0,22365.0,F,33.0,Married,House / apartment,Working,157500.0,0
105788,Cash loans,545040.0,26640.0,M,52.0,Married,House / apartment,Working,180000.0,1
166463,Cash loans,508495.5,21672.0,F,55.0,Married,House / apartment,Unemployed,94500.0,0
164086,Cash loans,1078200.0,31653.0,M,44.0,Married,House / apartment,Businessman,247500.0,0
329038,Cash loans,521280.0,28408.5,F,28.0,Single / not married,House / apartment,Businessman,202500.0,0
393214,Cash loans,765522.0,22383.0,,56.0,Single / not married,House / apartment,Businessman,202500.0,0
451806,Cash loans,640080.0,31261.5,M,48.0,Married,House / apartment,Businessman,292500.0,0
237231,Revolving loans,270000.0,13500.0,M,45.0,Married,House / apartment,Businessman,450000.0,0
405534,Cash loans,900000.0,35694.0,F,40.0,Married,House / apartment,Unemployed,135000.0,0
455347,Cash loans,218016.0,17352.0,F,44.0,Married,House / apartment,Working,112500.0,0
175658,Cash loans,126000.0,11790.0,F,69.0,Widow,House / apartment,Unemployed,90000.0,0
302031,Cash loans,1928304.0,71590.5,F,37.0,Married,House / apartment,Businessman,225000.0,0
403173,Cash loans,161730.0,13095.0,F,35.0,Married,House / apartment,Working,157500.0,0
230430,Cash loans,270000.0,30537.0,M,,Married,With parents,Working,135000.0,0
377974,Cash loans,942300.0,30528.0,,55.0,Widow,House / apartment,Unemployed,90000.0,0
186256,Cash loans,1024290.0,30078.0,F,42.0,Married,House / apartment,Working,135000.0,0
330374,Cash loans,675000.0,17806.5,M,28.0,Single / not married,House / apartment,Working,192163.5,0
200451,Cash loans,792346.5,46458.0,M,29.0,Civil marriage,House / apartment,Businessman,202500.0,1
417667,Cash loans,420367.5,33705.0,M,32.0,Married,House / apartment,Businessman,225000.0,0
329117,Revolving loans,180000.0,9000.0,F,30.0,Married,House / apartment,Working,126000.0,0
378465,Cash loans,343800.0,13090.5,F,58.0,Married,House / apartment,Unemployed,81000.0,1
274236,Revolving loans,337500.0,16875.0,F,58.0,Separated,House / apartment,Working,90000.0,0
185877,Cash loans,1125000.0,40540.5,F,32.0,Married,House / apartment,Working,225000.0,0
421922,Cash loans,251280.0,10773.0,F,46.0,Civil marriage,House / apartment,Unemployed,67500.0,0
366395,Cash loans,604152.0,32904.0,M,55.0,Married,Municipal apartment,Unemployed,94500.0,1
339700,Cash loans,276277.5,21825.0,F,23.0,Single / not married,House / apartment,,180000.0,0
169283,Cash loans,104256.0,12501.0,F,35.0,Single / not married,House / apartment,Working,67500.0,0
377865,Cash loans,337500.0,16236.0,F,29.0,Civil marriage,House / apartment,Working,112500.0,0
273136,Cash loans,521280.0,23089.5,F,60.0,Married,House / apartment,Unemployed,67500.0,0
374441,Cash loans,808650.0,31333.5,F,32.0,Married,House / apartment,Working,157500.0,0
349080,Cash loans,315000.0,37381.5,F,29.0,Single / not married,House / apartment,Working,126000.0,0
311723,Cash loans,459000.0,14935.5,F,38.0,Separated,House / apartment,Working,121500.0,0
360605,Cash loans,592560.0,25236.0,F,61.0,Separated,House / apartment,Unemployed,112500.0,0
447963,Cash loans,954000.0,25164.0,F,29.0,Married,With parents,Unemployed,90000.0,0
188730,Cash loans,877500.0,25654.5,F,48.0,Married,House / apartment,Working,112500.0,0
384920,Cash loans,254700.0,24939.0,F,68.0,Married,House / apartment,Unemployed,81000.0,0
411387,Cash loans,755190.0,56592.0,M,51.0,Married,House / apartment,Businessman,360000.0,0
385742,Cash loans,225000.0,12564.0,F,58.0,Married,House / apartment,Unemployed,54000.0,0
177534,Cash loans,601474.5,26622.0,F,46.0,Married,House / apartment,Working,157500.0,0
343225,Cash loans,,31522.5,F,42.0,Civil marriage,House / apartment,Working,180000.0,0
162085,Cash loans,544491.0,16047.0,F,58.0,Widow,House / apartment,Unemployed,90000.0,0
285506,Cash loans,163008.0,13009.5,F,43.0,Married,House / apartment,Unemployed,67500.0,0
284672,Revolving loans,270000.0,13500.0,M,47.0,Married,House / apartment,Unemployed,90000.0,0
450713,Cash loans,119893.5,13041.0,F,27.0,Married,House / apartment,Unemployed,90000.0,0
273668,Cash loans,380533.5,20772.0,F,28.0,Married,With parents,Working,166500.0,0
394969,Cash loans,760225.5,34353.0,F,45.0,Married,House / apartment,Businessman,234000.0,0
173802,Cash loans,227520.0,8707.5,F,63.0,Separated,House / apartment,Unemployed,90000.0,0
169592,Cash loans,733315.5,39199.5,F,53.0,Married,House / apartment,Businessman,202500.0,0
172984,Revolving loans,135000.0,6750.0,M,26.0,Single / not married,House / apartment,Unemployed,81000.0,0
198740,Cash loans,363190.5,39244.5,F,28.0,Married,House / apartment,Businessman,225000.0,0
372780,Cash loans,225000.0,11781.0,M,32.0,Civil marriage,House / apartment,Working,157500.0,0
385619,Cash loans,288873.0,14805.0,F,40.0,Civil marriage,House / apartment,Working,157500.0,0
196807,Cash loans,533668.5,39901.5,F,36.0,Married,House / apartment,Working,112500.0,0
409701,Cash loans,1528200.0,53248.5,M,48.0,Married,House / apartment,Working,130500.0,0
254547,Cash loans,472500.0,25762.5,M,52.0,Married,Municipal apartment,Working,135000.0,1
324112,Cash loans,568800.0,15133.5,F,,Married,House / apartment,Unemployed,58500.0,0
140958,Cash loans,1076247.0,41121.0,M,40.0,Married,House / apartment,Working,270000.0,0
266945,Cash loans,,23773.5,F,51.0,Separated,House / apartment,Working,135000.0,0
302831,Cash loans,508495.5,24592.5,M,,Married,House / apartment,Unemployed,234000.0,0
277050,Cash loans,351000.0,22824.0,F,67.0,Married,House / apartment,Unemployed,72000.0,0
428432,Cash loans,363190.5,20407.5,M,47.0,Single / not married,House / apartment,Working,135000.0,0
393787,Revolving loans,180000.0,9000.0,M,50.0,Single / not married,House / apartment,Working,243000.0,0
100673,Cash loans,942300.0,24984.0,M,45.0,Single / not married,House / apartment,Businessman,225000.0,0
141292,Cash loans,239850.0,23850.0,F,37.0,Married,House / apartment,Unemployed,135000.0,0
365793,Cash loans,1042560.0,34456.5,M,23.0,Married,House / apartment,Businessman,225000.0,0
181853,Cash loans,123993.0,8518.5,M,27.0,Married,House / apartment,Unemployed,90000.0,0
417106,Revolving loans,225000.0,11250.0,F,31.0,Widow,House / apartment,Unemployed,90000.0,0
357010,Cash loans,450000.0,48595.5,F,49.0,Married,House / apartment,,157500.0,0
174191,Cash loans,448056.0,21919.5,F,38.0,Civil marriage,House / apartment,Businessman,225000.0,1
415217,Revolving loans,180000.0,9000.0,,25.0,Single / not married,House / apartment,Working,157500.0,0
340549,Cash loans,640080.0,31261.5,M,59.0,Single / not married,House / apartment,Businessman,202500.0,1
388905,Revolving loans,247500.0,12375.0,F,32.0,Married,House / apartment,Working,157500.0,0
413661,Cash loans,1159411.5,46111.5,F,36.0,Married,House / apartment,,157500.0,0
316368,Cash loans,571500.0,16839.0,F,53.0,Separated,House / apartment,Unemployed,103500.0,0
393357,Cash loans,278613.0,15687.0,F,57.0,Single / not married,House / apartment,,90000.0,0
360065,Cash loans,619965.0,20128.5,M,38.0,Separated,House / apartment,Unemployed,180000.0,1
366550,Cash loans,1303200.0,46939.5,,63.0,Married,House / apartment,Unemployed,180000.0,0
399081,Cash loans,187704.0,14827.5,M,54.0,Single / not married,House / apartment,Unemployed,67500.0,0
400954,Cash loans,456273.0,20227.5,F,,Single / not married,House / apartment,Working,112500.0,1
265391,Cash loans,937638.0,41431.5,F,59.0,Married,House / apartment,Working,157500.0,0
260209,Cash loans,225000.0,22050.0,F,68.0,Widow,House / apartment,Unemployed,67500.0,0
394724,Cash loans,677664.0,36891.0,M,44.0,Married,House / apartment,Working,121500.0,0
381314,Cash loans,675000.0,65758.5,F,37.0,Married,House / apartment,Working,270000.0,0
444699,Cash loans,,47614.5,F,26.0,Single / not married,House / apartment,Businessman,675000.0,0
237305,Cash loans,545040.0,25537.5,M,56.0,Civil marriage,House / apartment,Businessman,225000.0,0
384572,Cash loans,1546020.0,42642.0,M,55.0,Married,House / apartment,Working,270000.0,0
437545,Cash loans,1144737.0,45526.5,F,45.0,Married,House / apartment,Businessman,225000.0,0
164918,Revolving loans,337500.0,16875.0,F,65.0,Separated,House / apartment,Working,126000.0,1
353603,Cash loans,405000.0,21969.0,M,37.0,Married,House / apartment,Working,121500.0,0
362275,Cash loans,1928304.0,78669.0,F,57.0,Married,House / apartment,Businessman,225000.0,0
224486,Cash loans,95940.0,10462.5,F,25.0,Single / not married,House / apartment,Working,63000.0,0
178169,Cash loans,425133.0,20677.5,M,56.0,Married,House / apartment,Unemployed,45000.0,1
255024,Cash loans,431280.0,23526.0,F,43.0,Married,House / apartment,Working,130500.0,0
259468,Revolving loans,135000.0,6750.0,F,60.0,Civil marriage,House / apartment,Businessman,270000.0,0
165895,Cash loans,545040.0,26640.0,M,28.0,Married,House / apartment,Unemployed,202500.0,0
190235,Cash loans,1223010.0,51948.0,F,65.0,Widow,House / apartment,Businessman,225000.0,0
282624,Revolving loans,202500.0,10125.0,F,45.0,Married,House / apartment,Unemployed,81000.0,0
284192,Cash loans,269550.0,11547.0,F,51.0,Widow,House / apartment,Working,162000.0,1
351691,Cash loans,268659.0,18081.0,M,57.0,Civil marriage,House / apartment,Unemployed,135000.0,0
326631,Cash loans,1886850.0,49905.0,F,60.0,Single / not married,House / apartment,Businessman,207000.0,0
258239,Cash loans,1174977.0,34483.5,F,50.0,Civil marriage,House / apartment,Working,180900.0,0
236674,Cash loans,529348.5,32512.5,M,43.0,Married,House / apartment,Working,135000.0,0
417143,Cash loans,684000.0,30258.0,F,57.0,Civil marriage,House / apartment,Unemployed,105750.0,0
163888,Cash loans,781920.0,28215.0,F,33.0,Civil marriage,House / apartment,Unemployed,81000.0,0
323347,Cash loans,76410.0,7573.5,F,63.0,Married,House / apartment,Unemployed,54000.0,0
120149,Cash loans,675000.0,53329.5,M,37.0,Single / not married,House / apartment,Businessman,360000.0,0
385962,Cash loans,118512.0,7704.0,F,42.0,Civil marriage,House / apartment,Unemployed,90000.0,0
303303,Cash loans,792000.0,23287.5,F,46.0,Single / not married,House / apartment,Working,175500.0,0
375067,Cash loans,814041.0,26257.5,F,38.0,Civil marriage,House / apartment,Businessman,270000.0,0
454142,Cash loans,948582.0,30730.5,M,49.0,Married,House / apartment,Working,180000.0,0
431576,Cash loans,497520.0,59175.0,M,30.0,Single / not married,House / apartment,Businessman,225000.0,0
290865,Cash loans,450000.0,24412.5,F,24.0,Married,House / apartment,Working,112500.0,1
197889,Cash loans,450000.0,29299.5,F,35.0,Civil marriage,House / apartment,Working,112500.0,0
283445,Cash loans,239850.0,23494.5,F,52.0,Civil marriage,House / apartment,Unemployed,83250.0,0
448230,Cash loans,396171.0,17451.0,F,58.0,Married,House / apartment,Working,112500.0,0
121537,Cash loans,545040.0,20547.0,F,58.0,Married,House / apartment,Unemployed,79875.0,0
283178,Cash loans,254700.0,14350.5,F,66.0,Married,House / apartment,Unemployed,40500.0,0
315203,Cash loans,599778.0,28984.5,F,28.0,Married,House / apartment,Working,135000.0,0
217160,Revolving loans,180000.0,9000.0,F,39.0,Married,House / apartment,Working,135000.0,1
222068,Cash loans,508495.5,21672.0,F,28.0,Single / not married,House / apartment,Unemployed,126000.0,0
122046,Cash loans,942300.0,24984.0,M,61.0,Married,House / apartment,Businessman,270000.0,0
256175,Cash loans,1802385.0,74511.0,F,30.0,Married,House / apartment,Working,121500.0,0
342102,Cash loans,781920.0,43659.0,F,55.0,Separated,House / apartment,Working,94500.0,0
264677,Cash loans,1639057.5,66757.5,M,42.0,Married,House / apartment,Businessman,240750.0,0
145985,Cash loans,247500.0,16245.0,F,39.0,Married,House / apartment,Unemployed,126000.0,0
166054,Revolving loans,337500.0,16875.0,F,42.0,Separated,House / apartment,Working,112500.0,0
389519,Cash loans,450000.0,30573.0,M,29.0,Married,With parents,Unemployed,112500.0,0
110457,Cash loans,728460.0,44694.0,M,,Married,House / apartment,Businessman,360000.0,0
201017,Cash loans,646920.0,25065.0,F,22.0,Civil marriage,House / apartment,Businessman,225000.0,0
356799,Cash loans,90000.0,6547.5,M,64.0,Married,House / apartment,Working,90000.0,0
234248,Cash loans,585000.0,24786.0,F,,Widow,House / apartment,Businessman,202500.0,1
398498,Cash loans,509400.0,28444.5,F,29.0,Single / not married,House / apartment,Working,202500.0,0
327044,Cash loans,835380.0,40320.0,M,31.0,Married,House / apartment,Unemployed,202500.0,0
206859,Cash loans,1024740.0,43546.5,M,47.0,Married,House / apartment,Working,135000.0,1
258498,Cash loans,675000.0,31279.5,M,54.0,Civil marriage,House / apartment,Working,450000.0,0
264852,Cash loans,545040.0,25537.5,F,36.0,Married,House / apartment,,81000.0,0
168194,Cash loans,675000.0,53460.0,F,29.0,Civil marriage,Municipal apartment,Businessman,247500.0,0
436714,Cash loans,265500.0,10138.5,F,34.0,Married,House / apartment,Working,67500.0,0
190935,Cash loans,1042560.0,55543.5,F,44.0,Married,House / apartment,Businessman,315000.0,0
346971,Cash loans,545040.0,25407.0,M,61.0,Married,House / apartment,Unemployed,49500.0,0
121532,Cash loans,296280.0,18256.5,F,66.0,Widow,House / apartment,Working,153000.0,0
305574,Cash loans,1189710.0,32845.5,M,52.0,Married,House / apartment,Working,135000.0,0
454305,Cash loans,679500.0,37939.5,F,63.0,Married,House / apartment,Unemployed,45000.0,0
367859,Cash loans,,43839.0,F,50.0,Married,House / apartment,Working,157500.0,0
165080,Cash loans,161730.0,13095.0,F,27.0,Single / not married,House / apartment,Working,36000.0,1
303316,Cash loans,,27189.0,F,51.0,Civil marriage,House / apartment,Working,180000.0,0
381512,Cash loans,545040.0,35487.0,F,40.0,Separated,House / apartment,Unemployed,90000.0,0
289573,Cash loans,1350000.0,57330.0,M,31.0,Married,House / apartment,Businessman,247500.0,0
256822,Cash loans,585000.0,40716.0,F,47.0,Married,House / apartment,Working,41130.0,0
121702,Cash loans,526491.0,17527.5,M,61.0,Married,House / apartment,Working,144000.0,0
362659,Cash loans,1040985.0,30438.0,F,60.0,Married,House / apartment,Working,135000.0,0
317503,Cash loans,740218.5,24187.5,F,61.0,Married,House / apartment,Working,112500.0,0
126381,Cash loans,545040.0,26640.0,M,53.0,Married,House / apartment,Working,180000.0,0
376832,Cash loans,900000.0,26316.0,F,43.0,Married,House / apartment,Unemployed,135000.0,0
201542,Cash loans,1800000.0,47614.5,F,39.0,Married,House / apartment,Working,180000.0,0
120883,Cash loans,805500.0,41256.0,F,40.0,Civil marriage,House / apartment,Businessman,225000.0,0
433311,Cash loans,427500.0,19809.0,M,25.0,Married,House / apartment,Businessman,247500.0,0
128075,Cash loans,889515.0,31644.0,M,32.0,Married,House / apartment,Working,337500.0,0
110848,Cash loans,207396.0,16515.0,M,47.0,Married,House / apartment,Businessman,441000.0,0
391620,Cash loans,254700.0,16407.0,F,41.0,Married,House / apartment,Working,184500.0,0
347774,Cash loans,886383.0,56776.5,,40.0,Married,House / apartment,Businessman,432000.0,0
323104,Cash loans,700830.0,22738.5,F,52.0,Married,House / apartment,Working,112500.0,0
267056,Cash loans,,63616.5,F,65.0,Civil marriage,House / apartment,Unemployed,175500.0,0
436147,Cash loans,86598.0,8694.0,F,35.0,Separated,Office apartment,Unemployed,112500.0,0
376669,Cash loans,254700.0,27022.5,F,42.0,Widow,House / apartment,Businessman,315000.0,0
400623,Cash loans,203760.0,11506.5,F,44.0,Married,House / apartment,Unemployed,63000.0,0
354441,Cash loans,1436850.0,42142.5,F,42.0,Married,House / apartment,Working,135000.0,0
256640,Cash loans,94500.0,6876.0,F,58.0,Single / not married,House / apartment,Working,112500.0,0
150454,Revolving loans,2250000.0,112500.0,F,56.0,Married,House / apartment,Working,765000.0,0
190101,Cash loans,1525482.0,41949.0,M,30.0,Married,House / apartment,Businessman,292500.0,0
193376,Cash loans,889515.0,26136.0,M,,Civil marriage,House / apartment,Working,180000.0,0
386400,Cash loans,229500.0,8779.5,F,45.0,Civil marriage,House / apartment,Unemployed,175500.0,0
194658,Cash loans,143910.0,15628.5,M,36.0,Single / not married,Municipal apartment,Unemployed,112500.0,1
319480,Cash loans,390960.0,17352.0,M,49.0,Widow,House / apartment,Working,112500.0,0
166508,Cash loans,125136.0,8491.5,M,42.0,Married,House / apartment,Unemployed,67500.0,0
173947,Cash loans,234324.0,15102.0,F,63.0,Married,House / apartment,Working,90000.0,0
151939,Cash loans,1241968.5,36445.5,,62.0,Civil marriage,House / apartment,Working,180000.0,0
193365,Cash loans,244584.0,13788.0,F,67.0,Married,House / apartment,Working,135000.0,0
419486,Cash loans,,25960.5,F,32.0,Married,House / apartment,Unemployed,90000.0,0
327699,Cash loans,971280.0,94752.0,M,28.0,Civil marriage,Municipal apartment,Businessman,247500.0,0
198360,Cash loans,490495.5,50391.0,M,36.0,Married,House / apartment,Businessman,405000.0,0
404841,Cash loans,497520.0,39438.0,F,39.0,Married,House / apartment,Unemployed,99000.0,0
386869,Cash loans,585000.0,16087.5,F,54.0,Married,House / apartment,Working,120150.0,0
449997,Cash loans,842391.0,30388.5,F,56.0,Married,House / apartment,Working,211500.0,0
440854,Revolving loans,180000.0,9000.0,F,,Married,House / apartment,Businessman,270000.0,0
184906,Cash loans,1166418.0,48267.0,F,50.0,Married,House / apartment,Working,180000.0,0
340558,Cash loans,1251211.5,53140.5,F,37.0,Married,House / apartment,Businessman,450000.0,0
248310,Cash loans,485640.0,41674.5,M,58.0,Married,House / apartment,Businessman,225000.0,0
322887,Cash loans,225000.0,11781.0,M,39.0,Single / not married,House / apartment,Unemployed,90000.0,0
151221,Cash loans,227520.0,12834.0,F,55.0,Separated,House / apartment,Unemployed,45000.0,0
208105,Revolving loans,225000.0,11250.0,F,61.0,Separated,House / apartment,Unemployed,90000.0,0
213727,Cash loans,454500.0,25506.0,F,54.0,Married,House / apartment,Working,112500.0,0
429185,Cash loans,254700.0,17149.5,F,39.0,Married,House / apartment,Working,85500.0,0
211929,Cash loans,219042.0,14125.5,M,34.0,Married,House / apartment,Working,112500.0,0
304674,Cash loans,1035000.0,30262.5,F,34.0,Married,House / apartment,Working,126000.0,0
387302,Revolving loans,247500.0,12375.0,F,34.0,Single / not married,House / apartment,Working,112500.0,0
394628,Cash loans,835380.0,40320.0,M,36.0,Married,House / apartment,Businessman,202500.0,0
107082,Cash loans,276277.5,19359.0,F,65.0,Separated,House / apartment,Unemployed,85500.0,0
306445,Cash loans,675000.0,41296.5,M,42.0,Married,House / apartment,Businessman,225000.0,0
349338,Cash loans,152820.0,9949.5,,38.0,Married,House / apartment,Working,126000.0,0
110912,Revolving loans,180000.0,9000.0,M,40.0,Civil marriage,House / apartment,Working,180000.0,0
167585,Cash loans,814041.0,23800.5,F,44.0,Married,House / apartment,Unemployed,74250.0,0
406745,Cash loans,127350.0,12532.5,F,45.0,Married,House / apartment,Working,157500.0,0
271227,Cash loans,315000.0,22054.5,F,65.0,Single / not married,House / apartment,Unemployed,72000.0,0
136882,Cash loans,497520.0,53712.0,,33.0,Separated,House / apartment,Working,144000.0,0
280571,Cash loans,851778.0,24408.0,F,36.0,Married,House / apartment,Working,135000.0,0
444565,Cash loans,,44694.0,M,37.0,Married,House / apartment,Working,112500.0,0
262436,Cash loans,592560.0,35806.5,F,36.0,Married,House / apartment,Working,112500.0,0
174534,Cash loans,1078200.0,31653.0,M,64.0,Married,House / apartment,Working,180000.0,0
344747,Cash loans,954207.0,33804.0,M,52.0,Single / not married,House / apartment,Businessman,225000.0,0
362668,Cash loans,545040.0,20677.5,F,37.0,Married,Municipal apartment,Working,135000.0,0
194301,Cash loans,675000.0,21906.0,F,25.0,Married,With parents,Working,225000.0,0
119520,Revolving loans,675000.0,33750.0,,45.0,Married,House / apartment,Businessman,225000.0,0
276381,Cash loans,675000.0,21906.0,F,50.0,Married,House / apartment,Unemployed,90000.0,0
418506,Cash loans,1107000.0,61942.5,F,56.0,Married,House / apartment,Businessman,220500.0,0
169904,Cash loans,486000.0,32499.0,F,32.0,Married,House / apartment,Working,135000.0,0
419740,Cash loans,1061599.5,31171.5,F,64.0,Single / not married,House / apartment,Businessman,270000.0,0
103464,Cash loans,781920.0,40054.5,F,63.0,Married,House / apartment,Working,135000.0,0
384195,Cash loans,159993.0,12771.0,F,25.0,Married,House / apartment,Unemployed,67500.0,0
422592,Cash loans,364896.0,19233.0,,62.0,Single / not married,House / apartment,Working,135000.0,0
387480,Cash loans,675000.0,28597.5,F,41.0,Single / not married,House / apartment,Unemployed,225000.0,0
209619,Cash loans,755190.0,38740.5,F,35.0,Married,House / apartment,Working,135000.0,0
394692,Cash loans,148365.0,10453.5,F,39.0,Married,House / apartment,Working,81000.0,0
348951,Cash loans,1506816.0,47443.5,M,44.0,Married,House / apartment,Businessman,225000.0,0
281011,Cash loans,675000.0,32472.0,F,47.0,Married,House / apartment,Working,112500.0,0
239699,Cash loans,814041.0,26388.0,M,33.0,Married,House / apartment,Working,360000.0,0
166776,Cash loans,227520.0,14940.0,F,38.0,Married,House / apartment,Unemployed,36000.0,0
369273,Cash loans,472500.0,44635.5,M,64.0,Married,House / apartment,Working,135000.0,0
396910,Cash loans,314100.0,17167.5,F,43.0,Married,House / apartment,Unemployed,112500.0,0
109945,Cash loans,1006920.0,48442.5,M,50.0,Married,House / apartment,Businessman,315000.0,0
410366,Cash loans,,36423.0,F,52.0,Married,House / apartment,Businessman,270000.0,0
407801,Cash loans,497520.0,36184.5,M,41.0,Married,House / apartment,Working,180000.0,0
447121,Cash loans,270126.0,12028.5,F,60.0,Married,House / apartment,Unemployed,112500.0,0
100499,Cash loans,678996.0,36963.0,F,36.0,Civil marriage,House / apartment,Businessman,225000.0,0
175800,Cash loans,1140156.0,37809.0,M,55.0,Single / not married,House / apartment,Businessman,225000.0,0
319937,Cash loans,97038.0,7384.5,F,59.0,Single / not married,House / apartment,Unemployed,85500.0,0
198620,Cash loans,450000.0,20979.0,F,47.0,Married,House / apartment,Unemployed,90000.0,0
326831,Cash loans,888840.0,35815.5,,39.0,Married,House / apartment,Working,292500.0,0
108446,Revolving loans,720000.0,36000.0,M,41.0,Civil marriage,With parents,,292500.0,0
273031,Cash loans,225000.0,8082.0,F,60.0,Married,House / apartment,Businessman,234000.0,0
393373,Revolving loans,180000.0,9000.0,,40.0,Separated,House / apartment,Unemployed,157500.0,0
197325,Cash loans,1027327.5,43524.0,M,65.0,Married,House / apartment,Working,229500.0,0
448989,Cash loans,76410.0,7443.0,F,60.0,Married,House / apartment,Unemployed,83250.0,0
344645,Cash loans,415107.0,21325.5,F,49.0,Married,House / apartment,Working,90000.0,0
199339,Revolving loans,135000.0,6750.0,F,64.0,Married,House / apartment,Unemployed,90000.0,1
235849,Cash loans,189000.0,8325.0,F,62.0,Civil marriage,House / apartment,Businessman,243000.0,0
245323,Cash loans,343377.0,19840.5,F,58.0,Widow,House / apartment,Working,135000.0,0
299031,Cash loans,290088.0,23049.0,F,46.0,Married,House / apartment,Businessman,202500.0,0
332256,Cash loans,545040.0,26640.0,M,45.0,Married,House / apartment,Working,360000.0,1
443559,Cash loans,521280.0,28408.5,M,31.0,Married,With parents,Businessman,225000.0,1
199658,Cash loans,562932.0,21568.5,F,35.0,Married,House / apartment,Unemployed,225000.0,0
268830,Cash loans,495000.0,18981.0,F,30.0,Married,House / apartment,Businessman,270000.0,0
365385,Cash loans,675000.0,36085.5,F,62.0,Married,House / apartment,Working,135000.0,0
172010,Cash loans,548770.5,26527.5,M,,Civil marriage,House / apartment,Working,157500.0,0
318412,Cash loans,144000.0,5557.5,F,68.0,Widow,House / apartment,Unemployed,57150.0,0
227328,Cash loans,2013840.0,53122.5,M,53.0,Married,House / apartment,Working,157500.0,0
363646,Cash loans,448056.0,17019.0,,41.0,Married,House / apartment,Working,135000.0,0
143891,Cash loans,220500.0,9841.5,F,55.0,Civil marriage,House / apartment,Businessman,315000.0,0
100722,Cash loans,545040.0,26640.0,M,44.0,Married,House / apartment,Businessman,540000.0,0
449834,Cash loans,239418.0,15430.5,F,35.0,Married,With parents,Unemployed,90000.0,0
191201,Cash loans,101880.0,10696.5,F,56.0,Civil marriage,Office apartment,Businessman,243000.0,0
228456,Cash loans,270000.0,13846.5,M,44.0,Married,House / apartment,Unemployed,112500.0,0
219311,Cash loans,675000.0,21906.0,M,36.0,Single / not married,House / apartment,Working,112500.0,0
245081,Cash loans,517788.0,25312.5,M,43.0,Married,House / apartment,Unemployed,144000.0,1
352467,Cash loans,1288350.0,37800.0,F,40.0,Married,House / apartment,Working,185400.0,0
329743,Cash loans,526491.0,32337.0,M,40.0,Civil marriage,House / apartment,Working,157500.0,0
186217,Cash loans,390960.0,26577.0,F,27.0,Married,House / apartment,Working,180000.0,0
357985,Cash loans,768550.5,37102.5,F,47.0,Married,House / apartment,Working,180000.0,0
108888,Cash loans,630000.0,18184.5,F,62.0,Married,House / apartment,Unemployed,112500.0,0
177417,Cash loans,1029658.5,34159.5,F,36.0,Married,House / apartment,Unemployed,90000.0,0
325826,Revolving loans,360000.0,18000.0,M,56.0,Married,House / apartment,Businessman,202500.0,0
216282,Cash loans,67500.0,6574.5,M,36.0,Married,With parents,,112500.0,0
194661,Cash loans,206280.0,7906.5,M,,Single / not married,House / apartment,,270000.0,0
140154,Cash loans,199080.0,9409.5,F,57.0,Civil marriage,House / apartment,Unemployed,81000.0,0
170157,Cash loans,521280.0,35262.0,F,27.0,Civil marriage,House / apartment,Working,162000.0,0
231478,Cash loans,274500.0,15457.5,M,31.0,Married,House / apartment,Working,135000.0,0
267378,Cash loans,601470.0,32760.0,M,52.0,Civil marriage,House / apartment,Working,225000.0,0
235699,Cash loans,1560726.0,41301.0,F,55.0,Married,House / apartment,Working,540000.0,0
404261,Cash loans,261648.0,12856.5,F,33.0,Married,House / apartment,Unemployed,67500.0,0
267850,Cash loans,1223010.0,48501.0,F,59.0,Widow,House / apartment,Businessman,360000.0,0
231870,Cash loans,472500.0,15084.0,M,57.0,Married,House / apartment,Unemployed,90000.0,0
221207,Cash loans,835380.0,40320.0,F,32.0,Married,House / apartment,Working,135000.0,1
402972,Cash loans,1296000.0,35640.0,M,41.0,Married,House / apartment,,131584.5,0
385960,Cash loans,1442596.5,42309.0,F,32.0,Married,House / apartment,Businessman,360000.0,1
430846,Cash loans,1515415.5,44437.5,M,37.0,Married,House / apartment,Businessman,315000.0,1
447755,Cash loans,254700.0,24939.0,F,68.0,Single / not married,House / apartment,Working,112500.0,0
165965,Cash loans,143910.0,15241.5,M,48.0,Civil marriage,House / apartment,Working,202500.0,0
132085,Cash loans,1840117.5,55921.5,F,48.0,Married,House / apartment,Businessman,360000.0,0
131375,Cash loans,521280.0,35392.5,F,44.0,Married,House / apartment,Businessman,337500.0,0
394013,Cash loans,437076.0,28899.0,F,62.0,Married,House / apartment,,67500.0,0
202161,Revolving loans,247500.0,12375.0,F,31.0,Married,House / apartment,Unemployed,76500.0,0
358825,Cash loans,273636.0,27193.5,M,36.0,Single / not married,Office apartment,Working,252000.0,0
118977,Cash loans,825588.0,44113.5,F,40.0,Married,House / apartment,Businessman,450000.0,0
193090,Cash loans,225000.0,10039.5,M,29.0,Married,House / apartment,Unemployed,90000.0,0
290919,Cash loans,383787.0,28822.5,F,30.0,Married,House / apartment,Working,180000.0,0
318367,Cash loans,180000.0,13095.0,F,34.0,Married,Municipal apartment,Unemployed,45000.0,0
307835,Cash loans,163008.0,16249.5,F,54.0,Widow,House / apartment,Working,112500.0,0
425175,Cash loans,2250000.0,59485.5,F,51.0,Married,House / apartment,Businessman,405000.0,0
137876,Cash loans,826110.0,35131.5,F,57.0,Married,House / apartment,Working,157500.0,0
208736,Cash loans,450000.0,35685.0,M,30.0,Single / not married,House / apartment,Working,315000.0,0
345969,Cash loans,254700.0,17019.0,F,56.0,Married,House / apartment,Working,112500.0,0
191822,Cash loans,1305000.0,38155.5,M,53.0,Married,House / apartment,Working,225000.0,0
203614,Cash loans,835380.0,40320.0,F,23.0,Single / not married,With parents,Working,247500.0,0
241977,Cash loans,544491.0,17563.5,F,35.0,Civil marriage,House / apartment,Working,157500.0,0
193293,Cash loans,647046.0,19048.5,F,54.0,Civil marriage,House / apartment,Working,112500.0,0
162258,Cash loans,1079883.0,32872.5,F,33.0,Civil marriage,House / apartment,Working,135000.0,1
110120,Cash loans,270000.0,21024.0,M,37.0,Married,Municipal apartment,Working,166500.0,0
434198,Cash loans,432288.0,11533.5,F,34.0,Civil marriage,House / apartment,Working,112500.0,0
307502,Cash loans,265851.0,20704.5,M,30.0,Single / not married,With parents,Working,180000.0,0
345755,Cash loans,1319499.0,43735.5,F,35.0,Single / not married,House / apartment,Working,135000.0,0
204170,Cash loans,956574.0,48969.0,F,35.0,Married,House / apartment,Businessman,225000.0,0
303188,Cash loans,675000.0,28728.0,F,51.0,Single / not married,Municipal apartment,Working,112500.0,0
101849,Cash loans,536917.5,29254.5,F,50.0,Single / not married,House / apartment,Unemployed,112500.0,0
339007,Cash loans,219870.0,13414.5,F,31.0,Married,Rented apartment,Unemployed,90000.0,0
231772,Cash loans,792346.5,26316.0,F,61.0,Married,House / apartment,Unemployed,153000.0,0
115338,Cash loans,850846.5,33871.5,F,50.0,Married,House / apartment,,189000.0,0
441522,Cash loans,454500.0,21996.0,F,60.0,Married,House / apartment,Unemployed,94500.0,0
415520,Cash loans,360058.5,35203.5,F,65.0,Widow,House / apartment,Unemployed,135000.0,0
218239,Cash loans,199080.0,9409.5,M,44.0,Married,Office apartment,,135000.0,0
303430,Cash loans,526491.0,29529.0,M,36.0,Single / not married,With parents,Working,450000.0,0
330829,Cash loans,152613.0,8649.0,F,60.0,Single / not married,House / apartment,Unemployed,67500.0,0
205188,Cash loans,512064.0,19431.0,F,52.0,Single / not married,House / apartment,Working,112500.0,0
182867,Cash loans,1042560.0,58347.0,F,41.0,Married,House / apartment,Working,270000.0,0
405732,Cash loans,450000.0,20979.0,F,58.0,Single / not married,House / apartment,Unemployed,112500.0,0
398151,Revolving loans,270000.0,13500.0,M,36.0,Married,House / apartment,Working,157500.0,0
300972,Cash loans,450000.0,20979.0,F,29.0,Married,House / apartment,Unemployed,67500.0,0
357298,Cash loans,174132.0,17842.5,F,47.0,Married,House / apartment,Unemployed,67500.0,0
296236,Cash loans,1006920.0,38484.0,,58.0,Widow,House / apartment,Working,121500.0,0
448415,Cash loans,545040.0,20677.5,F,52.0,Single / not married,House / apartment,Businessman,225000.0,0
250979,Cash loans,1145178.0,37975.5,F,65.0,Married,House / apartment,Unemployed,270000.0,0
290299,Cash loans,269550.0,24853.5,M,50.0,Married,House / apartment,Unemployed,117000.0,0
267851,Cash loans,135000.0,13279.5,F,68.0,Married,House / apartment,Working,157500.0,0
431182,Cash loans,119925.0,11812.5,F,40.0,Married,House / apartment,Unemployed,81000.0,0
428070,Cash loans,1800000.0,49630.5,F,39.0,Married,House / apartment,Businessman,225000.0,1
232805,Cash loans,454500.0,14791.5,M,46.0,Separated,House / apartment,Working,121500.0,0
373198,Cash loans,1288350.0,37800.0,M,46.0,Separated,Co-op apartment,Working,225000.0,0
385799,Cash loans,254700.0,24939.0,M,69.0,Married,House / apartment,Working,103500.0,0
383969,Revolving loans,225000.0,11250.0,M,45.0,Married,House / apartment,Working,171000.0,0
354486,Cash loans,1042560.0,40702.5,F,31.0,Married,House / apartment,Unemployed,337500.0,0
307715,Cash loans,1125000.0,32373.0,F,40.0,Separated,With parents,Working,225000.0,0
105092,Revolving loans,225000.0,11250.0,F,43.0,Single / not married,House / apartment,Working,72000.0,0
414159,Cash loans,1019610.0,33826.5,F,41.0,Civil marriage,House / apartment,Working,180000.0,0
152024,Cash loans,168102.0,11362.5,F,66.0,Married,House / apartment,Working,171000.0,0
232453,Cash loans,254700.0,30357.0,M,35.0,Separated,House / apartment,Working,144000.0,1
176666,Cash loans,1569051.0,49396.5,M,53.0,Married,House / apartment,Working,315000.0,0
450142,Revolving loans,337500.0,16875.0,F,50.0,Civil marriage,Municipal apartment,Working,157500.0,0
321292,Cash loans,147726.0,17662.5,M,28.0,Married,House / apartment,Businessman,315000.0,0
426170,Cash loans,553806.0,26770.5,F,52.0,Civil marriage,House / apartment,Working,157500.0,0
247389,Cash loans,640080.0,20929.5,F,24.0,Single / not married,With parents,Working,76500.0,1
427907,Cash loans,1546020.0,45333.0,M,50.0,Married,House / apartment,Working,202500.0,0
349447,Cash loans,1006920.0,42790.5,F,39.0,Married,House / apartment,Working,135000.0,0
308129,Cash loans,1800000.0,73444.5,F,46.0,Married,House / apartment,Working,225000.0,0
319156,Revolving loans,270000.0,13500.0,M,50.0,Married,Municipal apartment,Working,180000.0,0
387152,Revolving loans,247500.0,12375.0,F,55.0,Married,House / apartment,Unemployed,81000.0,0
400024,Cash loans,862560.0,25218.0,F,26.0,Civil marriage,House / apartment,Working,180000.0,0
266773,Cash loans,1288350.0,37800.0,,53.0,Married,House / apartment,Working,112500.0,0
153171,Cash loans,381528.0,13833.0,F,53.0,Married,House / apartment,Working,139500.0,0
197291,Cash loans,254700.0,14350.5,F,68.0,Widow,House / apartment,Working,135000.0,0
426482,Cash loans,1346089.5,42264.0,F,55.0,Single / not married,Rented apartment,Working,198000.0,0
219922,Cash loans,473760.0,50269.5,M,27.0,Single / not married,With parents,Businessman,315000.0,0
236918,Cash loans,348264.0,27513.0,M,42.0,Married,House / apartment,Businessman,225000.0,0
332422,Cash loans,490495.5,28287.0,F,51.0,Married,House / apartment,Working,139500.0,0
154929,Cash loans,679500.0,45594.0,F,28.0,Married,House / apartment,Businessman,247500.0,0
177979,Cash loans,99000.0,6673.5,F,65.0,Separated,House / apartment,Unemployed,36000.0,0
420696,Cash loans,687600.0,19836.0,M,28.0,Separated,House / apartment,Businessman,202500.0,0
403193,Cash loans,343800.0,13090.5,F,64.0,Widow,House / apartment,Working,193500.0,0
315202,Cash loans,1350000.0,39604.5,F,31.0,Married,House / apartment,Working,112500.0,0
194967,Revolving loans,585000.0,29250.0,F,52.0,Civil marriage,House / apartment,Businessman,202500.0,0
195985,Cash loans,486000.0,19404.0,F,64.0,Single / not married,House / apartment,Unemployed,67500.0,0
388119,Cash loans,521280.0,28408.5,F,30.0,Married,House / apartment,Working,112500.0,1
263130,Cash loans,270000.0,18247.5,F,59.0,Married,House / apartment,Working,49500.0,0
403379,Cash loans,1800000.0,49630.5,F,32.0,Single / not married,House / apartment,Unemployed,135000.0,0
334605,Cash loans,1256400.0,44644.5,,44.0,Married,House / apartment,Working,180000.0,0
267413,Cash loans,495000.0,16096.5,F,37.0,Civil marriage,House / apartment,Working,157500.0,0
308649,Cash loans,288873.0,11020.5,F,46.0,Single / not married,House / apartment,Unemployed,90000.0,0
158460,Cash loans,451647.0,36211.5,M,24.0,Single / not married,House / apartment,Working,202500.0,0
134445,Revolving loans,270000.0,13500.0,F,50.0,Married,House / apartment,Businessman,202500.0,0
264364,Cash loans,263686.5,28525.5,F,39.0,Married,House / apartment,Working,180000.0,0
161676,Cash loans,640080.0,29970.0,M,45.0,Married,House / apartment,Businessman,540000.0,0
305455,Cash loans,942300.0,27679.5,F,44.0,Married,Municipal apartment,Working,177750.0,0
406989,Cash loans,797557.5,26487.0,F,40.0,Married,House / apartment,Businessman,315000.0,0
448113,Cash loans,276277.5,21825.0,F,30.0,Civil marriage,With parents,,126000.0,0
143559,Cash loans,528633.0,19719.0,,66.0,Civil marriage,House / apartment,Unemployed,90000.0,0
414792,Cash loans,526491.0,22261.5,F,48.0,Married,House / apartment,Working,85500.0,0
211070,Cash loans,315000.0,13473.0,F,42.0,Married,House / apartment,Working,45000.0,1
201434,Cash loans,679671.0,32827.5,F,55.0,Married,House / apartment,Unemployed,94500.0,0
177194,Cash loans,337500.0,26793.0,,38.0,Single / not married,House / apartment,,180000.0,0
179200,Cash loans,946764.0,43870.5,F,55.0,Separated,House / apartment,Unemployed,144000.0,0
319194,Cash loans,325377.0,21352.5,F,62.0,Married,House / apartment,Unemployed,87750.0,0
118466,Revolving loans,247500.0,12375.0,F,28.0,Civil marriage,With parents,Unemployed,112500.0,0
185491,Cash loans,765000.0,27234.0,M,34.0,Single / not married,House / apartment,Businessman,225000.0,0
177457,Cash loans,221031.0,17487.0,M,29.0,Single / not married,With parents,Working,157500.0,0
340351,Cash loans,385164.0,17977.5,M,24.0,Civil marriage,With parents,Working,157500.0,0
147488,Cash loans,310671.0,19984.5,M,30.0,Single / not married,House / apartment,Businessman,225000.0,0
115201,Revolving loans,180000.0,9000.0,,22.0,Single / not married,With parents,Working,112500.0,0
221727,Revolving loans,382500.0,19125.0,F,33.0,Married,House / apartment,Unemployed,121500.0,0
198063,Cash loans,268659.0,25510.5,M,39.0,Married,House / apartment,Businessman,252000.0,0
378017,Cash loans,566055.0,18387.0,M,46.0,Married,House / apartment,,180000.0,0
136939,Cash loans,1237500.0,36184.5,M,27.0,Married,House / apartment,Businessman,225000.0,1
426996,Cash loans,735579.0,39901.5,M,35.0,Married,House / apartment,Working,146250.0,0
160413,Cash loans,314100.0,13437.0,M,64.0,Married,House / apartment,Unemployed,90000.0,0
383528,Revolving loans,180000.0,9000.0,M,43.0,Married,House / apartment,Working,135000.0,0
314642,Cash loans,762453.0,48726.0,M,31.0,Married,Municipal apartment,Businessman,360000.0,0
150589,Cash loans,299772.0,17338.5,M,59.0,Married,House / apartment,Unemployed,44100.0,0
285590,Cash loans,381528.0,30141.0,F,,Married,House / apartment,Unemployed,90000.0,0
333697,Revolving loans,180000.0,9000.0,F,56.0,Married,House / apartment,Working,112500.0,0
376046,Cash loans,225000.0,17905.5,M,26.0,Married,With parents,Working,135000.0,0
340736,Cash loans,341280.0,26964.0,F,44.0,Single / not married,House / apartment,Businessman,202500.0,0
247650,Cash loans,495000.0,25627.5,M,26.0,Married,House / apartment,Working,135000.0,0
184183,Cash loans,241618.5,24885.0,F,44.0,Widow,Office apartment,Working,112500.0,0
234407,Cash loans,360000.0,24187.5,F,25.0,Married,With parents,Unemployed,45000.0,0
321741,Cash loans,1288350.0,37800.0,M,42.0,Married,House / apartment,Working,144000.0,0
154464,Cash loans,640080.0,29970.0,F,46.0,Single / not married,House / apartment,Businessman,360000.0,0
225830,Cash loans,1921797.0,66798.0,F,61.0,Married,House / apartment,Businessman,315000.0,0
129323,Cash loans,545040.0,16524.0,F,62.0,Single / not married,House / apartment,Working,90000.0,0
357100,Cash loans,170640.0,10903.5,F,32.0,Civil marriage,House / apartment,Working,112500.0,0
380181,Cash loans,450000.0,17095.5,F,50.0,Married,House / apartment,Working,112500.0,0
139329,Cash loans,835605.0,29736.0,F,44.0,Married,House / apartment,Businessman,211500.0,0
439698,Cash loans,385164.0,17095.5,M,28.0,Married,House / apartment,Businessman,225000.0,0
114818,Cash loans,454500.0,14661.0,F,62.0,Married,House / apartment,Working,135000.0,0
413662,Cash loans,618840.0,17145.0,F,27.0,Married,House / apartment,Working,117000.0,1
123955,Cash loans,254700.0,20250.0,F,45.0,Civil marriage,House / apartment,Working,112500.0,1
437876,Cash loans,1047771.0,37764.0,F,56.0,Married,House / apartment,Working,121500.0,0
421166,Cash loans,463500.0,28485.0,,53.0,Married,House / apartment,Businessman,337500.0,0
158291,Cash loans,239850.0,23494.5,F,67.0,Widow,House / apartment,Unemployed,108000.0,0
297510,Cash loans,889515.0,31644.0,M,46.0,Married,House / apartment,Businessman,270000.0,1
243994,Cash loans,1207143.0,51273.0,F,35.0,Married,House / apartment,Businessman,270000.0,0
264163,Cash loans,450000.0,30195.0,F,54.0,Married,House / apartment,Unemployed,180000.0,0
143515,Cash loans,1125000.0,47794.5,M,28.0,Married,With parents,Businessman,315000.0,0
397556,Cash loans,450000.0,22018.5,M,25.0,Married,House / apartment,Working,157500.0,0
172160,Cash loans,1282500.0,42516.0,F,,Widow,House / apartment,Working,315000.0,0
218738,Cash loans,980838.0,52389.0,F,33.0,Civil marriage,House / apartment,Businessman,202500.0,0
139337,Revolving loans,270000.0,13500.0,M,35.0,Married,House / apartment,Working,180000.0,0
249478,Cash loans,533668.5,25803.0,F,52.0,Single / not married,House / apartment,Working,225000.0,0
160639,Cash loans,450000.0,30204.0,M,54.0,Single / not married,House / apartment,Working,135000.0,0
215347,Cash loans,225000.0,11488.5,F,57.0,Married,House / apartment,Businessman,202500.0,0
332905,Cash loans,263686.5,27819.0,F,27.0,Married,Co-op apartment,Working,112500.0,0
155279,Cash loans,269550.0,21294.0,F,41.0,Married,House / apartment,Working,157500.0,0
389621,Cash loans,526491.0,18909.0,F,59.0,Civil marriage,House / apartment,Working,112500.0,0
118966,Revolving loans,157500.0,7875.0,F,29.0,Married,With parents,Unemployed,58500.0,0
451985,Cash loans,,10809.0,F,28.0,Civil marriage,House / apartment,Unemployed,67500.0,1
137814,Cash loans,276277.5,12933.0,F,43.0,Single / not married,House / apartment,Working,162000.0,1
417543,Cash loans,331920.0,17077.5,M,46.0,Civil marriage,House / apartment,Working,153000.0,0
173047,Cash loans,1024290.0,30078.0,F,41.0,Married,House / apartment,Working,108000.0,0
419888,Cash loans,485086.5,18414.0,F,,Married,House / apartment,Working,135000.0,0
124718,Cash loans,315000.0,15448.5,M,34.0,Married,House / apartment,Businessman,225000.0,0
192310,Cash loans,534204.0,34267.5,,53.0,Married,House / apartment,Working,153000.0,0
185202,Cash loans,397881.0,15129.0,F,59.0,Married,House / apartment,Unemployed,49500.0,0
205607,Cash loans,1807420.5,47808.0,F,47.0,Married,House / apartment,Working,180000.0,0
275516,Cash loans,573408.0,24232.5,F,23.0,Married,House / apartment,Working,135000.0,0
277660,Cash loans,1068619.5,54693.0,M,34.0,Married,House / apartment,Businessman,225000.0,0
107308,Cash loans,450000.0,21780.0,M,33.0,Separated,House / apartment,Working,135000.0,0
351611,Cash loans,547344.0,30690.0,F,31.0,Single / not married,House / apartment,Working,135000.0,0
320526,Cash loans,443088.0,23197.5,M,33.0,Married,House / apartment,Working,180000.0,1
124180,Cash loans,450000.0,53406.0,M,36.0,Married,House / apartment,Businessman,225000.0,1
239108,Cash loans,105813.0,9211.5,F,29.0,Married,House / apartment,Unemployed,90000.0,0
205091,Cash loans,103855.5,7227.0,F,60.0,Married,House / apartment,Unemployed,112500.0,0
408513,Cash loans,675000.0,32602.5,M,56.0,Married,House / apartment,Businessman,225000.0,1
185271,Cash loans,67500.0,6804.0,F,64.0,Widow,House / apartment,Unemployed,36000.0,0
199260,Revolving loans,1350000.0,67500.0,F,49.0,Married,House / apartment,Businessman,540000.0,0
129788,Cash loans,253737.0,27454.5,F,30.0,Married,With parents,Working,157500.0,0
234675,Cash loans,727785.0,28332.0,M,55.0,Married,Office apartment,Working,112500.0,0
291602,Cash loans,1546020.0,40783.5,F,46.0,Separated,House / apartment,Working,180000.0,0
111110,Cash loans,276277.5,19777.5,F,55.0,Single / not married,House / apartment,,135000.0,0
123718,Cash loans,152820.0,16344.0,,40.0,Married,House / apartment,Working,121500.0,0
245831,Cash loans,814041.0,23931.0,M,42.0,Married,House / apartment,Working,135000.0,0
111813,Cash loans,1886850.0,47826.0,M,,Civil marriage,House / apartment,Businessman,318690.0,1
247940,Cash loans,743031.0,39586.5,M,62.0,Married,House / apartment,Working,180000.0,0
144921,Revolving loans,675000.0,33750.0,F,52.0,Married,Office apartment,Businessman,218250.0,0
259492,Cash loans,961146.0,27675.0,M,48.0,Married,House / apartment,Businessman,315000.0,0
327469,Cash loans,837000.0,44725.5,F,61.0,Married,House / apartment,Businessman,202500.0,0
125225,Cash loans,540000.0,17086.5,,26.0,Married,House / apartment,Working,135000.0,0
327201,Cash loans,906615.0,30091.5,F,29.0,Married,House / apartment,Working,270000.0,0
188631,Cash loans,301464.0,16960.5,F,54.0,Married,House / apartment,Working,157500.0,0
438497,Cash loans,47970.0,5166.0,F,32.0,Married,House / apartment,Unemployed,40500.0,1
234114,Cash loans,781920.0,25969.5,F,64.0,Married,House / apartment,Unemployed,112500.0,0
423595,Cash loans,848070.0,31288.5,F,45.0,Married,With parents,Working,112500.0,0
333232,Cash loans,254700.0,14751.0,F,67.0,Married,House / apartment,Working,135000.0,0
361309,Cash loans,1575000.0,58500.0,F,65.0,Single / not married,House / apartment,Working,157500.0,0
152678,Cash loans,81549.0,8482.5,F,63.0,Married,House / apartment,Unemployed,29250.0,0
285361,Cash loans,390384.0,44280.0,F,33.0,Married,House / apartment,Businessman,261000.0,0
359834,Cash loans,1303200.0,46809.0,F,40.0,Married,House / apartment,Working,202500.0,0
215476,Cash loans,158301.0,16753.5,M,62.0,Married,House / apartment,Unemployed,76500.0,0
115979,Cash loans,323388.0,21609.0,M,25.0,Single / not married,With parents,Unemployed,76500.0,1
311414,Cash loans,270000.0,13914.0,,56.0,Married,House / apartment,Unemployed,112500.0,0
260835,Cash loans,490495.5,27517.5,F,45.0,Married,House / apartment,Working,126000.0,0
338810,Cash loans,314055.0,16573.5,F,31.0,Married,House / apartment,Unemployed,81000.0,0
426468,Cash loans,900000.0,26316.0,F,,Separated,House / apartment,Working,112500.0,0
100459,Revolving loans,225000.0,11250.0,M,43.0,Single / not married,House / apartment,Working,270000.0,0
441903,Revolving loans,270000.0,13500.0,F,38.0,Single / not married,House / apartment,Unemployed,90000.0,0
157141,Cash loans,700830.0,20619.0,F,57.0,Widow,House / apartment,Working,126000.0,0
325045,Cash loans,260568.0,28062.0,M,37.0,Civil marriage,House / apartment,Working,135000.0,0
210411,Cash loans,733315.5,71568.0,F,45.0,Married,House / apartment,Businessman,270000.0,0
448221,Cash loans,254700.0,14751.0,F,50.0,Single / not married,House / apartment,Unemployed,67500.0,0
101734,Cash loans,344043.0,18661.5,F,64.0,Married,House / apartment,Working,180000.0,0
307234,Cash loans,865323.0,28728.0,F,46.0,Married,House / apartment,Unemployed,108000.0,0
433072,Cash loans,675000.0,24930.0,F,29.0,Married,House / apartment,Unemployed,103500.0,0
164832,Cash loans,733176.0,21568.5,F,65.0,Widow,Municipal apartment,Working,112500.0,0
337044,Cash loans,328405.5,16897.5,F,54.0,Married,House / apartment,Unemployed,49500.0,0
187332,Cash loans,450000.0,27193.5,,43.0,Married,House / apartment,Working,162000.0,0
107687,Cash loans,1061599.5,31171.5,F,40.0,Married,Municipal apartment,Working,463500.0,0
265923,Revolving loans,135000.0,6750.0,F,24.0,Married,House / apartment,Unemployed,51750.0,0
254243,Revolving loans,157500.0,7875.0,F,50.0,Single / not married,House / apartment,Working,180000.0,0
429233,Cash loans,90000.0,3523.5,F,48.0,Civil marriage,House / apartment,Businessman,405000.0,0
237388,Revolving loans,450000.0,22500.0,F,29.0,Single / not married,House / apartment,Working,157500.0,0
334463,Cash loans,935640.0,88969.5,F,24.0,Civil marriage,House / apartment,Businessman,292500.0,0
321879,Cash loans,490495.5,28287.0,F,62.0,Married,House / apartment,Working,90000.0,0
442868,Cash loans,257391.0,30676.5,M,33.0,Single / not married,House / apartment,Unemployed,99000.0,0
297574,Cash loans,490495.5,50391.0,M,,Married,House / apartment,Businessman,270000.0,0
211610,Cash loans,1350000.0,36333.0,F,53.0,Separated,House / apartment,Working,157500.0,1
339326,Cash loans,1024740.0,52452.0,,31.0,Single / not married,House / apartment,Businessman,360000.0,0
145135,Cash loans,983160.0,55026.0,,53.0,Married,Municipal apartment,Businessman,292500.0,0
183497,Cash loans,835380.0,40320.0,F,27.0,Civil marriage,Office apartment,Working,157500.0,0
223915,Cash loans,127350.0,13639.5,F,44.0,Married,House / apartment,Working,112500.0,0
445607,Revolving loans,157500.0,7875.0,M,59.0,Married,House / apartment,Working,135000.0,1
321417,Cash loans,526491.0,28179.0,M,45.0,Married,House / apartment,Unemployed,81000.0,0
327390,Revolving loans,135000.0,6750.0,F,48.0,Married,House / apartment,Unemployed,78403.5,0
192360,Revolving loans,292500.0,14625.0,F,60.0,Married,House / apartment,Unemployed,81000.0,0
419846,Cash loans,452385.0,22131.0,F,41.0,Married,House / apartment,Unemployed,180000.0,0
243450,Cash loans,593010.0,19260.0,F,24.0,Single / not married,With parents,Working,157500.0,1
420184,Revolving loans,270000.0,13500.0,M,31.0,Married,House / apartment,Businessman,283500.0,0
386797,Cash loans,286704.0,23116.5,M,26.0,Single / not married,With parents,Businessman,225000.0,0
209280,Revolving loans,630000.0,31500.0,F,48.0,Single / not married,House / apartment,Unemployed,180000.0,0
198943,Cash loans,521280.0,28408.5,F,30.0,Single / not married,With parents,Working,135000.0,1
123945,Cash loans,270000.0,12586.5,,52.0,Separated,House / apartment,Unemployed,157500.0,0
206508,Cash loans,497520.0,32521.5,M,57.0,Married,House / apartment,Businessman,270000.0,0
346496,Cash loans,101880.0,10053.0,F,55.0,Single / not married,House / apartment,Unemployed,157500.0,0
297981,Cash loans,1130760.0,29956.5,F,57.0,Married,House / apartment,Businessman,337500.0,0
303165,Cash loans,1082214.0,31770.0,F,51.0,Married,House / apartment,Working,135000.0,0
252570,Revolving loans,270000.0,13500.0,F,27.0,Married,House / apartment,Working,112500.0,0
450631,Revolving loans,270000.0,13500.0,F,22.0,Single / not married,House / apartment,Working,157500.0,0
301919,Cash loans,225000.0,21712.5,M,26.0,Single / not married,With parents,Unemployed,103500.0,0
205649,Cash loans,808650.0,26217.0,M,51.0,Married,House / apartment,Unemployed,90000.0,0
375954,Cash loans,254700.0,16713.0,M,67.0,Widow,House / apartment,Unemployed,180000.0,1
118743,Cash loans,675000.0,26154.0,M,33.0,Single / not married,House / apartment,Working,225000.0,1
108191,Cash loans,799299.0,40941.0,F,33.0,Married,House / apartment,Working,180000.0,0
180753,Cash loans,755190.0,35122.5,M,37.0,Married,With parents,Working,180000.0,0
266791,Cash loans,256500.0,13225.5,M,50.0,Married,House / apartment,Working,135000.0,0
275128,Cash loans,808650.0,22365.0,M,47.0,Married,House / apartment,Unemployed,102546.0,0
319854,Cash loans,772686.0,22275.0,F,60.0,Married,House / apartment,Working,135000.0,1
209092,Cash loans,521280.0,27292.5,F,29.0,Married,With parents,Working,76500.0,1
239296,Cash loans,1080000.0,42957.0,F,61.0,Married,House / apartment,Working,135000.0,0
167355,Cash loans,1971072.0,68643.0,F,48.0,Married,House / apartment,Unemployed,135000.0,0
164996,Revolving loans,135000.0,6750.0,F,46.0,Civil marriage,House / apartment,Working,143550.0,0
227564,Cash loans,440784.0,27094.5,F,56.0,Widow,House / apartment,Working,112500.0,0
115511,Cash loans,659610.0,21276.0,F,60.0,Civil marriage,Municipal apartment,Working,180000.0,0
407868,Cash loans,497520.0,53712.0,M,43.0,Civil marriage,House / apartment,Working,135000.0,0
134221,Cash loans,1575000.0,49585.5,M,51.0,Married,House / apartment,Businessman,234000.0,0
315482,Cash loans,838453.5,42939.0,F,54.0,Civil marriage,House / apartment,Working,180000.0,1
272850,Cash loans,276277.5,19777.5,M,,Married,With parents,Unemployed,81000.0,0
217014,Cash loans,254700.0,14350.5,M,66.0,Married,House / apartment,Working,117000.0,0
386328,Cash loans,447768.0,25834.5,F,60.0,Widow,House / apartment,Working,157500.0,0
227465,Cash loans,251280.0,12960.0,F,46.0,Married,House / apartment,Working,171000.0,0
189112,Cash loans,1255680.0,41629.5,F,31.0,Married,House / apartment,Unemployed,81000.0,0
204535,Revolving loans,135000.0,6750.0,M,21.0,Civil marriage,House / apartment,Working,157500.0,0
281909,Cash loans,288562.5,30748.5,M,31.0,Separated,House / apartment,Businessman,202500.0,0
165417,Cash loans,500211.0,28062.0,M,54.0,Married,House / apartment,Unemployed,225000.0,0
250418,Revolving loans,202500.0,10125.0,F,57.0,Married,With parents,Unemployed,67500.0,0
311889,Cash loans,755190.0,36459.0,M,46.0,Married,House / apartment,Businessman,202500.0,0
270569,Cash loans,71955.0,7006.5,F,67.0,Married,House / apartment,Unemployed,81000.0,0
242476,Cash loans,1166724.0,34245.0,F,39.0,Married,House / apartment,Working,135000.0,0
208378,Cash loans,808650.0,26217.0,F,59.0,Separated,House / apartment,Businessman,256500.0,0
414692,Cash loans,81504.0,8775.0,F,46.0,Single / not married,House / apartment,Unemployed,81000.0,0
406901,Revolving loans,2250000.0,225000.0,F,69.0,Widow,House / apartment,Working,450000.0,0
182620,Cash loans,1181016.0,41841.0,M,46.0,Married,House / apartment,Working,135000.0,1
229495,Revolving loans,900000.0,45000.0,M,31.0,Married,House / apartment,Businessman,292500.0,0
411131,Cash loans,675000.0,32602.5,F,58.0,Single / not married,House / apartment,Working,157500.0,0
432290,Cash loans,450000.0,38497.5,M,60.0,Separated,House / apartment,Working,193396.5,1
116200,Cash loans,364896.0,22180.5,F,58.0,Married,House / apartment,Unemployed,94500.0,0
241043,Cash loans,545040.0,25407.0,F,31.0,Married,House / apartment,Working,67500.0,0
203011,Cash loans,755190.0,36459.0,M,54.0,Married,House / apartment,Working,180000.0,0
445574,Cash loans,900000.0,26446.5,M,60.0,Married,House / apartment,Businessman,202500.0,0
278039,Cash loans,450000.0,35685.0,M,37.0,Separated,Rented apartment,Working,157500.0,1
327549,Cash loans,1668096.0,52506.0,M,32.0,Married,House / apartment,Businessman,540000.0,0
186550,Cash loans,1078200.0,31653.0,F,39.0,Married,House / apartment,Working,351000.0,0
262349,Cash loans,257391.0,25074.0,F,58.0,Married,House / apartment,Unemployed,112500.0,0
249838,Cash loans,904500.0,48321.0,F,48.0,Married,House / apartment,Working,112500.0,0
442602,Cash loans,251091.0,27040.5,F,39.0,Single / not married,House / apartment,Businessman,202500.0,0
397820,Cash loans,634482.0,18679.5,F,41.0,Married,House / apartment,Unemployed,90000.0,0
345720,Cash loans,71955.0,7245.0,M,52.0,Married,House / apartment,Unemployed,67500.0,0
210896,Cash loans,481495.5,36130.5,F,32.0,Married,Office apartment,Businessman,540000.0,1
101951,Revolving loans,270000.0,13500.0,M,43.0,Married,House / apartment,Working,112500.0,0
321707,Cash loans,888840.0,28039.5,F,42.0,Married,House / apartment,Working,189000.0,0
111137,Cash loans,497520.0,36184.5,M,52.0,Married,House / apartment,Unemployed,225000.0,0
345697,Cash loans,675000.0,49248.0,M,33.0,Married,House / apartment,Businessman,225000.0,0
104802,Cash loans,521280.0,28408.5,F,30.0,Married,With parents,Working,166500.0,0
439458,Cash loans,1261102.5,53559.0,F,45.0,Married,House / apartment,Working,126000.0,0
440540,Cash loans,755190.0,38686.5,,29.0,Married,House / apartment,Businessman,202500.0,0
255711,Cash loans,188460.0,8428.5,F,42.0,Widow,House / apartment,Working,139500.0,0
376865,Cash loans,283500.0,13216.5,F,60.0,Married,House / apartment,Working,157500.0,0
117279,Cash loans,1125000.0,47794.5,F,41.0,Married,House / apartment,Working,157500.0,0
310291,Cash loans,536917.5,27931.5,F,39.0,Single / not married,House / apartment,Businessman,202500.0,0
230682,Cash loans,468000.0,19674.0,F,35.0,Civil marriage,House / apartment,Working,157500.0,0
304061,Revolving loans,225000.0,11250.0,M,33.0,Married,House / apartment,Working,247500.0,0
330547,Cash loans,50940.0,5535.0,F,29.0,Married,With parents,Working,45000.0,0
113469,Cash loans,781920.0,25101.0,M,60.0,Married,House / apartment,Working,157500.0,0
188306,Cash loans,612612.0,24295.5,F,45.0,Married,House / apartment,Working,126000.0,0
176178,Cash loans,675000.0,32472.0,M,37.0,Married,House / apartment,Working,180000.0,0
344712,Cash loans,539590.5,20470.5,F,63.0,Married,House / apartment,Unemployed,72000.0,0
240106,Cash loans,450000.0,48595.5,F,35.0,Married,Office apartment,Working,135000.0,0
231913,Cash loans,598486.5,21627.0,M,48.0,Married,House / apartment,Working,135000.0,0
330303,Cash loans,172692.0,17824.5,F,66.0,Widow,House / apartment,Working,112500.0,0
358667,Cash loans,1436850.0,46480.5,M,49.0,Married,House / apartment,Working,135000.0,0
233452,Cash loans,364896.0,13653.0,F,57.0,Widow,House / apartment,Unemployed,112500.0,0
307248,Cash loans,364896.0,18760.5,F,50.0,Married,House / apartment,Working,121500.0,0
431271,Cash loans,229500.0,13171.5,F,59.0,Married,House / apartment,Unemployed,108000.0,0
267279,Cash loans,296280.0,16200.0,F,63.0,Married,House / apartment,Unemployed,157500.0,0
104353,Cash loans,243000.0,25645.5,F,43.0,Married,House / apartment,Unemployed,211500.0,0
242671,Cash loans,225000.0,13801.5,F,59.0,Married,House / apartment,Unemployed,81000.0,0
232353,Cash loans,125136.0,8491.5,F,28.0,Civil marriage,House / apartment,Working,135000.0,0
330886,Cash loans,543474.0,43704.0,M,33.0,Married,House / apartment,Businessman,540000.0,0
331646,Cash loans,662022.0,36045.0,M,27.0,Married,House / apartment,Businessman,225000.0,0
195323,Cash loans,422235.0,31032.0,F,38.0,Separated,House / apartment,Unemployed,135000.0,0
133707,Cash loans,942300.0,26041.5,F,31.0,Married,House / apartment,Working,225000.0,0
208867,Cash loans,518562.0,20695.5,F,50.0,Married,House / apartment,Unemployed,58500.0,0
286514,Cash loans,248760.0,29650.5,F,29.0,Married,With parents,Working,135000.0,0
275755,Cash loans,225000.0,14778.0,F,28.0,Single / not married,House / apartment,Working,157500.0,0
226618,Cash loans,238500.0,10503.0,F,61.0,Married,House / apartment,Unemployed,157500.0,0
313566,Cash loans,343800.0,13090.5,F,47.0,Separated,House / apartment,Businessman,315000.0,0
364388,Cash loans,270000.0,18171.0,F,52.0,Civil marriage,Rented apartment,,135000.0,0
118836,Cash loans,328500.0,22221.0,F,36.0,Married,House / apartment,Working,135000.0,0
289609,Cash loans,1129500.0,43150.5,F,57.0,Married,House / apartment,Businessman,216000.0,0
267230,Cash loans,299772.0,11430.0,M,61.0,Married,House / apartment,Working,157500.0,0
291335,Cash loans,341280.0,9130.5,F,28.0,Married,Office apartment,Working,45000.0,0
118176,Cash loans,278613.0,15687.0,M,24.0,Single / not married,House / apartment,Working,202500.0,0
197031,Cash loans,675000.0,21906.0,M,50.0,Separated,Municipal apartment,Unemployed,90000.0,0
294354,Cash loans,1442952.0,39681.0,,36.0,Married,Municipal apartment,Businessman,270000.0,0
221397,Cash loans,278613.0,27270.0,F,52.0,Separated,House / apartment,Working,112500.0,0
329813,Cash loans,343800.0,16852.5,M,22.0,Single / not married,Municipal apartment,Unemployed,157500.0,1
266341,Cash loans,474048.0,25843.5,M,35.0,Married,House / apartment,Businessman,270000.0,0
332255,Cash loans,422892.0,47844.0,F,29.0,Married,House / apartment,Businessman,225000.0,0
427043,Cash loans,971280.0,51876.0,M,37.0,Married,House / apartment,,180000.0,0
298245,Cash loans,753498.0,53716.5,F,57.0,Married,House / apartment,Working,128250.0,0
431782,Cash loans,675000.0,36616.5,M,43.0,Civil marriage,House / apartment,Businessman,247500.0,0
299859,Cash loans,743031.0,39717.0,M,44.0,Married,Municipal apartment,,405000.0,0
169652,Cash loans,436032.0,25159.5,F,29.0,Single / not married,With parents,Working,112500.0,0
148500,Cash loans,562500.0,33016.5,F,39.0,Separated,House / apartment,Working,112500.0,0
403289,Cash loans,943425.0,27585.0,F,60.0,Married,House / apartment,Working,180000.0,0
421357,Cash loans,1327855.5,50706.0,F,45.0,Civil marriage,House / apartment,Businessman,202500.0,0
392508,Revolving loans,247500.0,12375.0,F,45.0,Separated,House / apartment,Unemployed,90000.0,0
152921,Cash loans,900000.0,26446.5,M,64.0,Married,House / apartment,Working,121500.0,0
266351,Cash loans,677664.0,22153.5,F,59.0,Married,House / apartment,Working,135000.0,0
382928,Cash loans,315000.0,15318.0,M,26.0,Single / not married,With parents,Working,112500.0,1
395751,Cash loans,1014588.0,33660.0,,56.0,Married,House / apartment,Working,225000.0,0
366766,Cash loans,112500.0,13482.0,M,57.0,Civil marriage,House / apartment,Working,189000.0,0
279499,Revolving loans,135000.0,6750.0,F,37.0,Married,House / apartment,Unemployed,67500.0,0
403154,Cash loans,545040.0,36553.5,M,36.0,Married,House / apartment,Unemployed,189000.0,0
440402,Cash loans,536917.5,19413.0,F,61.0,Single / not married,House / apartment,Businessman,202500.0,0
213068,Cash loans,299772.0,21942.0,F,39.0,Married,House / apartment,Working,135000.0,0
212489,Cash loans,1288350.0,34114.5,M,58.0,Married,House / apartment,Businessman,202500.0,0
342615,Cash loans,450000.0,22018.5,M,45.0,Civil marriage,House / apartment,,180000.0,0
373723,Cash loans,283500.0,21195.0,F,52.0,Married,House / apartment,Unemployed,94500.0,0
313571,Cash loans,246357.0,24493.5,F,64.0,Widow,House / apartment,Unemployed,198000.0,0
201037,Cash loans,727785.0,26865.0,F,36.0,Civil marriage,House / apartment,Working,139500.0,0
357412,Cash loans,999121.5,44140.5,F,53.0,Married,House / apartment,Businessman,216000.0,0
257733,Cash loans,225000.0,10039.5,,43.0,Married,House / apartment,Unemployed,90000.0,0
376023,Cash loans,675000.0,34465.5,M,48.0,Married,House / apartment,Working,157500.0,0
347107,Cash loans,247275.0,17716.5,F,46.0,Single / not married,House / apartment,Businessman,270000.0,0
394020,Cash loans,592560.0,22698.0,F,35.0,Married,House / apartment,Businessman,270000.0,0
182764,Cash loans,545040.0,25407.0,F,54.0,Separated,House / apartment,Businessman,247500.0,0
400016,Cash loans,916470.0,26928.0,F,42.0,Married,House / apartment,Businessman,360000.0,0
243549,Cash loans,879480.0,28498.5,M,48.0,Separated,House / apartment,Businessman,225000.0,0
448671,Revolving loans,810000.0,40500.0,F,38.0,Married,House / apartment,Businessman,270000.0,0
191974,Cash loans,1006920.0,46791.0,F,56.0,Separated,House / apartment,Businessman,225000.0,0
446193,Cash loans,906615.0,28597.5,M,52.0,Married,House / apartment,Working,135000.0,0
241404,Cash loans,407520.0,32328.0,F,31.0,Married,House / apartment,Working,292500.0,0
150378,Cash loans,990000.0,28944.0,F,44.0,Married,House / apartment,Working,247500.0,0
267781,Cash loans,301464.0,23949.0,F,54.0,Widow,House / apartment,Working,157500.0,0
268989,Revolving loans,135000.0,6750.0,F,49.0,Married,With parents,Unemployed,56641.5,0
375794,Cash loans,254700.0,27153.0,F,26.0,Married,House / apartment,Working,112500.0,0
274204,Cash loans,1546020.0,42642.0,F,57.0,Married,House / apartment,,202500.0,0
223338,Cash loans,670500.0,21757.5,M,49.0,Married,House / apartment,Businessman,225000.0,0
421737,Cash loans,997974.0,39577.5,,58.0,Married,House / apartment,Working,157500.0,0
343258,Cash loans,808650.0,26217.0,,44.0,Widow,House / apartment,,247500.0,0
125537,Cash loans,414792.0,18270.0,M,34.0,Married,House / apartment,Unemployed,81000.0,0
133036,Cash loans,254700.0,27558.0,,35.0,Single / not married,House / apartment,Working,112500.0,0
200917,Cash loans,447768.0,25132.5,M,56.0,Married,House / apartment,Working,135000.0,0
421079,Cash loans,1288350.0,37669.5,F,33.0,Separated,House / apartment,Businessman,225000.0,0
369185,Cash loans,338832.0,18508.5,F,35.0,Married,House / apartment,Working,144000.0,0
338770,Cash loans,485640.0,44671.5,M,34.0,Single / not married,House / apartment,Working,157500.0,0
332892,Cash loans,808650.0,23773.5,F,61.0,Single / not married,House / apartment,Working,112500.0,0
393137,Cash loans,542133.0,17914.5,F,41.0,Separated,House / apartment,Working,112500.0,0
275133,Cash loans,312768.0,24840.0,M,32.0,Married,House / apartment,Unemployed,135000.0,0
284140,Revolving loans,900000.0,45000.0,M,,Married,House / apartment,Unemployed,135000.0,0
172252,Cash loans,675000.0,40194.0,F,36.0,Married,House / apartment,Businessman,220500.0,0
342231,Cash loans,350860.5,18045.0,F,52.0,Single / not married,House / apartment,Businessman,225000.0,0
343881,Cash loans,284400.0,18306.0,F,44.0,Separated,With parents,Unemployed,112500.0,0
341378,Cash loans,755190.0,29947.5,,62.0,Married,House / apartment,Businessman,405000.0,0
222205,Cash loans,71955.0,7245.0,F,31.0,Married,House / apartment,Unemployed,54000.0,0
228838,Cash loans,831771.0,45252.0,F,31.0,Single / not married,House / apartment,Businessman,202500.0,1
119759,Revolving loans,247500.0,12375.0,F,55.0,Married,House / apartment,Working,157500.0,0
412737,Cash loans,2220259.5,82413.0,M,38.0,Married,Municipal apartment,Businessman,495000.0,0
392449,Cash loans,284256.0,26433.0,F,53.0,Married,House / apartment,Working,135000.0,0
120180,Cash loans,774000.0,35995.5,M,26.0,Single / not married,House / apartment,Businessman,225000.0,0
330210,Cash loans,395640.0,30748.5,F,35.0,Single / not married,Municipal apartment,Working,144000.0,0
133693,Cash loans,770292.0,30676.5,F,41.0,Single / not married,House / apartment,Working,157500.0,0
278731,Cash loans,315000.0,9157.5,F,,Single / not married,House / apartment,Working,112500.0,0
241275,Cash loans,1223010.0,51948.0,F,43.0,Married,Rented apartment,Businessman,225000.0,0
247243,Revolving loans,270000.0,13500.0,F,50.0,Married,House / apartment,Businessman,225000.0,0
449758,Cash loans,143910.0,14233.5,F,40.0,Married,House / apartment,Working,180000.0,0
162767,Cash loans,206280.0,7537.5,F,44.0,Widow,House / apartment,Unemployed,67500.0,0
394790,Revolving loans,675000.0,33750.0,F,28.0,Civil marriage,House / apartment,Businessman,720000.0,0
279431,Cash loans,640080.0,29970.0,F,31.0,Married,House / apartment,Working,67500.0,0
405882,Cash loans,2517300.0,66532.5,M,35.0,Married,House / apartment,Working,306000.0,0
157437,Cash loans,274500.0,16920.0,M,52.0,Married,House / apartment,Unemployed,87750.0,0
126029,Cash loans,170640.0,9657.0,F,59.0,Married,House / apartment,Unemployed,63000.0,0
320226,Revolving loans,337500.0,16875.0,F,37.0,Married,House / apartment,Businessman,225000.0,0
441971,Cash loans,720000.0,68494.5,F,53.0,Separated,House / apartment,Businessman,225000.0,0
320903,Cash loans,315000.0,11875.5,F,43.0,Married,House / apartment,Unemployed,90000.0,0
245293,Revolving loans,202500.0,10125.0,F,39.0,Separated,House / apartment,Working,67500.0,0
268932,Cash loans,545040.0,26640.0,F,44.0,Married,House / apartment,Unemployed,67500.0,0
270972,Cash loans,450000.0,21109.5,M,33.0,Married,Rented apartment,Working,135000.0,0
178220,Cash loans,1035000.0,34335.0,F,42.0,Married,House / apartment,Unemployed,94500.0,0
454824,Cash loans,360000.0,18378.0,M,50.0,Civil marriage,House / apartment,Working,139500.0,1
315457,Cash loans,352044.0,17253.0,M,41.0,Married,House / apartment,Working,157500.0,1
235544,Cash loans,485640.0,37579.5,M,31.0,Married,House / apartment,Businessman,225000.0,0
110189,Cash loans,500211.0,39649.5,F,48.0,Civil marriage,House / apartment,Businessman,360000.0,0
311774,Cash loans,961146.0,28233.0,F,47.0,Married,House / apartment,Businessman,225000.0,0
182869,Cash loans,755190.0,36459.0,M,30.0,Married,Office apartment,Businessman,333000.0,0
290216,Cash loans,640080.0,31261.5,F,31.0,Civil marriage,House / apartment,Working,180000.0,0
190003,Cash loans,509400.0,34173.0,F,47.0,Civil marriage,House / apartment,Working,180000.0,0
115537,Cash loans,314100.0,21375.0,F,26.0,Married,House / apartment,Working,135000.0,0
198950,Revolving loans,675000.0,33750.0,M,26.0,Single / not married,Office apartment,Businessman,202500.0,0
176616,Cash loans,900000.0,26446.5,F,51.0,Married,House / apartment,Businessman,202500.0,0
119436,Cash loans,239850.0,23494.5,F,67.0,Widow,House / apartment,Unemployed,112500.0,0
400906,Cash loans,2250000.0,62005.5,F,49.0,Married,House / apartment,Businessman,202500.0,0
387858,Cash loans,1350000.0,42520.5,F,54.0,Married,House / apartment,Working,157500.0,0
378385,Cash loans,544068.0,26590.5,M,39.0,Married,House / apartment,Working,112500.0,0
442843,Cash loans,953460.0,64107.0,F,49.0,Married,House / apartment,Businessman,342000.0,0
136147,Cash loans,755190.0,32125.5,M,31.0,Married,With parents,Businessman,247500.0,0
159164,Cash loans,1046142.0,33876.0,F,33.0,Married,House / apartment,Working,157500.0,0
165992,Cash loans,454500.0,14661.0,F,50.0,Married,House / apartment,Unemployed,54000.0,0
272629,Cash loans,755190.0,36459.0,M,39.0,Married,House / apartment,Working,193500.0,0
351960,Cash loans,1078200.0,31653.0,M,32.0,Civil marriage,House / apartment,Businessman,225000.0,0
149476,Cash loans,1179193.5,39100.5,F,35.0,Civil marriage,House / apartment,Working,121500.0,0
397121,Cash loans,625500.0,20308.5,F,54.0,Married,House / apartment,Unemployed,45900.0,0
292594,Cash loans,167076.0,15453.0,M,31.0,Married,House / apartment,Unemployed,166500.0,0
179720,Cash loans,1928304.0,73579.5,F,59.0,Married,House / apartment,Businessman,238500.0,0
145617,Cash loans,171000.0,11056.5,F,55.0,Married,House / apartment,Working,270000.0,0
126772,Cash loans,264888.0,30087.0,M,24.0,Single / not married,Rented apartment,Unemployed,135000.0,0
136509,Cash loans,468000.0,13810.5,F,42.0,Married,House / apartment,Unemployed,29250.0,0
433325,Cash loans,646920.0,19044.0,F,53.0,Widow,House / apartment,Working,180000.0,0
191702,Cash loans,448299.0,23017.5,M,50.0,Civil marriage,House / apartment,Working,175500.0,0
401132,Cash loans,,46611.0,M,44.0,Married,House / apartment,Businessman,247500.0,0
119544,Cash loans,140166.0,10098.0,F,36.0,Married,House / apartment,Unemployed,90000.0,0
341866,Cash loans,1494324.0,39550.5,F,39.0,Married,House / apartment,Working,193500.0,0
401653,Cash loans,487192.5,23566.5,F,45.0,Married,House / apartment,Working,112500.0,0
222600,Revolving loans,135000.0,6750.0,M,28.0,Married,House / apartment,Working,180000.0,0
217701,Cash loans,746280.0,54436.5,M,27.0,Civil marriage,Rented apartment,Unemployed,180000.0,0
416396,Cash loans,314100.0,17167.5,F,,Single / not married,With parents,Working,112500.0,0
435166,Cash loans,868797.0,36940.5,M,46.0,Married,House / apartment,Working,157500.0,0
338165,Cash loans,268164.0,10237.5,F,55.0,Widow,House / apartment,Unemployed,202500.0,0
338646,Cash loans,521280.0,27423.0,F,27.0,Married,House / apartment,Working,112500.0,0
341094,Cash loans,808650.0,23773.5,F,52.0,Single / not married,House / apartment,Unemployed,135000.0,0
289363,Cash loans,446931.0,21865.5,F,46.0,Single / not married,House / apartment,Unemployed,90000.0,1
400610,Cash loans,522396.0,31959.0,M,,Married,House / apartment,Unemployed,112500.0,0
417492,Cash loans,1164667.5,34182.0,F,33.0,Married,House / apartment,Working,180000.0,0
300047,Cash loans,72000.0,5139.0,F,66.0,Widow,House / apartment,Unemployed,67500.0,0
104153,Cash loans,1006920.0,40063.5,F,32.0,Married,House / apartment,Unemployed,103500.0,0
168396,Cash loans,478498.5,46741.5,M,32.0,Married,House / apartment,Businessman,292500.0,0
413301,Cash loans,225000.0,11074.5,M,29.0,Married,With parents,Working,67500.0,0
100746,Revolving loans,495000.0,24750.0,M,49.0,Married,House / apartment,Unemployed,171000.0,0
290311,Cash loans,450000.0,22018.5,F,26.0,Married,House / apartment,Working,90000.0,0
113678,Cash loans,269550.0,19300.5,,46.0,Married,House / apartment,Working,81000.0,0
205101,Cash loans,157500.0,12316.5,F,42.0,Civil marriage,House / apartment,Businessman,261000.0,0
444980,Cash loans,1198944.0,43065.0,F,51.0,Married,House / apartment,Businessman,315000.0,0
338924,Cash loans,1129500.0,47853.0,F,53.0,Married,House / apartment,Businessman,427500.0,0
102213,Cash loans,50940.0,5535.0,F,,Married,House / apartment,Unemployed,56700.0,0
439026,Cash loans,499261.5,18063.0,F,63.0,Widow,House / apartment,Working,121500.0,0
366241,Cash loans,1129500.0,31189.5,F,49.0,Married,House / apartment,Businessman,202500.0,0
396451,Cash loans,562491.0,23962.5,M,34.0,Married,Municipal apartment,Unemployed,157500.0,0
128275,Cash loans,708552.0,25578.0,M,62.0,Married,Municipal apartment,Unemployed,90000.0,0
284036,Cash loans,696150.0,27369.0,F,54.0,Widow,House / apartment,Working,202500.0,1
334931,Cash loans,259794.0,26748.0,M,57.0,Married,House / apartment,Unemployed,112500.0,0
379716,Cash loans,315000.0,18211.5,F,43.0,Married,House / apartment,Unemployed,49500.0,0
377015,Cash loans,760225.5,32337.0,F,42.0,Married,House / apartment,Unemployed,180000.0,0
363095,Revolving loans,135000.0,6750.0,M,63.0,Separated,House / apartment,Working,135000.0,0
130257,Cash loans,1971072.0,68512.5,F,35.0,Married,House / apartment,Businessman,360000.0,0
337964,Cash loans,239400.0,7411.5,F,55.0,Married,House / apartment,Unemployed,85500.0,0
233257,Cash loans,166500.0,18058.5,M,54.0,Married,House / apartment,Businessman,270000.0,0
161578,Cash loans,1113840.0,44302.5,,53.0,Single / not married,House / apartment,Businessman,225000.0,1
316844,Cash loans,1061599.5,31171.5,M,24.0,Married,House / apartment,Businessman,225000.0,1
259099,Cash loans,1288350.0,37669.5,F,,Married,House / apartment,Working,157500.0,0
160429,Cash loans,414000.0,12996.0,F,53.0,Separated,House / apartment,Unemployed,90000.0,0
293708,Cash loans,1288350.0,37669.5,F,56.0,Married,House / apartment,Unemployed,108000.0,0
182130,Cash loans,52128.0,5742.0,F,37.0,Married,House / apartment,Unemployed,45000.0,0
419605,Cash loans,491823.0,33399.0,M,37.0,Married,House / apartment,Businessman,450000.0,0
416784,Cash loans,405000.0,19008.0,F,46.0,Married,House / apartment,Unemployed,67500.0,0
343542,Cash loans,247275.0,19822.5,F,28.0,Married,House / apartment,,157500.0,0
343368,Cash loans,247500.0,25357.5,F,49.0,Married,Municipal apartment,Working,112500.0,0
174075,Cash loans,521280.0,24286.5,F,30.0,Single / not married,House / apartment,Working,135000.0,0
158227,Cash loans,182286.0,19759.5,M,26.0,Single / not married,With parents,Working,112500.0,1
129566,Cash loans,384048.0,13923.0,F,55.0,Single / not married,House / apartment,Unemployed,72000.0,0
152212,Cash loans,315000.0,16213.5,M,32.0,Separated,House / apartment,Businessman,202500.0,0
283007,Cash loans,619254.0,29920.5,M,44.0,Married,House / apartment,Working,180000.0,0
326278,Cash loans,50940.0,5616.0,M,42.0,Married,House / apartment,Working,135000.0,0
373386,Cash loans,972000.0,28548.0,F,44.0,Married,House / apartment,Working,112500.0,0
312387,Cash loans,450000.0,21649.5,F,28.0,Single / not married,House / apartment,Businessman,270000.0,0
395336,Cash loans,1125000.0,32895.0,F,53.0,Widow,House / apartment,Businessman,202500.0,0
104672,Cash loans,1061599.5,31171.5,F,52.0,Married,House / apartment,Working,157500.0,0
185403,Cash loans,1006069.5,33381.0,F,54.0,Civil marriage,House / apartment,Working,225000.0,1
411183,Cash loans,755190.0,36459.0,M,37.0,Married,Office apartment,Working,157500.0,1
290803,Cash loans,1125000.0,47794.5,F,27.0,Married,House / apartment,Working,180000.0,0
333663,Cash loans,882000.0,25920.0,F,52.0,Married,House / apartment,Businessman,202500.0,0
290221,Revolving loans,225000.0,11250.0,M,37.0,Married,House / apartment,Working,117000.0,0
328887,Cash loans,270000.0,18171.0,F,29.0,Single / not married,House / apartment,Working,157500.0,0
226270,Cash loans,253737.0,26127.0,M,34.0,Married,House / apartment,Unemployed,144000.0,0
296938,Cash loans,1324422.0,36418.5,F,36.0,Married,House / apartment,Working,180000.0,0
316112,Cash loans,675000.0,19867.5,F,37.0,Married,House / apartment,Working,67500.0,0
354108,Cash loans,172021.5,17757.0,F,48.0,Single / not married,House / apartment,Unemployed,67500.0,0
312859,Cash loans,,25537.5,M,34.0,Married,With parents,Working,168750.0,0
317093,Cash loans,1288350.0,37669.5,F,33.0,Married,With parents,Unemployed,112500.0,0
395575,Cash loans,1288350.0,37053.0,,37.0,Civil marriage,House / apartment,Working,180000.0,0
374092,Cash loans,1206000.0,33295.5,M,52.0,Married,House / apartment,Businessman,211500.0,0
120100,Cash loans,135000.0,9823.5,M,36.0,Married,House / apartment,Businessman,225000.0,0
390887,Cash loans,531706.5,29817.0,,52.0,Married,House / apartment,Businessman,202500.0,0
332922,Cash loans,549882.0,21438.0,F,39.0,Married,House / apartment,Businessman,225000.0,0
387261,Cash loans,370107.0,22495.5,M,63.0,Civil marriage,House / apartment,Unemployed,94500.0,0
132941,Cash loans,545040.0,26640.0,F,52.0,Married,House / apartment,Businessman,315000.0,0
217079,Cash loans,755190.0,31995.0,F,31.0,Single / not married,Municipal apartment,Working,126000.0,0
179378,Revolving loans,337500.0,16875.0,F,59.0,Married,House / apartment,Working,112500.0,0
262489,Cash loans,312768.0,15043.5,M,49.0,Civil marriage,House / apartment,Unemployed,126000.0,0
118366,Cash loans,327024.0,18904.5,F,44.0,Civil marriage,House / apartment,Unemployed,63000.0,0
424536,Cash loans,640080.0,31261.5,F,50.0,Civil marriage,House / apartment,Unemployed,67500.0,0
369618,Cash loans,518562.0,24160.5,F,37.0,Married,House / apartment,Unemployed,121500.0,0
343558,Cash loans,142632.0,14022.0,F,58.0,Widow,House / apartment,Working,121500.0,0
377647,Cash loans,433458.0,22261.5,F,43.0,Married,House / apartment,Working,202500.0,0
146670,Cash loans,328500.0,24169.5,F,59.0,Married,House / apartment,Working,135000.0,0
361453,Cash loans,1125000.0,32895.0,M,44.0,Civil marriage,Office apartment,Unemployed,90000.0,0
129244,Cash loans,758002.5,50116.5,F,57.0,Married,House / apartment,Unemployed,130500.0,0
282031,Cash loans,508495.5,24462.0,F,32.0,Married,House / apartment,Working,225000.0,0
384953,Cash loans,463941.0,19656.0,F,54.0,Widow,House / apartment,Businessman,225000.0,0
320982,Cash loans,239850.0,23494.5,F,68.0,Married,House / apartment,Unemployed,162000.0,0
140475,Cash loans,282690.0,17082.0,F,38.0,Married,Municipal apartment,Unemployed,54000.0,0
442353,Cash loans,562491.0,27189.0,M,42.0,Married,House / apartment,Working,135000.0,0
101522,Cash loans,760225.5,30150.0,M,39.0,Single / not married,House / apartment,Unemployed,157500.0,0
218206,Cash loans,168102.0,12312.0,F,45.0,Married,Co-op apartment,Unemployed,72000.0,0
134786,Cash loans,239850.0,28593.0,M,32.0,Married,House / apartment,Businessman,225000.0,1
373321,Cash loans,135000.0,6075.0,F,44.0,Single / not married,Municipal apartment,Unemployed,67500.0,0
103686,Cash loans,270126.0,16542.0,F,28.0,Married,House / apartment,Working,135000.0,0
431031,Cash loans,270000.0,26703.0,M,49.0,Married,House / apartment,Businessman,270000.0,0
128788,Cash loans,305221.5,17649.0,M,40.0,Separated,House / apartment,Working,112500.0,0
167962,Cash loans,900000.0,85455.0,M,37.0,Married,House / apartment,Businessman,247500.0,0
356719,Cash loans,220662.0,21627.0,F,66.0,Single / not married,House / apartment,Unemployed,103500.0,0
150814,Cash loans,675000.0,19867.5,F,40.0,Civil marriage,House / apartment,Unemployed,90000.0,0
357177,Cash loans,1006920.0,51543.0,M,52.0,Married,House / apartment,Unemployed,360000.0,0
275803,Cash loans,709866.0,20754.0,,48.0,Married,House / apartment,Unemployed,180000.0,0
425643,Cash loans,990000.0,29074.5,F,37.0,Single / not married,House / apartment,Working,135000.0,0
267545,Cash loans,240660.0,11835.0,,32.0,Married,House / apartment,,112500.0,0
329536,Cash loans,545040.0,26640.0,F,31.0,Single / not married,House / apartment,Unemployed,270000.0,0
401412,Cash loans,1285816.5,46183.5,F,64.0,Married,House / apartment,Unemployed,180000.0,0
437373,Revolving loans,180000.0,9000.0,F,55.0,Married,House / apartment,Unemployed,54000.0,0
267746,Cash loans,729792.0,35109.0,M,39.0,Married,House / apartment,Working,121500.0,0
175471,Cash loans,163008.0,19476.0,M,30.0,Single / not married,With parents,Working,180000.0,0
141711,Cash loans,918468.0,30483.0,F,45.0,Married,House / apartment,Unemployed,90000.0,0
386190,Cash loans,1054773.0,34987.5,F,56.0,Married,House / apartment,Businessman,270000.0,0
364402,Cash loans,454500.0,21865.5,F,,Married,House / apartment,Unemployed,90000.0,1
281032,Cash loans,225000.0,14377.5,F,37.0,Married,House / apartment,Working,180000.0,0
243860,Cash loans,675000.0,53329.5,F,44.0,Married,House / apartment,Businessman,270000.0,0
303665,Cash loans,427176.0,21942.0,M,54.0,Married,House / apartment,Working,135000.0,0
275698,Cash loans,254700.0,17149.5,F,66.0,Widow,House / apartment,Unemployed,67500.0,0
398959,Cash loans,239850.0,23850.0,F,68.0,Single / not married,House / apartment,Working,135000.0,0
362071,Cash loans,779688.0,30919.5,F,56.0,Married,House / apartment,Businessman,225000.0,0
281609,Cash loans,1075500.0,34695.0,M,33.0,Single / not married,House / apartment,Businessman,337500.0,0
381111,Cash loans,114430.5,12015.0,M,30.0,Married,House / apartment,Businessman,252000.0,0
344439,Cash loans,497520.0,39438.0,F,24.0,Married,House / apartment,Working,121500.0,0
164955,Revolving loans,630000.0,31500.0,M,33.0,Married,House / apartment,Businessman,225000.0,0
284924,Cash loans,225000.0,23755.5,M,28.0,Married,House / apartment,Working,112500.0,0
287511,Cash loans,157914.0,10683.0,F,61.0,Married,House / apartment,Unemployed,81000.0,1
435036,Cash loans,247275.0,19822.5,M,67.0,Widow,House / apartment,Unemployed,67500.0,0
125018,Cash loans,450000.0,21888.0,F,44.0,Separated,Municipal apartment,Businessman,202500.0,0
151354,Cash loans,225000.0,17905.5,M,27.0,Married,House / apartment,Working,112500.0,0
322601,Cash loans,216144.0,8275.5,M,53.0,Married,House / apartment,Working,135000.0,0
105510,Cash loans,481176.0,26230.5,F,28.0,Civil marriage,Municipal apartment,Unemployed,76500.0,0
334056,Revolving loans,270000.0,13500.0,F,39.0,Married,House / apartment,Unemployed,225000.0,0
314144,Cash loans,685386.0,43933.5,M,60.0,Married,House / apartment,,157500.0,0
298006,Cash loans,216144.0,14202.0,F,33.0,Married,House / apartment,Unemployed,72000.0,0
146546,Cash loans,500427.0,22171.5,F,60.0,Married,House / apartment,Unemployed,135000.0,0
374069,Cash loans,814041.0,23931.0,M,52.0,Civil marriage,House / apartment,Businessman,202500.0,0
398909,Cash loans,814041.0,28840.5,M,64.0,Civil marriage,House / apartment,Working,135000.0,0
221585,Cash loans,,18904.5,F,54.0,Married,House / apartment,Working,180000.0,0
362051,Cash loans,1484181.0,40945.5,F,32.0,Married,House / apartment,Unemployed,162000.0,0
330208,Cash loans,354276.0,13486.5,F,61.0,Widow,House / apartment,Working,157500.0,0
174321,Cash loans,263844.0,12820.5,F,51.0,Separated,House / apartment,Working,112500.0,0
257155,Cash loans,225000.0,22252.5,F,45.0,Separated,House / apartment,Working,117000.0,0
226063,Cash loans,677664.0,53671.5,M,36.0,Married,House / apartment,Working,148500.0,1
150204,Cash loans,450000.0,23431.5,F,26.0,Married,House / apartment,Working,129748.5,0
104582,Cash loans,254700.0,30357.0,F,43.0,Married,House / apartment,Working,189000.0,0
359213,Cash loans,707287.5,38497.5,M,29.0,Married,House / apartment,Working,180000.0,0
253438,Cash loans,225000.0,23184.0,F,67.0,Married,House / apartment,Unemployed,76500.0,0
114639,Cash loans,573628.5,25398.0,F,57.0,Married,House / apartment,Working,157500.0,0
397718,Cash loans,127350.0,14499.0,M,38.0,Married,With parents,Unemployed,103500.0,0
136792,Cash loans,414229.5,23908.5,F,37.0,Married,House / apartment,Businessman,225000.0,0
224869,Cash loans,1575000.0,64147.5,M,30.0,Married,House / apartment,Businessman,270000.0,0
308855,Cash loans,450000.0,30204.0,F,22.0,Single / not married,House / apartment,Working,126000.0,0
343837,Cash loans,493204.5,23854.5,F,65.0,Single / not married,House / apartment,Businessman,225000.0,0
297343,Cash loans,161730.0,12645.0,F,41.0,Married,House / apartment,Unemployed,67500.0,0
308950,Cash loans,314100.0,16164.0,M,30.0,Married,House / apartment,Working,180000.0,0
430429,Cash loans,636138.0,20650.5,F,57.0,Civil marriage,House / apartment,Unemployed,67500.0,0
379023,Cash loans,380533.5,16249.5,F,55.0,Single / not married,House / apartment,Unemployed,99000.0,0
137405,Cash loans,383760.0,41458.5,M,31.0,Married,House / apartment,Unemployed,225000.0,0
353438,Cash loans,808650.0,23305.5,F,60.0,Married,House / apartment,Working,157500.0,1
169791,Cash loans,225000.0,16132.5,M,29.0,Single / not married,House / apartment,Working,157500.0,0
142093,Cash loans,161730.0,7123.5,F,43.0,Married,House / apartment,Working,157500.0,0
162899,Cash loans,677664.0,27337.5,M,22.0,Married,House / apartment,Working,90000.0,0
231846,Cash loans,604683.0,20115.0,F,57.0,Civil marriage,House / apartment,,225000.0,0
235249,Cash loans,1270746.0,42124.5,M,35.0,Married,House / apartment,Unemployed,270000.0,0
319506,Cash loans,1193580.0,35028.0,F,45.0,Married,House / apartment,Working,121500.0,0
346248,Cash loans,459000.0,15048.0,F,64.0,Widow,House / apartment,Unemployed,157500.0,0
435381,Cash loans,225000.0,10489.5,F,33.0,Married,House / apartment,Unemployed,90000.0,0
114388,Revolving loans,270000.0,13500.0,M,43.0,Married,House / apartment,Businessman,292500.0,0
200612,Cash loans,675000.0,19867.5,M,56.0,Married,Co-op apartment,Unemployed,67500.0,0
450039,Cash loans,315000.0,11875.5,F,57.0,Widow,House / apartment,Unemployed,54000.0,0
395136,Cash loans,278613.0,25911.0,M,47.0,Married,House / apartment,Working,112500.0,0
262351,Cash loans,1080000.0,45886.5,F,40.0,Married,House / apartment,Businessman,202500.0,0
321006,Cash loans,959017.5,49095.0,M,59.0,Married,House / apartment,Working,180000.0,0
217934,Cash loans,760225.5,32206.5,F,34.0,Separated,House / apartment,Businessman,337500.0,0
247753,Cash loans,1428295.5,72684.0,F,65.0,Married,House / apartment,Working,135000.0,0
383272,Cash loans,521280.0,28408.5,,33.0,Single / not married,House / apartment,Working,157500.0,0
208966,Cash loans,610335.0,22050.0,M,37.0,Married,House / apartment,Businessman,315000.0,0
438712,Cash loans,360000.0,17509.5,F,62.0,Married,House / apartment,Working,117000.0,0
234203,Cash loans,225000.0,23755.5,F,43.0,Married,House / apartment,Working,112500.0,0
421962,Cash loans,263686.5,26208.0,,32.0,Married,House / apartment,Working,135000.0,0
165921,Cash loans,1024731.0,40770.0,F,42.0,Single / not married,House / apartment,Working,157500.0,0
360667,Cash loans,675000.0,21775.5,F,41.0,Single / not married,House / apartment,Working,135000.0,0
157453,Cash loans,95940.0,10332.0,F,40.0,Married,House / apartment,Unemployed,67500.0,0
348995,Cash loans,553500.0,30154.5,M,64.0,Married,House / apartment,Working,135000.0,0
272247,Cash loans,351000.0,19039.5,M,58.0,Married,House / apartment,Working,112500.0,0
207162,Revolving loans,450000.0,22500.0,F,61.0,Married,House / apartment,Businessman,270000.0,0
185527,Cash loans,1006920.0,51543.0,M,30.0,Married,House / apartment,Businessman,297000.0,0
164531,Cash loans,675000.0,28377.0,M,38.0,Married,House / apartment,Working,112500.0,0
290373,Cash loans,379008.0,42759.0,F,28.0,Single / not married,Rented apartment,Working,135000.0,0
357239,Cash loans,1078200.0,31027.5,F,62.0,Married,House / apartment,Businessman,225000.0,0
202399,Cash loans,1288350.0,37800.0,F,36.0,Married,Municipal apartment,Working,166500.0,0
378281,Cash loans,900000.0,62640.0,M,65.0,Married,House / apartment,Unemployed,180000.0,0
352236,Cash loans,420588.0,33849.0,M,38.0,Married,House / apartment,Businessman,225000.0,0
300615,Cash loans,675000.0,32472.0,M,31.0,Married,House / apartment,Working,189000.0,0
273196,Cash loans,283419.0,18243.0,F,47.0,Separated,House / apartment,Unemployed,126000.0,0
361225,Cash loans,450000.0,47254.5,,39.0,Civil marriage,House / apartment,Businessman,270000.0,0
401643,Cash loans,1666453.5,48856.5,M,47.0,Married,House / apartment,Working,180000.0,0
147504,Cash loans,679500.0,28917.0,F,62.0,Separated,House / apartment,Unemployed,180000.0,0
259774,Cash loans,2064186.0,56763.0,F,45.0,Married,House / apartment,Working,211500.0,0
129307,Cash loans,733315.5,39199.5,F,56.0,Married,House / apartment,Working,270000.0,0
408632,Cash loans,1256400.0,40657.5,F,34.0,Married,Municipal apartment,Working,193500.0,0
419752,Cash loans,180000.0,14220.0,M,39.0,Separated,House / apartment,Working,135000.0,0
133879,Cash loans,225000.0,11488.5,F,61.0,Single / not married,House / apartment,Unemployed,121500.0,0
249960,Cash loans,515529.0,35005.5,F,27.0,Married,House / apartment,Working,112500.0,0
435121,Cash loans,675000.0,35964.0,M,62.0,Married,House / apartment,Unemployed,108000.0,0
395713,Cash loans,553806.0,22090.5,,63.0,Married,House / apartment,Working,112500.0,0
317872,Cash loans,848745.0,43465.5,M,28.0,Single / not married,House / apartment,Unemployed,180000.0,0
353043,Cash loans,517500.0,14229.0,F,31.0,Civil marriage,With parents,Working,180000.0,0
145571,Cash loans,654498.0,33417.0,M,25.0,Single / not married,House / apartment,Unemployed,180000.0,1
308735,Cash loans,450000.0,18328.5,F,41.0,Married,House / apartment,Unemployed,71172.0,0
289407,Cash loans,970380.0,25726.5,F,34.0,Married,House / apartment,Businessman,225000.0,0
135354,Cash loans,1045854.0,37053.0,M,33.0,Single / not married,With parents,Businessman,207000.0,1
392860,Cash loans,1971072.0,68643.0,M,64.0,Married,House / apartment,Businessman,247500.0,0
435757,Cash loans,690048.0,20304.0,F,60.0,Married,House / apartment,Unemployed,90000.0,0
131384,Cash loans,790434.0,32323.5,M,39.0,Single / not married,House / apartment,Working,180000.0,0
170713,Cash loans,497520.0,25272.0,F,44.0,Married,House / apartment,Working,200794.5,0
389766,Cash loans,697500.0,44577.0,F,49.0,Married,House / apartment,Working,157500.0,0
156866,Cash loans,840996.0,29794.5,M,41.0,Married,House / apartment,Working,135000.0,0
348128,Cash loans,808650.0,31464.0,M,33.0,Single / not married,House / apartment,Businessman,202500.0,0
372611,Cash loans,284400.0,16456.5,F,53.0,Married,House / apartment,Unemployed,81000.0,0
295919,Cash loans,360000.0,26325.0,F,27.0,Married,House / apartment,Businessman,243000.0,0
227399,Revolving loans,337500.0,16875.0,M,56.0,Married,House / apartment,Working,180000.0,0
292415,Cash loans,900000.0,26446.5,,45.0,Married,House / apartment,Unemployed,63000.0,0
175597,Cash loans,348264.0,20124.0,,59.0,Widow,House / apartment,Unemployed,90000.0,0
181835,Revolving loans,270000.0,13500.0,M,53.0,Single / not married,House / apartment,,135000.0,0
380579,Cash loans,1649646.0,48366.0,M,25.0,Married,House / apartment,Businessman,247500.0,0
356994,Cash loans,463284.0,14796.0,F,63.0,Widow,House / apartment,Working,202500.0,0
246982,Cash loans,332946.0,17127.0,M,48.0,Married,House / apartment,Working,180000.0,0
183764,Cash loans,252000.0,17667.0,F,57.0,Married,House / apartment,Working,135000.0,0
210812,Revolving loans,202500.0,10125.0,F,54.0,Separated,House / apartment,Unemployed,103500.0,0
440546,Cash loans,1093068.0,32089.5,F,40.0,Married,House / apartment,Unemployed,157500.0,0
433881,Cash loans,373941.0,29065.5,M,26.0,Single / not married,House / apartment,Businessman,225000.0,0
115823,Cash loans,1078200.0,31653.0,F,54.0,Married,House / apartment,Working,180000.0,0
245267,Cash loans,348264.0,32355.0,M,53.0,Married,House / apartment,Working,180000.0,0
230151,Cash loans,1762110.0,46611.0,F,51.0,Married,House / apartment,Businessman,202500.0,0
441960,Cash loans,398160.0,11407.5,F,51.0,Single / not married,House / apartment,Unemployed,135000.0,0
116856,Cash loans,225000.0,9531.0,F,58.0,Widow,House / apartment,Working,112500.0,0
432493,Cash loans,675000.0,46980.0,M,60.0,Married,House / apartment,Businessman,202500.0,0
179432,Cash loans,277969.5,18706.5,F,24.0,Civil marriage,House / apartment,Unemployed,81000.0,0
117458,Cash loans,254700.0,25321.5,,51.0,Married,House / apartment,Businessman,270000.0,0
447231,Cash loans,500211.0,28062.0,F,38.0,Married,House / apartment,Working,135000.0,0
332710,Cash loans,518562.0,25078.5,F,47.0,Married,House / apartment,Working,247500.0,0
324158,Cash loans,423000.0,21726.0,F,43.0,Married,House / apartment,Working,135000.0,0
131512,Cash loans,495351.0,27787.5,F,62.0,Married,House / apartment,Unemployed,126000.0,0
111837,Cash loans,1314117.0,38421.0,F,57.0,Married,House / apartment,Working,193500.0,0
169122,Cash loans,263686.5,28525.5,F,50.0,Single / not married,House / apartment,Businessman,225000.0,0
377614,Cash loans,1327500.0,38812.5,M,37.0,Married,House / apartment,Businessman,225000.0,0
438141,Cash loans,1303812.0,42187.5,M,47.0,Married,House / apartment,Businessman,202500.0,0
313951,Revolving loans,270000.0,13500.0,M,56.0,Married,House / apartment,Working,135000.0,0
135305,Cash loans,565380.0,30798.0,M,29.0,Married,House / apartment,Working,189000.0,0
419033,Cash loans,225000.0,12204.0,F,40.0,Single / not married,Municipal apartment,Unemployed,81000.0,0
357332,Cash loans,246357.0,25996.5,,58.0,Married,House / apartment,Unemployed,117000.0,0
441052,Revolving loans,1350000.0,67500.0,M,34.0,Married,House / apartment,Businessman,1350000.0,0
408596,Cash loans,781920.0,25839.0,F,35.0,Civil marriage,House / apartment,Unemployed,72000.0,0
230545,Cash loans,592560.0,31153.5,M,25.0,Single / not married,House / apartment,Unemployed,139500.0,0
158844,Cash loans,521280.0,22216.5,F,40.0,Married,House / apartment,Working,157500.0,0
407517,Cash loans,112068.0,12802.5,M,47.0,Married,House / apartment,Unemployed,90000.0,0
407235,Cash loans,284256.0,30744.0,M,52.0,Married,House / apartment,Businessman,315000.0,0
116670,Revolving loans,180000.0,9000.0,F,29.0,Single / not married,House / apartment,Unemployed,67500.0,0
401399,Cash loans,673875.0,21865.5,M,37.0,Married,House / apartment,Working,225000.0,0
196453,Cash loans,509400.0,37197.0,F,53.0,Married,With parents,Working,130500.0,1
219100,Cash loans,599544.0,21663.0,F,55.0,Separated,House / apartment,Working,112500.0,0
241101,Cash loans,405000.0,19480.5,F,42.0,Married,House / apartment,,103500.0,0
145294,Revolving loans,,22500.0,M,38.0,Married,House / apartment,Unemployed,157500.0,0
406828,Revolving loans,225000.0,11250.0,F,62.0,Widow,House / apartment,Unemployed,67500.0,0
382938,Cash loans,648000.0,17221.5,M,36.0,Married,House / apartment,Unemployed,99000.0,0
238995,Cash loans,942300.0,30528.0,F,42.0,Married,House / apartment,Unemployed,90000.0,0
390265,Cash loans,450000.0,36211.5,M,32.0,Married,With parents,Working,135000.0,0
235059,Cash loans,1060186.5,45049.5,F,38.0,Married,House / apartment,Working,135000.0,0
260553,Cash loans,738931.5,49711.5,M,57.0,Married,House / apartment,Working,171000.0,0
271360,Cash loans,135000.0,10665.0,F,32.0,Single / not married,House / apartment,Working,157500.0,0
352730,Revolving loans,202500.0,10125.0,F,50.0,Married,House / apartment,Unemployed,67500.0,0
172766,Cash loans,573408.0,31234.5,F,22.0,Married,House / apartment,Unemployed,166500.0,1
184657,Cash loans,491823.0,20965.5,F,61.0,Married,House / apartment,Unemployed,89550.0,0
259653,Cash loans,1773000.0,46899.0,F,56.0,Married,House / apartment,Businessman,306000.0,0
252012,Cash loans,312840.0,24844.5,M,53.0,Married,House / apartment,Working,162000.0,0
139233,Cash loans,983160.0,60147.0,M,33.0,Married,House / apartment,,261000.0,0
285202,Cash loans,814041.0,28971.0,F,42.0,Married,House / apartment,Working,121500.0,0
244527,Cash loans,270000.0,16515.0,F,56.0,Single / not married,House / apartment,Working,139500.0,0
406221,Cash loans,959598.0,28188.0,F,57.0,Married,House / apartment,Businessman,247500.0,0
114872,Cash loans,509400.0,37197.0,M,47.0,Separated,House / apartment,Unemployed,135000.0,0
119933,Cash loans,640080.0,29970.0,M,28.0,Single / not married,Office apartment,Working,391500.0,0
174228,Cash loans,1575000.0,43312.5,F,32.0,Married,House / apartment,Businessman,720000.0,0
280078,Cash loans,755190.0,28116.0,M,61.0,Married,House / apartment,Working,144000.0,0
207608,Cash loans,408780.0,32427.0,F,41.0,Married,House / apartment,Working,157500.0,1
220846,Revolving loans,585000.0,29250.0,F,47.0,Married,House / apartment,Businessman,450000.0,0
151609,Revolving loans,,13500.0,M,59.0,Married,House / apartment,Working,126000.0,0
146077,Revolving loans,225000.0,11250.0,F,48.0,Single / not married,House / apartment,Unemployed,103500.0,1
397187,Cash loans,816660.0,26473.5,M,52.0,Married,House / apartment,Working,135000.0,0
412889,Cash loans,450000.0,30204.0,F,31.0,Civil marriage,House / apartment,Working,180000.0,0
312013,Cash loans,728460.0,53140.5,F,34.0,Married,House / apartment,,157500.0,0
267854,Cash loans,130824.0,8644.5,F,26.0,Married,House / apartment,,99000.0,0
213631,Cash loans,,32683.5,,29.0,Single / not married,House / apartment,Businessman,202500.0,0
167999,Revolving loans,180000.0,9000.0,F,,Married,House / apartment,Unemployed,90000.0,0
424052,Cash loans,450000.0,48465.0,M,24.0,Single / not married,House / apartment,Businessman,225000.0,1
398053,Cash loans,168102.0,11362.5,M,48.0,Separated,House / apartment,Businessman,202500.0,1
349875,Cash loans,808650.0,23773.5,F,45.0,Married,House / apartment,Unemployed,135000.0,0
132282,Cash loans,1546020.0,50004.0,M,63.0,Married,House / apartment,Working,135000.0,0
233018,Cash loans,547344.0,30559.5,M,54.0,Married,House / apartment,Working,126000.0,0
220676,Revolving loans,135000.0,6750.0,F,40.0,Separated,House / apartment,Unemployed,90000.0,0
122408,Cash loans,225000.0,10620.0,F,45.0,Civil marriage,House / apartment,Working,144000.0,0
411153,Cash loans,545040.0,26509.5,M,27.0,Single / not married,With parents,Working,180000.0,0
260617,Cash loans,942300.0,30528.0,M,43.0,Married,House / apartment,Working,135000.0,0
105409,Cash loans,675000.0,26770.5,F,65.0,Single / not married,House / apartment,Unemployed,67500.0,0
415347,Revolving loans,180000.0,9000.0,F,30.0,Married,Municipal apartment,Unemployed,76500.0,0
404887,Cash loans,1014790.5,54067.5,,62.0,Widow,House / apartment,Businessman,256500.0,0
139651,Cash loans,999121.5,48195.0,F,29.0,Married,House / apartment,Working,121500.0,0
101481,Cash loans,942300.0,36643.5,,35.0,Married,Rented apartment,Businessman,270000.0,0
138850,Cash loans,58500.0,6939.0,F,28.0,Single / not married,House / apartment,Unemployed,90000.0,0
408752,Cash loans,152820.0,10341.0,M,33.0,Single / not married,House / apartment,Unemployed,54000.0,0
408882,Cash loans,634482.0,24714.0,M,33.0,Married,House / apartment,Unemployed,166500.0,0
446091,Revolving loans,180000.0,9000.0,F,22.0,Single / not married,House / apartment,Unemployed,67500.0,0
325193,Cash loans,983160.0,62964.0,M,44.0,Married,House / apartment,Working,225000.0,0
280713,Cash loans,180000.0,20439.0,M,33.0,Married,House / apartment,Working,270000.0,0
159607,Cash loans,1078200.0,31522.5,F,48.0,Married,House / apartment,Businessman,207000.0,0
257080,Cash loans,239850.0,25960.5,F,40.0,Separated,House / apartment,Working,157500.0,0
256956,Cash loans,948096.0,34182.0,M,49.0,Married,House / apartment,Businessman,225000.0,0
229155,Cash loans,675000.0,53329.5,F,41.0,Single / not married,House / apartment,Businessman,261000.0,0
149657,Cash loans,675000.0,19737.0,F,54.0,Married,House / apartment,Working,130500.0,0
204289,Cash loans,254700.0,26743.5,M,47.0,Married,House / apartment,Working,157500.0,0
176879,Cash loans,170640.0,9922.5,M,28.0,Married,House / apartment,Businessman,315000.0,0
447340,Cash loans,247275.0,17586.0,M,65.0,Married,House / apartment,,81000.0,0
227652,Revolving loans,270000.0,13500.0,F,53.0,Widow,House / apartment,Working,135000.0,0
371531,Cash loans,1256400.0,36864.0,M,40.0,Married,House / apartment,Businessman,202500.0,0
288754,Cash loans,1288350.0,37800.0,F,59.0,Married,House / apartment,Working,126000.0,0
444375,Cash loans,1006920.0,51543.0,F,28.0,Married,House / apartment,Working,157500.0,0
244814,Cash loans,,15772.5,F,53.0,Married,House / apartment,Working,157500.0,0
402292,Cash loans,592560.0,35937.0,F,43.0,Married,With parents,Businessman,202500.0,0
256160,Cash loans,1129500.0,37458.0,M,39.0,Married,House / apartment,Working,180000.0,0
403036,Cash loans,156384.0,16551.0,,54.0,Married,House / apartment,Unemployed,90000.0,0
163435,Cash loans,1113840.0,44172.0,F,51.0,Separated,House / apartment,Businessman,450000.0,0
244436,Revolving loans,1350000.0,67500.0,F,36.0,Married,House / apartment,Businessman,225000.0,0
449106,Revolving loans,450000.0,22500.0,M,27.0,Married,House / apartment,Working,144000.0,0
250946,Cash loans,640080.0,29839.5,M,29.0,Married,House / apartment,Working,121500.0,1
287261,Cash loans,1165500.0,43321.5,F,51.0,Civil marriage,House / apartment,Businessman,292500.0,0
334802,Cash loans,153576.0,8815.5,M,35.0,Married,House / apartment,Working,157500.0,0
238351,Cash loans,360000.0,35734.5,F,36.0,Widow,House / apartment,Businessman,405000.0,0
217684,Cash loans,808650.0,26217.0,F,36.0,Married,With parents,Businessman,225000.0,0
170887,Cash loans,450000.0,46242.0,M,52.0,Married,Municipal apartment,Businessman,225000.0,0
212711,Cash loans,630000.0,20322.0,F,24.0,Married,House / apartment,Unemployed,81000.0,0
166555,Cash loans,948582.0,33606.0,M,60.0,Widow,House / apartment,Working,180000.0,0
150156,Cash loans,256500.0,14449.5,F,29.0,Married,House / apartment,Working,135000.0,0
128312,Cash loans,431280.0,20745.0,M,36.0,Married,House / apartment,Working,135000.0,0
175136,Cash loans,1773963.0,61789.5,F,55.0,Married,House / apartment,Working,121500.0,0
423802,Cash loans,523152.0,37336.5,F,35.0,Married,House / apartment,Unemployed,90000.0,0
312348,Cash loans,261621.0,16132.5,M,40.0,Separated,House / apartment,Businessman,315000.0,0
445241,Cash loans,1506816.0,49927.5,M,34.0,Married,House / apartment,Working,247500.0,0
148183,Cash loans,1174090.5,46561.5,F,55.0,Married,House / apartment,Businessman,283500.0,0
306347,Cash loans,254700.0,24939.0,F,68.0,Married,House / apartment,Working,139500.0,0
353671,Cash loans,571446.0,16839.0,F,58.0,Married,House / apartment,Working,135000.0,0
142317,Revolving loans,225000.0,11250.0,F,23.0,Single / not married,House / apartment,Unemployed,90000.0,0
429177,Cash loans,814041.0,23931.0,M,43.0,Married,Office apartment,Unemployed,166500.0,0
204564,Cash loans,454500.0,27936.0,F,53.0,Married,House / apartment,Working,157500.0,0
420708,Cash loans,147888.0,7321.5,M,62.0,Married,Municipal apartment,Businessman,202500.0,0
243444,Cash loans,545040.0,26640.0,M,29.0,Married,With parents,,247500.0,0
215133,Cash loans,1125000.0,32895.0,M,41.0,Married,House / apartment,Businessman,270000.0,0
167316,Cash loans,1724220.0,50544.0,F,34.0,Married,House / apartment,Working,135000.0,0
361534,Cash loans,178290.0,20245.5,M,32.0,Married,House / apartment,Working,121500.0,0
196951,Cash loans,49752.0,6034.5,F,39.0,Married,With parents,Working,40500.0,0
336878,Cash loans,452385.0,26100.0,F,41.0,Married,House / apartment,Businessman,270000.0,0
161057,Cash loans,568858.5,30987.0,M,43.0,Married,House / apartment,Working,157500.0,0
131447,Cash loans,500490.0,52686.0,M,45.0,Married,House / apartment,Working,135000.0,0
417673,Cash loans,299772.0,20160.0,F,47.0,Married,House / apartment,Businessman,247500.0,0
356435,Cash loans,553806.0,23593.5,F,41.0,Married,House / apartment,Working,112500.0,0
406573,Cash loans,675000.0,28728.0,F,33.0,Married,House / apartment,Unemployed,135000.0,0
173213,Cash loans,315000.0,16213.5,F,45.0,Separated,House / apartment,Businessman,202500.0,0
322474,Cash loans,546048.0,14535.0,M,26.0,Single / not married,House / apartment,Working,180000.0,0
342143,Cash loans,376920.0,19399.5,F,33.0,Single / not married,Rented apartment,Working,112500.0,0
244515,Cash loans,191880.0,19107.0,F,66.0,Separated,House / apartment,Working,112500.0,0
361090,Cash loans,545040.0,16654.5,F,65.0,Widow,House / apartment,Unemployed,76500.0,0
395386,Cash loans,163008.0,16006.5,F,68.0,Married,House / apartment,Unemployed,103500.0,0
375497,Cash loans,296280.0,23539.5,F,34.0,Married,House / apartment,Working,157500.0,0
320005,Cash loans,454500.0,20020.5,M,64.0,Widow,House / apartment,Unemployed,55350.0,0
448934,Cash loans,541323.0,26041.5,F,58.0,Married,House / apartment,Working,157500.0,0
434400,Cash loans,675000.0,19737.0,F,57.0,Widow,House / apartment,Working,94500.0,0
259676,Cash loans,808650.0,23175.0,F,65.0,Single / not married,House / apartment,Unemployed,69300.0,1
101717,Cash loans,1133748.0,30037.5,M,55.0,Married,House / apartment,Working,202500.0,0
159285,Cash loans,526491.0,17527.5,F,65.0,Married,Municipal apartment,Unemployed,94500.0,0
439221,Cash loans,612000.0,23715.0,F,33.0,Married,House / apartment,Working,81000.0,0
287071,Cash loans,143910.0,14148.0,F,68.0,Widow,House / apartment,Unemployed,90000.0,0
328775,Cash loans,1467612.0,70605.0,F,52.0,Married,House / apartment,Businessman,360000.0,0
189606,Cash loans,557770.5,35775.0,F,28.0,Married,With parents,Working,157500.0,0
153117,Cash loans,323388.0,18184.5,F,45.0,Married,House / apartment,Working,112500.0,0
268093,Cash loans,239850.0,23364.0,F,47.0,Married,House / apartment,Unemployed,36000.0,0
400228,Cash loans,276277.5,19777.5,F,40.0,Civil marriage,House / apartment,Working,72000.0,0
101662,Revolving loans,270000.0,13500.0,F,25.0,Married,House / apartment,Working,90000.0,0
119610,Cash loans,225000.0,22383.0,F,26.0,Single / not married,House / apartment,Working,157500.0,0
367776,Revolving loans,337500.0,16875.0,F,60.0,Married,House / apartment,Working,225000.0,0
281155,Revolving loans,450000.0,22500.0,,33.0,Married,House / apartment,Working,180000.0,0
437466,Cash loans,595903.5,30424.5,,32.0,Married,With parents,Unemployed,90000.0,0
290062,Cash loans,679671.0,30069.0,F,64.0,Married,House / apartment,Unemployed,99000.0,0
405503,Cash loans,463500.0,22428.0,F,50.0,Married,House / apartment,Unemployed,54000.0,0
159133,Cash loans,480060.0,23476.5,M,33.0,Civil marriage,House / apartment,Unemployed,90000.0,1
191523,Cash loans,490005.0,34978.5,F,61.0,Married,Municipal apartment,Businessman,441000.0,0
159964,Cash loans,61128.0,6084.0,F,,Married,House / apartment,Working,58500.0,0
303561,Cash loans,251091.0,24961.5,F,59.0,Married,House / apartment,Unemployed,94500.0,0
345849,Cash loans,592560.0,26230.5,F,42.0,Married,House / apartment,Unemployed,90000.0,0
215066,Cash loans,450000.0,21888.0,F,35.0,Married,House / apartment,Unemployed,54000.0,0
447920,Cash loans,436032.0,13347.0,F,58.0,Married,House / apartment,Working,81000.0,0
311757,Cash loans,765000.0,24993.0,F,23.0,Civil marriage,House / apartment,Unemployed,100516.5,0
346806,Cash loans,383089.5,23566.5,M,30.0,Married,House / apartment,Working,180000.0,0
221737,Cash loans,1035832.5,33543.0,F,37.0,Married,House / apartment,Working,157500.0,1
317243,Cash loans,675000.0,35626.5,F,57.0,Married,House / apartment,Businessman,270000.0,0
231921,Cash loans,1288350.0,37800.0,F,,Married,House / apartment,Unemployed,135000.0,0
177454,Revolving loans,270000.0,13500.0,M,32.0,Married,House / apartment,,180000.0,0
434031,Cash loans,431280.0,18400.5,M,64.0,Married,House / apartment,Unemployed,72900.0,0
196287,Cash loans,254700.0,20250.0,M,39.0,Civil marriage,House / apartment,Working,112500.0,0
193631,Cash loans,163008.0,17685.0,F,49.0,Widow,House / apartment,Unemployed,85500.0,0
217340,Cash loans,675000.0,18940.5,F,62.0,Single / not married,House / apartment,Unemployed,90000.0,0
366377,Cash loans,473760.0,50400.0,F,29.0,Civil marriage,Municipal apartment,Businessman,207000.0,0
257214,Cash loans,760225.5,32337.0,F,44.0,Married,Municipal apartment,Unemployed,85500.0,0
170974,Cash loans,311877.0,15133.5,F,45.0,Married,House / apartment,Unemployed,112500.0,1
378526,Cash loans,337500.0,12852.0,F,59.0,Married,House / apartment,Unemployed,67500.0,0
165575,Cash loans,337500.0,33381.0,F,55.0,Married,House / apartment,Unemployed,135000.0,0
118858,Cash loans,227520.0,11196.0,F,,Married,House / apartment,Working,126000.0,0
214796,Revolving loans,180000.0,9000.0,F,22.0,Single / not married,Co-op apartment,Unemployed,202500.0,0
170130,Cash loans,545040.0,19705.5,F,57.0,Single / not married,House / apartment,Working,180000.0,0
427863,Revolving loans,202500.0,10125.0,F,57.0,Married,Rented apartment,Unemployed,135000.0,0
117515,Cash loans,1641280.5,45265.5,F,41.0,Married,House / apartment,Businessman,225000.0,0
186279,Cash loans,436032.0,21339.0,M,30.0,Married,House / apartment,Working,180000.0,0
156286,Cash loans,331834.5,17095.5,M,57.0,Married,House / apartment,Unemployed,56250.0,0
364940,Cash loans,387000.0,46057.5,F,32.0,Married,House / apartment,Working,171000.0,0
381982,Cash loans,305221.5,19633.5,F,36.0,Civil marriage,House / apartment,Unemployed,90000.0,0
356167,Cash loans,959598.0,31086.0,F,58.0,Married,House / apartment,,225000.0,0
388977,Cash loans,601470.0,29065.5,F,53.0,Married,House / apartment,Businessman,270000.0,0
187181,Cash loans,278460.0,22455.0,F,31.0,Single / not married,House / apartment,Working,180000.0,0
125410,Cash loans,819000.0,27198.0,F,38.0,Married,House / apartment,Working,135000.0,1
183333,Cash loans,755190.0,38556.0,F,45.0,Separated,House / apartment,,270000.0,0
209894,Cash loans,900000.0,26316.0,F,52.0,Civil marriage,House / apartment,Working,148500.0,0
211682,Revolving loans,315000.0,15750.0,F,51.0,Married,House / apartment,Working,157500.0,0
163883,Cash loans,152820.0,16344.0,M,42.0,Single / not married,House / apartment,Working,157500.0,0
234569,Revolving loans,180000.0,9000.0,F,22.0,Single / not married,House / apartment,Unemployed,135000.0,0
240268,Cash loans,,51876.0,F,50.0,Separated,House / apartment,,202500.0,0
111305,Cash loans,790830.0,52848.0,F,45.0,Married,House / apartment,Businessman,270000.0,0
165890,Cash loans,706221.0,22909.5,M,47.0,Married,Municipal apartment,Working,225000.0,0
225834,Cash loans,277969.5,16087.5,F,33.0,Civil marriage,House / apartment,Unemployed,76500.0,0
154067,Cash loans,171000.0,8356.5,F,58.0,Single / not married,House / apartment,Unemployed,135000.0,0
248433,Cash loans,215640.0,17064.0,F,55.0,Separated,Municipal apartment,Unemployed,90000.0,0
319468,Revolving loans,720000.0,36000.0,F,58.0,Single / not married,House / apartment,Businessman,315000.0,0
385433,Cash loans,1258650.0,53455.5,F,62.0,Married,House / apartment,Unemployed,98100.0,0
256646,Cash loans,1548288.0,65596.5,M,42.0,Married,Municipal apartment,Businessman,202500.0,0
194474,Revolving loans,450000.0,22500.0,M,54.0,Married,House / apartment,Working,126000.0,0
443130,Cash loans,149256.0,16074.0,F,39.0,Civil marriage,House / apartment,Businessman,360000.0,0
307512,Cash loans,1762110.0,48586.5,F,56.0,Married,House / apartment,Businessman,225000.0,0
178420,Cash loans,814041.0,23931.0,,37.0,Single / not married,House / apartment,Businessman,270000.0,0
100303,Cash loans,254700.0,15709.5,F,66.0,Widow,House / apartment,Businessman,292500.0,0
272547,Cash loans,675000.0,21906.0,F,59.0,Married,House / apartment,Unemployed,67500.0,0
292472,Cash loans,942300.0,27679.5,F,44.0,Married,House / apartment,Working,90000.0,0
447807,Revolving loans,225000.0,11250.0,F,65.0,Widow,House / apartment,Unemployed,135000.0,0
366053,Cash loans,1065681.0,45279.0,F,61.0,Married,House / apartment,Unemployed,81000.0,0
248448,Cash loans,566055.0,18387.0,M,36.0,Married,House / apartment,Businessman,283500.0,0
398316,Cash loans,495351.0,25290.0,M,31.0,Civil marriage,House / apartment,,157500.0,0
456172,Cash loans,163098.0,16015.5,F,58.0,Married,House / apartment,Unemployed,76500.0,0
316292,Cash loans,1214100.0,70474.5,F,60.0,Married,House / apartment,Businessman,202500.0,0
404785,Cash loans,1256400.0,33273.0,F,36.0,Married,House / apartment,Businessman,270000.0,0
124004,Cash loans,904500.0,38322.0,F,44.0,Single / not married,House / apartment,Working,166500.0,0
226919,Cash loans,1354500.0,47209.5,F,41.0,Married,House / apartment,Working,180000.0,0
336293,Cash loans,136512.0,6493.5,M,52.0,Married,Municipal apartment,Working,180000.0,0
253932,Cash loans,180000.0,16785.0,F,31.0,Married,House / apartment,Working,156600.0,0
330082,Cash loans,203760.0,22072.5,M,51.0,Married,House / apartment,Unemployed,157500.0,0
294145,Revolving loans,247500.0,12375.0,M,58.0,Married,House / apartment,Unemployed,67500.0,0
224297,Cash loans,585000.0,19462.5,F,50.0,Married,House / apartment,Unemployed,112500.0,0
144807,Cash loans,178290.0,17496.0,F,61.0,Married,House / apartment,Unemployed,31531.5,0
266104,Cash loans,900000.0,46084.5,F,28.0,Married,House / apartment,Unemployed,144000.0,0
386258,Cash loans,450000.0,32742.0,F,38.0,Married,House / apartment,Working,135000.0,0
452063,Cash loans,225000.0,24232.5,F,37.0,Married,House / apartment,Working,126000.0,0
159909,Cash loans,781920.0,25969.5,F,58.0,Married,House / apartment,Unemployed,112500.0,0
440341,Cash loans,675000.0,43137.0,M,36.0,Single / not married,House / apartment,Working,270000.0,0
328084,Cash loans,247275.0,19953.0,F,52.0,Married,Municipal apartment,Unemployed,67500.0,0
305296,Revolving loans,135000.0,6750.0,M,59.0,Widow,House / apartment,Working,112500.0,0
386920,Cash loans,315000.0,15318.0,F,35.0,Married,Municipal apartment,Unemployed,112500.0,1
287950,Cash loans,284400.0,10849.5,F,63.0,Married,House / apartment,Unemployed,135000.0,0
402015,Cash loans,473760.0,51151.5,M,24.0,Single / not married,House / apartment,Working,157500.0,1
437008,Cash loans,538704.0,23859.0,F,61.0,Married,House / apartment,Working,157500.0,0
337736,Cash loans,664884.0,24012.0,M,51.0,Married,House / apartment,Businessman,247500.0,0
210929,Cash loans,808650.0,26086.5,F,42.0,Married,House / apartment,Unemployed,67500.0,0
127960,Revolving loans,337500.0,16875.0,F,60.0,Widow,House / apartment,Working,135000.0,0
372490,Cash loans,302206.5,16524.0,F,49.0,Married,House / apartment,Unemployed,126000.0,0
355597,Cash loans,291915.0,26901.0,M,40.0,Married,House / apartment,Businessman,270000.0,1
237789,Cash loans,755190.0,36459.0,F,34.0,Separated,House / apartment,Working,247500.0,0
142432,Cash loans,1305000.0,38286.0,,52.0,Single / not married,House / apartment,Businessman,495000.0,0
240678,Cash loans,568057.5,25150.5,F,36.0,Single / not married,House / apartment,Unemployed,90000.0,0
220541,Cash loans,508495.5,22527.0,F,36.0,Single / not married,House / apartment,Working,112500.0,0
165874,Revolving loans,337500.0,16875.0,F,56.0,Married,House / apartment,Working,112500.0,0
222109,Cash loans,582768.0,37372.5,F,39.0,Separated,House / apartment,Businessman,270000.0,0
202878,Cash loans,284400.0,16011.0,F,66.0,Married,House / apartment,Working,202500.0,0
171513,Cash loans,848745.0,46044.0,F,28.0,Married,House / apartment,Working,126000.0,1
109614,Revolving loans,225000.0,11250.0,F,28.0,Married,House / apartment,Working,112500.0,0
425279,Cash loans,601470.0,32760.0,F,51.0,Married,House / apartment,Unemployed,90000.0,1
402855,Cash loans,1381113.0,36562.5,M,40.0,Married,House / apartment,Businessman,315000.0,0
110623,Cash loans,807984.0,26833.5,F,53.0,Civil marriage,House / apartment,Unemployed,135000.0,1
240996,Cash loans,900000.0,26446.5,F,30.0,Married,House / apartment,Working,292500.0,0
385159,Cash loans,1215000.0,43641.0,M,49.0,Married,House / apartment,Working,180000.0,0
258555,Cash loans,746280.0,50004.0,M,39.0,Single / not married,House / apartment,Working,135000.0,1
139023,Cash loans,170640.0,9657.0,F,60.0,Married,House / apartment,Unemployed,45000.0,0
440860,Cash loans,888840.0,35815.5,F,47.0,Civil marriage,House / apartment,Unemployed,157500.0,0
343870,Cash loans,661500.0,29268.0,F,64.0,Married,House / apartment,Unemployed,81000.0,1
137191,Cash loans,291384.0,33084.0,F,,Married,House / apartment,Unemployed,202500.0,0
293008,Revolving loans,180000.0,9000.0,F,22.0,Single / not married,House / apartment,Working,72000.0,0
103873,Cash loans,85320.0,5580.0,M,67.0,Married,House / apartment,Working,157500.0,0
372480,Cash loans,308461.5,24498.0,M,39.0,Separated,House / apartment,Working,202500.0,1
277118,Cash loans,229500.0,18261.0,F,32.0,Civil marriage,House / apartment,Working,67500.0,0
167165,Cash loans,286704.0,14787.0,F,53.0,Married,House / apartment,Working,153000.0,0
353443,Cash loans,411813.0,22468.5,M,32.0,Separated,Municipal apartment,Working,180000.0,1
355514,Cash loans,1404000.0,40126.5,F,63.0,Widow,Municipal apartment,Working,157500.0,0
189027,Cash loans,247500.0,15948.0,F,36.0,Widow,House / apartment,Unemployed,94500.0,0
327603,Cash loans,700830.0,20619.0,M,44.0,Separated,House / apartment,Working,157500.0,0
344037,Cash loans,967378.5,65034.0,,37.0,Separated,House / apartment,Working,144000.0,0
126933,Cash loans,1197000.0,44487.0,M,,Single / not married,House / apartment,Businessman,202500.0,0
406040,Cash loans,508495.5,24462.0,M,53.0,Married,House / apartment,Working,135000.0,0
367271,Cash loans,2695500.0,77382.0,M,42.0,Married,Rented apartment,Businessman,405000.0,0
118174,Cash loans,835380.0,33259.5,F,54.0,Separated,House / apartment,Unemployed,126000.0,0
164278,Cash loans,398016.0,42862.5,M,43.0,Married,House / apartment,Businessman,225000.0,0
381075,Cash loans,172021.5,20542.5,M,37.0,Single / not married,House / apartment,Working,135000.0,0
271763,Cash loans,1255680.0,41629.5,F,45.0,Married,House / apartment,Working,157500.0,0
346322,Cash loans,545040.0,36553.5,F,49.0,Separated,House / apartment,Working,157500.0,0
253216,Cash loans,76752.0,7605.0,F,52.0,Married,House / apartment,Working,49500.0,0
168597,Cash loans,337500.0,20524.5,M,30.0,Married,House / apartment,Working,148500.0,0
130972,Cash loans,225000.0,13725.0,F,31.0,Married,House / apartment,Unemployed,67500.0,1
234467,Revolving loans,180000.0,9000.0,F,35.0,Single / not married,House / apartment,,135000.0,0
270298,Cash loans,653328.0,21204.0,F,48.0,Civil marriage,House / apartment,Working,157500.0,0
298016,Cash loans,629325.0,30276.0,F,55.0,Single / not married,House / apartment,,135000.0,0
356807,Revolving loans,180000.0,9000.0,M,50.0,Married,House / apartment,Unemployed,90000.0,0
368900,Cash loans,312768.0,22374.0,F,64.0,Civil marriage,House / apartment,Working,112500.0,0
356877,Cash loans,225000.0,22050.0,F,38.0,Married,House / apartment,Unemployed,67500.0,0
176446,Revolving loans,202500.0,10125.0,F,30.0,Married,House / apartment,Working,99000.0,0
439601,Cash loans,604152.0,23139.0,,56.0,Married,House / apartment,Working,135000.0,0
336985,Cash loans,777024.0,41526.0,,44.0,Civil marriage,House / apartment,Working,180000.0,0
400978,Revolving loans,585000.0,29250.0,M,,Married,House / apartment,Working,202500.0,0
370099,Cash loans,1215000.0,48316.5,M,39.0,Married,House / apartment,Working,180000.0,0
214348,Cash loans,398016.0,24480.0,F,46.0,Separated,Municipal apartment,Unemployed,108000.0,1
310956,Revolving loans,180000.0,9000.0,F,63.0,Separated,House / apartment,Unemployed,67500.0,0
348916,Cash loans,450000.0,17095.5,F,45.0,Separated,Municipal apartment,Businessman,270000.0,0
141088,Cash loans,1078200.0,31653.0,M,63.0,Married,House / apartment,Working,112500.0,0
246677,Cash loans,285264.0,32391.0,F,40.0,Married,House / apartment,Businessman,225000.0,0
112521,Cash loans,450000.0,24412.5,M,28.0,Separated,House / apartment,Working,202500.0,0
188342,Cash loans,,26703.0,F,29.0,Married,House / apartment,Unemployed,103500.0,0
306223,Cash loans,140166.0,7335.0,M,40.0,Married,House / apartment,Working,180000.0,0
148978,Cash loans,101880.0,10206.0,F,40.0,Married,House / apartment,Unemployed,117000.0,0
373853,Cash loans,302206.5,16524.0,M,30.0,Separated,House / apartment,Working,148500.0,0
319144,Cash loans,808650.0,26217.0,F,40.0,Single / not married,House / apartment,Businessman,202500.0,0
390440,Revolving loans,180000.0,9000.0,M,22.0,Single / not married,House / apartment,Working,112500.0,0
335664,Cash loans,1042560.0,34587.0,F,,Separated,Municipal apartment,Businessman,292500.0,0
168500,Cash loans,685386.0,38398.5,F,54.0,Married,House / apartment,Unemployed,202500.0,0
247133,Cash loans,723996.0,28840.5,F,57.0,Single / not married,House / apartment,Working,103500.0,0
351043,Cash loans,835605.0,24561.0,F,50.0,Married,House / apartment,Businessman,225000.0,0
202207,Cash loans,1260702.0,41796.0,M,34.0,Single / not married,House / apartment,Unemployed,180000.0,0
271767,Cash loans,528633.0,22527.0,F,52.0,Married,House / apartment,Working,144000.0,0
439907,Cash loans,755190.0,33394.5,F,58.0,Married,House / apartment,Working,112500.0,0
143666,Cash loans,331632.0,32800.5,F,28.0,Single / not married,House / apartment,Working,112500.0,0
421275,Cash loans,521280.0,31630.5,F,26.0,Civil marriage,House / apartment,Unemployed,126000.0,1
181750,Cash loans,144486.0,7506.0,F,39.0,Married,Municipal apartment,Unemployed,90000.0,0
363315,Cash loans,497520.0,33376.5,F,28.0,Married,House / apartment,Working,144000.0,1
148565,Cash loans,479974.5,25128.0,M,42.0,Separated,House / apartment,Working,180000.0,0
296225,Cash loans,990000.0,64143.0,M,,Married,House / apartment,,360000.0,0
424470,Cash loans,885762.0,28701.0,F,62.0,Separated,House / apartment,Working,225000.0,0
127354,Cash loans,630000.0,24543.0,F,40.0,Married,House / apartment,Unemployed,90000.0,1
321287,Cash loans,116892.0,5580.0,,34.0,Married,House / apartment,Working,135000.0,0
116108,Cash loans,137520.0,5184.0,F,58.0,Married,House / apartment,Unemployed,67500.0,0
349667,Cash loans,604152.0,29196.0,F,31.0,Single / not married,House / apartment,Working,189000.0,0
450447,Cash loans,,23949.0,F,53.0,Married,House / apartment,Working,157500.0,0
209615,Cash loans,1258681.5,36931.5,M,,Married,House / apartment,Working,157500.0,0
153683,Cash loans,254700.0,14350.5,F,48.0,Married,House / apartment,Unemployed,157500.0,0
384659,Cash loans,595903.5,28795.5,F,53.0,Widow,Municipal apartment,Unemployed,247500.0,0
158936,Cash loans,1546020.0,45202.5,F,42.0,Married,House / apartment,Working,180000.0,0
410752,Cash loans,781920.0,40054.5,F,34.0,Married,House / apartment,Unemployed,112500.0,0
256994,Cash loans,840951.0,35761.5,F,51.0,Married,House / apartment,Working,180000.0,0
377483,Cash loans,254700.0,27558.0,M,34.0,Married,House / apartment,Businessman,450000.0,0
290741,Cash loans,1066608.0,35379.0,F,35.0,Single / not married,House / apartment,Working,270000.0,0
192437,Cash loans,942300.0,30528.0,M,57.0,Married,House / apartment,Working,135000.0,1
164243,Cash loans,711000.0,47646.0,M,41.0,Widow,House / apartment,Working,166500.0,0
274618,Cash loans,1339884.0,36976.5,M,49.0,Married,House / apartment,Working,180000.0,0
283111,Cash loans,270000.0,16443.0,F,37.0,Married,House / apartment,Businessman,337500.0,0
375053,Cash loans,187083.0,22333.5,F,33.0,Civil marriage,House / apartment,Working,157500.0,0
391476,Cash loans,755190.0,29947.5,F,45.0,Separated,House / apartment,Unemployed,112500.0,0
421612,Cash loans,529348.5,28332.0,F,61.0,Married,House / apartment,Working,117000.0,0
159932,Cash loans,659610.0,21276.0,M,60.0,Married,House / apartment,Businessman,270000.0,0
287827,Cash loans,1185120.0,38515.5,F,23.0,Single / not married,Rented apartment,Working,180000.0,1
101963,Cash loans,,23931.0,F,59.0,Married,House / apartment,Unemployed,76500.0,0
280561,Cash loans,2272500.0,57447.0,M,35.0,Married,With parents,Businessman,495000.0,0
427584,Cash loans,675000.0,53329.5,M,39.0,Married,House / apartment,Businessman,225000.0,0
357719,Cash loans,942300.0,30528.0,F,39.0,Married,Municipal apartment,Unemployed,90000.0,0
421957,Cash loans,193500.0,14211.0,F,51.0,Married,House / apartment,Working,900000.0,0
191723,Cash loans,679500.0,24070.5,M,59.0,Married,House / apartment,Working,162000.0,0
129428,Cash loans,1406583.0,55170.0,M,,Single / not married,House / apartment,Businessman,360000.0,0
358036,Revolving loans,1237500.0,61875.0,M,35.0,Married,House / apartment,Businessman,382500.0,0
123439,Cash loans,528633.0,22527.0,F,52.0,Separated,House / apartment,Businessman,202500.0,0
251112,Cash loans,454500.0,12496.5,M,58.0,Married,House / apartment,Businessman,351000.0,0
140164,Cash loans,,14112.0,F,28.0,Married,House / apartment,Working,112500.0,0
346353,Cash loans,970380.0,28372.5,F,44.0,Married,House / apartment,Working,135000.0,0
248513,Cash loans,755190.0,36328.5,F,53.0,Separated,House / apartment,Working,117000.0,0
249208,Cash loans,450000.0,16294.5,F,65.0,Widow,House / apartment,Unemployed,126000.0,0
392365,Cash loans,1125000.0,47664.0,F,32.0,Married,House / apartment,Working,180000.0,0
238872,Cash loans,753840.0,20857.5,M,49.0,Civil marriage,House / apartment,Working,117000.0,0
236541,Revolving loans,337500.0,16875.0,M,41.0,Married,House / apartment,Working,112500.0,0
375207,Cash loans,715500.0,30442.5,F,32.0,Married,Rented apartment,Working,130500.0,0
387775,Revolving loans,315000.0,15750.0,F,41.0,Married,House / apartment,Unemployed,195525.0,0
236328,Cash loans,492543.0,52393.5,F,51.0,Separated,House / apartment,Unemployed,765000.0,0
158080,Cash loans,485640.0,36441.0,F,60.0,Married,House / apartment,Working,135000.0,0
238381,Cash loans,284400.0,13963.5,F,29.0,Single / not married,House / apartment,Unemployed,225000.0,0
324389,Cash loans,640080.0,24259.5,M,39.0,Civil marriage,House / apartment,Working,180000.0,0
187405,Cash loans,728460.0,74772.0,M,26.0,Married,House / apartment,Businessman,315000.0,0
309078,Cash loans,450000.0,23301.0,F,38.0,Civil marriage,House / apartment,Working,135000.0,0
193096,Cash loans,1061599.5,31171.5,F,48.0,Separated,House / apartment,Businessman,202500.0,0
165070,Cash loans,1125000.0,33025.5,M,46.0,Married,House / apartment,Businessman,225000.0,0
294692,Cash loans,675000.0,19867.5,M,43.0,Married,House / apartment,Working,144000.0,0
319451,Cash loans,134775.0,12492.0,F,58.0,Widow,House / apartment,Unemployed,90000.0,0
146045,Cash loans,254700.0,14350.5,F,41.0,Married,House / apartment,Working,67500.0,0
365370,Cash loans,450000.0,22977.0,M,48.0,Separated,House / apartment,Businessman,225000.0,0
127136,Cash loans,547344.0,30690.0,F,28.0,Single / not married,House / apartment,Working,225000.0,0
254789,Cash loans,497520.0,33246.0,F,43.0,Single / not married,House / apartment,Businessman,225000.0,0
305659,Cash loans,547344.0,23139.0,F,,Married,House / apartment,Unemployed,112500.0,0
110571,Cash loans,148365.0,11781.0,F,35.0,Married,House / apartment,Unemployed,72000.0,0
139078,Cash loans,1035832.5,30285.0,F,36.0,Civil marriage,House / apartment,Working,328500.0,0
286771,Revolving loans,450000.0,22500.0,F,51.0,Married,House / apartment,Working,157500.0,0
242197,Cash loans,1223010.0,51948.0,M,31.0,Married,House / apartment,Businessman,270000.0,0
422279,Cash loans,207306.0,9261.0,M,40.0,Civil marriage,House / apartment,Working,135000.0,0
135789,Revolving loans,540000.0,27000.0,M,22.0,Single / not married,With parents,,202500.0,0
124432,Cash loans,630000.0,64552.5,F,47.0,Married,House / apartment,Working,157500.0,0
315724,Revolving loans,315000.0,15750.0,,59.0,Single / not married,House / apartment,Working,135000.0,0
254921,Cash loans,1247121.0,40360.5,M,33.0,Single / not married,Municipal apartment,Working,270000.0,1
450202,Cash loans,343800.0,10921.5,F,43.0,Widow,House / apartment,Unemployed,67500.0,0
135324,Revolving loans,135000.0,6750.0,F,40.0,Married,House / apartment,Working,113400.0,0
319256,Cash loans,900000.0,29875.5,F,59.0,Married,House / apartment,Businessman,243000.0,0
110837,Cash loans,675000.0,34465.5,F,31.0,Married,House / apartment,Working,180000.0,0
226342,Cash loans,76410.0,8235.0,F,35.0,Widow,House / apartment,Unemployed,58500.0,0
169614,Cash loans,571486.5,25173.0,F,57.0,Married,House / apartment,Unemployed,99000.0,0
304285,Cash loans,188478.0,15021.0,M,29.0,Civil marriage,House / apartment,Unemployed,67500.0,0
453013,Cash loans,1236816.0,36292.5,F,54.0,Married,House / apartment,Working,135000.0,0
353535,Revolving loans,180000.0,9000.0,M,23.0,Single / not married,House / apartment,Working,180000.0,0
356692,Cash loans,1546020.0,45333.0,M,33.0,Married,House / apartment,Businessman,202500.0,0
130068,Revolving loans,180000.0,9000.0,M,34.0,Married,With parents,Businessman,225000.0,0
332059,Cash loans,299250.0,8023.5,F,41.0,Married,With parents,Working,157500.0,0
349993,Cash loans,208512.0,16848.0,M,34.0,Married,House / apartment,Working,157500.0,0
454285,Cash loans,563269.5,21361.5,F,63.0,Widow,House / apartment,Working,112500.0,0
193704,Cash loans,1078200.0,34911.0,,42.0,Married,House / apartment,Businessman,270000.0,0
329616,Cash loans,675000.0,24043.5,M,65.0,Married,House / apartment,Businessman,279000.0,1
439730,Cash loans,296280.0,18256.5,F,67.0,Separated,House / apartment,Working,171000.0,0
376421,Cash loans,272520.0,21658.5,F,40.0,Single / not married,Municipal apartment,Businessman,225000.0,0
219070,Cash loans,1928304.0,79708.5,F,40.0,Married,House / apartment,Businessman,292500.0,0
259898,Cash loans,917172.0,26946.0,M,60.0,Married,House / apartment,Unemployed,90000.0,0
228570,Cash loans,180000.0,11502.0,F,36.0,Married,House / apartment,Working,112500.0,0
384829,Cash loans,500211.0,28062.0,F,48.0,Single / not married,Municipal apartment,Working,180000.0,0
390020,Cash loans,426600.0,11731.5,M,52.0,Married,House / apartment,Businessman,211500.0,0
322960,Cash loans,846387.0,24876.0,M,33.0,Married,House / apartment,Working,135000.0,0
230589,Cash loans,1546020.0,50004.0,F,50.0,Single / not married,House / apartment,Working,360000.0,0
329577,Cash loans,1285830.0,54607.5,F,53.0,Married,House / apartment,Businessman,225000.0,0
303965,Cash loans,942300.0,30528.0,F,45.0,Married,House / apartment,Working,112500.0,0
298409,Cash loans,,52479.0,M,48.0,Married,House / apartment,Working,292500.0,0
225699,Cash loans,900000.0,31887.0,F,32.0,Married,House / apartment,Working,126000.0,0
289669,Cash loans,314100.0,17167.5,M,40.0,Married,House / apartment,Businessman,405000.0,0
254140,Cash loans,1467612.0,62311.5,M,47.0,Single / not married,Rented apartment,Unemployed,270000.0,0
153990,Revolving loans,247500.0,12375.0,F,32.0,Married,House / apartment,Businessman,202500.0,0
211604,Revolving loans,495000.0,24750.0,M,60.0,Married,House / apartment,Working,270000.0,0
142816,Cash loans,1288350.0,37800.0,F,50.0,Separated,House / apartment,Businessman,225000.0,0
437022,Cash loans,595903.5,28795.5,F,55.0,Married,With parents,Unemployed,180000.0,0
239288,Cash loans,549000.0,15862.5,F,65.0,Widow,House / apartment,Unemployed,90000.0,0
210828,Cash loans,680112.0,53865.0,M,34.0,Married,House / apartment,Working,180000.0,0
396884,Cash loans,835380.0,40320.0,F,58.0,Married,House / apartment,Working,405000.0,1
255163,Cash loans,545040.0,26509.5,M,45.0,Married,House / apartment,Businessman,315000.0,0
347203,Cash loans,573408.0,31234.5,F,49.0,Married,House / apartment,Working,175500.0,0
432044,Cash loans,247500.0,17356.5,F,55.0,Married,House / apartment,Working,135000.0,0
226087,Cash loans,835380.0,33259.5,F,,Civil marriage,House / apartment,Working,135000.0,0
150426,Cash loans,219870.0,12055.5,M,40.0,Married,House / apartment,Working,162900.0,0
147219,Revolving loans,495000.0,24750.0,F,46.0,Single / not married,House / apartment,Businessman,270000.0,0
407637,Revolving loans,135000.0,6750.0,F,31.0,Single / not married,House / apartment,,112500.0,0
224597,Cash loans,472500.0,46863.0,F,50.0,Single / not married,Municipal apartment,Businessman,225000.0,0
150126,Cash loans,1845000.0,48798.0,M,52.0,Married,Co-op apartment,Unemployed,112500.0,0
170508,Cash loans,519633.0,29961.0,F,54.0,Widow,House / apartment,Working,124650.0,0
340867,Cash loans,900000.0,23742.0,M,42.0,Married,House / apartment,Unemployed,180000.0,0
201365,Cash loans,281493.0,12528.0,F,61.0,Widow,House / apartment,Working,90000.0,0
178672,Cash loans,47970.0,4801.5,F,45.0,Civil marriage,House / apartment,Unemployed,45000.0,0
358739,Cash loans,814041.0,23931.0,M,46.0,Married,House / apartment,Working,157500.0,0
172947,Cash loans,314055.0,17167.5,F,45.0,Separated,House / apartment,Working,112500.0,0
163678,Cash loans,454500.0,21996.0,F,48.0,Married,House / apartment,Working,81000.0,1
446410,Cash loans,810000.0,34771.5,F,31.0,Single / not married,With parents,Working,90000.0,0
448758,Cash loans,398016.0,20349.0,F,62.0,Single / not married,House / apartment,Businessman,225000.0,0
135517,Cash loans,1057500.0,35077.5,F,41.0,Civil marriage,House / apartment,Businessman,202500.0,0
408309,Cash loans,288873.0,14805.0,F,24.0,Single / not married,House / apartment,Working,112500.0,0
276904,Cash loans,553806.0,24525.0,F,63.0,Married,House / apartment,Working,225000.0,0
307125,Cash loans,1436850.0,42142.5,F,30.0,Married,House / apartment,Working,126000.0,0
269755,Cash loans,285264.0,29358.0,F,55.0,Married,House / apartment,Working,135000.0,0
330608,Cash loans,927252.0,25627.5,M,58.0,Widow,House / apartment,Working,171000.0,1
126014,Cash loans,679500.0,27076.5,F,37.0,Married,House / apartment,,153000.0,0
123826,Revolving loans,180000.0,9000.0,F,22.0,Single / not married,With parents,Working,112500.0,0
126692,Cash loans,225000.0,10953.0,M,27.0,Civil marriage,House / apartment,Working,157500.0,0
361418,Cash loans,521280.0,47938.5,,47.0,Single / not married,House / apartment,Working,157500.0,0
126764,Cash loans,450000.0,23107.5,M,35.0,Married,House / apartment,Businessman,225000.0,0
127051,Cash loans,225000.0,10953.0,M,62.0,Married,House / apartment,Unemployed,67500.0,0
368391,Cash loans,1149210.0,33732.0,F,36.0,Single / not married,House / apartment,,135000.0,0
157179,Cash loans,563877.0,24021.0,M,44.0,Civil marriage,House / apartment,Working,126000.0,0
430571,Revolving loans,270000.0,13500.0,M,27.0,Single / not married,House / apartment,Unemployed,225000.0,0
427066,Cash loans,,53451.0,M,45.0,Married,House / apartment,Working,202500.0,0
284658,Cash loans,452385.0,25389.0,F,51.0,Single / not married,House / apartment,Unemployed,162000.0,0
158401,Cash loans,436032.0,21339.0,F,56.0,Separated,House / apartment,Working,225000.0,0
173968,Cash loans,288994.5,28714.5,F,44.0,Married,House / apartment,Businessman,202500.0,0
425871,Cash loans,81000.0,9742.5,F,53.0,Widow,House / apartment,Unemployed,90000.0,0
331167,Cash loans,675000.0,25708.5,M,34.0,Married,House / apartment,Businessman,216000.0,0
433937,Cash loans,450000.0,43969.5,F,51.0,Married,House / apartment,Businessman,315000.0,0
294466,Cash loans,180000.0,18441.0,F,59.0,Widow,House / apartment,Unemployed,112500.0,0
221603,Cash loans,835380.0,40320.0,,52.0,Married,Municipal apartment,Unemployed,67500.0,0
297470,Cash loans,824823.0,23769.0,M,45.0,Single / not married,House / apartment,Working,180000.0,1
450067,Cash loans,323460.0,25159.5,M,28.0,Married,House / apartment,Working,180000.0,0
447558,Cash loans,286704.0,24655.5,M,31.0,Civil marriage,House / apartment,Working,112500.0,0
272191,Cash loans,1006920.0,37444.5,F,29.0,Married,With parents,Businessman,675000.0,0
379886,Cash loans,1125000.0,32895.0,F,47.0,Separated,House / apartment,Businessman,432000.0,0
269735,Cash loans,720000.0,30505.5,F,61.0,Single / not married,House / apartment,Unemployed,148500.0,0
149329,Cash loans,521280.0,25209.0,M,59.0,Single / not married,Municipal apartment,,382500.0,0
224790,Cash loans,781695.0,25344.0,F,64.0,Civil marriage,House / apartment,Working,157500.0,0
105204,Cash loans,675000.0,41296.5,F,37.0,Single / not married,House / apartment,Businessman,225000.0,0
269000,Cash loans,857655.0,38884.5,M,34.0,Married,House / apartment,Unemployed,157500.0,0
210776,Cash loans,1354500.0,37377.0,M,39.0,Married,House / apartment,Unemployed,112500.0,0
241376,Cash loans,900000.0,45954.0,F,40.0,Separated,House / apartment,Working,382500.0,0
117594,Cash loans,462195.0,28057.5,F,22.0,Single / not married,With parents,Working,157500.0,1
450241,Cash loans,64692.0,6061.5,F,53.0,Civil marriage,House / apartment,Unemployed,67500.0,0
213551,Cash loans,781510.5,77427.0,F,63.0,Married,House / apartment,Businessman,360000.0,0
161185,Cash loans,848745.0,36090.0,F,55.0,Separated,House / apartment,Working,202500.0,0
164165,Revolving loans,202500.0,10125.0,M,27.0,Married,House / apartment,,103500.0,0
224149,Cash loans,254700.0,13185.0,F,45.0,Civil marriage,House / apartment,Unemployed,87890.58,0
351031,Cash loans,1270746.0,42124.5,F,38.0,Married,House / apartment,Businessman,202500.0,0
278178,Cash loans,888840.0,37494.0,F,37.0,Married,House / apartment,Unemployed,81000.0,1
267876,Cash loans,74182.5,6934.5,F,31.0,Married,Rented apartment,Unemployed,67500.0,1
109208,Cash loans,284400.0,18306.0,M,23.0,Civil marriage,House / apartment,Working,135000.0,0
277469,Cash loans,480060.0,22378.5,F,43.0,Married,House / apartment,Working,157500.0,0
131185,Cash loans,495000.0,48352.5,M,29.0,Single / not married,Municipal apartment,Working,450000.0,0
405482,Cash loans,761872.5,65520.0,M,28.0,Married,House / apartment,Unemployed,270000.0,0
285381,Cash loans,513531.0,19957.5,F,58.0,Separated,House / apartment,Working,166500.0,0
375707,Cash loans,454500.0,21865.5,F,39.0,Married,House / apartment,Working,94500.0,0
198444,Revolving loans,225000.0,11250.0,F,61.0,Married,House / apartment,Working,112500.0,0
126197,Cash loans,718749.0,38421.0,,47.0,Separated,House / apartment,Working,157500.0,0
285100,Cash loans,521280.0,35392.5,F,,Separated,With parents,Working,166500.0,0
122031,Cash loans,568800.0,20560.5,F,58.0,Separated,Municipal apartment,Unemployed,90000.0,1
168359,Cash loans,630000.0,34308.0,F,27.0,Married,House / apartment,Working,135000.0,0
335476,Cash loans,274500.0,19233.0,M,50.0,Married,House / apartment,Working,112500.0,0
193217,Cash loans,269550.0,21294.0,M,25.0,Married,House / apartment,Working,126000.0,0
225205,Cash loans,134775.0,9715.5,F,64.0,Widow,House / apartment,Unemployed,67500.0,0
170721,Cash loans,1006920.0,48442.5,M,25.0,Married,With parents,Working,189000.0,0
249827,Cash loans,458235.0,23526.0,F,55.0,Civil marriage,House / apartment,Working,189000.0,0
103389,Cash loans,585000.0,31887.0,F,63.0,Widow,House / apartment,Unemployed,90000.0,1
408160,Cash loans,258709.5,27990.0,M,39.0,Single / not married,Municipal apartment,Working,121500.0,0
282043,Cash loans,1078200.0,31653.0,F,55.0,Widow,House / apartment,Unemployed,180000.0,0
375421,Cash loans,360000.0,17509.5,M,31.0,Single / not married,Office apartment,Unemployed,90000.0,0
320253,Cash loans,1312110.0,55723.5,F,48.0,Married,House / apartment,Businessman,202500.0,0
261409,Cash loans,1024740.0,52452.0,,41.0,Married,House / apartment,Businessman,247500.0,0
404195,Cash loans,314055.0,14683.5,F,39.0,Married,House / apartment,Unemployed,90000.0,0
255309,Cash loans,1467612.0,58203.0,,51.0,Married,House / apartment,Businessman,270000.0,0
324819,Revolving loans,180000.0,9000.0,F,29.0,Married,House / apartment,Unemployed,90000.0,1
131244,Cash loans,584014.5,28224.0,F,24.0,Married,House / apartment,Unemployed,180000.0,0
358720,Cash loans,315000.0,21438.0,F,43.0,Civil marriage,House / apartment,Businessman,225000.0,1
337912,Cash loans,558841.5,21285.0,F,46.0,Married,House / apartment,Working,112500.0,0
448537,Cash loans,500566.5,34969.5,F,57.0,Married,House / apartment,Unemployed,166500.0,0
204782,Cash loans,1193656.5,50701.5,F,58.0,Married,House / apartment,Working,175500.0,0
118893,Revolving loans,180000.0,9000.0,M,45.0,Married,House / apartment,Working,180000.0,0
317626,Cash loans,576072.0,21847.5,F,57.0,Separated,House / apartment,Businessman,229500.0,0
168719,Revolving loans,135000.0,6750.0,M,39.0,Separated,With parents,Unemployed,67500.0,0
136931,Cash loans,679500.0,28917.0,M,45.0,Married,House / apartment,Businessman,225000.0,0
357570,Cash loans,225000.0,26833.5,F,56.0,Single / not married,House / apartment,Working,112500.0,0
376132,Revolving loans,337500.0,16875.0,M,38.0,Married,Rented apartment,Working,130500.0,0
441696,Cash loans,675000.0,41296.5,F,28.0,Civil marriage,House / apartment,Businessman,337500.0,0
263935,Cash loans,305221.5,20524.5,M,29.0,Married,House / apartment,Working,157500.0,0
298690,Cash loans,1264428.0,37098.0,F,32.0,Married,House / apartment,Unemployed,67500.0,0
206371,Cash loans,420367.5,31558.5,M,59.0,Married,House / apartment,Unemployed,157500.0,0
156257,Cash loans,225000.0,26833.5,M,34.0,Married,House / apartment,Working,135000.0,0
312709,Cash loans,381528.0,20263.5,F,39.0,Married,House / apartment,Working,135000.0,0
305530,Cash loans,271066.5,12069.0,F,,Separated,House / apartment,Unemployed,72000.0,0
369159,Cash loans,808650.0,26217.0,F,52.0,Separated,Municipal apartment,Unemployed,121500.0,0
205023,Cash loans,247275.0,17338.5,F,66.0,Married,House / apartment,Unemployed,90000.0,0
234399,Cash loans,299772.0,20029.5,F,40.0,Married,House / apartment,Unemployed,90000.0,0
402999,Cash loans,1971072.0,68643.0,F,52.0,Separated,House / apartment,Working,252000.0,0
427411,Cash loans,1793677.5,62478.0,F,57.0,Separated,House / apartment,Businessman,405000.0,0
403249,Cash loans,1283197.5,37647.0,F,27.0,Married,House / apartment,Unemployed,157500.0,0
273185,Cash loans,284400.0,13387.5,M,35.0,Single / not married,With parents,Working,135000.0,0
180850,Cash loans,1687266.0,64395.0,M,54.0,Married,House / apartment,Unemployed,180000.0,0
323100,Cash loans,104256.0,10813.5,M,27.0,Single / not married,House / apartment,Working,157500.0,0
158450,Cash loans,545040.0,25537.5,M,56.0,Civil marriage,House / apartment,Unemployed,112500.0,1
339026,Cash loans,443088.0,21447.0,F,56.0,Separated,House / apartment,Working,135000.0,0
369972,Cash loans,679500.0,27076.5,F,32.0,Married,House / apartment,Working,157500.0,0
164881,Cash loans,327024.0,12456.0,,43.0,Single / not married,House / apartment,Working,135000.0,0
163978,Cash loans,269550.0,18234.0,M,42.0,Married,House / apartment,Unemployed,67500.0,0
384130,Cash loans,269550.0,13095.0,M,28.0,Single / not married,House / apartment,Working,157500.0,0
225651,Revolving loans,720000.0,36000.0,F,,Single / not married,House / apartment,Businessman,243000.0,0
314498,Cash loans,938034.0,27558.0,F,32.0,Separated,Municipal apartment,Working,157500.0,0
260952,Revolving loans,202500.0,10125.0,M,40.0,Civil marriage,House / apartment,Unemployed,81000.0,1
276071,Cash loans,506889.0,19237.5,F,38.0,Married,House / apartment,Businessman,202500.0,0
420206,Cash loans,135000.0,16150.5,F,26.0,Single / not married,House / apartment,Businessman,243000.0,0
167822,Cash loans,587619.0,17311.5,F,37.0,Married,House / apartment,Working,112500.0,0
180345,Cash loans,697500.0,31518.0,F,42.0,Married,House / apartment,Working,157500.0,0
422929,Cash loans,900000.0,26446.5,F,46.0,Married,House / apartment,Unemployed,63000.0,0
204377,Cash loans,900000.0,26446.5,F,35.0,Married,House / apartment,Working,157500.0,0
415443,Cash loans,450000.0,21780.0,M,31.0,Married,House / apartment,Working,135000.0,0
390196,Cash loans,521280.0,28408.5,F,30.0,Married,House / apartment,Businessman,225000.0,0
152117,Cash loans,454500.0,13288.5,M,47.0,Married,House / apartment,Unemployed,180000.0,0
213730,Cash loans,481500.0,15529.5,F,56.0,Single / not married,House / apartment,Unemployed,85500.0,0
402329,Cash loans,125136.0,8127.0,F,30.0,Married,House / apartment,Unemployed,99000.0,0
386084,Cash loans,296280.0,21690.0,F,27.0,Married,With parents,Working,112500.0,1
425630,Cash loans,808650.0,26217.0,F,61.0,Married,House / apartment,Working,135000.0,0
171235,Cash loans,219069.0,10669.5,F,59.0,Widow,House / apartment,Working,144000.0,0
226311,Cash loans,531706.5,17703.0,F,42.0,Married,House / apartment,Unemployed,112500.0,0
436589,Cash loans,810000.0,43285.5,F,49.0,Married,House / apartment,Businessman,405000.0,0
309634,Cash loans,263686.5,17298.0,F,30.0,Married,With parents,Unemployed,81000.0,0
325697,Cash loans,714915.0,34524.0,M,65.0,Married,House / apartment,Working,198000.0,0
161394,Cash loans,279000.0,13549.5,M,36.0,Married,House / apartment,Unemployed,112500.0,0
396968,Cash loans,1436850.0,42012.0,F,55.0,Married,House / apartment,Working,144000.0,0
103087,Cash loans,254700.0,30226.5,M,31.0,Married,Rented apartment,Working,180000.0,0
360365,Cash loans,728460.0,44563.5,M,,Married,House / apartment,Businessman,225000.0,0
419668,Cash loans,526491.0,28179.0,F,50.0,Civil marriage,House / apartment,Unemployed,90000.0,0
303375,Cash loans,1404000.0,44212.5,M,45.0,Married,House / apartment,Businessman,360000.0,0
277062,Cash loans,135000.0,10953.0,F,55.0,Married,House / apartment,Unemployed,67500.0,0
360385,Cash loans,403249.5,19741.5,F,45.0,Separated,House / apartment,Working,135000.0,1
165892,Cash loans,269550.0,13761.0,F,39.0,Married,House / apartment,Unemployed,90000.0,0
341855,Cash loans,270000.0,13914.0,F,64.0,Single / not married,House / apartment,Unemployed,130500.0,0
216842,Cash loans,783927.0,37845.0,F,56.0,Married,House / apartment,Working,135000.0,0
365845,Cash loans,378000.0,18513.0,F,27.0,Married,House / apartment,Unemployed,90000.0,0
432431,Cash loans,604152.0,23454.0,M,64.0,Married,House / apartment,Businessman,202500.0,0
369664,Cash loans,454500.0,16452.0,F,29.0,Married,House / apartment,Working,171000.0,0
260004,Cash loans,219042.0,24844.5,F,43.0,Single / not married,House / apartment,Unemployed,90000.0,0
174989,Cash loans,755190.0,32125.5,F,64.0,Married,House / apartment,Unemployed,90000.0,0
455305,Cash loans,1214100.0,67792.5,F,,Married,House / apartment,Working,360000.0,0
450800,Cash loans,592560.0,35937.0,F,43.0,Civil marriage,House / apartment,Working,112500.0,1
338369,Cash loans,797868.0,31045.5,M,31.0,Civil marriage,House / apartment,Businessman,202500.0,0
307822,Cash loans,816660.0,24007.5,M,44.0,Married,House / apartment,Unemployed,99000.0,0
196644,Cash loans,373311.0,25384.5,F,50.0,Single / not married,House / apartment,Working,135000.0,0
178674,Cash loans,355536.0,18742.5,M,45.0,Married,House / apartment,Working,180000.0,0
340244,Cash loans,1078200.0,31653.0,,58.0,Single / not married,House / apartment,Businessman,270000.0,0
240705,Cash loans,450000.0,23692.5,M,27.0,Civil marriage,House / apartment,Unemployed,112500.0,0
410496,Cash loans,646920.0,17194.5,M,43.0,Married,House / apartment,Unemployed,81000.0,0
249997,Cash loans,900000.0,46084.5,M,,Married,House / apartment,Unemployed,202500.0,0
209930,Cash loans,276277.5,11835.0,F,57.0,Widow,House / apartment,Unemployed,67500.0,0
323366,Cash loans,652500.0,33444.0,F,38.0,Civil marriage,House / apartment,Unemployed,157500.0,0
117723,Cash loans,450000.0,30204.0,F,,Civil marriage,House / apartment,Working,180000.0,0
414146,Revolving loans,315000.0,15750.0,F,28.0,Married,House / apartment,Unemployed,166500.0,0
375310,Cash loans,1262583.0,37044.0,M,54.0,Separated,Municipal apartment,Businessman,211500.0,0
250466,Cash loans,454500.0,14791.5,F,52.0,Married,House / apartment,Unemployed,72000.0,0
163469,Cash loans,398016.0,22351.5,M,63.0,Married,House / apartment,Unemployed,90000.0,0
175691,Cash loans,592560.0,35937.0,M,44.0,Married,House / apartment,Working,225000.0,1
227774,Cash loans,675000.0,34465.5,F,41.0,Married,House / apartment,,225000.0,0
197398,Cash loans,276277.5,22279.5,M,45.0,Civil marriage,House / apartment,Working,135000.0,0
155258,Cash loans,808650.0,23773.5,F,61.0,Single / not married,House / apartment,Unemployed,112500.0,0
110054,Cash loans,665892.0,21609.0,M,47.0,Married,House / apartment,Unemployed,67500.0,0
155341,Cash loans,251091.0,26640.0,M,56.0,Married,House / apartment,Businessman,202500.0,1
331695,Cash loans,1288350.0,37800.0,,46.0,Married,With parents,Unemployed,112500.0,0
182579,Cash loans,571500.0,29308.5,F,25.0,Single / not married,House / apartment,Working,135000.0,0
318444,Cash loans,254700.0,16582.5,M,67.0,Married,House / apartment,Working,135000.0,0
261844,Cash loans,288873.0,16258.5,M,40.0,Married,House / apartment,,135000.0,0
277323,Cash loans,1125000.0,33025.5,F,26.0,Married,House / apartment,Working,157500.0,0
148967,Cash loans,755190.0,36459.0,M,46.0,Married,House / apartment,Businessman,211500.0,0
330531,Cash loans,450000.0,21888.0,F,33.0,Married,House / apartment,Unemployed,112500.0,0
300383,Cash loans,797557.5,26487.0,M,31.0,Civil marriage,With parents,Working,135000.0,0
282903,Revolving loans,247500.0,12375.0,F,28.0,Married,House / apartment,Working,157500.0,0
326995,Cash loans,1575000.0,43312.5,F,26.0,Married,House / apartment,Working,135000.0,0
337453,Cash loans,1278045.0,41359.5,F,32.0,Married,House / apartment,Businessman,427500.0,0
159386,Cash loans,314100.0,17167.5,F,53.0,Married,House / apartment,Unemployed,90000.0,1
313043,Cash loans,536917.5,34312.5,F,26.0,Married,House / apartment,Unemployed,112500.0,0
283354,Cash loans,238896.0,13842.0,M,39.0,Married,House / apartment,Businessman,225000.0,0
276872,Cash loans,229500.0,15466.5,,42.0,Civil marriage,House / apartment,Businessman,225000.0,0
434090,Cash loans,956574.0,38065.5,F,47.0,Married,House / apartment,Unemployed,171000.0,0
446852,Cash loans,808650.0,31464.0,F,47.0,Civil marriage,House / apartment,Working,157500.0,0
336360,Cash loans,607050.0,36279.0,F,35.0,Married,House / apartment,Working,135000.0,0
184211,Cash loans,247675.5,19579.5,F,58.0,Widow,House / apartment,Unemployed,135000.0,0
310058,Cash loans,497520.0,33376.5,F,39.0,Married,House / apartment,Unemployed,90000.0,0
238994,Cash loans,204768.0,7717.5,F,56.0,Married,House / apartment,Businessman,306000.0,0
443488,Cash loans,1332000.0,39078.0,F,31.0,Married,Rented apartment,Working,135000.0,1
229808,Cash loans,1260702.0,39712.5,M,,Married,House / apartment,Businessman,247500.0,0
360839,Cash loans,1078200.0,31653.0,F,29.0,Married,House / apartment,Working,180000.0,0
316848,Cash loans,447768.0,44415.0,F,39.0,Married,House / apartment,Working,112500.0,0
441718,Cash loans,630000.0,18549.0,F,65.0,Single / not married,House / apartment,Working,135000.0,0
220288,Cash loans,741235.5,35788.5,F,37.0,Married,House / apartment,Unemployed,157500.0,1
418026,Revolving loans,270000.0,13500.0,M,52.0,Married,House / apartment,Working,198000.0,0
180288,Cash loans,675000.0,53460.0,F,29.0,Married,House / apartment,Businessman,306000.0,0
366861,Cash loans,254700.0,16713.0,F,22.0,Civil marriage,With parents,Working,135000.0,0
174168,Cash loans,177489.0,19242.0,M,28.0,Single / not married,House / apartment,Working,135000.0,0
125241,Cash loans,589050.0,28467.0,F,49.0,Widow,House / apartment,Businessman,270000.0,0
236699,Revolving loans,202500.0,10125.0,F,50.0,Married,House / apartment,Working,112500.0,0
242117,Cash loans,450000.0,23562.0,F,34.0,Married,With parents,Unemployed,135000.0,0
359001,Cash loans,497520.0,32521.5,,25.0,Single / not married,House / apartment,Unemployed,126000.0,0
222216,Cash loans,284400.0,10345.5,F,55.0,Married,House / apartment,Working,202500.0,0
352124,Cash loans,536917.5,42552.0,F,45.0,Married,House / apartment,Working,112500.0,0
302388,Cash loans,364896.0,19795.5,F,30.0,Married,With parents,Unemployed,148500.0,0
170683,Cash loans,165024.0,8154.0,F,46.0,Widow,House / apartment,Unemployed,121500.0,0
133248,Revolving loans,270000.0,13500.0,F,33.0,Married,House / apartment,Working,180000.0,0
291898,Revolving loans,,33750.0,M,33.0,Married,House / apartment,Businessman,810000.0,0
124504,Cash loans,1288350.0,37669.5,F,40.0,Married,House / apartment,Working,112500.0,0
403751,Cash loans,619749.0,40203.0,F,43.0,Single / not married,House / apartment,Working,135000.0,0
443880,Revolving loans,,15750.0,F,52.0,Married,House / apartment,Unemployed,90000.0,0
273398,Cash loans,760225.5,32337.0,M,,Married,House / apartment,Businessman,256500.0,0
376881,Cash loans,490581.0,26743.5,F,37.0,Separated,House / apartment,Working,225000.0,0
343715,Revolving loans,180000.0,9000.0,M,25.0,Married,House / apartment,Working,135000.0,0
160928,Cash loans,315000.0,35541.0,M,26.0,Married,House / apartment,Unemployed,270000.0,0
232388,Cash loans,515700.0,13734.0,F,42.0,Married,House / apartment,Working,144000.0,0
176377,Revolving loans,157500.0,7875.0,F,23.0,Married,With parents,Working,135000.0,0
315459,Cash loans,307152.0,24394.5,F,33.0,Civil marriage,House / apartment,Working,90000.0,0
324313,Cash loans,272520.0,16672.5,M,34.0,Single / not married,Office apartment,Working,180000.0,0
218989,Cash loans,326439.0,15345.0,F,45.0,Married,House / apartment,Unemployed,76500.0,0
190706,Cash loans,191880.0,18819.0,F,55.0,Married,House / apartment,Unemployed,90000.0,0
244974,Revolving loans,450000.0,22500.0,M,63.0,Married,House / apartment,Working,135000.0,0
284312,Cash loans,1436850.0,42142.5,M,25.0,Separated,House / apartment,Working,157500.0,0
139455,Cash loans,1265724.0,38506.5,M,54.0,Married,House / apartment,Working,225000.0,0
287554,Cash loans,1236816.0,36292.5,F,27.0,Single / not married,House / apartment,Working,180000.0,0
438763,Cash loans,239850.0,25830.0,M,29.0,Married,House / apartment,Working,180000.0,0
398059,Cash loans,239850.0,25960.5,F,39.0,Married,House / apartment,Unemployed,135000.0,0
144928,Cash loans,284256.0,30613.5,F,49.0,Married,House / apartment,Working,126000.0,0
123302,Cash loans,408780.0,14809.5,F,60.0,Separated,House / apartment,Unemployed,54000.0,0
230669,Cash loans,248760.0,26248.5,F,48.0,Separated,House / apartment,Working,202500.0,0
302854,Cash loans,450000.0,32742.0,M,54.0,Married,House / apartment,Working,166500.0,0
437665,Cash loans,675000.0,21775.5,F,43.0,Married,House / apartment,Working,90000.0,0
349843,Cash loans,284400.0,13387.5,F,44.0,Married,House / apartment,Working,162000.0,0
385864,Cash loans,948582.0,27864.0,F,38.0,Single / not married,House / apartment,Working,135000.0,1
147875,Cash loans,536917.5,16407.0,M,66.0,Married,House / apartment,Working,90000.0,0
323843,Cash loans,427500.0,20920.5,M,28.0,Married,House / apartment,Working,135000.0,0
100199,Cash loans,269550.0,18891.0,F,57.0,Married,House / apartment,Working,112500.0,0
377734,Cash loans,485473.5,57744.0,M,40.0,Married,House / apartment,,225000.0,0
325763,Cash loans,526491.0,23319.0,M,42.0,Single / not married,House / apartment,Working,180000.0,0
133628,Revolving loans,270000.0,13500.0,,39.0,Married,House / apartment,Working,180000.0,0
383463,Cash loans,835605.0,24561.0,F,54.0,Married,House / apartment,Unemployed,261000.0,0
361468,Cash loans,675000.0,21775.5,F,38.0,Civil marriage,House / apartment,,90000.0,0
289484,Cash loans,450000.0,24412.5,M,30.0,Married,House / apartment,Businessman,225000.0,1
168119,Cash loans,825588.0,44113.5,M,58.0,Single / not married,House / apartment,Working,423000.0,0
376022,Cash loans,152820.0,12073.5,M,25.0,Married,With parents,Working,157500.0,0
417134,Cash loans,144801.0,11740.5,F,47.0,Married,Municipal apartment,Working,180000.0,0
442411,Cash loans,225000.0,16371.0,F,27.0,Civil marriage,House / apartment,Working,112500.0,0
318841,Cash loans,780363.0,31077.0,F,39.0,Married,House / apartment,Working,135000.0,0
199363,Revolving loans,180000.0,9000.0,F,41.0,Married,House / apartment,Working,135000.0,1
372698,Cash loans,263686.5,17752.5,M,34.0,Married,House / apartment,Businessman,270000.0,0
168059,Revolving loans,135000.0,6750.0,F,32.0,Single / not married,Office apartment,Unemployed,69750.0,0
286803,Cash loans,1120500.0,44568.0,F,60.0,Married,House / apartment,Businessman,225000.0,0
211879,Cash loans,269550.0,21739.5,M,44.0,Civil marriage,House / apartment,Working,144000.0,1
354233,Revolving loans,180000.0,9000.0,,33.0,Single / not married,House / apartment,Working,112500.0,0
302917,Cash loans,539100.0,22968.0,F,51.0,Separated,House / apartment,Businessman,225000.0,0
115462,Cash loans,315000.0,16213.5,F,59.0,Married,House / apartment,Working,180000.0,0
322927,Cash loans,526491.0,28179.0,F,37.0,Married,House / apartment,Unemployed,103500.0,0
258767,Revolving loans,450000.0,22500.0,F,29.0,Married,House / apartment,Working,157500.0,0
107720,Cash loans,521280.0,47808.0,M,34.0,Single / not married,House / apartment,Businessman,207000.0,0
301719,Cash loans,1078200.0,34780.5,M,40.0,Single / not married,House / apartment,Businessman,225000.0,0
291454,Cash loans,254700.0,25321.5,F,59.0,Married,House / apartment,Unemployed,81000.0,0
437108,Cash loans,454500.0,16825.5,M,30.0,Married,House / apartment,Working,180000.0,0
385112,Cash loans,215640.0,17419.5,M,27.0,Single / not married,House / apartment,Working,157500.0,0
241791,Cash loans,225000.0,22050.0,F,57.0,Married,House / apartment,Unemployed,67500.0,0
109379,Revolving loans,135000.0,6750.0,F,64.0,Married,House / apartment,Working,157500.0,0
348322,Cash loans,343377.0,13072.5,F,61.0,Married,House / apartment,Unemployed,112500.0,1
367047,Cash loans,1029658.5,34159.5,F,41.0,Civil marriage,House / apartment,Businessman,261000.0,0
269716,Cash loans,755190.0,36459.0,F,35.0,Civil marriage,House / apartment,Businessman,247500.0,0
130834,Cash loans,570708.0,15183.0,F,45.0,Married,House / apartment,Working,126000.0,0
232902,Cash loans,450000.0,23107.5,F,23.0,Married,House / apartment,Unemployed,90000.0,0
422033,Cash loans,785398.5,33403.5,M,50.0,Married,House / apartment,Unemployed,540000.0,0
318707,Revolving loans,585000.0,29250.0,F,44.0,Married,House / apartment,Working,189000.0,0
233488,Cash loans,491823.0,21793.5,F,34.0,Married,House / apartment,Working,166500.0,1
425479,Cash loans,942300.0,30528.0,F,41.0,Married,House / apartment,Unemployed,90000.0,0
407708,Revolving loans,1350000.0,67500.0,F,23.0,Civil marriage,House / apartment,Working,180000.0,0
230045,Cash loans,1288350.0,37800.0,,37.0,Married,Municipal apartment,Working,157500.0,0
299045,Cash loans,1110492.0,53424.0,M,25.0,Single / not married,House / apartment,Working,180000.0,0
235160,Cash loans,849415.5,36117.0,F,38.0,Married,House / apartment,Unemployed,112500.0,0
151342,Revolving loans,135000.0,6750.0,F,44.0,Married,House / apartment,Unemployed,90000.0,0
315800,Cash loans,619965.0,20128.5,F,62.0,Widow,Municipal apartment,Unemployed,90000.0,0
417137,Cash loans,502497.0,39699.0,M,44.0,Married,House / apartment,Businessman,225000.0,0
454588,Cash loans,738000.0,24390.0,,40.0,Civil marriage,House / apartment,Unemployed,180000.0,0
251913,Cash loans,1223010.0,51948.0,F,47.0,Civil marriage,House / apartment,Working,157500.0,0
207538,Cash loans,450000.0,30204.0,F,54.0,Single / not married,House / apartment,Working,117000.0,0
158846,Cash loans,157050.0,8352.0,F,48.0,Married,House / apartment,Businessman,238500.0,0
247035,Cash loans,284400.0,16011.0,F,55.0,Married,House / apartment,Working,54000.0,0
200962,Cash loans,1288350.0,37669.5,F,58.0,Widow,House / apartment,Businessman,270000.0,0
394995,Cash loans,386977.5,11862.0,F,56.0,Widow,House / apartment,Working,184500.0,0
381670,Cash loans,1078200.0,34911.0,F,42.0,Married,House / apartment,Businessman,225000.0,0
100550,Cash loans,669591.0,24178.5,F,38.0,Married,House / apartment,Working,247500.0,0
437900,Cash loans,254700.0,20250.0,M,39.0,Married,House / apartment,Working,175500.0,0
450294,Revolving loans,315000.0,15750.0,F,52.0,Single / not married,Co-op apartment,Working,112500.0,0
445698,Cash loans,312768.0,13378.5,F,57.0,Single / not married,House / apartment,Unemployed,90000.0,0
145532,Cash loans,284400.0,13387.5,F,29.0,Civil marriage,With parents,Unemployed,63000.0,1
258559,Cash loans,720000.0,21181.5,F,60.0,Civil marriage,House / apartment,Working,119700.0,0
264102,Cash loans,225000.0,22383.0,M,44.0,Separated,House / apartment,Businessman,315000.0,0
297717,Cash loans,521280.0,22959.0,F,55.0,Married,House / apartment,Unemployed,126000.0,0
138093,Cash loans,781920.0,25839.0,F,65.0,Widow,House / apartment,Unemployed,67500.0,0
205700,Cash loans,1984500.0,52348.5,F,44.0,Single / not married,House / apartment,Businessman,225000.0,0
148039,Cash loans,114682.5,12478.5,F,40.0,Civil marriage,House / apartment,Unemployed,126000.0,0
137113,Cash loans,1005120.0,29520.0,F,43.0,Married,House / apartment,Working,180000.0,0
267837,Cash loans,314100.0,14553.0,F,36.0,Civil marriage,House / apartment,Unemployed,112500.0,0
390931,Cash loans,1030680.0,65997.0,M,32.0,Married,House / apartment,Businessman,225000.0,0
403859,Cash loans,835380.0,40320.0,M,26.0,Married,House / apartment,Businessman,225000.0,0
207932,Revolving loans,495000.0,24750.0,F,55.0,Married,House / apartment,Working,256500.0,0
383005,Cash loans,1800000.0,47484.0,F,56.0,Married,House / apartment,Working,180000.0,0
358784,Cash loans,675000.0,36616.5,M,26.0,Married,House / apartment,Unemployed,148500.0,0
347102,Cash loans,101880.0,12217.5,F,34.0,Married,House / apartment,Working,157500.0,0
155706,Cash loans,743031.0,39717.0,,62.0,Married,House / apartment,Businessman,247500.0,0
407430,Cash loans,501435.0,23503.5,M,29.0,Married,House / apartment,Working,157500.0,0
308350,Cash loans,942300.0,27549.0,F,52.0,Married,House / apartment,Unemployed,157500.0,0
356721,Cash loans,348264.0,23404.5,F,28.0,Married,House / apartment,Working,112500.0,0
438233,Cash loans,67500.0,7762.5,F,,Single / not married,With parents,Working,117000.0,0
256104,Cash loans,1029784.5,54994.5,F,29.0,Single / not married,With parents,Businessman,225000.0,0
405993,Cash loans,571446.0,18562.5,F,47.0,Married,House / apartment,Unemployed,112500.0,0
383968,Cash loans,472500.0,46030.5,M,39.0,Married,House / apartment,Businessman,225000.0,0
363433,Cash loans,450000.0,30442.5,F,56.0,Married,House / apartment,Businessman,202500.0,0
321478,Cash loans,93829.5,11263.5,F,39.0,Separated,House / apartment,Working,144000.0,0
391775,Cash loans,95940.0,10309.5,F,42.0,Separated,House / apartment,Unemployed,67500.0,0
307559,Cash loans,900000.0,29164.5,F,57.0,Widow,House / apartment,Working,153000.0,0
290898,Cash loans,573408.0,20596.5,F,28.0,Married,House / apartment,Unemployed,180000.0,0
434871,Cash loans,900000.0,26446.5,F,38.0,Separated,House / apartment,Working,180000.0,0
365827,Cash loans,196677.0,23341.5,M,29.0,Married,House / apartment,Businessman,225000.0,0
168441,Cash loans,736213.5,57105.0,M,61.0,Married,House / apartment,Working,135000.0,0
203677,Cash loans,900000.0,29875.5,M,57.0,Married,House / apartment,Businessman,247500.0,0
441067,Cash loans,254700.0,14751.0,F,66.0,Married,House / apartment,Unemployed,40500.0,0
399287,Cash loans,900000.0,32328.0,F,65.0,Widow,House / apartment,Unemployed,90000.0,0
115874,Cash loans,203301.0,19629.0,F,58.0,Married,House / apartment,Unemployed,90000.0,0
346307,Cash loans,545040.0,26509.5,F,,Married,House / apartment,Working,121500.0,0
244749,Cash loans,537669.0,20398.5,F,64.0,Married,House / apartment,Working,162000.0,0
278855,Cash loans,675000.0,53329.5,M,47.0,Married,House / apartment,Businessman,360000.0,0
114043,Cash loans,1066752.0,31320.0,M,55.0,Married,House / apartment,Working,135000.0,0
138733,Cash loans,1354500.0,55899.0,F,35.0,Married,House / apartment,Businessman,360000.0,0
112853,Cash loans,254700.0,16582.5,M,47.0,Civil marriage,House / apartment,Unemployed,90000.0,0
325521,Cash loans,1209384.0,64566.0,F,,Separated,House / apartment,Businessman,225000.0,0
300922,Cash loans,675000.0,28728.0,M,63.0,Married,House / apartment,,90000.0,0
258212,Cash loans,647046.0,23899.5,F,34.0,Civil marriage,House / apartment,,180000.0,0
180400,Cash loans,142632.0,13464.0,F,61.0,Married,House / apartment,Working,157500.0,0
332874,Cash loans,352422.0,28386.0,M,38.0,Single / not married,House / apartment,Working,112500.0,1
430532,Revolving loans,720000.0,36000.0,F,28.0,Separated,House / apartment,Businessman,211500.0,0
402352,Cash loans,781920.0,28215.0,F,52.0,Married,House / apartment,Businessman,270000.0,0
392659,Cash loans,247500.0,18634.5,M,52.0,Separated,House / apartment,,157500.0,0
172779,Cash loans,1006920.0,40063.5,F,54.0,Married,House / apartment,Businessman,261000.0,1
387033,Cash loans,143910.0,15628.5,M,51.0,Single / not married,House / apartment,Unemployed,76500.0,0
168848,Cash loans,835380.0,42781.5,F,44.0,Married,House / apartment,Working,112500.0,0
453077,Cash loans,1288350.0,37800.0,F,62.0,Widow,House / apartment,Working,247500.0,0
437017,Cash loans,254700.0,24192.0,M,,Married,House / apartment,Businessman,202500.0,0
437433,Cash loans,527377.5,27094.5,F,52.0,Married,House / apartment,Working,135000.0,0
288321,Cash loans,573628.5,24304.5,F,41.0,Married,House / apartment,Working,121500.0,0
395594,Cash loans,198666.0,21393.0,F,26.0,Married,With parents,Working,180000.0,0
136915,Cash loans,318411.0,20862.0,F,43.0,Married,House / apartment,Working,112500.0,0
259060,Cash loans,808650.0,26086.5,M,61.0,Single / not married,House / apartment,Unemployed,67500.0,0
101066,Cash loans,405000.0,20677.5,F,24.0,Married,House / apartment,Working,112500.0,0
252974,Cash loans,810000.0,26127.0,,29.0,Married,House / apartment,Working,180000.0,0
209028,Cash loans,622413.0,31909.5,F,54.0,Married,House / apartment,Unemployed,90000.0,0
391936,Cash loans,508495.5,21672.0,M,50.0,Married,House / apartment,Businessman,337500.0,0
426114,Cash loans,526491.0,17527.5,,53.0,Widow,House / apartment,Unemployed,67500.0,0
310146,Cash loans,136512.0,9252.0,F,28.0,Married,House / apartment,Working,157500.0,0
177760,Cash loans,1206954.0,31968.0,F,30.0,Single / not married,House / apartment,Working,157500.0,0
203170,Cash loans,225000.0,22050.0,F,66.0,Separated,House / apartment,Unemployed,90000.0,0
259112,Revolving loans,270000.0,13500.0,F,23.0,Separated,With parents,Unemployed,157500.0,0
388022,Cash loans,590337.0,26131.5,F,46.0,Married,House / apartment,Unemployed,90000.0,0
283103,Cash loans,263686.5,26208.0,F,61.0,Married,House / apartment,Working,112500.0,0
425582,Cash loans,549882.0,16209.0,F,54.0,Married,House / apartment,Unemployed,67500.0,0
451425,Cash loans,846000.0,24376.5,F,58.0,Married,House / apartment,Unemployed,157500.0,0
365474,Revolving loans,202500.0,10125.0,F,,Married,House / apartment,Unemployed,112500.0,0
445952,Cash loans,225000.0,13765.5,F,60.0,Married,House / apartment,Businessman,225000.0,0
404579,Cash loans,935640.0,91278.0,M,43.0,Married,House / apartment,Businessman,270000.0,0
214147,Cash loans,545040.0,25537.5,M,32.0,Married,House / apartment,Unemployed,90000.0,1
382488,Cash loans,1119937.5,37143.0,F,45.0,Married,House / apartment,Unemployed,103500.0,0
189617,Cash loans,227520.0,14539.5,F,48.0,Widow,House / apartment,Working,117000.0,0
328119,Cash loans,1546020.0,42642.0,M,59.0,Married,House / apartment,Working,202500.0,1
177186,Cash loans,143910.0,14364.0,M,54.0,Married,House / apartment,Businessman,436500.0,0
134212,Cash loans,485640.0,44541.0,M,53.0,Married,House / apartment,Unemployed,157500.0,0
365960,Cash loans,381528.0,18553.5,F,37.0,Married,House / apartment,Unemployed,49500.0,1
247830,Cash loans,278460.0,21676.5,F,49.0,Separated,House / apartment,Working,157500.0,0
371235,Revolving loans,180000.0,9000.0,M,38.0,Married,Rented apartment,Working,225000.0,0
109748,Cash loans,254700.0,20250.0,F,22.0,Married,With parents,Working,202500.0,0
246843,Cash loans,485086.5,23724.0,F,23.0,Married,With parents,Unemployed,49500.0,1
433331,Cash loans,755190.0,33264.0,F,30.0,Married,House / apartment,Working,117000.0,0
109106,Cash loans,450000.0,22018.5,M,44.0,Married,House / apartment,Businessman,270000.0,0
330863,Cash loans,573628.5,21388.5,M,30.0,Married,House / apartment,Working,135000.0,0
433287,Cash loans,1546020.0,40914.0,F,31.0,Married,House / apartment,Unemployed,180000.0,0
455778,Cash loans,99000.0,9387.0,F,62.0,Separated,House / apartment,Unemployed,90000.0,0
307358,Cash loans,319500.0,12172.5,F,42.0,Married,House / apartment,Businessman,292500.0,0
356424,Revolving loans,180000.0,9000.0,F,22.0,Married,House / apartment,Working,112500.0,0
269042,Cash loans,2695500.0,71235.0,F,36.0,Married,House / apartment,Businessman,270000.0,0
429894,Cash loans,254700.0,20119.5,M,32.0,Married,House / apartment,Unemployed,135000.0,1
327707,Cash loans,733315.5,39069.0,F,,Married,House / apartment,Businessman,225000.0,0
275984,Cash loans,675000.0,24246.0,F,40.0,Married,House / apartment,Working,130500.0,0
138474,Cash loans,452385.0,35869.5,F,34.0,Married,House / apartment,Businessman,225000.0,0
151344,Cash loans,760225.5,30150.0,F,42.0,Married,House / apartment,Working,157500.0,0
315110,Cash loans,247275.0,17716.5,F,67.0,Widow,House / apartment,,67500.0,0
341484,Cash loans,302206.5,13441.5,F,51.0,Separated,House / apartment,Working,157500.0,0
342704,Revolving loans,450000.0,22500.0,F,59.0,Civil marriage,House / apartment,Working,315000.0,0
352363,Cash loans,675000.0,21906.0,F,39.0,Civil marriage,House / apartment,Working,157500.0,0
251817,Cash loans,1293502.5,35698.5,F,62.0,Married,House / apartment,Working,180000.0,0
421858,Cash loans,1125000.0,33025.5,F,24.0,Single / not married,House / apartment,Businessman,270000.0,0
331470,Cash loans,787131.0,26145.0,M,36.0,Married,House / apartment,Working,157500.0,0
330071,Cash loans,1252363.5,47830.5,F,62.0,Married,House / apartment,Working,180000.0,0
273262,Cash loans,508495.5,20295.0,F,63.0,Civil marriage,House / apartment,Unemployed,54000.0,0
266537,Cash loans,1546020.0,45333.0,M,34.0,Married,Municipal apartment,Businessman,360000.0,1
239287,Cash loans,582768.0,32539.5,F,63.0,Widow,House / apartment,Unemployed,81000.0,0
154599,Revolving loans,270000.0,13500.0,M,39.0,Married,House / apartment,Working,180000.0,0
205015,Cash loans,544491.0,17694.0,M,44.0,Married,Municipal apartment,Working,112500.0,0
118677,Cash loans,1078200.0,34780.5,M,59.0,Married,House / apartment,Working,252000.0,0
346606,Cash loans,73944.0,5071.5,M,55.0,Civil marriage,House / apartment,Working,157500.0,0
408410,Cash loans,1078200.0,31653.0,F,46.0,Married,House / apartment,Unemployed,90000.0,0
183424,Cash loans,942300.0,30528.0,F,28.0,Married,House / apartment,Working,112500.0,0
437634,Cash loans,450000.0,24543.0,F,35.0,Single / not married,House / apartment,Businessman,292500.0,0
260920,Cash loans,521280.0,19984.5,F,43.0,Widow,House / apartment,Working,135000.0,0
110047,Cash loans,1192500.0,45418.5,F,46.0,Married,House / apartment,Unemployed,99000.0,0
102813,Cash loans,450000.0,48595.5,M,39.0,Married,House / apartment,Working,157500.0,0
312762,Cash loans,1312110.0,52168.5,F,54.0,Married,House / apartment,Unemployed,382500.0,0
435346,Cash loans,284400.0,22599.0,F,39.0,Widow,House / apartment,Businessman,315000.0,0
235278,Cash loans,254700.0,14350.5,F,67.0,Married,House / apartment,Working,164250.0,0
260795,Cash loans,1730511.0,49594.5,F,25.0,Single / not married,With parents,Businessman,711810.0,0
416590,Cash loans,450000.0,22018.5,F,29.0,Single / not married,House / apartment,Working,202500.0,0
373826,Cash loans,432661.5,37143.0,M,35.0,Married,House / apartment,Working,180000.0,0
306271,Cash loans,640080.0,29970.0,F,35.0,Married,House / apartment,Working,112500.0,0
111102,Cash loans,835380.0,40320.0,M,47.0,Married,House / apartment,Working,360000.0,0
400341,Cash loans,247675.5,19309.5,M,56.0,Married,House / apartment,Working,117000.0,0
184395,Cash loans,675000.0,21906.0,M,34.0,Married,House / apartment,Unemployed,157500.0,0
388156,Cash loans,225000.0,16501.5,F,,Married,House / apartment,Unemployed,67500.0,0
237994,Cash loans,168102.0,20079.0,M,38.0,Married,House / apartment,Working,144000.0,0
387015,Cash loans,227520.0,8707.5,F,54.0,Civil marriage,House / apartment,Working,202500.0,0
119084,Cash loans,1042560.0,34456.5,M,41.0,Married,Office apartment,Working,157500.0,0
140985,Cash loans,239850.0,23364.0,F,60.0,Single / not married,House / apartment,Unemployed,103500.0,0
390248,Cash loans,450000.0,21109.5,F,46.0,Married,House / apartment,Unemployed,78750.0,1
195347,Cash loans,247500.0,17226.0,,35.0,Married,House / apartment,Working,135000.0,0
143610,Cash loans,143910.0,14017.5,F,42.0,Civil marriage,House / apartment,Unemployed,91048.5,0
440517,Cash loans,251280.0,13284.0,M,24.0,Single / not married,House / apartment,Working,135000.0,0
360809,Cash loans,1235344.5,52339.5,F,36.0,Married,With parents,Unemployed,126000.0,0
235247,Revolving loans,247500.0,12375.0,F,49.0,Married,House / apartment,Working,216000.0,0
406569,Cash loans,312768.0,22756.5,F,56.0,Married,House / apartment,Unemployed,112500.0,0
355525,Cash loans,354276.0,23805.0,M,50.0,Single / not married,House / apartment,Unemployed,103500.0,0
411437,Cash loans,755190.0,36459.0,M,35.0,Separated,House / apartment,Businessman,360000.0,0
370560,Cash loans,171000.0,18085.5,F,62.0,Widow,House / apartment,Unemployed,99000.0,0
349213,Cash loans,1661418.0,47745.0,M,26.0,Married,House / apartment,Businessman,337500.0,0
292401,Cash loans,743031.0,68890.5,F,31.0,Married,House / apartment,Businessman,261000.0,0
391081,Cash loans,808650.0,23773.5,F,40.0,Married,House / apartment,Unemployed,108000.0,0
205911,Cash loans,900000.0,26446.5,M,45.0,Married,House / apartment,Working,135000.0,0
110492,Cash loans,219249.0,10678.5,F,60.0,Single / not married,House / apartment,Unemployed,90000.0,0
274088,Cash loans,256500.0,13095.0,M,32.0,Single / not married,House / apartment,Working,112500.0,0
276988,Cash loans,156384.0,16839.0,M,28.0,Single / not married,With parents,Unemployed,90000.0,0
182192,Cash loans,1024740.0,52321.5,M,23.0,Single / not married,House / apartment,Working,180000.0,0
191386,Revolving loans,135000.0,6750.0,F,50.0,Widow,House / apartment,Unemployed,45000.0,0
124513,Cash loans,269550.0,13095.0,F,64.0,Widow,House / apartment,Unemployed,81000.0,0
247000,Cash loans,720000.0,30636.0,F,51.0,Married,Municipal apartment,Unemployed,90000.0,0
342903,Cash loans,568800.0,15772.5,F,33.0,Married,House / apartment,Businessman,225000.0,1
436639,Cash loans,485640.0,44671.5,F,58.0,Widow,Municipal apartment,Working,189000.0,0
324672,Cash loans,276277.5,16825.5,M,41.0,Married,House / apartment,Businessman,211500.0,1
309796,Cash loans,796500.0,23418.0,F,38.0,Married,House / apartment,Unemployed,112500.0,1
389003,Cash loans,1030680.0,65997.0,F,35.0,Single / not married,House / apartment,Businessman,351000.0,0
436720,Cash loans,1741972.5,46080.0,F,42.0,Married,House / apartment,Working,157500.0,0
371454,Cash loans,808650.0,26217.0,F,53.0,Single / not married,House / apartment,Working,126000.0,0
236846,Cash loans,1440000.0,42232.5,M,57.0,Married,House / apartment,Businessman,256500.0,0
257006,Cash loans,193572.0,22023.0,M,33.0,Married,House / apartment,Unemployed,180000.0,0
365902,Revolving loans,270000.0,13500.0,F,33.0,Married,House / apartment,Unemployed,90000.0,0
371932,Cash loans,517500.0,28201.5,M,65.0,Married,House / apartment,Working,157500.0,0
451982,Cash loans,254700.0,16582.5,F,30.0,Single / not married,Municipal apartment,Unemployed,67500.0,0
134203,Cash loans,451102.5,23161.5,F,27.0,Married,House / apartment,Unemployed,108000.0,0
269692,Cash loans,781920.0,23836.5,M,39.0,Married,House / apartment,Working,180000.0,0
333026,Cash loans,568800.0,20430.0,F,55.0,Married,House / apartment,Unemployed,67500.0,0
412363,Cash loans,1189710.0,34915.5,M,31.0,Married,House / apartment,Working,225000.0,0
431645,Cash loans,904500.0,30024.0,F,56.0,Single / not married,House / apartment,Working,157500.0,0
397381,Cash loans,187704.0,12348.0,M,45.0,Separated,With parents,Working,112500.0,1
202249,Cash loans,2013840.0,59013.0,M,44.0,Married,House / apartment,Businessman,360000.0,0
260740,Cash loans,298512.0,17266.5,F,34.0,Married,House / apartment,Unemployed,45000.0,1
141821,Cash loans,247275.0,19264.5,M,30.0,Single / not married,House / apartment,Working,157500.0,0
311410,Cash loans,1260000.0,36841.5,F,27.0,Married,House / apartment,Unemployed,144000.0,0
404178,Cash loans,675000.0,34465.5,M,36.0,Married,House / apartment,Working,292500.0,0
451692,Cash loans,583834.5,28215.0,M,31.0,Civil marriage,House / apartment,Working,202500.0,1
185072,Cash loans,262246.5,18252.0,,62.0,Married,House / apartment,Working,90000.0,0
397037,Cash loans,305221.5,14976.0,F,24.0,Married,House / apartment,Unemployed,90000.0,0
441816,Cash loans,701730.0,68490.0,F,56.0,Widow,House / apartment,Working,247500.0,0
267986,Cash loans,521280.0,31630.5,F,31.0,Separated,House / apartment,Businessman,337500.0,1
159123,Cash loans,512064.0,19431.0,M,64.0,Civil marriage,House / apartment,Unemployed,180000.0,1
317571,Cash loans,192874.5,18918.0,F,51.0,Married,House / apartment,Unemployed,117000.0,0
381256,Cash loans,323460.0,29794.5,F,29.0,Single / not married,With parents,Working,157500.0,0
139847,Cash loans,1006920.0,42790.5,F,50.0,Married,House / apartment,Working,157500.0,0
400386,Cash loans,450000.0,21888.0,M,50.0,Married,House / apartment,Unemployed,67500.0,0
388402,Cash loans,90000.0,9031.5,F,,Single / not married,House / apartment,Working,112500.0,0
317787,Cash loans,164952.0,6345.0,F,57.0,Single / not married,House / apartment,Working,301500.0,1
186016,Revolving loans,270000.0,13500.0,F,46.0,Married,Municipal apartment,Working,171000.0,0
212429,Cash loans,539100.0,27522.0,M,45.0,Married,House / apartment,Working,135000.0,0
295823,Cash loans,675000.0,30240.0,F,58.0,Widow,House / apartment,Working,112500.0,0
413229,Cash loans,497520.0,39438.0,M,55.0,Married,House / apartment,Working,180000.0,0
206614,Cash loans,148365.0,10453.5,F,37.0,Civil marriage,With parents,Working,112500.0,0
283452,Cash loans,545040.0,26640.0,M,39.0,Single / not married,House / apartment,Businessman,360000.0,0
297996,Cash loans,265500.0,14530.5,M,33.0,Civil marriage,House / apartment,Unemployed,166500.0,0
100032,Cash loans,327024.0,23827.5,M,44.0,Married,House / apartment,Unemployed,112500.0,0
148454,Cash loans,463284.0,22662.0,M,46.0,Married,House / apartment,Businessman,360000.0,0
240721,Cash loans,481176.0,24696.0,F,52.0,Civil marriage,House / apartment,Working,180000.0,0
450742,Cash loans,1054935.0,41967.0,M,45.0,Married,House / apartment,Unemployed,180000.0,0
452104,Cash loans,625536.0,19093.5,F,66.0,Single / not married,House / apartment,Working,59400.0,0
449272,Cash loans,450000.0,16294.5,M,56.0,Married,Office apartment,Working,112500.0,0
186765,Cash loans,675000.0,28597.5,,53.0,Civil marriage,House / apartment,Businessman,270000.0,0
255700,Cash loans,450000.0,27193.5,F,46.0,Married,House / apartment,Working,180000.0,0
175913,Cash loans,1118286.0,32827.5,F,62.0,Separated,Office apartment,Unemployed,135000.0,0
401389,Cash loans,522576.0,15106.5,F,27.0,Married,House / apartment,Working,135000.0,0
375595,Cash loans,269550.0,14751.0,M,36.0,Single / not married,House / apartment,Working,121500.0,0
280605,Cash loans,284400.0,16326.0,F,66.0,Separated,House / apartment,Working,135000.0,0
383747,Cash loans,1354500.0,37377.0,F,44.0,Married,House / apartment,,157500.0,0
149397,Cash loans,900000.0,26316.0,F,47.0,Separated,House / apartment,Working,121500.0,0
250725,Cash loans,545040.0,31419.0,F,57.0,Married,House / apartment,Working,135000.0,0
147972,Cash loans,,45729.0,M,39.0,Married,House / apartment,Businessman,225000.0,0
173037,Cash loans,509400.0,40243.5,F,45.0,Separated,House / apartment,Working,202500.0,0
297054,Cash loans,545040.0,26640.0,F,48.0,Civil marriage,House / apartment,Businessman,225000.0,0
440608,Cash loans,225000.0,24232.5,F,26.0,Civil marriage,With parents,Businessman,202500.0,0
262241,Cash loans,339241.5,12181.5,F,53.0,Single / not married,House / apartment,Unemployed,72000.0,0
220783,Cash loans,283585.5,19080.0,M,36.0,Married,House / apartment,,180000.0,1
118777,Cash loans,1288350.0,37800.0,F,43.0,Single / not married,House / apartment,Working,180000.0,0
441292,Cash loans,808650.0,24732.0,F,49.0,Civil marriage,House / apartment,Working,135000.0,0
100508,Cash loans,1971072.0,62019.0,F,50.0,Married,House / apartment,Working,450000.0,0
398192,Cash loans,432661.5,22783.5,M,26.0,Single / not married,House / apartment,Unemployed,121500.0,0
278497,Cash loans,332946.0,16146.0,M,36.0,Married,House / apartment,Businessman,247500.0,0
422282,Cash loans,269550.0,14620.5,F,37.0,Married,House / apartment,Working,67500.0,1
420180,Cash loans,592560.0,35937.0,M,28.0,Married,House / apartment,Working,180000.0,0
110103,Cash loans,567207.0,21510.0,F,49.0,Civil marriage,House / apartment,Working,135000.0,0
103303,Cash loans,291384.0,23008.5,F,60.0,Married,House / apartment,Working,135000.0,0
442367,Cash loans,1434195.0,60894.0,F,40.0,Separated,Co-op apartment,Businessman,225000.0,1
442999,Revolving loans,180000.0,9000.0,F,23.0,Civil marriage,Rented apartment,Unemployed,90000.0,0
258954,Cash loans,1350000.0,37255.5,F,41.0,Single / not married,House / apartment,Unemployed,157500.0,0
450159,Cash loans,675000.0,28728.0,F,47.0,Married,House / apartment,Working,144000.0,0
195136,Cash loans,450000.0,21109.5,M,28.0,Married,House / apartment,Working,135000.0,1
448924,Cash loans,152820.0,8901.0,F,34.0,Married,House / apartment,Unemployed,67500.0,0
258470,Cash loans,263686.5,13914.0,F,63.0,Single / not married,House / apartment,Unemployed,144000.0,0
296746,Cash loans,708939.0,31356.0,F,45.0,Married,House / apartment,Businessman,225000.0,1
288024,Cash loans,592560.0,35937.0,M,27.0,Married,House / apartment,Working,180000.0,1
303040,Cash loans,835605.0,24561.0,F,61.0,Separated,House / apartment,Unemployed,90000.0,0
103162,Cash loans,1575000.0,41679.0,F,39.0,Married,House / apartment,Businessman,247675.5,0
148551,Cash loans,1270746.0,40027.5,F,64.0,Married,House / apartment,Working,162000.0,0
224208,Cash loans,1065433.5,42385.5,M,46.0,Married,House / apartment,Businessman,450000.0,0
293771,Cash loans,225000.0,24363.0,F,29.0,Married,Municipal apartment,Working,121500.0,0
168222,Cash loans,450000.0,19953.0,F,42.0,Married,House / apartment,Businessman,225000.0,0
392908,Revolving loans,202500.0,10125.0,F,43.0,Married,House / apartment,Working,135000.0,0
191375,Cash loans,225000.0,22252.5,F,36.0,Civil marriage,House / apartment,Unemployed,135000.0,0
451481,Revolving loans,270000.0,13500.0,M,58.0,Married,House / apartment,Unemployed,90000.0,0
183791,Cash loans,254700.0,25321.5,F,53.0,Married,House / apartment,Working,112500.0,0
100714,Cash loans,548770.5,21892.5,F,60.0,Married,House / apartment,Unemployed,99000.0,1
225941,Revolving loans,495000.0,24750.0,F,59.0,Separated,House / apartment,Businessman,315000.0,0
300551,Cash loans,258709.5,20569.5,F,31.0,Separated,House / apartment,Working,157500.0,0
389178,Cash loans,147159.0,9130.5,M,64.0,Married,Municipal apartment,Unemployed,67500.0,0
261028,Cash loans,1078200.0,31653.0,M,49.0,Married,House / apartment,Unemployed,77962.5,0
292157,Cash loans,675000.0,19737.0,M,64.0,Separated,Co-op apartment,Unemployed,81000.0,0
169619,Cash loans,1288350.0,37800.0,F,43.0,Married,House / apartment,Working,112500.0,0
129877,Cash loans,331632.0,30816.0,F,66.0,Widow,House / apartment,Unemployed,144000.0,0
446265,Cash loans,545040.0,26640.0,M,42.0,Civil marriage,House / apartment,Businessman,225000.0,0
183953,Cash loans,312768.0,17095.5,F,46.0,Married,House / apartment,Working,162000.0,0
204744,Cash loans,545040.0,19705.5,M,61.0,Married,House / apartment,Unemployed,67500.0,0
263923,Cash loans,,22153.5,F,59.0,Married,House / apartment,Working,112500.0,0
430478,Cash loans,260568.0,29529.0,F,26.0,Single / not married,House / apartment,Working,157500.0,1
385338,Cash loans,900000.0,35694.0,F,36.0,Married,House / apartment,Working,135000.0,0
372100,Revolving loans,405000.0,20250.0,,44.0,Civil marriage,House / apartment,Unemployed,189000.0,0
359545,Cash loans,521280.0,26743.5,F,53.0,Widow,House / apartment,Businessman,360000.0,0
410641,Cash loans,755190.0,30078.0,F,54.0,Single / not married,House / apartment,Working,112500.0,0
329852,Cash loans,285723.0,26334.0,M,39.0,Married,House / apartment,Businessman,202500.0,0
276418,Cash loans,225000.0,14895.0,M,26.0,Single / not married,With parents,Businessman,202500.0,1
351522,Cash loans,640080.0,31261.5,F,,Married,House / apartment,Unemployed,90000.0,0
237572,Revolving loans,270000.0,13500.0,F,25.0,Married,House / apartment,Unemployed,90000.0,0
387486,Cash loans,952335.0,37899.0,F,48.0,Single / not married,House / apartment,Businessman,202500.0,0
346721,Cash loans,679500.0,36333.0,F,48.0,Married,House / apartment,Working,166500.0,0
327158,Cash loans,1288350.0,37800.0,M,60.0,Married,House / apartment,Unemployed,153000.0,0
320618,Revolving loans,720000.0,36000.0,F,64.0,Separated,House / apartment,Unemployed,247500.0,0
263700,Cash loans,536917.5,19282.5,F,53.0,Separated,House / apartment,Unemployed,180000.0,1
202298,Cash loans,675000.0,24043.5,F,48.0,Civil marriage,House / apartment,Working,135000.0,0
158461,Cash loans,408780.0,32427.0,M,28.0,Civil marriage,House / apartment,Working,135000.0,0
157672,Cash loans,633681.0,30951.0,F,40.0,Married,House / apartment,Working,157500.0,1
114387,Cash loans,358344.0,28440.0,F,44.0,Separated,House / apartment,Working,157500.0,1
246809,Cash loans,675000.0,32602.5,F,34.0,Married,House / apartment,Unemployed,67500.0,0
339851,Cash loans,239850.0,23850.0,F,57.0,Separated,House / apartment,Unemployed,90000.0,0
215670,Cash loans,1034680.5,34326.0,M,49.0,Married,House / apartment,Working,157500.0,0
293777,Cash loans,894906.0,26293.5,F,34.0,Married,House / apartment,Businessman,202500.0,1
376787,Cash loans,675000.0,37692.0,M,42.0,Married,House / apartment,Businessman,225000.0,0
151381,Cash loans,278460.0,21676.5,F,24.0,Single / not married,House / apartment,Working,112500.0,0
371286,Cash loans,1485000.0,39172.5,F,52.0,Married,House / apartment,Unemployed,112500.0,0
354936,Cash loans,770292.0,32764.5,F,31.0,Married,House / apartment,Working,157500.0,0
305080,Cash loans,247500.0,7771.5,F,,Married,House / apartment,Unemployed,94500.0,0
104010,Cash loans,468333.0,34209.0,M,27.0,Married,With parents,Businessman,225000.0,0
410566,Revolving loans,360000.0,18000.0,F,57.0,Married,House / apartment,Unemployed,247500.0,0
186419,Cash loans,1056447.0,34209.0,,35.0,Married,House / apartment,Working,270000.0,0
258661,Cash loans,477000.0,15516.0,F,46.0,Widow,House / apartment,Working,234000.0,0
102097,Revolving loans,540000.0,27000.0,F,31.0,Separated,House / apartment,Working,540000.0,0
181741,Cash loans,143910.0,15628.5,M,,Married,House / apartment,Unemployed,162000.0,0
379397,Cash loans,202500.0,14863.5,F,28.0,Civil marriage,House / apartment,Working,112500.0,0
308317,Cash loans,1236816.0,36292.5,M,57.0,Married,Municipal apartment,Working,337500.0,0
382529,Cash loans,312768.0,17955.0,F,49.0,Married,House / apartment,Unemployed,189000.0,0
217049,Cash loans,922716.0,49288.5,M,30.0,Single / not married,House / apartment,Working,157500.0,0
103844,Cash loans,663093.0,19516.5,M,57.0,Married,House / apartment,Unemployed,90000.0,0
350502,Cash loans,450000.0,22860.0,F,49.0,Widow,House / apartment,Working,382500.0,0
402827,Cash loans,505332.0,36067.5,F,56.0,Married,House / apartment,Working,139500.0,0
398986,Cash loans,889515.0,24588.0,M,23.0,Single / not married,Rented apartment,Working,118642.5,1
395207,Cash loans,454500.0,20151.0,M,31.0,Married,House / apartment,Businessman,202500.0,0
351578,Cash loans,120388.5,8757.0,F,24.0,Married,House / apartment,Unemployed,90000.0,0
254150,Cash loans,254700.0,14350.5,F,67.0,Single / not married,House / apartment,Unemployed,67500.0,0
194929,Cash loans,807984.0,43177.5,M,49.0,Married,House / apartment,Working,180000.0,0
439714,Cash loans,1255680.0,41629.5,F,28.0,Married,House / apartment,Working,135000.0,0
361101,Cash loans,1080000.0,35694.0,M,,Civil marriage,House / apartment,Working,157500.0,0
450994,Cash loans,343800.0,16852.5,F,47.0,Single / not married,House / apartment,Unemployed,99000.0,1
287969,Cash loans,1530517.5,40504.5,F,32.0,Civil marriage,House / apartment,Working,225000.0,0
155337,Cash loans,450000.0,27324.0,M,38.0,Married,House / apartment,Businessman,270000.0,0
357609,Cash loans,619965.0,20128.5,M,38.0,Civil marriage,With parents,Businessman,315000.0,0
193695,Cash loans,947884.5,40288.5,F,51.0,Married,House / apartment,Unemployed,108000.0,0
104178,Revolving loans,135000.0,6750.0,F,61.0,Married,House / apartment,Unemployed,36000.0,0
303610,Cash loans,610335.0,22050.0,F,43.0,Married,Municipal apartment,Unemployed,135000.0,0
396741,Cash loans,162000.0,11916.0,M,39.0,Married,House / apartment,Working,270000.0,0
392428,Cash loans,450000.0,35685.0,F,54.0,Married,House / apartment,Working,81000.0,0
327688,Cash loans,1305000.0,42228.0,,46.0,Married,House / apartment,Businessman,225000.0,0
212820,Cash loans,454500.0,14661.0,M,33.0,Married,House / apartment,Unemployed,135000.0,0
400304,Cash loans,1687266.0,68850.0,F,31.0,Married,House / apartment,Businessman,225000.0,0
409675,Cash loans,544491.0,17563.5,F,51.0,Married,House / apartment,Working,94500.0,0
343538,Revolving loans,202500.0,10125.0,F,33.0,Single / not married,House / apartment,Unemployed,63000.0,0
134915,Cash loans,203760.0,21523.5,M,37.0,Civil marriage,House / apartment,Working,135000.0,0
408447,Revolving loans,157500.0,7875.0,F,36.0,Married,House / apartment,Unemployed,135000.0,0
358693,Cash loans,528633.0,22527.0,F,61.0,Married,House / apartment,Unemployed,90000.0,0
295071,Cash loans,508495.5,27585.0,F,34.0,Married,House / apartment,Businessman,315000.0,0
294093,Cash loans,835605.0,24561.0,F,35.0,Married,House / apartment,Working,112500.0,0
207969,Cash loans,436032.0,34578.0,M,30.0,Separated,House / apartment,Working,180000.0,0
410100,Cash loans,521280.0,27423.0,F,,Married,House / apartment,Working,135000.0,0
212134,Cash loans,675000.0,21906.0,F,33.0,Married,House / apartment,Unemployed,45000.0,0
136592,Cash loans,450000.0,24543.0,M,36.0,Married,House / apartment,Businessman,202500.0,1
258282,Cash loans,284400.0,16456.5,F,,Widow,House / apartment,Unemployed,76500.0,0
316255,Cash loans,573628.5,26581.5,F,29.0,Married,House / apartment,Working,144000.0,0
291308,Cash loans,315000.0,17217.0,F,47.0,Married,House / apartment,Working,90000.0,0
207639,Cash loans,592560.0,31153.5,M,36.0,Married,House / apartment,Working,157500.0,1
375520,Cash loans,284400.0,10719.0,F,59.0,Married,House / apartment,Unemployed,90000.0,0
332553,Cash loans,512446.5,37417.5,M,,Married,House / apartment,,166500.0,0
113941,Cash loans,916470.0,26928.0,F,51.0,Married,House / apartment,Businessman,387000.0,0
270191,Cash loans,91692.0,6124.5,M,25.0,Married,House / apartment,Unemployed,121500.0,0
216361,Cash loans,137520.0,6687.0,F,40.0,Civil marriage,House / apartment,Working,135000.0,0
183892,Cash loans,508495.5,21672.0,F,,Married,House / apartment,Working,135000.0,0
273871,Cash loans,122256.0,11560.5,F,22.0,Single / not married,House / apartment,Working,112500.0,0
428885,Cash loans,700830.0,22738.5,F,59.0,Married,House / apartment,Unemployed,180000.0,0
274752,Cash loans,1125000.0,29808.0,F,64.0,Married,Co-op apartment,Working,225000.0,1
392650,Cash loans,1125000.0,47794.5,F,58.0,Married,House / apartment,Working,166500.0,0
107239,Cash loans,436032.0,16564.5,M,56.0,Married,House / apartment,Working,144000.0,0
264475,Cash loans,339241.5,15943.5,F,,Married,House / apartment,Working,135000.0,0
400275,Cash loans,512064.0,19431.0,F,38.0,Married,House / apartment,Working,180000.0,0
342880,Cash loans,450000.0,30442.5,F,54.0,Married,House / apartment,Working,112500.0,0
115321,Cash loans,450000.0,23562.0,M,56.0,Civil marriage,House / apartment,Working,112500.0,0
241358,Cash loans,331632.0,35847.0,F,31.0,Civil marriage,House / apartment,Working,157500.0,0
115663,Cash loans,199080.0,15858.0,M,51.0,Married,House / apartment,Working,157500.0,0
192915,Cash loans,814041.0,23800.5,,55.0,Married,House / apartment,Working,112500.0,0
217585,Cash loans,463500.0,18090.0,M,41.0,Married,House / apartment,Working,135000.0,0
187607,Cash loans,970380.0,28503.0,F,54.0,Married,House / apartment,Unemployed,112500.0,1
147056,Cash loans,533668.5,49077.0,M,48.0,Married,House / apartment,Businessman,315000.0,0
217403,Cash loans,284400.0,17064.0,M,26.0,Married,House / apartment,Unemployed,180000.0,0
405889,Cash loans,1440000.0,58779.0,F,55.0,Married,House / apartment,Businessman,202500.0,0
101408,Cash loans,746271.0,29727.0,F,44.0,Married,House / apartment,Unemployed,180000.0,0
120295,Cash loans,45000.0,4725.0,F,34.0,Married,House / apartment,Unemployed,90000.0,0
237935,Cash loans,258709.5,14980.5,M,61.0,Married,House / apartment,Unemployed,67500.0,0
285958,Cash loans,254700.0,27022.5,M,43.0,Single / not married,House / apartment,Businessman,450000.0,0
125380,Cash loans,135000.0,9598.5,F,37.0,Single / not married,House / apartment,Businessman,225000.0,0
433269,Cash loans,675000.0,49248.0,F,32.0,Married,With parents,Businessman,315000.0,0
416763,Cash loans,553806.0,26770.5,F,51.0,Married,House / apartment,Unemployed,157500.0,0
114798,Cash loans,135000.0,9130.5,F,28.0,Separated,House / apartment,Unemployed,117000.0,0
376684,Cash loans,225000.0,12204.0,F,32.0,Married,House / apartment,Working,148500.0,0
294948,Cash loans,450000.0,22018.5,F,31.0,Civil marriage,House / apartment,Working,157500.0,0
104614,Cash loans,835380.0,42781.5,M,39.0,Married,House / apartment,Businessman,540000.0,0
288233,Cash loans,178776.0,8824.5,F,43.0,Separated,Municipal apartment,Working,121500.0,0
438225,Cash loans,148365.0,10678.5,F,61.0,Widow,House / apartment,Working,135000.0,0
331892,Cash loans,152820.0,8901.0,F,65.0,Married,House / apartment,Working,112500.0,0
253386,Revolving loans,315000.0,15750.0,F,38.0,Married,House / apartment,Unemployed,157500.0,1
204092,Cash loans,808650.0,23305.5,M,37.0,Married,House / apartment,Working,180000.0,0
274734,Cash loans,284400.0,18513.0,M,29.0,Married,With parents,,157500.0,1
120709,Cash loans,981162.0,31779.0,F,55.0,Married,House / apartment,Businessman,252000.0,0
268322,Cash loans,885762.0,26028.0,F,61.0,Widow,House / apartment,Businessman,382500.0,0
345029,Cash loans,225000.0,17797.5,M,36.0,Married,House / apartment,Unemployed,45000.0,0
409332,Cash loans,225000.0,25384.5,M,33.0,Married,House / apartment,Working,166500.0,0
397487,Cash loans,199080.0,13432.5,F,32.0,Married,House / apartment,Unemployed,54000.0,0
207397,Cash loans,481176.0,24696.0,M,63.0,Single / not married,House / apartment,Working,180000.0,0
148397,Cash loans,526491.0,27918.0,F,55.0,Married,House / apartment,Unemployed,54000.0,0
421568,Cash loans,679500.0,19998.0,M,45.0,Separated,House / apartment,Working,157500.0,0
287517,Cash loans,472500.0,46161.0,M,39.0,Married,House / apartment,Businessman,225000.0,0
390367,Cash loans,563877.0,24021.0,F,55.0,Widow,House / apartment,Working,112500.0,1
188683,Cash loans,254700.0,30357.0,M,37.0,Single / not married,House / apartment,Businessman,225000.0,0
122443,Cash loans,253737.0,25096.5,F,32.0,Married,House / apartment,Unemployed,67500.0,1
420723,Cash loans,755190.0,53838.0,F,64.0,Married,House / apartment,Working,180000.0,0
108805,Cash loans,616500.0,22144.5,F,61.0,Married,House / apartment,Unemployed,135000.0,0
258430,Cash loans,523152.0,45031.5,F,41.0,Married,House / apartment,Working,162000.0,0
118700,Cash loans,384048.0,13923.0,M,58.0,Civil marriage,House / apartment,Working,126000.0,0
159204,Cash loans,521280.0,40932.0,F,32.0,Married,House / apartment,Working,135000.0,1
142196,Cash loans,454500.0,17739.0,M,54.0,Married,House / apartment,Businessman,360000.0,0
137597,Cash loans,796500.0,26320.5,F,64.0,Married,House / apartment,Unemployed,85500.0,0
204221,Cash loans,157500.0,8923.5,F,67.0,Widow,House / apartment,Unemployed,90000.0,0
210598,Cash loans,308133.0,11547.0,F,56.0,Single / not married,House / apartment,Working,112500.0,0
134920,Cash loans,808650.0,26217.0,F,31.0,Married,House / apartment,Working,112500.0,1
380549,Cash loans,247536.0,9018.0,F,59.0,Married,House / apartment,Businessman,225000.0,0
372515,Revolving loans,,16875.0,F,57.0,Single / not married,House / apartment,Working,180000.0,0
101936,Cash loans,314055.0,16164.0,F,47.0,Single / not married,House / apartment,Businessman,225000.0,0
417465,Cash loans,331834.5,18130.5,F,57.0,Separated,House / apartment,Working,90000.0,1
177206,Cash loans,598401.0,19431.0,F,49.0,Married,House / apartment,Unemployed,135000.0,0
280751,Cash loans,1009566.0,36261.0,F,53.0,Married,House / apartment,Working,157500.0,0
340373,Cash loans,755190.0,32125.5,F,56.0,Single / not married,House / apartment,Unemployed,112500.0,0
222872,Cash loans,327024.0,12456.0,F,36.0,Civil marriage,House / apartment,Working,157500.0,0
155829,Cash loans,405000.0,22099.5,F,30.0,Married,House / apartment,Working,135000.0,0
295686,Cash loans,193500.0,11236.5,F,67.0,Widow,House / apartment,Working,117000.0,0
347706,Revolving loans,135000.0,6750.0,,47.0,Separated,House / apartment,Unemployed,67500.0,0
175470,Cash loans,521280.0,26743.5,F,34.0,Single / not married,House / apartment,Businessman,202500.0,0
276299,Cash loans,312840.0,24844.5,F,35.0,Married,House / apartment,Unemployed,90000.0,0
432927,Cash loans,271066.5,21546.0,M,44.0,Married,House / apartment,Working,157500.0,0
316007,Revolving loans,337500.0,16875.0,F,40.0,Married,House / apartment,Working,135000.0,0
180829,Cash loans,338832.0,16429.5,M,62.0,Single / not married,House / apartment,Unemployed,90000.0,1
437498,Cash loans,517500.0,25024.5,F,38.0,Married,House / apartment,Working,202500.0,0
211018,Cash loans,315000.0,13473.0,F,42.0,Married,House / apartment,Unemployed,90000.0,0
245319,Cash loans,704844.0,31981.5,M,42.0,Married,House / apartment,Businessman,225000.0,0
138284,Cash loans,521280.0,28408.5,M,35.0,Married,House / apartment,Working,135000.0,0
125999,Cash loans,1113840.0,47322.0,F,38.0,Married,House / apartment,Working,180000.0,0
359925,Cash loans,254700.0,27153.0,F,50.0,Single / not married,House / apartment,Businessman,202500.0,0
276013,Cash loans,545040.0,19705.5,F,37.0,Married,House / apartment,Working,112500.0,0
185030,Revolving loans,180000.0,9000.0,F,21.0,Single / not married,House / apartment,Unemployed,135000.0,0
168024,Cash loans,728460.0,40675.5,F,37.0,Married,House / apartment,Working,202500.0,0
121941,Cash loans,152820.0,15111.0,M,34.0,Married,House / apartment,Unemployed,81000.0,0
309853,Cash loans,781920.0,31977.0,M,25.0,Married,House / apartment,Working,116653.5,0
450980,Cash loans,1288350.0,37800.0,F,29.0,Married,House / apartment,Working,112500.0,1
179436,Cash loans,592560.0,25236.0,F,46.0,Single / not married,House / apartment,Unemployed,162000.0,0
190747,Cash loans,269550.0,24853.5,F,26.0,Civil marriage,With parents,Working,135000.0,1
253927,Cash loans,113746.5,9247.5,F,59.0,Married,House / apartment,Unemployed,45000.0,0
297793,Revolving loans,202500.0,10125.0,F,57.0,Married,Municipal apartment,Unemployed,90000.0,0
328263,Cash loans,107820.0,8775.0,M,33.0,Married,House / apartment,Unemployed,90000.0,0
321324,Cash loans,270000.0,16312.5,M,30.0,Married,House / apartment,Working,112500.0,1
208019,Cash loans,225000.0,12334.5,F,39.0,Married,House / apartment,Working,112500.0,1
238372,Cash loans,203760.0,21523.5,M,36.0,Married,House / apartment,Working,90000.0,0
362624,Cash loans,1102500.0,35694.0,M,40.0,Married,House / apartment,Unemployed,135000.0,0
297525,Cash loans,545040.0,25537.5,M,28.0,Married,House / apartment,Businessman,247500.0,0
355848,Cash loans,497520.0,33376.5,M,38.0,Civil marriage,House / apartment,Unemployed,135000.0,0
319701,Revolving loans,900000.0,45000.0,F,52.0,Single / not married,House / apartment,Businessman,315000.0,0
394133,Cash loans,139230.0,10903.5,M,37.0,Civil marriage,House / apartment,Working,112500.0,0
126421,Revolving loans,810000.0,40500.0,M,29.0,Married,House / apartment,Businessman,270000.0,0
138604,Cash loans,314100.0,21375.0,M,46.0,Married,House / apartment,Working,112500.0,1
143880,Cash loans,473760.0,56353.5,F,52.0,Married,House / apartment,Unemployed,202500.0,0
279525,Cash loans,625500.0,32067.0,M,35.0,Married,House / apartment,Working,270000.0,0
268415,Cash loans,314055.0,11970.0,F,36.0,Single / not married,House / apartment,Working,157500.0,0
409735,Cash loans,781920.0,25969.5,F,63.0,Widow,House / apartment,Unemployed,85500.0,0
399305,Cash loans,45000.0,4846.5,M,27.0,Single / not married,House / apartment,Working,135000.0,0
322971,Cash loans,723996.0,30802.5,M,44.0,Married,House / apartment,Working,180000.0,0
219765,Cash loans,755190.0,31995.0,F,65.0,Separated,House / apartment,,180000.0,0
424316,Cash loans,815877.0,47830.5,M,50.0,Married,House / apartment,Businessman,202500.0,0
357988,Cash loans,225000.0,10822.5,M,41.0,Married,House / apartment,Working,135000.0,0
241487,Revolving loans,1800000.0,90000.0,M,44.0,Married,House / apartment,Unemployed,450000.0,0
403264,Cash loans,432661.5,22221.0,F,47.0,Married,Office apartment,Unemployed,121500.0,0
126491,Cash loans,545040.0,36553.5,M,29.0,Married,With parents,Working,157500.0,0
378293,Cash loans,339241.5,12312.0,F,39.0,Single / not married,House / apartment,Working,90000.0,0
188814,Cash loans,495000.0,23814.0,F,58.0,Married,House / apartment,Unemployed,117000.0,0
249288,Cash loans,215640.0,11007.0,M,65.0,Married,House / apartment,Working,90000.0,0
166383,Cash loans,280170.0,27841.5,M,50.0,Widow,House / apartment,Businessman,225000.0,0
398447,Cash loans,1029681.0,30235.5,F,60.0,Married,House / apartment,Unemployed,90000.0,0
447721,Cash loans,257391.0,18040.5,F,56.0,Single / not married,House / apartment,Working,157500.0,0
162245,Cash loans,1035072.0,28593.0,F,46.0,Single / not married,House / apartment,Businessman,270000.0,0
454486,Cash loans,450000.0,32611.5,F,28.0,Married,With parents,,90000.0,0
203722,Revolving loans,675000.0,33750.0,M,,Married,House / apartment,Working,270000.0,0
157399,Cash loans,427500.0,20056.5,,60.0,Widow,House / apartment,Working,126000.0,0
394365,Cash loans,225000.0,25515.0,M,38.0,Married,House / apartment,Working,135000.0,0
114119,Cash loans,900000.0,26316.0,M,35.0,Separated,House / apartment,Working,135000.0,0
316335,Cash loans,239850.0,23850.0,F,68.0,Civil marriage,House / apartment,Working,126000.0,0
181512,Cash loans,804420.0,32890.5,F,,Married,House / apartment,Unemployed,108000.0,0
153104,Cash loans,900000.0,26446.5,F,31.0,Separated,With parents,Working,135000.0,0
329978,Cash loans,547344.0,29821.5,F,40.0,Married,House / apartment,Unemployed,90000.0,0
321146,Cash loans,1421428.5,51187.5,M,34.0,Separated,House / apartment,Businessman,202500.0,0
392796,Cash loans,1125000.0,32895.0,F,57.0,Married,House / apartment,Working,135000.0,0
418550,Cash loans,445500.0,40860.0,F,26.0,Single / not married,With parents,Working,180000.0,0
196709,Cash loans,900000.0,32017.5,F,40.0,Married,With parents,Working,135000.0,0
290704,Cash loans,514777.5,31621.5,F,64.0,Separated,House / apartment,Working,247500.0,0
232411,Cash loans,1013508.0,29763.0,F,52.0,Married,House / apartment,Working,90000.0,0
380104,Cash loans,492862.5,18711.0,M,39.0,Married,House / apartment,Businessman,378000.0,0
349909,Cash loans,931401.0,36936.0,F,43.0,Married,House / apartment,Unemployed,81000.0,0
351553,Cash loans,469147.5,22698.0,F,51.0,Widow,House / apartment,Working,211500.0,0
119175,Cash loans,878733.0,28476.0,M,37.0,Married,House / apartment,Businessman,225000.0,0
449400,Cash loans,808650.0,26217.0,F,60.0,Single / not married,House / apartment,Unemployed,144000.0,0
430131,Cash loans,814041.0,23931.0,F,,Single / not married,House / apartment,Working,135000.0,0
151042,Cash loans,454500.0,17739.0,M,30.0,Single / not married,House / apartment,Unemployed,135000.0,0
111447,Cash loans,1002456.0,39883.5,F,55.0,Separated,House / apartment,Businessman,405000.0,0
217675,Cash loans,326439.0,16006.5,M,31.0,Married,With parents,Unemployed,103500.0,0
382953,Cash loans,229230.0,22801.5,F,40.0,Married,House / apartment,Working,175500.0,0
171339,Cash loans,454500.0,21996.0,M,31.0,Married,House / apartment,Working,135000.0,0
412619,Revolving loans,1012500.0,50625.0,F,47.0,Single / not married,House / apartment,Businessman,315000.0,0
428656,Cash loans,237024.0,18724.5,M,61.0,Married,House / apartment,Working,157500.0,0
301384,Cash loans,364896.0,18630.0,,40.0,Separated,House / apartment,Businessman,202500.0,0
241632,Cash loans,480060.0,22509.0,M,45.0,Civil marriage,House / apartment,Unemployed,81000.0,0
355198,Cash loans,225000.0,22252.5,F,66.0,Married,House / apartment,Working,135000.0,0
288033,Cash loans,948816.0,27742.5,F,22.0,Single / not married,Co-op apartment,Working,112500.0,0
171085,Cash loans,729792.0,37260.0,F,60.0,Married,House / apartment,Working,180000.0,1
181608,Cash loans,,32472.0,F,46.0,Married,House / apartment,Working,157500.0,0
365006,Cash loans,787131.0,26145.0,F,51.0,Married,House / apartment,Unemployed,81000.0,1
146616,Cash loans,568800.0,15133.5,F,44.0,Civil marriage,House / apartment,Working,112500.0,0
197207,Cash loans,900000.0,32017.5,M,,Married,House / apartment,Businessman,202500.0,1
303267,Cash loans,179235.0,9279.0,M,41.0,Single / not married,House / apartment,Working,112500.0,0
286418,Cash loans,469152.0,17514.0,M,42.0,Married,House / apartment,Businessman,247500.0,0
192284,Cash loans,679500.0,34515.0,M,33.0,Married,House / apartment,Unemployed,202500.0,0
357097,Cash loans,313438.5,21073.5,M,,Civil marriage,House / apartment,Working,157500.0,0
151461,Cash loans,740088.0,32728.5,F,62.0,Separated,House / apartment,Working,270000.0,1
247416,Revolving loans,270000.0,13500.0,M,49.0,Married,House / apartment,Working,135000.0,0
318691,Cash loans,1042812.0,30618.0,,51.0,Married,House / apartment,Unemployed,90000.0,0
264118,Cash loans,675000.0,28728.0,F,58.0,Married,House / apartment,,90000.0,0
129315,Cash loans,528633.0,25560.0,F,32.0,Married,House / apartment,Businessman,292500.0,0
395376,Cash loans,291915.0,21370.5,F,57.0,Married,House / apartment,Working,180000.0,0
270787,Cash loans,2085120.0,72607.5,F,,Married,House / apartment,Working,180000.0,0
398442,Revolving loans,450000.0,22500.0,F,60.0,Married,House / apartment,Working,157500.0,0
304059,Cash loans,515529.0,35005.5,M,31.0,Married,House / apartment,Working,135000.0,1
170773,Cash loans,348264.0,20124.0,F,41.0,Married,House / apartment,Working,112500.0,0
193986,Cash loans,1170000.0,42156.0,F,65.0,Married,House / apartment,Working,117000.0,0
188611,Cash loans,1327500.0,36634.5,F,51.0,Married,House / apartment,Working,67500.0,0
188574,Revolving loans,180000.0,9000.0,F,21.0,Single / not married,Municipal apartment,Working,189000.0,0
130895,Revolving loans,135000.0,6750.0,F,25.0,Single / not married,With parents,Working,112500.0,0
366840,Cash loans,422235.0,23035.5,F,47.0,Separated,House / apartment,Working,162000.0,0
367336,Cash loans,1236816.0,36292.5,,57.0,Married,House / apartment,,157500.0,0
209131,Cash loans,1066320.0,38430.0,F,49.0,Married,House / apartment,,144000.0,0
429000,Cash loans,1267038.0,50247.0,F,56.0,Married,House / apartment,Unemployed,157500.0,0
399295,Cash loans,305640.0,36400.5,F,39.0,Married,House / apartment,Businessman,202500.0,0
386012,Cash loans,436032.0,20457.0,F,57.0,Married,House / apartment,Working,180000.0,0
147817,Cash loans,284400.0,18643.5,M,33.0,Married,House / apartment,Businessman,450000.0,0
285106,Cash loans,152820.0,15016.5,F,60.0,Widow,House / apartment,Working,112500.0,0
205555,Cash loans,1264428.0,37098.0,M,,Married,House / apartment,Working,112500.0,0
215645,Cash loans,835380.0,35523.0,M,53.0,Civil marriage,House / apartment,Working,144000.0,0
435051,Revolving loans,270000.0,13500.0,F,38.0,Single / not married,House / apartment,Working,126000.0,0
424716,Cash loans,334152.0,16204.5,F,35.0,Single / not married,House / apartment,Working,90000.0,1
138538,Cash loans,130500.0,9211.5,F,42.0,Separated,House / apartment,Unemployed,92250.0,0
292982,Cash loans,787500.0,33493.5,F,39.0,Married,House / apartment,Working,180000.0,0
156799,Cash loans,80865.0,5751.0,F,45.0,Civil marriage,House / apartment,Unemployed,90000.0,0
450277,Cash loans,203760.0,23116.5,F,51.0,Single / not married,House / apartment,Working,135000.0,0
290537,Cash loans,251280.0,13284.0,F,31.0,Married,House / apartment,Unemployed,67500.0,0
452749,Cash loans,1406362.5,44289.0,M,60.0,Married,House / apartment,Unemployed,135000.0,0
125769,Revolving loans,135000.0,6750.0,F,57.0,Widow,House / apartment,Unemployed,72000.0,0
143399,Cash loans,770292.0,32764.5,F,55.0,Civil marriage,Municipal apartment,Working,157500.0,0
428472,Cash loans,526491.0,19039.5,F,50.0,Married,House / apartment,Unemployed,67500.0,0
415972,Cash loans,675000.0,28728.0,,37.0,Married,House / apartment,Unemployed,90000.0,0
431990,Cash loans,518562.0,40261.5,F,36.0,Married,House / apartment,Businessman,225000.0,0
208254,Cash loans,963472.5,40950.0,F,38.0,Married,House / apartment,Businessman,360000.0,0
200315,Cash loans,940500.0,30469.5,M,54.0,Married,House / apartment,Businessman,225000.0,0
209940,Cash loans,472500.0,44991.0,F,64.0,Single / not married,House / apartment,Working,173250.0,0
324823,Cash loans,284400.0,13833.0,F,36.0,Widow,House / apartment,Working,103500.0,0
439639,Revolving loans,675000.0,33750.0,F,49.0,Married,House / apartment,Businessman,283500.0,0
278315,Cash loans,173092.5,14854.5,F,23.0,Single / not married,House / apartment,Working,67500.0,0
376667,Cash loans,688500.0,27301.5,F,60.0,Separated,House / apartment,Unemployed,157500.0,0
102587,Cash loans,1468719.0,42943.5,M,34.0,Married,Office apartment,Businessman,270000.0,0
360286,Cash loans,526491.0,23319.0,M,39.0,Married,House / apartment,Businessman,202500.0,0
141829,Cash loans,900000.0,60390.0,F,31.0,Married,Co-op apartment,Working,148500.0,0
407201,Cash loans,310671.0,18292.5,F,,Married,House / apartment,Unemployed,180000.0,0
374351,Cash loans,408780.0,32296.5,M,43.0,Married,House / apartment,Working,180000.0,0
301011,Cash loans,265851.0,21132.0,F,23.0,Single / not married,House / apartment,Unemployed,112500.0,1
360756,Cash loans,414000.0,14998.5,F,63.0,Widow,House / apartment,Working,180000.0,0
191488,Revolving loans,202500.0,10125.0,F,37.0,Married,House / apartment,Unemployed,81000.0,0
433338,Cash loans,634482.0,18549.0,F,65.0,Single / not married,House / apartment,Unemployed,103500.0,0
243557,Revolving loans,1350000.0,67500.0,M,46.0,Married,House / apartment,Businessman,225000.0,0
320496,Revolving loans,180000.0,9000.0,F,23.0,Single / not married,House / apartment,Unemployed,112500.0,0
167259,Cash loans,1374480.0,45553.5,F,55.0,Married,House / apartment,Businessman,225000.0,0
234972,Cash loans,143910.0,15628.5,F,54.0,Married,House / apartment,Working,126000.0,0
416012,Cash loans,1077061.5,31621.5,F,,Married,House / apartment,Businessman,202500.0,0
392573,Cash loans,503676.0,25848.0,M,36.0,Single / not married,House / apartment,Working,225000.0,0
118511,Cash loans,136287.0,10894.5,F,48.0,Married,House / apartment,Unemployed,76500.0,0
254278,Cash loans,1078200.0,31653.0,F,57.0,Married,House / apartment,Unemployed,81000.0,0
177910,Cash loans,922266.0,39073.5,F,44.0,Married,House / apartment,Working,157500.0,0
449010,Cash loans,1671210.0,46084.5,M,39.0,Married,House / apartment,Businessman,360000.0,0
351051,Cash loans,254700.0,14350.5,F,60.0,Married,House / apartment,Working,90000.0,0
178477,Cash loans,454500.0,14791.5,F,53.0,Married,House / apartment,Unemployed,76500.0,0
344195,Cash loans,1293502.5,35698.5,M,50.0,Civil marriage,House / apartment,Businessman,243000.0,0
356590,Cash loans,691020.0,18355.5,F,63.0,Married,House / apartment,Businessman,247500.0,0
191423,Cash loans,755190.0,36328.5,F,36.0,Married,House / apartment,Working,225000.0,0
399850,Cash loans,86598.0,9220.5,F,38.0,Single / not married,House / apartment,Unemployed,67500.0,0
365638,Cash loans,373311.0,13963.5,F,30.0,Single / not married,House / apartment,Unemployed,90000.0,0
110548,Cash loans,900000.0,46084.5,M,49.0,Separated,House / apartment,Businessman,220500.0,0
175364,Cash loans,360000.0,17446.5,F,57.0,Married,House / apartment,Working,117000.0,0
295400,Cash loans,720000.0,25636.5,M,38.0,Married,Rented apartment,Unemployed,360000.0,0
168009,Cash loans,239850.0,23850.0,F,37.0,Married,House / apartment,Unemployed,76500.0,0
117682,Cash loans,900000.0,43429.5,F,41.0,Married,House / apartment,Businessman,202500.0,0
128627,Cash loans,781920.0,28215.0,M,51.0,Married,House / apartment,Unemployed,135000.0,0
381960,Revolving loans,180000.0,9000.0,F,26.0,Married,House / apartment,Unemployed,90000.0,0
370574,Cash loans,770292.0,30271.5,F,30.0,Civil marriage,Municipal apartment,Working,180000.0,1
340477,Cash loans,397881.0,25555.5,,27.0,Single / not married,House / apartment,Working,157500.0,0
209880,Cash loans,49752.0,5350.5,F,51.0,Widow,House / apartment,Unemployed,67500.0,0
413518,Cash loans,450000.0,23562.0,M,,Married,House / apartment,Working,112500.0,0
388228,Cash loans,534141.0,20263.5,F,47.0,Civil marriage,House / apartment,,198000.0,0
399343,Cash loans,630000.0,38673.0,,,Married,House / apartment,Businessman,202500.0,0
356737,Cash loans,179865.0,14341.5,F,32.0,Married,With parents,Working,121500.0,0
149826,Cash loans,270000.0,14778.0,M,31.0,Civil marriage,House / apartment,Working,180000.0,1
156962,Cash loans,781920.0,40054.5,F,56.0,Married,House / apartment,Businessman,247500.0,1
440295,Cash loans,344803.5,27643.5,F,49.0,Married,House / apartment,Unemployed,180000.0,0
166032,Cash loans,604413.0,21838.5,M,38.0,Married,House / apartment,Unemployed,225000.0,0
217253,Cash loans,296280.0,14382.0,M,61.0,Single / not married,Municipal apartment,Unemployed,90000.0,0
377906,Cash loans,942300.0,30528.0,F,53.0,Married,House / apartment,Working,157500.0,0
107364,Cash loans,314100.0,12091.5,F,31.0,Married,House / apartment,Unemployed,90000.0,0
353245,Cash loans,299772.0,20160.0,F,58.0,Widow,House / apartment,Unemployed,189000.0,0
366254,Cash loans,49500.0,5202.0,M,56.0,Married,House / apartment,Working,135000.0,0
193952,Cash loans,291915.0,20443.5,F,37.0,Married,House / apartment,Unemployed,112500.0,1
308181,Cash loans,521136.0,54855.0,,54.0,Separated,House / apartment,Working,351000.0,0
163361,Cash loans,1078200.0,34911.0,M,47.0,Married,House / apartment,Businessman,315000.0,0
298305,Cash loans,505642.5,30685.5,,46.0,Single / not married,House / apartment,Businessman,283500.0,0
106753,Cash loans,1800000.0,74416.5,F,44.0,Single / not married,House / apartment,Businessman,450000.0,0
195130,Cash loans,244584.0,15759.0,F,66.0,Widow,House / apartment,Working,135000.0,0
441673,Cash loans,450000.0,24412.5,M,24.0,Married,House / apartment,Unemployed,108000.0,1
265949,Cash loans,1138500.0,44676.0,F,41.0,Married,House / apartment,Working,157500.0,0
224647,Cash loans,454500.0,24214.5,,60.0,Separated,House / apartment,Working,112500.0,0
297869,Cash loans,1800000.0,47484.0,F,47.0,Married,House / apartment,Working,157500.0,0
157408,Revolving loans,180000.0,9000.0,F,42.0,Single / not married,House / apartment,Working,112500.0,0
182364,Cash loans,448272.0,28777.5,M,37.0,Married,House / apartment,Businessman,247500.0,0
148219,Cash loans,352044.0,13401.0,F,35.0,Civil marriage,House / apartment,Working,157500.0,0
277925,Cash loans,1006920.0,40063.5,M,36.0,Married,House / apartment,,225000.0,0
421146,Cash loans,521280.0,27423.0,F,48.0,Married,House / apartment,Working,180000.0,0
424321,Cash loans,1035000.0,30370.5,F,29.0,Civil marriage,House / apartment,Working,157500.0,0
294780,Cash loans,78192.0,9279.0,M,39.0,Single / not married,House / apartment,Working,180000.0,0
294462,Cash loans,790830.0,45400.5,F,63.0,Married,House / apartment,Working,189000.0,0
371563,Cash loans,2013840.0,74763.0,M,27.0,Married,House / apartment,Working,630000.0,0
259103,Cash loans,584766.0,23319.0,F,57.0,Single / not married,House / apartment,Unemployed,112500.0,0
330963,Cash loans,604152.0,30847.5,F,62.0,Married,House / apartment,Unemployed,54000.0,0
223762,Revolving loans,135000.0,6750.0,M,61.0,Single / not married,House / apartment,Unemployed,45000.0,1
225870,Cash loans,961146.0,28233.0,F,42.0,Married,House / apartment,Unemployed,135000.0,0
440020,Cash loans,90000.0,7065.0,F,29.0,Civil marriage,House / apartment,Unemployed,67500.0,0
316192,Cash loans,835380.0,40320.0,F,35.0,Married,With parents,Working,135000.0,0
443579,Revolving loans,135000.0,6750.0,F,48.0,Married,House / apartment,Unemployed,45000.0,0
420423,Cash loans,450000.0,22018.5,M,39.0,Separated,House / apartment,Working,180000.0,0
336279,Cash loans,521280.0,31630.5,F,23.0,Married,House / apartment,Unemployed,135000.0,0
115844,Cash loans,225000.0,14764.5,F,25.0,Civil marriage,House / apartment,Working,112500.0,0
266034,Cash loans,343683.0,13221.0,M,45.0,Married,House / apartment,Working,135000.0,0
363006,Cash loans,1029681.0,30235.5,F,58.0,Single / not married,House / apartment,Working,157500.0,0
379763,Cash loans,640458.0,28341.0,,65.0,Widow,House / apartment,Businessman,225000.0,0
441232,Cash loans,284400.0,16456.5,,65.0,Married,House / apartment,Unemployed,90000.0,0
165768,Cash loans,157914.0,17136.0,M,28.0,Single / not married,With parents,Unemployed,112500.0,0
153532,Cash loans,584766.0,24903.0,F,46.0,Civil marriage,House / apartment,Businessman,225000.0,0
398184,Cash loans,675000.0,21906.0,M,44.0,Single / not married,House / apartment,Unemployed,180000.0,0
184463,Cash loans,1345500.0,49860.0,F,53.0,Married,House / apartment,Working,180000.0,0
420500,Cash loans,808650.0,23643.0,,59.0,Single / not married,House / apartment,Working,193500.0,0
209243,Cash loans,450000.0,30573.0,F,27.0,Single / not married,With parents,Unemployed,99000.0,1
391147,Cash loans,472500.0,46161.0,M,33.0,Married,House / apartment,Businessman,337500.0,0
134858,Cash loans,255960.0,14823.0,F,65.0,Married,House / apartment,Unemployed,103500.0,0
397286,Cash loans,439074.0,21253.5,F,47.0,Separated,House / apartment,Working,135000.0,0
130064,Cash loans,635962.5,22972.5,F,59.0,Separated,House / apartment,Unemployed,135000.0,0
422344,Cash loans,1506816.0,49927.5,M,39.0,Married,House / apartment,Businessman,2250000.0,0
302368,Cash loans,491823.0,25240.5,M,53.0,Married,House / apartment,Businessman,252000.0,0
301964,Cash loans,677664.0,49311.0,F,33.0,Single / not married,House / apartment,Businessman,292500.0,1
396975,Cash loans,254700.0,24808.5,F,68.0,Single / not married,House / apartment,Businessman,225000.0,0
372061,Cash loans,1125000.0,32895.0,M,37.0,Married,House / apartment,Working,180000.0,0
181907,Cash loans,139113.0,14890.5,M,32.0,Married,House / apartment,Unemployed,202500.0,0
128162,Cash loans,225000.0,10953.0,M,60.0,Married,House / apartment,Unemployed,45000.0,0
401460,Cash loans,889515.0,28822.5,F,45.0,Civil marriage,House / apartment,Working,166500.0,0
300124,Cash loans,179550.0,4734.0,F,23.0,Single / not married,House / apartment,Unemployed,81562.5,0
122805,Cash loans,1125000.0,59940.0,F,47.0,Married,House / apartment,Working,112500.0,0
250471,Revolving loans,157500.0,7875.0,F,52.0,Married,House / apartment,Working,180000.0,0
174684,Cash loans,675000.0,21906.0,M,35.0,Married,House / apartment,Unemployed,81000.0,0
349200,Cash loans,592560.0,35937.0,F,,Married,Office apartment,Businessman,202500.0,0
434016,Revolving loans,270000.0,13500.0,F,39.0,Civil marriage,House / apartment,Businessman,225000.0,0
448070,Cash loans,640080.0,29970.0,F,30.0,Separated,With parents,Working,157500.0,0
400286,Revolving loans,180000.0,9000.0,F,31.0,Married,Municipal apartment,Unemployed,157500.0,1
264039,Cash loans,,58477.5,F,42.0,Married,House / apartment,Businessman,315000.0,0
259147,Cash loans,376956.0,29911.5,F,44.0,Married,House / apartment,Businessman,270000.0,0
399958,Cash loans,679500.0,26946.0,F,28.0,Single / not married,House / apartment,Working,180000.0,0
395325,Cash loans,450000.0,27193.5,F,32.0,Married,House / apartment,Businessman,225000.0,0
375760,Cash loans,254700.0,14751.0,F,66.0,Married,House / apartment,Businessman,360000.0,0
127542,Cash loans,254700.0,14350.5,F,66.0,Separated,Municipal apartment,Unemployed,112500.0,0
211057,Cash loans,900000.0,31887.0,M,38.0,Married,House / apartment,Working,315000.0,0
316627,Cash loans,814041.0,28971.0,F,,Separated,House / apartment,Businessman,225000.0,0
433046,Revolving loans,270000.0,13500.0,M,22.0,Single / not married,Rented apartment,Working,180000.0,0
109116,Cash loans,480060.0,18225.0,F,54.0,Civil marriage,House / apartment,Working,112500.0,1
220662,Revolving loans,135000.0,6750.0,F,59.0,Married,House / apartment,Unemployed,67500.0,0
176691,Cash loans,251280.0,10773.0,M,50.0,Married,Municipal apartment,Unemployed,166500.0,0
295296,Revolving loans,,9000.0,,29.0,Civil marriage,House / apartment,Working,112500.0,0
132005,Cash loans,1350000.0,39604.5,F,42.0,Married,House / apartment,Businessman,225000.0,0
133443,Revolving loans,202500.0,10125.0,F,61.0,Civil marriage,House / apartment,,85500.0,0
121926,Cash loans,545040.0,19575.0,M,58.0,Married,House / apartment,Working,135000.0,0
377574,Cash loans,247275.0,17208.0,F,55.0,Married,House / apartment,Working,135000.0,0
219211,Cash loans,675000.0,29731.5,F,,Married,House / apartment,Working,112500.0,0
410791,Cash loans,586633.5,21870.0,F,47.0,Single / not married,House / apartment,Working,135000.0,0
426273,Cash loans,450000.0,30204.0,M,24.0,Married,With parents,Working,135000.0,0
340259,Cash loans,2250000.0,59485.5,M,32.0,Married,House / apartment,Working,157500.0,0
180252,Cash loans,942300.0,30528.0,F,51.0,Separated,House / apartment,Working,180000.0,0
118388,Cash loans,139500.0,9837.0,F,65.0,Married,House / apartment,Unemployed,54000.0,0
176501,Cash loans,1125000.0,31068.0,F,51.0,Married,Municipal apartment,Working,112500.0,0
178246,Cash loans,254700.0,27153.0,F,27.0,Single / not married,With parents,Unemployed,90000.0,0
447489,Cash loans,675000.0,19345.5,F,60.0,Widow,House / apartment,Businessman,234000.0,0
284226,Cash loans,288873.0,16713.0,M,39.0,Married,With parents,,112500.0,0
385607,Cash loans,85320.0,5683.5,F,50.0,Married,House / apartment,Unemployed,67500.0,0
361140,Cash loans,281493.0,15399.0,F,27.0,Married,House / apartment,Unemployed,135000.0,0
445237,Revolving loans,157500.0,7875.0,F,45.0,Married,House / apartment,Working,144000.0,0
269902,Cash loans,427500.0,15970.5,F,28.0,Married,With parents,Working,157500.0,0
317587,Cash loans,679500.0,26946.0,F,45.0,Married,House / apartment,Businessman,243000.0,0
409267,Cash loans,225000.0,25515.0,M,28.0,Married,House / apartment,Businessman,225000.0,0
203452,Cash loans,518562.0,26644.5,M,43.0,Married,House / apartment,Unemployed,90000.0,0
333809,Cash loans,1483231.5,51687.0,M,55.0,Married,House / apartment,Working,225000.0,0
226324,Revolving loans,382500.0,19125.0,F,50.0,Married,House / apartment,Businessman,202500.0,0
295036,Revolving loans,270000.0,13500.0,M,35.0,Single / not married,With parents,Working,135000.0,0
175529,Cash loans,1042560.0,34456.5,F,57.0,Married,House / apartment,Unemployed,99000.0,0
341582,Cash loans,808650.0,26086.5,F,32.0,Married,Municipal apartment,Unemployed,90000.0,0
342483,Cash loans,254700.0,14350.5,F,66.0,Widow,House / apartment,Unemployed,92250.0,0
262917,Cash loans,533304.0,20997.0,,63.0,Married,House / apartment,Unemployed,108000.0,1
257136,Cash loans,904608.0,33363.0,F,51.0,Married,House / apartment,Businessman,202500.0,0
452757,Cash loans,450000.0,23107.5,M,46.0,Married,House / apartment,Businessman,279000.0,0
226147,Revolving loans,225000.0,11250.0,F,38.0,Married,House / apartment,Working,112500.0,0
143637,Cash loans,1218555.0,84937.5,M,,Married,House / apartment,Businessman,450000.0,1
105870,Cash loans,55692.0,4909.5,F,40.0,Civil marriage,House / apartment,Working,112500.0,0
241247,Revolving loans,270000.0,13500.0,F,27.0,Single / not married,With parents,Working,135000.0,0
399960,Cash loans,855000.0,25128.0,F,59.0,Married,Co-op apartment,Working,171000.0,0
262580,Cash loans,1256400.0,36864.0,F,44.0,Married,Municipal apartment,Working,112500.0,0
453218,Cash loans,101880.0,10827.0,M,46.0,Single / not married,House / apartment,Unemployed,67500.0,0
166490,Cash loans,173092.5,16006.5,F,40.0,Separated,House / apartment,Working,225000.0,0
217723,Cash loans,178290.0,14085.0,F,26.0,Civil marriage,House / apartment,Working,112500.0,0
219966,Cash loans,1078200.0,31653.0,M,,Married,House / apartment,Working,180000.0,0
166969,Revolving loans,900000.0,45000.0,,64.0,Separated,House / apartment,Working,360000.0,0
101248,Cash loans,675000.0,26154.0,F,32.0,Married,Rented apartment,Unemployed,90000.0,0
281543,Cash loans,585000.0,56988.0,F,40.0,Married,House / apartment,Working,202500.0,0
414549,Cash loans,754740.0,20884.5,M,37.0,Single / not married,With parents,Working,180000.0,0
334673,Cash loans,1024290.0,29947.5,M,41.0,Married,House / apartment,Unemployed,135000.0,0
292422,Cash loans,553806.0,24525.0,M,,Married,House / apartment,Working,189000.0,0
404567,Cash loans,473760.0,44293.5,F,56.0,Separated,House / apartment,Working,292500.0,0
235816,Cash loans,675000.0,34465.5,M,49.0,Married,House / apartment,Businessman,202500.0,0
334477,Cash loans,528633.0,21096.0,F,58.0,Widow,House / apartment,Working,135000.0,0
419400,Revolving loans,540000.0,27000.0,M,44.0,Married,House / apartment,Businessman,270000.0,0
270908,Cash loans,450000.0,22018.5,F,64.0,Married,House / apartment,Unemployed,99000.0,0
389195,Cash loans,343377.0,19170.0,F,56.0,Civil marriage,House / apartment,Unemployed,90000.0,0
331178,Cash loans,675000.0,29731.5,F,49.0,Single / not married,House / apartment,Businessman,225000.0,0
116438,Cash loans,1183963.5,34749.0,F,54.0,Married,House / apartment,Businessman,292500.0,0
406451,Cash loans,640080.0,31261.5,M,25.0,Married,With parents,Working,180000.0,0
343932,Cash loans,497520.0,52789.5,M,31.0,Married,House / apartment,,135000.0,1
243975,Cash loans,1113399.0,47304.0,F,61.0,Married,House / apartment,Working,310500.0,0
392808,Cash loans,450000.0,24543.0,F,37.0,Single / not married,House / apartment,Businessman,225000.0,0
453531,Cash loans,1125000.0,47794.5,F,58.0,Married,House / apartment,Businessman,225000.0,0
415264,Cash loans,800500.5,34047.0,F,54.0,Widow,House / apartment,Working,135000.0,0
177738,Revolving loans,337500.0,16875.0,F,39.0,Single / not married,House / apartment,Working,112500.0,0
127195,Cash loans,136260.0,9913.5,M,57.0,Single / not married,House / apartment,Working,81000.0,0
109138,Cash loans,679500.0,36202.5,F,,Separated,With parents,Working,135000.0,0
414454,Cash loans,315000.0,15318.0,F,44.0,Married,House / apartment,Unemployed,67500.0,0
444901,Cash loans,675000.0,28377.0,M,38.0,Married,House / apartment,Unemployed,135000.0,0
410070,Cash loans,625536.0,22599.0,F,42.0,Married,House / apartment,Unemployed,76500.0,0
219936,Cash loans,675000.0,26154.0,F,27.0,Married,House / apartment,Working,135000.0,0
130439,Cash loans,663093.0,19516.5,F,44.0,Separated,Office apartment,Businessman,247500.0,0
408716,Cash loans,1546020.0,42511.5,F,62.0,Married,Municipal apartment,Unemployed,157500.0,0
414289,Cash loans,900000.0,29875.5,F,26.0,Civil marriage,House / apartment,Businessman,315000.0,0
303447,Cash loans,2013840.0,83241.0,F,58.0,Civil marriage,House / apartment,Businessman,360000.0,0
237953,Cash loans,714154.5,38871.0,F,40.0,Married,Municipal apartment,Working,157500.0,0
219562,Cash loans,391500.0,19170.0,F,36.0,Married,House / apartment,Businessman,315000.0,0
439003,Cash loans,123993.0,8136.0,F,59.0,Married,House / apartment,Working,99900.0,0
356247,Cash loans,238500.0,18841.5,M,53.0,Married,House / apartment,Working,193500.0,0
194518,Cash loans,513531.0,21888.0,M,42.0,Married,House / apartment,Unemployed,225000.0,0
144578,Cash loans,480060.0,18225.0,F,,Married,House / apartment,Working,126000.0,0
345024,Revolving loans,270000.0,13500.0,F,60.0,Married,House / apartment,Businessman,202500.0,0
373719,Cash loans,1339884.0,36846.0,F,47.0,Married,House / apartment,Working,126000.0,0
118068,Cash loans,891072.0,35338.5,M,31.0,Married,With parents,Working,135000.0,1
435705,Cash loans,1125000.0,39987.0,F,56.0,Married,House / apartment,Businessman,315000.0,0
315497,Cash loans,1494000.0,56902.5,M,40.0,Married,House / apartment,Working,225000.0,0
252357,Cash loans,747000.0,41841.0,F,,Widow,House / apartment,Businessman,234000.0,0
363074,Cash loans,545040.0,17842.5,F,30.0,Married,House / apartment,Unemployed,90000.0,0
270954,Cash loans,544491.0,20133.0,,43.0,Married,House / apartment,Working,112500.0,0
330646,Cash loans,314100.0,15241.5,F,,Widow,House / apartment,Unemployed,67500.0,0
131136,Cash loans,1735902.0,47736.0,M,38.0,Married,House / apartment,Working,270000.0,0
175996,Cash loans,568858.5,30987.0,F,23.0,Married,House / apartment,Working,135000.0,0
374257,Cash loans,1061599.5,31171.5,F,40.0,Married,House / apartment,Businessman,270000.0,0
445211,Cash loans,1080000.0,31707.0,M,33.0,Civil marriage,House / apartment,Businessman,207000.0,0
224174,Cash loans,,31095.0,M,52.0,Civil marriage,House / apartment,Unemployed,157500.0,0
387130,Cash loans,1035832.5,30415.5,F,62.0,Civil marriage,House / apartment,Unemployed,85500.0,0
411830,Cash loans,675000.0,19867.5,F,54.0,Separated,House / apartment,Unemployed,90000.0,0
252324,Cash loans,270000.0,10179.0,F,43.0,Civil marriage,House / apartment,Working,135000.0,0
263098,Cash loans,592560.0,26230.5,F,50.0,Civil marriage,Municipal apartment,Working,121500.0,0
245183,Cash loans,135000.0,14539.5,M,35.0,Single / not married,House / apartment,Working,126000.0,0
306263,Cash loans,467257.5,17743.5,F,53.0,Married,House / apartment,,202500.0,0
389754,Cash loans,808650.0,26217.0,F,59.0,Widow,House / apartment,Working,162000.0,0
270758,Cash loans,728460.0,57685.5,M,54.0,Married,House / apartment,Working,135000.0,0
326666,Cash loans,135000.0,13149.0,F,39.0,Civil marriage,House / apartment,Unemployed,85500.0,0
281517,Cash loans,1019610.0,33826.5,F,54.0,Married,With parents,Working,121500.0,0
372461,Cash loans,787131.0,26145.0,F,42.0,Married,House / apartment,Working,270000.0,1
102626,Cash loans,787131.0,26145.0,M,31.0,Married,House / apartment,Working,112500.0,0
184851,Cash loans,534204.0,28588.5,F,55.0,Married,Municipal apartment,Working,157500.0,0
317682,Cash loans,835380.0,40320.0,M,55.0,Married,House / apartment,Businessman,225000.0,0
255300,Cash loans,276277.5,21825.0,F,40.0,Civil marriage,House / apartment,Working,126000.0,0
261330,Cash loans,635962.5,22972.5,M,56.0,Married,House / apartment,Working,166500.0,1
300643,Cash loans,706410.0,68944.5,F,63.0,Married,House / apartment,Unemployed,67500.0,0
379205,Cash loans,417649.5,31356.0,F,40.0,Single / not married,House / apartment,Businessman,225000.0,0
341389,Cash loans,225000.0,10039.5,F,41.0,Single / not married,House / apartment,Unemployed,54000.0,0
409858,Cash loans,597024.0,47169.0,F,,Married,House / apartment,,337500.0,0
249576,Cash loans,1125000.0,36292.5,M,36.0,Married,House / apartment,,360000.0,0
373130,Cash loans,152820.0,7893.0,F,68.0,Single / not married,House / apartment,Unemployed,81000.0,0
388336,Cash loans,,22306.5,F,44.0,Civil marriage,Municipal apartment,Working,180000.0,0
120039,Cash loans,1300500.0,49536.0,F,,Widow,House / apartment,Unemployed,144000.0,1
273246,Revolving loans,1350000.0,67500.0,F,,Single / not married,House / apartment,Unemployed,135000.0,0
302121,Cash loans,284400.0,10345.5,F,41.0,Married,House / apartment,Working,90000.0,0
152353,Cash loans,326664.0,16807.5,F,28.0,Married,House / apartment,Working,180000.0,0
416446,Cash loans,247275.0,17338.5,F,66.0,Married,House / apartment,Unemployed,112500.0,0
454860,Cash loans,338314.5,35653.5,M,37.0,Married,House / apartment,Working,112500.0,0
323273,Cash loans,1006920.0,40063.5,F,51.0,Married,House / apartment,Working,157500.0,0
195719,Cash loans,1006920.0,40063.5,F,44.0,Married,House / apartment,Businessman,270000.0,0
308979,Cash loans,284400.0,14854.5,F,43.0,Married,House / apartment,Businessman,247500.0,0
208248,Cash loans,805536.0,32076.0,F,51.0,Separated,House / apartment,Businessman,225000.0,0
397676,Cash loans,610335.0,25785.0,F,34.0,Married,House / apartment,Unemployed,112500.0,0
382779,Cash loans,810571.5,32274.0,F,26.0,Married,Rented apartment,Businessman,202500.0,0
154306,Cash loans,145557.0,10480.5,F,51.0,Civil marriage,House / apartment,Unemployed,67500.0,0
276159,Cash loans,157914.0,15745.5,M,56.0,Married,House / apartment,Working,157500.0,0
174037,Cash loans,346968.0,27540.0,F,24.0,Single / not married,House / apartment,Unemployed,90000.0,0
136251,Cash loans,1006920.0,42790.5,F,54.0,Married,House / apartment,Working,166500.0,0
382800,Cash loans,755190.0,38686.5,M,50.0,Married,House / apartment,Businessman,450000.0,0
328631,Revolving loans,270000.0,13500.0,M,40.0,Married,House / apartment,Businessman,202500.0,0
321210,Cash loans,619254.0,24687.0,F,44.0,Married,House / apartment,Unemployed,90000.0,0
288323,Cash loans,2013840.0,53122.5,F,55.0,Married,House / apartment,Businessman,247500.0,0
126179,Cash loans,1084500.0,46080.0,M,58.0,Married,House / apartment,Unemployed,202500.0,0
429578,Cash loans,432990.0,31635.0,M,32.0,Married,House / apartment,Businessman,202500.0,0
328103,Revolving loans,270000.0,13500.0,M,62.0,Single / not married,House / apartment,Unemployed,81000.0,0
395597,Cash loans,396706.5,31342.5,M,32.0,Single / not married,House / apartment,Businessman,270000.0,0
394002,Cash loans,450000.0,21888.0,M,26.0,Single / not married,With parents,Working,157500.0,0
276991,Cash loans,1350000.0,39474.0,,63.0,Married,Rented apartment,Working,180000.0,0
254551,Cash loans,,53226.0,M,56.0,Married,House / apartment,Working,189000.0,0
298590,Cash loans,260640.0,20898.0,M,29.0,Married,House / apartment,Working,112500.0,0
344405,Cash loans,497520.0,39438.0,F,43.0,Married,House / apartment,Working,126000.0,0
317680,Cash loans,443088.0,35653.5,M,23.0,Single / not married,With parents,Working,157500.0,0
400579,Cash loans,225000.0,12204.0,F,32.0,Married,House / apartment,Working,121500.0,0
262823,Cash loans,359725.5,16897.5,M,54.0,Single / not married,House / apartment,Businessman,202500.0,0
401242,Cash loans,770292.0,32764.5,F,40.0,Married,House / apartment,Unemployed,121500.0,0
349692,Cash loans,672453.0,35955.0,F,38.0,Civil marriage,House / apartment,Working,180000.0,0
431836,Cash loans,689742.0,33313.5,M,,Civil marriage,House / apartment,Working,112500.0,0
417566,Cash loans,651816.0,23539.5,M,36.0,Married,House / apartment,Working,180000.0,0
452460,Cash loans,450000.0,30442.5,F,35.0,Married,House / apartment,Unemployed,108000.0,0
233998,Cash loans,1042560.0,58347.0,M,48.0,Married,House / apartment,Businessman,360000.0,0
143343,Cash loans,180000.0,6916.5,F,25.0,Civil marriage,House / apartment,Working,72000.0,0
244073,Revolving loans,157500.0,7875.0,F,48.0,Married,House / apartment,Unemployed,36000.0,0
139406,Cash loans,299772.0,14103.0,F,43.0,Married,House / apartment,Businessman,270000.0,0
407182,Cash loans,352044.0,13401.0,F,54.0,Widow,House / apartment,Unemployed,76500.0,0
409614,Cash loans,571486.5,29308.5,M,56.0,Married,Office apartment,Businessman,202500.0,0
396126,Cash loans,696150.0,29623.5,M,57.0,Married,House / apartment,Unemployed,67500.0,1
261008,Cash loans,722394.0,21249.0,M,,Single / not married,House / apartment,Working,225000.0,0
312204,Revolving loans,270000.0,13500.0,F,22.0,Married,House / apartment,Businessman,247500.0,0
443128,Cash loans,524403.0,48226.5,M,43.0,Married,House / apartment,Working,180000.0,0
130701,Revolving loans,675000.0,33750.0,F,44.0,Married,House / apartment,Businessman,270000.0,0
279478,Cash loans,135000.0,6696.0,M,33.0,Single / not married,With parents,Businessman,256500.0,0
207565,Cash loans,550980.0,40221.0,M,45.0,Single / not married,House / apartment,Working,202500.0,0
118361,Cash loans,743031.0,37872.0,M,41.0,Married,House / apartment,Working,135000.0,0
141491,Cash loans,1125000.0,47794.5,F,53.0,Married,House / apartment,Working,157500.0,0
415905,Cash loans,76500.0,7582.5,F,59.0,Civil marriage,House / apartment,Unemployed,67500.0,0
454259,Cash loans,182286.0,17887.5,M,62.0,Single / not married,House / apartment,Unemployed,108000.0,0
199518,Cash loans,93829.5,10741.5,M,44.0,Separated,House / apartment,Working,144000.0,0
126477,Cash loans,490536.0,23989.5,M,51.0,Married,House / apartment,Working,135000.0,1
298428,Cash loans,95940.0,9828.0,F,59.0,Civil marriage,House / apartment,Unemployed,40500.0,0
383564,Cash loans,143910.0,14364.0,M,56.0,Married,House / apartment,Working,90000.0,0
354581,Cash loans,439074.0,23949.0,M,52.0,Separated,Municipal apartment,Businessman,202500.0,0
246186,Cash loans,125361.0,10035.0,F,35.0,Married,Municipal apartment,Businessman,270000.0,0
218514,Cash loans,835380.0,35523.0,F,,Married,House / apartment,Unemployed,90000.0,0
263874,Cash loans,364896.0,28957.5,F,62.0,Separated,House / apartment,Businessman,396000.0,0
234601,Cash loans,227520.0,8707.5,F,51.0,Separated,House / apartment,Unemployed,90000.0,0
363721,Cash loans,1255680.0,41629.5,M,43.0,Married,Co-op apartment,Unemployed,157500.0,0
304329,Cash loans,225000.0,10944.0,F,24.0,Married,House / apartment,Unemployed,76500.0,0
212804,Cash loans,276277.5,11835.0,M,60.0,Married,Municipal apartment,Working,1575000.0,0
373383,Cash loans,808650.0,26217.0,F,53.0,Single / not married,Rented apartment,Working,126000.0,0
452130,Cash loans,610335.0,22050.0,M,45.0,Married,House / apartment,Businessman,225000.0,0
163125,Cash loans,592560.0,36139.5,M,46.0,Single / not married,House / apartment,Working,135000.0,0
358973,Cash loans,808650.0,31333.5,M,,Married,Municipal apartment,Working,135000.0,0
424444,Cash loans,198000.0,15772.5,F,53.0,Married,House / apartment,Working,90000.0,0
327669,Cash loans,284400.0,16456.5,F,,Separated,House / apartment,Working,157500.0,0
178483,Cash loans,247275.0,17338.5,F,64.0,Widow,House / apartment,Working,135000.0,0
265871,Cash loans,913500.0,38835.0,F,54.0,Married,House / apartment,Businessman,292500.0,1
111226,Cash loans,447768.0,29920.5,F,25.0,Single / not married,House / apartment,Businessman,225000.0,0
178405,Cash loans,297130.5,18085.5,F,55.0,Separated,House / apartment,Working,135000.0,0
160835,Cash loans,414229.5,20277.0,F,,Married,House / apartment,Unemployed,157500.0,0
206958,Revolving loans,270000.0,13500.0,F,41.0,Married,House / apartment,Working,112500.0,0
269336,Cash loans,719860.5,50229.0,F,32.0,Married,House / apartment,Working,166500.0,0
323954,Cash loans,283500.0,15507.0,F,27.0,Separated,House / apartment,Working,112500.0,0
267140,Cash loans,1350000.0,37255.5,M,60.0,Married,House / apartment,Working,180000.0,0
256442,Revolving loans,180000.0,9000.0,M,24.0,Single / not married,House / apartment,Working,157500.0,0
334443,Cash loans,592560.0,31023.0,F,31.0,Single / not married,With parents,Working,126000.0,0
301475,Cash loans,553806.0,26770.5,M,58.0,Widow,House / apartment,Businessman,225000.0,1
185530,Cash loans,188685.0,13261.5,F,53.0,Married,House / apartment,Working,112500.0,0
189053,Cash loans,,10944.0,F,39.0,Civil marriage,House / apartment,,94500.0,0
389992,Cash loans,701730.0,72036.0,M,46.0,Married,House / apartment,Businessman,450000.0,0
297193,Cash loans,448056.0,21919.5,F,43.0,Married,House / apartment,Working,90000.0,0
435008,Cash loans,808650.0,23773.5,F,63.0,Widow,House / apartment,Working,112500.0,0
131401,Revolving loans,,20250.0,F,60.0,Separated,House / apartment,Working,135000.0,0
366906,Cash loans,450000.0,29299.5,M,28.0,Married,House / apartment,Businessman,225000.0,0
342560,Cash loans,931617.0,50670.0,M,41.0,Married,House / apartment,Unemployed,135000.0,0
366032,Cash loans,142200.0,9630.0,F,60.0,Married,House / apartment,Unemployed,67500.0,0
359507,Cash loans,855000.0,22684.5,M,25.0,Civil marriage,House / apartment,,270000.0,0
447397,Cash loans,689742.0,30510.0,F,65.0,Single / not married,House / apartment,Working,166500.0,0
126829,Cash loans,490495.5,28287.0,F,55.0,Widow,House / apartment,Working,135000.0,0
216635,Cash loans,900000.0,29875.5,M,34.0,Married,House / apartment,Working,135000.0,0
357201,Cash loans,327024.0,16033.5,M,44.0,Married,House / apartment,Unemployed,112500.0,0
360455,Revolving loans,810000.0,40500.0,,30.0,Single / not married,With parents,Businessman,283500.0,0
255684,Cash loans,863226.0,36702.0,F,53.0,Married,House / apartment,Working,157500.0,0
182076,Cash loans,382500.0,18531.0,M,,Single / not married,With parents,Working,180000.0,0
261174,Cash loans,1288350.0,41692.5,F,,Married,House / apartment,Working,495000.0,0
405895,Cash loans,76410.0,9198.0,M,26.0,Married,House / apartment,Unemployed,90000.0,0
315900,Cash loans,343800.0,10791.0,F,53.0,Separated,With parents,Working,135000.0,0
423865,Cash loans,1058148.0,47947.5,F,30.0,Married,House / apartment,Working,112500.0,1
291577,Cash loans,526491.0,33777.0,M,32.0,Married,House / apartment,,180000.0,0
287364,Cash loans,270000.0,21460.5,M,43.0,Civil marriage,House / apartment,Businessman,225000.0,1
322438,Cash loans,560664.0,15417.0,F,36.0,Single / not married,House / apartment,Working,157500.0,0
332081,Cash loans,781920.0,40054.5,F,41.0,Married,House / apartment,Working,171000.0,0
272756,Cash loans,553806.0,24525.0,M,61.0,Married,House / apartment,Businessman,225000.0,1
117510,Cash loans,230256.0,27324.0,M,23.0,Civil marriage,House / apartment,Working,180000.0,0
151207,Cash loans,225000.0,11488.5,F,39.0,Married,House / apartment,Working,126000.0,0
150516,Cash loans,1144606.5,35937.0,F,64.0,Civil marriage,House / apartment,Unemployed,90000.0,0
138056,Cash loans,522396.0,41404.5,F,32.0,Married,House / apartment,Unemployed,157500.0,0
285508,Cash loans,900000.0,46084.5,M,33.0,Married,House / apartment,Businessman,225000.0,0
140017,Cash loans,284400.0,8752.5,M,65.0,Married,House / apartment,Unemployed,63000.0,0
104530,Cash loans,1528200.0,53118.0,,,Married,House / apartment,Working,112500.0,0
272305,Cash loans,220032.0,8293.5,M,64.0,Married,House / apartment,Working,135000.0,0
248010,Cash loans,582228.0,18909.0,M,45.0,Married,House / apartment,Unemployed,90000.0,0
309165,Cash loans,1011955.5,42876.0,F,52.0,Married,House / apartment,Businessman,225000.0,0
310367,Cash loans,225000.0,13896.0,F,66.0,Married,House / apartment,Working,112500.0,0
196008,Cash loans,161730.0,13095.0,M,65.0,Married,House / apartment,Working,166500.0,0
117145,Cash loans,450000.0,29533.5,M,27.0,Married,With parents,Businessman,207000.0,0
290706,Cash loans,900000.0,26446.5,F,42.0,Married,House / apartment,Businessman,292500.0,0
273731,Cash loans,900000.0,38263.5,F,57.0,Married,House / apartment,Working,112500.0,0
451324,Cash loans,193572.0,20457.0,F,33.0,Single / not married,House / apartment,Working,180000.0,0
116183,Cash loans,723996.0,34960.5,M,38.0,Married,Rented apartment,Businessman,225000.0,0
299736,Cash loans,1129500.0,31059.0,F,40.0,Married,House / apartment,Working,166500.0,0
319366,Revolving loans,337500.0,16875.0,F,47.0,Married,House / apartment,Working,135000.0,0
344277,Cash loans,808650.0,29839.5,F,29.0,Married,House / apartment,Businessman,202500.0,0
115541,Cash loans,497520.0,32391.0,,26.0,Married,House / apartment,Working,112500.0,0
221125,Revolving loans,1350000.0,67500.0,M,37.0,Married,House / apartment,,675000.0,0
382919,Revolving loans,180000.0,9000.0,F,54.0,Married,House / apartment,Working,112500.0,0
270443,Cash loans,900000.0,31887.0,M,,Married,House / apartment,Working,157500.0,0
220052,Cash loans,536917.5,16407.0,F,56.0,Married,House / apartment,Unemployed,90000.0,0
405762,Cash loans,314100.0,16164.0,F,49.0,Married,House / apartment,Unemployed,85500.0,0
113080,Cash loans,781920.0,25969.5,F,61.0,Civil marriage,House / apartment,Unemployed,81000.0,0
218866,Cash loans,673875.0,21735.0,M,62.0,Married,House / apartment,Working,135000.0,0
214604,Cash loans,495000.0,26370.0,F,48.0,Single / not married,House / apartment,Working,135000.0,0
182673,Cash loans,1339884.0,39307.5,F,49.0,Married,House / apartment,Businessman,387000.0,0
403075,Cash loans,80865.0,6480.0,F,23.0,Married,House / apartment,Unemployed,45000.0,0
361287,Cash loans,226422.0,13810.5,F,63.0,Widow,House / apartment,Working,171000.0,0
385808,Revolving loans,180000.0,9000.0,F,22.0,Single / not married,House / apartment,Unemployed,67500.0,0
255129,Cash loans,314055.0,13963.5,F,59.0,Married,House / apartment,Unemployed,49500.0,0
334444,Cash loans,1046142.0,27724.5,M,47.0,Married,House / apartment,Businessman,270000.0,0
431749,Cash loans,101880.0,10053.0,M,51.0,Married,House / apartment,Working,112500.0,0
379669,Cash loans,566055.0,16681.5,F,63.0,Married,House / apartment,Unemployed,51300.0,0
116758,Cash loans,571446.0,15844.5,M,55.0,Married,House / apartment,Working,135000.0,0
144988,Cash loans,360000.0,22023.0,F,51.0,Married,House / apartment,Businessman,675000.0,0
342056,Cash loans,1164667.5,34051.5,F,,Widow,House / apartment,Businessman,219150.0,0
131085,Cash loans,545040.0,36553.5,F,29.0,Single / not married,House / apartment,Unemployed,180000.0,0
240858,Cash loans,545040.0,20677.5,F,54.0,Married,House / apartment,Working,112500.0,0
134238,Cash loans,170640.0,6561.0,M,55.0,Single / not married,House / apartment,Unemployed,112500.0,1
394166,Cash loans,1298655.0,35842.5,F,32.0,Married,House / apartment,Businessman,234000.0,0
309631,Cash loans,873261.0,65290.5,F,40.0,Married,House / apartment,Businessman,202500.0,0
193213,Cash loans,545040.0,26509.5,F,37.0,Married,House / apartment,Unemployed,67500.0,0
230690,Cash loans,545040.0,25537.5,M,34.0,Married,With parents,Working,135000.0,0
417662,Cash loans,142632.0,14238.0,F,67.0,Separated,House / apartment,Unemployed,112500.0,0
223767,Cash loans,540000.0,17550.0,F,43.0,Married,House / apartment,,112500.0,0
154002,Cash loans,450000.0,20979.0,F,25.0,Single / not married,House / apartment,Businessman,360000.0,0
455843,Cash loans,292500.0,18823.5,M,59.0,Married,House / apartment,Unemployed,85500.0,0
449202,Cash loans,1190340.0,63549.0,M,50.0,Married,House / apartment,Working,450000.0,0
293653,Cash loans,314100.0,12420.0,F,60.0,Widow,Municipal apartment,Unemployed,90000.0,0
380024,Cash loans,,34002.0,F,35.0,Single / not married,House / apartment,Working,180000.0,0
216434,Cash loans,1125000.0,36423.0,M,38.0,Married,House / apartment,Working,135000.0,0
217640,Cash loans,276903.0,21559.5,F,47.0,Married,House / apartment,Working,157500.0,0
300760,Cash loans,381528.0,17914.5,M,51.0,Separated,House / apartment,Working,157500.0,0
232861,Cash loans,553806.0,28404.0,F,61.0,Married,House / apartment,Working,31500.0,0
294474,Cash loans,497520.0,33246.0,F,35.0,Single / not married,Rented apartment,Unemployed,144000.0,1
408081,Cash loans,1052262.0,58887.0,F,65.0,Widow,House / apartment,Working,315000.0,0
187771,Cash loans,573628.5,26712.0,M,,Married,House / apartment,Working,112500.0,0
273480,Cash loans,1078200.0,31522.5,F,54.0,Single / not married,House / apartment,Working,202500.0,0
403235,Cash loans,296280.0,19062.0,M,47.0,Separated,House / apartment,Unemployed,126000.0,0
169021,Cash loans,314100.0,16573.5,F,35.0,Married,House / apartment,Unemployed,76500.0,1
260679,Cash loans,900000.0,38263.5,F,55.0,Widow,House / apartment,Unemployed,189000.0,0
194440,Cash loans,1293502.5,41854.5,F,33.0,Married,House / apartment,Unemployed,108000.0,0
357875,Cash loans,396171.0,25614.0,F,39.0,Married,House / apartment,Working,135000.0,0
439545,Cash loans,755190.0,32125.5,F,53.0,Married,House / apartment,Unemployed,90000.0,0
161275,Cash loans,900000.0,26446.5,M,49.0,Married,House / apartment,Working,270000.0,0
299056,Cash loans,254700.0,27153.0,M,30.0,Separated,House / apartment,Businessman,270000.0,0
267660,Cash loans,884124.0,25848.0,F,,Married,House / apartment,Working,157500.0,0
339908,Cash loans,900000.0,29034.0,M,54.0,Married,House / apartment,Working,157500.0,0
236540,Cash loans,301095.0,21082.5,F,63.0,Married,House / apartment,Unemployed,67500.0,0
179593,Cash loans,229500.0,11160.0,M,51.0,Civil marriage,House / apartment,Working,157500.0,0
304705,Cash loans,720000.0,23224.5,F,29.0,Married,House / apartment,Businessman,292500.0,0
434712,Cash loans,862560.0,25348.5,F,55.0,Single / not married,House / apartment,Unemployed,180000.0,0
221769,Cash loans,184500.0,8257.5,M,29.0,Separated,With parents,Unemployed,135000.0,0
178186,Cash loans,450000.0,23107.5,M,35.0,Married,House / apartment,Working,369000.0,0
207225,Cash loans,167076.0,13522.5,F,40.0,Married,Municipal apartment,,135000.0,0
343404,Cash loans,675000.0,34596.0,M,33.0,Married,House / apartment,Working,112500.0,0
134949,Cash loans,900000.0,26446.5,M,39.0,Married,House / apartment,Unemployed,112500.0,0
310900,Revolving loans,135000.0,6750.0,M,29.0,Separated,With parents,Businessman,225000.0,0
450167,Cash loans,513531.0,24835.5,F,36.0,Civil marriage,House / apartment,Unemployed,90000.0,0
171612,Cash loans,553806.0,30172.5,F,39.0,Civil marriage,House / apartment,Working,112500.0,0
241879,Cash loans,1285569.0,66694.5,F,60.0,Married,House / apartment,Businessman,281250.0,0
445481,Cash loans,675000.0,32602.5,M,46.0,Married,House / apartment,Unemployed,112500.0,0
337342,Cash loans,454500.0,23337.0,,46.0,Single / not married,House / apartment,Working,202500.0,0
344847,Cash loans,2463840.0,74700.0,F,61.0,Married,House / apartment,Businessman,225000.0,0
421951,Cash loans,405000.0,20677.5,M,47.0,Married,Office apartment,Unemployed,90000.0,0
384072,Cash loans,760225.5,30280.5,F,44.0,Single / not married,House / apartment,Working,157500.0,0
261589,Cash loans,384048.0,13923.0,,56.0,Civil marriage,House / apartment,Working,81000.0,0
168555,Cash loans,309420.0,14553.0,M,60.0,Married,House / apartment,Unemployed,135000.0,0
377353,Cash loans,945000.0,27760.5,F,54.0,Married,House / apartment,Unemployed,81000.0,0
298693,Cash loans,536917.5,19413.0,F,38.0,Married,House / apartment,Unemployed,112500.0,0
254215,Revolving loans,247500.0,12375.0,F,52.0,Married,House / apartment,,112500.0,0
259806,Cash loans,276277.5,13419.0,M,57.0,Married,House / apartment,Working,112500.0,0
228886,Cash loans,1042560.0,34587.0,F,53.0,Married,House / apartment,Working,157500.0,0
243922,Cash loans,315000.0,17086.5,F,28.0,Single / not married,Co-op apartment,Unemployed,90000.0,0
363165,Cash loans,540000.0,21811.5,M,39.0,Married,House / apartment,Working,112500.0,0
215937,Cash loans,675000.0,32602.5,M,62.0,Married,House / apartment,Working,108000.0,0
245403,Cash loans,945000.0,24925.5,F,58.0,Married,House / apartment,Working,135000.0,0
237703,Cash loans,135000.0,10728.0,F,,Separated,House / apartment,Working,180000.0,0
405825,Cash loans,855000.0,25128.0,M,43.0,Married,House / apartment,Unemployed,157500.0,0
100748,Cash loans,270000.0,14778.0,F,45.0,Married,House / apartment,Unemployed,103500.0,0
274242,Cash loans,315000.0,16132.5,F,31.0,Married,House / apartment,Working,112500.0,0
425410,Cash loans,130810.5,10462.5,F,38.0,Married,Municipal apartment,Working,135000.0,0
313220,Cash loans,388512.0,30195.0,M,25.0,Civil marriage,House / apartment,,135000.0,0
137252,Cash loans,225000.0,12204.0,F,33.0,Married,House / apartment,,90000.0,0
270138,Cash loans,1339146.0,43330.5,M,46.0,Married,House / apartment,Businessman,202500.0,0
265070,Cash loans,995598.0,94662.0,F,53.0,Married,House / apartment,Working,252000.0,0
216668,Cash loans,345645.0,16240.5,M,38.0,Married,House / apartment,Working,112500.0,0
249070,Cash loans,397881.0,15129.0,F,49.0,Married,House / apartment,Working,135000.0,0
163145,Cash loans,405000.0,10683.0,F,40.0,Civil marriage,House / apartment,Working,135000.0,0
246409,Revolving loans,247500.0,12375.0,F,27.0,Married,Rented apartment,Unemployed,90000.0,0
309062,Cash loans,1129500.0,47983.5,F,38.0,Married,House / apartment,Unemployed,135000.0,0
215260,Cash loans,450000.0,30573.0,F,36.0,Married,House / apartment,Unemployed,90000.0,0
210634,Cash loans,420718.5,18661.5,F,31.0,Single / not married,House / apartment,Businessman,225000.0,0
301368,Revolving loans,202500.0,10125.0,F,42.0,Separated,House / apartment,Unemployed,67500.0,0
279982,Cash loans,225000.0,11074.5,M,26.0,Single / not married,Rented apartment,Unemployed,90000.0,0
262109,Cash loans,206280.0,10161.0,M,36.0,Single / not married,House / apartment,Unemployed,45000.0,1
195595,Cash loans,284400.0,20740.5,F,28.0,Married,House / apartment,Unemployed,157500.0,0
119531,Cash loans,337923.0,10737.0,F,25.0,Separated,House / apartment,Unemployed,90000.0,0
450729,Cash loans,152820.0,8662.5,F,65.0,Widow,House / apartment,,135000.0,0
348007,Cash loans,604152.0,29196.0,F,28.0,Married,House / apartment,Working,157500.0,0
239871,Cash loans,545040.0,20677.5,F,29.0,Civil marriage,House / apartment,Businessman,243000.0,0
337720,Cash loans,348264.0,21433.5,F,54.0,Married,House / apartment,Working,112500.0,0
372910,Cash loans,225000.0,22252.5,F,69.0,Single / not married,House / apartment,Working,112500.0,0
187970,Cash loans,1205896.5,35388.0,F,45.0,Married,House / apartment,Working,135000.0,0
237123,Revolving loans,180000.0,9000.0,M,25.0,Married,House / apartment,Businessman,225000.0,0
416010,Cash loans,848745.0,46174.5,M,31.0,Married,House / apartment,Businessman,225000.0,0
333357,Cash loans,219042.0,17433.0,,32.0,Married,House / apartment,Unemployed,73350.0,0
258240,Cash loans,472500.0,26514.0,F,,Single / not married,House / apartment,Working,112500.0,0
338058,Cash loans,,13963.5,M,44.0,Civil marriage,House / apartment,Working,135000.0,0
367686,Cash loans,450000.0,13774.5,M,49.0,Married,House / apartment,Unemployed,112500.0,0
239883,Revolving loans,180000.0,9000.0,M,46.0,Married,House / apartment,Unemployed,90000.0,0
122823,Cash loans,409500.0,21438.0,F,52.0,Married,House / apartment,Unemployed,180000.0,0
266327,Cash loans,180000.0,9895.5,M,39.0,Married,House / apartment,Unemployed,76500.0,0
365977,Cash loans,295254.0,13135.5,F,50.0,Widow,House / apartment,Businessman,202500.0,0
449665,Revolving loans,157500.0,7875.0,F,41.0,Separated,House / apartment,Working,157500.0,0
379323,Revolving loans,247500.0,12375.0,F,29.0,Single / not married,House / apartment,Unemployed,94500.0,0
323385,Cash loans,288873.0,21064.5,F,51.0,Married,House / apartment,Working,175500.0,0
184634,Cash loans,545040.0,28894.5,M,29.0,Married,House / apartment,Businessman,202500.0,0
106560,Cash loans,1748304.0,95935.5,F,37.0,Single / not married,House / apartment,Businessman,337500.0,0
309223,Cash loans,188685.0,9760.5,F,46.0,Married,House / apartment,Businessman,210600.0,0
115083,Cash loans,797557.5,31167.0,M,,Married,Co-op apartment,Businessman,225000.0,1
287200,Cash loans,490495.5,31347.0,F,,Married,House / apartment,Unemployed,117000.0,0
266645,Revolving loans,360000.0,18000.0,M,41.0,Single / not married,House / apartment,Working,180000.0,0
227609,Cash loans,384048.0,18810.0,M,38.0,Single / not married,House / apartment,Working,112500.0,0
410692,Cash loans,375322.5,22810.5,M,33.0,Married,House / apartment,Businessman,225000.0,1
320251,Cash loans,518562.0,22099.5,M,59.0,Single / not married,House / apartment,Working,180000.0,0
430036,Revolving loans,180000.0,9000.0,M,37.0,Single / not married,House / apartment,Unemployed,60750.0,0
369278,Cash loans,1009566.0,36391.5,F,55.0,Married,House / apartment,Unemployed,108000.0,0
364597,Cash loans,679500.0,64647.0,F,48.0,Married,House / apartment,Working,180090.0,0
330007,Cash loans,584766.0,28260.0,M,41.0,Married,House / apartment,Working,157500.0,0
200279,Cash loans,81000.0,8505.0,F,23.0,Single / not married,House / apartment,Unemployed,90000.0,0
220953,Cash loans,272578.5,21663.0,M,30.0,Married,House / apartment,Working,112500.0,1
356971,Cash loans,254700.0,30357.0,M,65.0,Married,House / apartment,Unemployed,121500.0,0
309788,Revolving loans,382500.0,19125.0,F,43.0,Widow,House / apartment,Working,135000.0,0
317444,Cash loans,538704.0,23859.0,F,53.0,Married,House / apartment,Businessman,202500.0,0
261128,Cash loans,454500.0,44406.0,M,39.0,Married,House / apartment,Unemployed,90000.0,0
245288,Cash loans,,26217.0,F,38.0,Married,House / apartment,Businessman,202500.0,0
409315,Revolving loans,585000.0,29250.0,F,43.0,Married,House / apartment,Businessman,360000.0,0
168196,Cash loans,405000.0,22099.5,F,49.0,Married,House / apartment,Unemployed,90000.0,0
219228,Cash loans,1132573.5,37561.5,F,58.0,Single / not married,House / apartment,Working,148500.0,0
365705,Cash loans,834048.0,27562.5,F,35.0,Married,House / apartment,Working,119250.0,0
161098,Cash loans,1336500.0,56623.5,M,62.0,Single / not married,House / apartment,Businessman,432000.0,0
145042,Cash loans,493497.0,48204.0,M,40.0,Married,House / apartment,Businessman,225000.0,0
328779,Revolving loans,202500.0,10125.0,M,36.0,Single / not married,House / apartment,Unemployed,67500.0,1
231063,Cash loans,148500.0,10557.0,F,37.0,Civil marriage,House / apartment,Working,112500.0,0
420684,Cash loans,675000.0,26770.5,F,50.0,Married,House / apartment,Working,112500.0,0
121942,Cash loans,1046142.0,33876.0,F,38.0,Single / not married,House / apartment,Working,225000.0,0
161099,Cash loans,1546020.0,45333.0,M,52.0,Married,House / apartment,Working,130500.0,0
356549,Cash loans,,26316.0,F,33.0,Married,House / apartment,Unemployed,108000.0,0
378464,Cash loans,277969.5,18706.5,M,42.0,Civil marriage,House / apartment,Working,180000.0,0
243804,Cash loans,998010.0,69588.0,F,35.0,Single / not married,House / apartment,Businessman,247500.0,0
387182,Revolving loans,315000.0,15750.0,M,43.0,Civil marriage,House / apartment,,247500.0,0
323766,Cash loans,337761.0,17374.5,F,49.0,Married,With parents,Working,135000.0,0
322527,Cash loans,1913148.0,50598.0,F,60.0,Married,House / apartment,Working,184500.0,0
446072,Cash loans,215865.0,21159.0,F,66.0,Married,House / apartment,Working,90000.0,0
204646,Cash loans,61128.0,6417.0,M,48.0,Married,House / apartment,Working,193500.0,0
169526,Cash loans,376920.0,20574.0,M,29.0,Married,House / apartment,Businessman,202500.0,0
164050,Cash loans,203760.0,24309.0,M,29.0,Married,House / apartment,Businessman,270000.0,0
224906,Cash loans,948582.0,27864.0,F,35.0,Married,House / apartment,Unemployed,90000.0,0
306276,Cash loans,359725.5,18756.0,M,44.0,Married,House / apartment,Working,184500.0,0
411143,Cash loans,254700.0,17149.5,F,43.0,Married,Municipal apartment,Unemployed,54000.0,1
127716,Cash loans,71955.0,7137.0,M,53.0,Married,House / apartment,Working,121500.0,0
113260,Cash loans,50940.0,3402.0,F,63.0,Married,House / apartment,Unemployed,63000.0,0
337932,Cash loans,192874.5,13554.0,F,66.0,Widow,House / apartment,Working,135000.0,0
273086,Cash loans,1080000.0,29700.0,M,40.0,Single / not married,House / apartment,Working,121360.5,0
411726,Cash loans,161730.0,12829.5,M,26.0,Single / not married,With parents,Working,337500.0,0
344158,Cash loans,462694.5,45202.5,F,58.0,Civil marriage,House / apartment,Working,157500.0,0
152734,Cash loans,454500.0,19386.0,F,31.0,Married,With parents,Unemployed,67500.0,0
163650,Cash loans,1125000.0,33025.5,M,51.0,Married,House / apartment,Working,189000.0,0
359498,Cash loans,765000.0,40756.5,F,30.0,Married,House / apartment,Businessman,270000.0,0
128020,Cash loans,474048.0,24331.5,F,27.0,Married,House / apartment,Unemployed,90000.0,0
352831,Cash loans,332946.0,17127.0,M,42.0,Single / not married,Rented apartment,Working,135000.0,0
357706,Cash loans,455040.0,13041.0,F,47.0,Single / not married,House / apartment,Businessman,243000.0,0
312456,Cash loans,735579.0,40032.0,F,49.0,Married,House / apartment,Working,180000.0,1
106289,Cash loans,359685.0,15237.0,F,57.0,Married,House / apartment,Unemployed,33300.0,0
277508,Cash loans,1211049.0,35541.0,M,45.0,Married,House / apartment,Working,472500.0,0
437112,Revolving loans,427500.0,21375.0,M,39.0,Married,House / apartment,Businessman,450000.0,0
198371,Cash loans,552555.0,29569.5,F,58.0,Married,House / apartment,Working,148500.0,0
256537,Revolving loans,180000.0,9000.0,F,34.0,Married,House / apartment,Unemployed,103500.0,0
162381,Cash loans,337761.0,20538.0,M,49.0,Married,House / apartment,Working,180000.0,0
213405,Revolving loans,135000.0,6750.0,F,55.0,Separated,House / apartment,Unemployed,112500.0,0
185761,Cash loans,1293502.5,37948.5,M,35.0,Civil marriage,House / apartment,Working,180000.0,0
265880,Cash loans,933030.0,33642.0,F,36.0,Married,House / apartment,Working,162000.0,0
304839,Revolving loans,135000.0,6750.0,F,56.0,Married,House / apartment,Working,67500.0,0
124582,Cash loans,225000.0,12114.0,F,59.0,Single / not married,House / apartment,Unemployed,90000.0,0
391314,Cash loans,485640.0,38133.0,F,34.0,Civil marriage,House / apartment,Working,225000.0,0
455942,Cash loans,389844.0,20034.0,F,22.0,Single / not married,With parents,Unemployed,202500.0,0
292144,Cash loans,,43299.0,F,51.0,Separated,House / apartment,Working,144000.0,0
384674,Cash loans,500211.0,30730.5,M,32.0,Married,House / apartment,Working,315000.0,0
104617,Cash loans,790830.0,62613.0,M,30.0,Married,House / apartment,Businessman,360000.0,0
331206,Cash loans,360000.0,24187.5,F,39.0,Separated,House / apartment,Working,112500.0,0
372458,Cash loans,1125000.0,47664.0,F,64.0,Separated,House / apartment,Working,225000.0,0
160363,Cash loans,474183.0,22234.5,M,61.0,Married,House / apartment,Working,148500.0,0
101688,Cash loans,728460.0,38214.0,F,68.0,Widow,House / apartment,Unemployed,90000.0,0
183002,Cash loans,1006920.0,67563.0,F,38.0,Married,With parents,Working,157500.0,0
242757,Cash loans,,11866.5,F,60.0,Single / not married,House / apartment,Unemployed,90000.0,0
249006,Cash loans,1051294.5,30870.0,F,48.0,Married,House / apartment,Working,180000.0,0
181601,Cash loans,312768.0,13378.5,M,61.0,Married,House / apartment,,126000.0,0
231623,Cash loans,1030680.0,65997.0,F,40.0,Married,House / apartment,Unemployed,135000.0,0
440781,Cash loans,245268.0,17977.5,M,52.0,Married,House / apartment,Working,135000.0,1
287430,Cash loans,1113840.0,47322.0,F,47.0,Widow,House / apartment,Businessman,315000.0,1
219871,Cash loans,,59301.0,M,56.0,Married,House / apartment,Working,180000.0,0
390121,Cash loans,291915.0,12496.5,F,57.0,Separated,House / apartment,Unemployed,90000.0,0
286575,Cash loans,669600.0,29623.5,M,51.0,Married,House / apartment,Working,135000.0,0
340790,Cash loans,1024740.0,52452.0,M,36.0,Married,House / apartment,,225000.0,0
119477,Revolving loans,202500.0,10125.0,F,56.0,Married,House / apartment,Working,112500.0,0
398421,Cash loans,1009566.0,33493.5,F,53.0,Single / not married,House / apartment,Businessman,225000.0,0
413835,Cash loans,254700.0,27153.0,M,46.0,Married,House / apartment,Businessman,225000.0,0
246754,Cash loans,265851.0,18630.0,F,51.0,Married,House / apartment,Unemployed,81000.0,0
194875,Cash loans,607041.0,28260.0,M,40.0,Married,House / apartment,Working,225000.0,0
140072,Cash loans,473661.0,22212.0,F,41.0,Single / not married,House / apartment,Unemployed,112500.0,0
204555,Cash loans,675000.0,19867.5,F,53.0,Married,House / apartment,Unemployed,76500.0,0
138077,Cash loans,1350000.0,72058.5,F,32.0,Married,Rented apartment,Unemployed,247500.0,0
112243,Cash loans,922500.0,30618.0,F,45.0,Married,House / apartment,Working,171000.0,0
418836,Cash loans,315000.0,16083.0,F,31.0,Married,House / apartment,Working,126000.0,0
299362,Cash loans,900000.0,26446.5,M,45.0,Married,House / apartment,,157500.0,0
349169,Revolving loans,180000.0,9000.0,M,30.0,Married,House / apartment,Businessman,225000.0,1
227105,Cash loans,258709.5,14980.5,F,53.0,Separated,House / apartment,Working,175500.0,0
245606,Cash loans,269550.0,14242.5,F,54.0,Married,House / apartment,Unemployed,32400.0,1
170315,Cash loans,463626.0,22432.5,F,57.0,Married,House / apartment,Unemployed,100350.0,0
110678,Cash loans,227520.0,13189.5,,67.0,Married,House / apartment,Working,103500.0,0
380475,Revolving loans,720000.0,36000.0,F,40.0,Married,House / apartment,Businessman,243000.0,0
165409,Cash loans,665892.0,21609.0,M,,Married,House / apartment,Working,135000.0,0
285199,Cash loans,1800000.0,62698.5,M,48.0,Single / not married,House / apartment,Businessman,1890000.0,0
230266,Cash loans,630000.0,23476.5,F,59.0,Married,House / apartment,,112500.0,0
285816,Cash loans,835380.0,40320.0,M,32.0,Married,House / apartment,Businessman,225000.0,0
345079,Revolving loans,270000.0,13500.0,M,39.0,Married,House / apartment,Businessman,270000.0,0
452953,Cash loans,675000.0,21906.0,F,33.0,Married,House / apartment,Working,112500.0,0
418262,Cash loans,213948.0,12280.5,F,61.0,Married,House / apartment,Working,112500.0,0
196142,Revolving loans,270000.0,13500.0,F,30.0,Civil marriage,House / apartment,Working,135000.0,1
181522,Cash loans,868797.0,34587.0,M,63.0,Single / not married,House / apartment,Businessman,202500.0,0
427884,Cash loans,1206954.0,35419.5,F,45.0,Married,House / apartment,Businessman,337500.0,0
426751,Cash loans,662022.0,33930.0,M,38.0,Civil marriage,House / apartment,Businessman,225000.0,0
310272,Cash loans,592560.0,31153.5,F,31.0,Married,House / apartment,,112500.0,1
186888,Cash loans,918000.0,26968.5,F,56.0,Single / not married,House / apartment,Businessman,225000.0,0
430963,Revolving loans,405000.0,20250.0,F,60.0,Widow,House / apartment,Working,157500.0,0
311656,Cash loans,521280.0,35262.0,M,44.0,Single / not married,With parents,Businessman,225000.0,0
412870,Cash loans,254700.0,23944.5,F,45.0,Married,House / apartment,Working,135000.0,0
300822,Cash loans,568800.0,15772.5,,42.0,Separated,House / apartment,Working,126000.0,0
267795,Cash loans,497520.0,39438.0,F,58.0,Married,House / apartment,Businessman,202500.0,0
258117,Cash loans,1374480.0,45553.5,M,45.0,Married,House / apartment,Businessman,202500.0,0
118076,Cash loans,315000.0,15318.0,F,44.0,Married,House / apartment,Unemployed,42750.0,0
369446,Cash loans,315000.0,16213.5,M,56.0,Married,House / apartment,Unemployed,81000.0,0
186777,Cash loans,545040.0,35617.5,M,49.0,Separated,House / apartment,Working,202500.0,1
122830,Revolving loans,180000.0,9000.0,F,33.0,Single / not married,House / apartment,Unemployed,157500.0,0
367599,Cash loans,540000.0,30150.0,F,42.0,Married,House / apartment,Unemployed,76500.0,0
453765,Cash loans,246357.0,24129.0,F,49.0,Married,House / apartment,Businessman,202500.0,0
450086,Cash loans,1078200.0,31653.0,,32.0,Civil marriage,House / apartment,Businessman,202500.0,0
300219,Cash loans,477792.0,12730.5,M,36.0,Civil marriage,With parents,Working,135000.0,0
270347,Cash loans,215640.0,9265.5,F,62.0,Widow,House / apartment,Unemployed,81000.0,0
162112,Cash loans,247500.0,13554.0,F,40.0,Single / not married,House / apartment,Unemployed,90000.0,0
347087,Cash loans,189000.0,12915.0,M,46.0,Married,House / apartment,Unemployed,90000.0,0
100845,Cash loans,439074.0,21253.5,M,28.0,Separated,House / apartment,Unemployed,67500.0,0
307290,Cash loans,573628.5,24435.0,F,46.0,Married,House / apartment,Working,112500.0,0
428887,Cash loans,835380.0,42781.5,M,34.0,Married,House / apartment,Businessman,360000.0,0
149867,Cash loans,607050.0,34024.5,M,46.0,Separated,House / apartment,Businessman,270000.0,0
165345,Cash loans,1288350.0,37800.0,F,49.0,Married,House / apartment,Unemployed,108000.0,0
276910,Cash loans,1208304.0,67599.0,M,39.0,Married,House / apartment,Working,585000.0,0
114096,Cash loans,339241.5,15943.5,F,41.0,Married,House / apartment,Unemployed,81000.0,1
293121,Cash loans,531706.5,19228.5,,36.0,Married,House / apartment,Working,90000.0,0
370284,Cash loans,296280.0,15124.5,F,41.0,Married,House / apartment,Unemployed,180000.0,1
118885,Cash loans,284400.0,10719.0,F,52.0,Married,House / apartment,Unemployed,99000.0,0
233548,Cash loans,454500.0,23337.0,F,65.0,Married,Office apartment,Unemployed,67500.0,0
164455,Cash loans,2517300.0,66532.5,F,44.0,Separated,House / apartment,Businessman,270000.0,0
367568,Cash loans,777024.0,41526.0,M,57.0,Married,House / apartment,Working,180000.0,0
308515,Cash loans,450000.0,36211.5,F,53.0,Married,House / apartment,Businessman,382500.0,0
244544,Revolving loans,270000.0,13500.0,F,48.0,Married,House / apartment,Unemployed,90000.0,0
143656,Cash loans,148365.0,10678.5,F,27.0,Single / not married,House / apartment,Unemployed,90000.0,0
252964,Cash loans,808650.0,23773.5,F,63.0,Civil marriage,House / apartment,Working,90000.0,0
388137,Cash loans,159264.0,12712.5,F,29.0,Married,House / apartment,Unemployed,103500.0,1
105702,Cash loans,136512.0,6768.0,F,39.0,Married,House / apartment,Unemployed,90000.0,1
110482,Cash loans,900000.0,29875.5,F,52.0,Married,House / apartment,Working,112500.0,0
116646,Revolving loans,405000.0,20250.0,F,39.0,Married,House / apartment,Working,135000.0,0
371836,Cash loans,675000.0,21775.5,F,31.0,Married,House / apartment,Unemployed,90000.0,0
114426,Cash loans,1096020.0,55962.0,F,32.0,Married,House / apartment,Working,135000.0,0
278195,Cash loans,419679.0,19692.0,F,28.0,Married,With parents,Working,112500.0,0
104869,Cash loans,153504.0,15313.5,F,46.0,Widow,House / apartment,Working,135000.0,0
439665,Cash loans,147888.0,11812.5,M,43.0,Married,House / apartment,Working,135000.0,0
271824,Cash loans,640080.0,31261.5,F,48.0,Civil marriage,House / apartment,Working,135000.0,0
433013,Cash loans,107820.0,8775.0,F,46.0,Married,With parents,,67500.0,1
234682,Cash loans,2013840.0,53253.0,F,47.0,Married,House / apartment,Businessman,337500.0,0
113787,Cash loans,553581.0,35509.5,F,44.0,Married,House / apartment,Working,180000.0,0
320957,Cash loans,852088.5,33921.0,F,40.0,Married,House / apartment,Working,137250.0,0
231645,Cash loans,2102490.0,57946.5,M,,Married,House / apartment,Working,450000.0,0
325732,Cash loans,382500.0,20187.0,M,28.0,Married,House / apartment,Unemployed,81000.0,0
404583,Cash loans,1007761.5,42826.5,F,56.0,Married,House / apartment,Unemployed,180000.0,0
375174,Cash loans,364896.0,13653.0,F,57.0,Married,House / apartment,Unemployed,48600.0,0
230055,Cash loans,544491.0,21096.0,,35.0,Married,House / apartment,Unemployed,67500.0,0
258906,Cash loans,225000.0,13045.5,F,66.0,Single / not married,House / apartment,Unemployed,90000.0,0
163438,Cash loans,225000.0,17905.5,F,32.0,Married,House / apartment,Unemployed,90000.0,0
434874,Cash loans,1125000.0,33025.5,M,36.0,Married,House / apartment,Businessman,225000.0,0
116032,Cash loans,614574.0,22707.0,M,60.0,Married,House / apartment,Businessman,292500.0,0
139639,Revolving loans,360000.0,18000.0,M,21.0,Single / not married,With parents,Working,121500.0,0
192648,Cash loans,545040.0,20677.5,F,38.0,Single / not married,House / apartment,Unemployed,67500.0,1
210245,Cash loans,191880.0,20488.5,F,47.0,Separated,House / apartment,Unemployed,67500.0,1
104437,Cash loans,1303812.0,42057.0,F,45.0,Married,House / apartment,Unemployed,112500.0,0
381377,Cash loans,544491.0,21226.5,M,57.0,Married,House / apartment,Unemployed,90000.0,0
144211,Cash loans,677664.0,53671.5,F,33.0,Married,House / apartment,Businessman,315000.0,0
318954,Cash loans,640080.0,29970.0,M,26.0,Civil marriage,House / apartment,Working,135000.0,0
301938,Cash loans,1226511.0,35991.0,F,37.0,Married,House / apartment,Unemployed,157500.0,0
416597,Revolving loans,810000.0,40500.0,F,46.0,Married,House / apartment,Businessman,270000.0,0
430334,Cash loans,96786.0,7776.0,M,29.0,Single / not married,House / apartment,Working,90000.0,0
438318,Cash loans,250272.0,16425.0,M,58.0,Married,House / apartment,Working,112500.0,0
231220,Cash loans,743958.0,24129.0,F,46.0,Separated,House / apartment,Businessman,202500.0,0
322268,Revolving loans,382500.0,19125.0,M,54.0,Married,House / apartment,Working,180000.0,0
424113,Cash loans,755190.0,38556.0,F,50.0,Married,House / apartment,,216000.0,0
121369,Cash loans,781920.0,61906.5,M,35.0,Married,Municipal apartment,Working,450000.0,0
307441,Cash loans,208512.0,21496.5,M,63.0,Married,House / apartment,Businessman,382500.0,0
172196,Cash loans,450000.0,27477.0,F,33.0,Married,House / apartment,,72000.0,0
182064,Cash loans,288873.0,16713.0,M,34.0,Civil marriage,House / apartment,Working,121500.0,0
107610,Cash loans,1270174.5,40972.5,M,39.0,Married,House / apartment,Unemployed,202500.0,0
135744,Revolving loans,765000.0,38250.0,M,57.0,Married,House / apartment,Businessman,225000.0,0
337875,Cash loans,765261.0,30478.5,F,60.0,Married,House / apartment,Working,121500.0,0
275097,Cash loans,1077403.5,43879.5,M,28.0,Married,House / apartment,Working,135000.0,0
450584,Cash loans,873342.0,25663.5,F,58.0,Married,House / apartment,,76500.0,0
262128,Cash loans,263686.5,27819.0,M,50.0,Married,House / apartment,Businessman,360000.0,0
407643,Cash loans,545040.0,26640.0,M,30.0,Married,House / apartment,Unemployed,157500.0,1
398287,Cash loans,267336.0,12460.5,F,55.0,Single / not married,House / apartment,Working,144000.0,0
331229,Revolving loans,450000.0,22500.0,F,61.0,Widow,House / apartment,Unemployed,112500.0,0
355407,Cash loans,1006920.0,40063.5,F,65.0,Widow,House / apartment,Businessman,279000.0,0
317633,Cash loans,518562.0,26604.0,F,28.0,Married,House / apartment,Businessman,202500.0,0
187778,Cash loans,755190.0,29677.5,F,63.0,Widow,House / apartment,Working,202500.0,0
446451,Cash loans,1365651.0,39267.0,M,34.0,Married,House / apartment,Working,157500.0,0
288445,Cash loans,314100.0,13963.5,F,48.0,Civil marriage,House / apartment,Working,157500.0,0
158798,Cash loans,760225.5,30150.0,M,58.0,Civil marriage,House / apartment,Working,202500.0,0
307791,Cash loans,900000.0,26316.0,M,35.0,Married,House / apartment,Working,202500.0,0
168041,Cash loans,1711764.0,47200.5,F,40.0,Separated,House / apartment,Businessman,270000.0,0
132684,Cash loans,95940.0,9099.0,F,61.0,Married,House / apartment,Working,67500.0,0
182105,Cash loans,1078200.0,28570.5,F,33.0,Married,House / apartment,Businessman,225000.0,0
405829,Revolving loans,135000.0,6750.0,F,31.0,Single / not married,House / apartment,Working,112500.0,0
309858,Cash loans,1125000.0,33025.5,F,51.0,Married,House / apartment,Working,112500.0,0
275908,Cash loans,239418.0,18913.5,M,26.0,Married,House / apartment,Businessman,306000.0,0
421620,Cash loans,545040.0,26640.0,M,38.0,Civil marriage,House / apartment,Unemployed,90000.0,0
264042,Cash loans,339241.5,15943.5,F,30.0,Married,House / apartment,Unemployed,180000.0,0
219957,Cash loans,675000.0,21325.5,F,47.0,Married,House / apartment,Working,112500.0,0
328284,Cash loans,450000.0,16294.5,F,45.0,Married,House / apartment,Working,112500.0,0
236043,Cash loans,1345500.0,49990.5,M,60.0,Married,House / apartment,Working,159750.0,0
312330,Cash loans,445500.0,16965.0,F,31.0,Separated,House / apartment,Unemployed,91008.0,0
177703,Cash loans,269550.0,21739.5,F,30.0,Civil marriage,House / apartment,Working,112500.0,0
430038,Cash loans,675000.0,28597.5,F,41.0,Civil marriage,House / apartment,Unemployed,112500.0,0
211579,Revolving loans,135000.0,6750.0,F,27.0,Married,With parents,Working,135000.0,0
353311,Cash loans,900000.0,35158.5,F,43.0,Married,House / apartment,Working,157500.0,0
358531,Cash loans,239850.0,25830.0,F,24.0,Married,House / apartment,,675000.0,0
154333,Cash loans,431280.0,23395.5,F,41.0,Civil marriage,House / apartment,Working,130500.0,0
376656,Cash loans,,30285.0,F,43.0,Married,House / apartment,Businessman,405000.0,0
303849,Cash loans,855657.0,41292.0,M,32.0,Married,House / apartment,Businessman,225000.0,0
179863,Cash loans,1762110.0,51520.5,F,26.0,Married,House / apartment,Working,157500.0,0
366801,Cash loans,704844.0,34038.0,F,34.0,Married,House / apartment,Working,135000.0,1
139159,Cash loans,305955.0,21424.5,F,60.0,Married,House / apartment,Unemployed,47250.0,0
304415,Cash loans,826110.0,39874.5,F,33.0,Married,House / apartment,Businessman,427500.0,0
379195,Cash loans,414792.0,21847.5,M,57.0,Married,House / apartment,Unemployed,135000.0,0
450791,Cash loans,381528.0,18684.0,M,35.0,Married,House / apartment,Unemployed,99000.0,0
389608,Cash loans,1164667.5,34182.0,M,45.0,Separated,House / apartment,Working,126000.0,0
182854,Cash loans,302206.5,15561.0,F,33.0,Civil marriage,House / apartment,Working,157500.0,0
125076,Cash loans,1575000.0,43312.5,M,51.0,Married,House / apartment,Businessman,247500.0,1
177001,Cash loans,450000.0,27324.0,F,52.0,Separated,House / apartment,Businessman,202500.0,0
355863,Cash loans,263686.5,15268.5,F,46.0,Single / not married,House / apartment,Unemployed,54000.0,0
348776,Cash loans,454500.0,14661.0,F,39.0,Married,House / apartment,Working,112500.0,0
232435,Cash loans,178290.0,11034.0,F,63.0,Single / not married,House / apartment,Working,135000.0,0
410943,Cash loans,755190.0,36459.0,F,39.0,Married,House / apartment,Working,126000.0,0
168519,Cash loans,1489500.0,41089.5,M,23.0,Married,House / apartment,Working,180000.0,0
440610,Cash loans,736213.5,52488.0,F,62.0,Married,House / apartment,Working,180000.0,0
180093,Cash loans,270000.0,13783.5,F,,Married,Municipal apartment,Working,112500.0,0
174962,Cash loans,582804.0,27135.0,F,62.0,Married,House / apartment,Working,112500.0,0
265810,Cash loans,1078200.0,34911.0,M,43.0,Married,House / apartment,Businessman,315000.0,1
337557,Cash loans,101880.0,11623.5,F,22.0,Single / not married,With parents,Unemployed,67500.0,0
262031,Cash loans,535500.0,19363.5,F,61.0,Married,House / apartment,Businessman,202500.0,0
352854,Cash loans,428854.5,16294.5,M,61.0,Separated,House / apartment,Businessman,202500.0,0
389174,Cash loans,494550.0,38403.0,F,38.0,Separated,House / apartment,Businessman,202500.0,0
349233,Cash loans,855882.0,34074.0,M,48.0,Married,House / apartment,Businessman,202500.0,0
369308,Cash loans,254700.0,14350.5,F,67.0,Separated,House / apartment,Unemployed,72000.0,0
347887,Cash loans,450000.0,23562.0,F,35.0,Married,House / apartment,Working,180000.0,0
164286,Cash loans,720000.0,30636.0,F,39.0,Married,House / apartment,Working,112500.0,0
268863,Cash loans,675000.0,28728.0,F,47.0,Civil marriage,House / apartment,Unemployed,94500.0,0
174411,Cash loans,1546020.0,40783.5,F,34.0,Married,House / apartment,Businessman,225000.0,0
185004,Revolving loans,405000.0,20250.0,M,40.0,Widow,House / apartment,Unemployed,135000.0,0
255589,Cash loans,765000.0,22495.5,F,64.0,Widow,House / apartment,Working,112500.0,0
420082,Cash loans,675000.0,32602.5,F,39.0,Single / not married,House / apartment,Unemployed,135000.0,0
406033,Revolving loans,382500.0,19125.0,F,41.0,Single / not married,House / apartment,Working,135000.0,0
340335,Cash loans,835380.0,35523.0,F,53.0,Married,House / apartment,Unemployed,180000.0,0
295742,Cash loans,990000.0,28944.0,F,35.0,Married,House / apartment,Businessman,234000.0,0
200610,Revolving loans,315000.0,15750.0,,48.0,Widow,House / apartment,Unemployed,90000.0,1
223626,Cash loans,1824480.0,57415.5,F,58.0,Separated,House / apartment,Businessman,270000.0,0
408878,Cash loans,208854.0,12118.5,F,57.0,Widow,House / apartment,Unemployed,49500.0,0
418765,Revolving loans,270000.0,13500.0,M,33.0,Married,House / apartment,Working,90000.0,1
230083,Cash loans,1006920.0,45630.0,M,51.0,Civil marriage,House / apartment,Working,202500.0,0
183546,Cash loans,545040.0,26640.0,F,52.0,Married,House / apartment,Unemployed,81000.0,0
324761,Cash loans,267102.0,19125.0,F,49.0,Single / not married,House / apartment,Unemployed,180000.0,0
197467,Cash loans,1264428.0,37098.0,M,47.0,Single / not married,House / apartment,Working,157500.0,1
357272,Cash loans,327024.0,21982.5,F,35.0,Married,House / apartment,Unemployed,103500.0,1
269230,Cash loans,450000.0,22990.5,F,48.0,Married,House / apartment,Unemployed,90000.0,0
169499,Cash loans,600678.0,41935.5,F,58.0,Married,House / apartment,Businessman,225000.0,0
379687,Cash loans,640080.0,24129.0,F,37.0,Married,House / apartment,Businessman,225000.0,0
451430,Cash loans,380533.5,25740.0,M,,Married,House / apartment,,112500.0,0
411805,Cash loans,450000.0,30442.5,M,31.0,Married,House / apartment,,153000.0,0
338661,Cash loans,1381113.0,36562.5,M,31.0,Civil marriage,House / apartment,Working,180000.0,0
369818,Revolving loans,225000.0,11250.0,M,28.0,Married,Municipal apartment,Unemployed,81000.0,0
426599,Cash loans,370107.0,22495.5,F,47.0,Married,House / apartment,Working,157500.0,0
261131,Cash loans,846000.0,43326.0,M,23.0,Married,With parents,Businessman,450000.0,0
206858,Cash loans,835380.0,40320.0,F,31.0,Married,House / apartment,Working,180000.0,1
426357,Cash loans,1078200.0,31653.0,F,31.0,Married,House / apartment,Working,202500.0,0
251656,Cash loans,239850.0,25830.0,F,28.0,Married,House / apartment,,94500.0,0
150953,Cash loans,450000.0,44509.5,F,40.0,Married,Rented apartment,Unemployed,112500.0,0
263117,Cash loans,1125000.0,32895.0,F,40.0,Married,House / apartment,Unemployed,112500.0,0
353536,Cash loans,239850.0,28593.0,,34.0,Married,House / apartment,Businessman,202500.0,0
412989,Cash loans,675000.0,19737.0,F,41.0,Married,House / apartment,Unemployed,45000.0,0
115696,Revolving loans,540000.0,27000.0,F,58.0,Separated,House / apartment,Working,180000.0,0
390479,Cash loans,1622691.0,44752.5,M,43.0,Married,House / apartment,Businessman,337500.0,0
338277,Cash loans,610335.0,22050.0,M,48.0,Married,House / apartment,Businessman,315000.0,0
185805,Cash loans,190764.0,15201.0,M,44.0,Married,With parents,,90000.0,0
264090,Cash loans,198000.0,11052.0,M,57.0,Married,House / apartment,Unemployed,112050.0,0
391360,Revolving loans,180000.0,9000.0,F,56.0,Single / not married,Municipal apartment,Working,135000.0,0
177608,Cash loans,1350000.0,51421.5,M,34.0,Separated,House / apartment,Businessman,495000.0,1
354166,Cash loans,630000.0,20452.5,F,40.0,Single / not married,Municipal apartment,Working,315000.0,0
185723,Cash loans,640458.0,28341.0,F,60.0,Married,House / apartment,Businessman,225000.0,0
437421,Cash loans,254700.0,20250.0,F,54.0,Married,House / apartment,Unemployed,90000.0,1
433266,Cash loans,1350000.0,39604.5,F,39.0,Married,House / apartment,Businessman,225000.0,0
208055,Cash loans,675000.0,25146.0,M,32.0,Married,House / apartment,Working,135000.0,0
120872,Cash loans,808650.0,26217.0,M,62.0,Civil marriage,House / apartment,Working,126000.0,0
330913,Revolving loans,495000.0,24750.0,M,59.0,Single / not married,House / apartment,Working,180000.0,0
404796,Cash loans,592560.0,32143.5,M,46.0,Married,House / apartment,Working,135000.0,0
338265,Cash loans,1305000.0,38155.5,M,42.0,Married,House / apartment,Unemployed,382500.0,0
285915,Cash loans,956574.0,38065.5,F,53.0,Married,House / apartment,Businessman,202500.0,0
167671,Cash loans,1125000.0,29808.0,F,41.0,Separated,House / apartment,Working,112500.0,0
231242,Cash loans,269550.0,10404.0,M,39.0,Widow,House / apartment,Unemployed,110475.0,0
403042,Cash loans,445437.0,46903.5,M,56.0,Married,House / apartment,Businessman,225000.0,0
449719,Cash loans,265851.0,10255.5,F,60.0,Married,House / apartment,Businessman,202500.0,0
444084,Cash loans,269550.0,18891.0,F,54.0,Married,House / apartment,,67500.0,0
129308,Revolving loans,337500.0,16875.0,M,35.0,Married,With parents,Working,135000.0,0
407847,Cash loans,728460.0,37849.5,M,28.0,Married,House / apartment,Businessman,292500.0,0
232055,Cash loans,733315.5,71568.0,F,,Separated,House / apartment,Businessman,225000.0,0
391325,Cash loans,124722.0,12910.5,F,67.0,Married,House / apartment,Working,119250.0,0
252009,Cash loans,971280.0,50422.5,M,45.0,Married,House / apartment,Working,225000.0,0
123978,Cash loans,274779.0,27306.0,F,44.0,Civil marriage,House / apartment,Businessman,270000.0,0
238620,Cash loans,562981.5,18108.0,F,63.0,Widow,House / apartment,Businessman,202500.0,0
173238,Revolving loans,135000.0,6750.0,F,32.0,Civil marriage,House / apartment,Working,180000.0,0
445675,Cash loans,555273.0,18040.5,F,55.0,Separated,House / apartment,Businessman,225000.0,0
308110,Cash loans,675000.0,18940.5,F,60.0,Widow,House / apartment,Working,90000.0,0
373489,Cash loans,263686.5,20961.0,F,38.0,Single / not married,House / apartment,Businessman,234000.0,0
187506,Cash loans,352044.0,13401.0,,44.0,Married,House / apartment,Unemployed,135000.0,0
254938,Cash loans,935640.0,94563.0,F,47.0,Married,House / apartment,Working,292500.0,0
437048,Cash loans,781920.0,28215.0,M,38.0,Married,House / apartment,Working,157500.0,0
114805,Revolving loans,450000.0,22500.0,F,50.0,Married,House / apartment,Businessman,225000.0,0
331578,Cash loans,808650.0,29839.5,M,39.0,Married,House / apartment,Unemployed,135000.0,0
332955,Cash loans,183294.0,14314.5,M,43.0,Single / not married,House / apartment,Working,157500.0,0
262765,Cash loans,576000.0,22450.5,F,36.0,Married,House / apartment,Unemployed,67500.0,0
148088,Cash loans,495985.5,23251.5,F,35.0,Married,House / apartment,Working,112500.0,0
287757,Cash loans,229500.0,15466.5,M,26.0,Married,House / apartment,Working,405000.0,0
150523,Cash loans,704178.0,37516.5,F,59.0,Single / not married,House / apartment,Working,112500.0,0
157751,Cash loans,700830.0,27153.0,,59.0,Married,House / apartment,Working,180000.0,1
268709,Cash loans,1128595.5,33129.0,F,45.0,Married,House / apartment,Unemployed,135000.0,0
397137,Cash loans,679896.0,73354.5,M,32.0,Married,House / apartment,Businessman,405000.0,0
451070,Cash loans,275040.0,13504.5,F,39.0,Married,House / apartment,Unemployed,157500.0,0
148114,Cash loans,675000.0,24930.0,F,,Separated,House / apartment,Working,121500.0,0
191070,Cash loans,592560.0,30384.0,F,46.0,Married,House / apartment,Unemployed,67500.0,0
103222,Cash loans,398016.0,22977.0,F,57.0,Civil marriage,House / apartment,Working,112500.0,0
361257,Cash loans,1351111.5,44784.0,,38.0,Married,House / apartment,Working,202500.0,0
258543,Cash loans,781695.0,28849.5,F,53.0,Married,House / apartment,Working,135000.0,0
199088,Cash loans,585000.0,29997.0,M,27.0,Single / not married,Municipal apartment,Working,157500.0,0
271063,Cash loans,126000.0,13360.5,F,62.0,Widow,House / apartment,Businessman,202500.0,1
317683,Revolving loans,675000.0,33750.0,F,51.0,Married,House / apartment,Businessman,270000.0,0
106953,Cash loans,1354500.0,41067.0,F,50.0,Married,House / apartment,Unemployed,153000.0,0
443367,Cash loans,589045.5,46669.5,F,45.0,Married,House / apartment,Working,144000.0,1
284833,Revolving loans,180000.0,9000.0,F,21.0,Single / not married,Rented apartment,Unemployed,90000.0,0
253394,Cash loans,238500.0,13315.5,F,54.0,Married,House / apartment,Businessman,207000.0,0
344351,Cash loans,225000.0,24363.0,M,30.0,Single / not married,House / apartment,Working,157500.0,0
441875,Cash loans,318528.0,17914.5,M,60.0,Married,House / apartment,Working,180000.0,0
218257,Cash loans,485640.0,39069.0,M,28.0,Married,House / apartment,Working,225000.0,0
309248,Cash loans,781920.0,24682.5,F,28.0,Married,House / apartment,Working,135000.0,1
356957,Cash loans,432661.5,19188.0,F,,Married,House / apartment,Businessman,202500.0,0
226211,Cash loans,152820.0,15016.5,F,67.0,Widow,House / apartment,Working,121500.0,0
237360,Cash loans,525735.0,48348.0,F,39.0,Single / not married,House / apartment,Working,202500.0,0
217681,Cash loans,728460.0,38938.5,F,61.0,Married,House / apartment,Unemployed,99900.0,0
421116,Cash loans,193500.0,15102.0,M,35.0,Married,House / apartment,Unemployed,126000.0,0
105537,Cash loans,284400.0,9211.5,M,37.0,Civil marriage,House / apartment,Unemployed,27000.0,0
229436,Cash loans,432661.5,23467.5,F,24.0,Married,With parents,Working,121500.0,0
207785,Cash loans,521280.0,28408.5,M,36.0,Married,House / apartment,Working,148500.0,0
188344,Cash loans,728460.0,44563.5,M,42.0,Married,Municipal apartment,Unemployed,126000.0,0
264882,Cash loans,450000.0,20979.0,F,60.0,Married,House / apartment,Working,112500.0,0
320340,Cash loans,429763.5,33952.5,M,28.0,Married,House / apartment,Working,112500.0,0
214062,Cash loans,723996.0,34960.5,F,38.0,Married,House / apartment,Working,225000.0,0
142800,Cash loans,521280.0,26743.5,M,41.0,Civil marriage,With parents,Working,180000.0,0
369344,Cash loans,948816.0,25159.5,M,55.0,Married,House / apartment,Working,180000.0,0
258242,Cash loans,879480.0,25843.5,F,53.0,Single / not married,House / apartment,Working,112500.0,0
287291,Cash loans,808650.0,26217.0,M,62.0,Married,House / apartment,Working,180000.0,0
350076,Cash loans,1125000.0,32895.0,F,57.0,Married,House / apartment,Working,81000.0,0
214041,Cash loans,128583.0,11790.0,F,34.0,Single / not married,With parents,Working,126000.0,0
267447,Cash loans,755190.0,36459.0,M,35.0,Married,House / apartment,Working,180000.0,0
133800,Cash loans,765000.0,44046.0,F,57.0,Married,House / apartment,Working,112500.0,0
248958,Cash loans,755190.0,28894.5,F,34.0,Married,House / apartment,Working,112500.0,0
247634,Revolving loans,360000.0,18000.0,F,58.0,Single / not married,House / apartment,Businessman,225000.0,0
444716,Cash loans,440784.0,27094.5,F,65.0,Married,House / apartment,Working,157500.0,0
207829,Cash loans,900000.0,26446.5,M,44.0,Married,House / apartment,Unemployed,81000.0,1
335272,Cash loans,521280.0,23089.5,F,47.0,Single / not married,House / apartment,Working,135000.0,0
134219,Cash loans,436500.0,29169.0,M,42.0,Separated,House / apartment,Working,157500.0,1
197230,Cash loans,1057266.0,44793.0,F,39.0,Married,House / apartment,,112500.0,0
252387,Cash loans,199080.0,11556.0,F,66.0,Separated,House / apartment,Working,157500.0,0
439464,Cash loans,,10953.0,F,52.0,Married,House / apartment,Unemployed,67500.0,0
403391,Cash loans,528633.0,23283.0,F,60.0,Married,House / apartment,Working,112500.0,0
250379,Cash loans,675000.0,24930.0,F,49.0,Married,House / apartment,Unemployed,36000.0,1
430739,Cash loans,314100.0,17167.5,M,25.0,Married,House / apartment,Businessman,202500.0,1
395342,Cash loans,611577.0,48316.5,M,43.0,Civil marriage,House / apartment,Working,144000.0,0
337006,Cash loans,117162.0,8617.5,,37.0,Married,House / apartment,Working,112500.0,0
227888,Revolving loans,585000.0,29250.0,M,,Married,House / apartment,Businessman,202500.0,0
215075,Cash loans,450000.0,22018.5,F,43.0,Single / not married,House / apartment,Businessman,202500.0,0
394766,Cash loans,566055.0,16681.5,F,63.0,Single / not married,House / apartment,Unemployed,76500.0,0
242429,Cash loans,1971072.0,68643.0,M,44.0,Married,House / apartment,Working,315000.0,0
207878,Cash loans,687370.5,24817.5,M,32.0,Married,House / apartment,Working,162000.0,0
363369,Cash loans,47970.0,5044.5,M,47.0,Single / not married,House / apartment,Unemployed,67500.0,0
185511,Cash loans,408780.0,15538.5,F,54.0,Married,House / apartment,Unemployed,112500.0,0
302556,Cash loans,284400.0,9058.5,M,46.0,Civil marriage,House / apartment,Unemployed,90000.0,0
366765,Revolving loans,405000.0,20250.0,F,43.0,Married,House / apartment,Working,135000.0,0
248458,Cash loans,208512.0,22455.0,,35.0,Married,House / apartment,Unemployed,112500.0,0
378411,Cash loans,728460.0,38938.5,F,54.0,Married,Co-op apartment,Working,103500.0,0
263821,Cash loans,495000.0,45936.0,M,54.0,Married,House / apartment,Working,171000.0,0
316856,Cash loans,387000.0,14472.0,F,63.0,Married,House / apartment,Unemployed,58500.0,0
136550,Cash loans,180000.0,16636.5,M,27.0,Married,House / apartment,Unemployed,99000.0,0
168860,Cash loans,225000.0,12334.5,,43.0,Separated,House / apartment,Unemployed,103500.0,0
243198,Cash loans,857169.0,25191.0,F,56.0,Civil marriage,House / apartment,Working,139500.0,0
239308,Revolving loans,180000.0,9000.0,F,22.0,Married,House / apartment,Unemployed,90000.0,0
432677,Cash loans,371245.5,14125.5,F,59.0,Widow,Municipal apartment,Working,180000.0,0
216790,Revolving loans,450000.0,22500.0,F,45.0,Married,House / apartment,Working,157500.0,0
107120,Cash loans,505066.5,27036.0,F,47.0,Married,House / apartment,Working,135000.0,0
314471,Cash loans,284400.0,16456.5,F,43.0,Married,House / apartment,Unemployed,67500.0,0
312084,Cash loans,2366262.0,62419.5,F,51.0,Married,House / apartment,Working,270000.0,0
441281,Revolving loans,270000.0,13500.0,F,32.0,Married,House / apartment,Working,157500.0,0
283312,Cash loans,1736937.0,47893.5,F,65.0,Married,Rented apartment,Businessman,252000.0,0
365452,Cash loans,868797.0,39258.0,M,25.0,Married,House / apartment,Businessman,292500.0,0
142171,Cash loans,518562.0,20565.0,F,32.0,Separated,House / apartment,Unemployed,90000.0,0
186380,Cash loans,337500.0,36477.0,M,29.0,Married,House / apartment,Working,157500.0,0
399689,Cash loans,562491.0,23962.5,F,37.0,Married,House / apartment,Working,67500.0,0
258741,Cash loans,755190.0,36459.0,F,29.0,Civil marriage,With parents,Working,135000.0,1
296189,Cash loans,592560.0,40216.5,F,42.0,Married,House / apartment,Unemployed,121500.0,0
415943,Revolving loans,450000.0,22500.0,F,57.0,Separated,House / apartment,Unemployed,157500.0,0
231575,Revolving loans,135000.0,6750.0,F,59.0,Married,House / apartment,Unemployed,45000.0,0
355210,Cash loans,450000.0,53536.5,M,37.0,Married,With parents,Working,189000.0,0
344441,Cash loans,1046142.0,27724.5,M,27.0,Single / not married,House / apartment,Working,180000.0,0
118263,Cash loans,1305000.0,35887.5,F,57.0,Single / not married,House / apartment,Businessman,247500.0,0
174765,Cash loans,597024.0,43573.5,F,49.0,Married,House / apartment,Unemployed,81000.0,1
265903,Cash loans,355536.0,19417.5,F,30.0,Married,House / apartment,Unemployed,47250.0,1
105984,Cash loans,106794.0,7353.0,F,45.0,Married,House / apartment,Unemployed,72000.0,0
348826,Cash loans,1078200.0,31653.0,F,34.0,Married,House / apartment,Working,157500.0,0
331770,Cash loans,107820.0,10017.0,F,28.0,Married,House / apartment,Unemployed,99000.0,0
138088,Cash loans,315000.0,18081.0,F,31.0,Civil marriage,House / apartment,Working,130500.0,0
293639,Cash loans,432000.0,21141.0,F,31.0,Married,House / apartment,Working,112500.0,0
307770,Revolving loans,180000.0,9000.0,F,24.0,Single / not married,With parents,Working,112500.0,0
416549,Cash loans,1546020.0,42642.0,F,55.0,Married,Municipal apartment,Businessman,216000.0,0
389785,Cash loans,1696500.0,64615.5,F,35.0,Married,House / apartment,Working,270000.0,0
364963,Cash loans,432567.0,22779.0,F,43.0,Civil marriage,House / apartment,Working,112500.0,0
453156,Cash loans,67500.0,7218.0,F,42.0,Married,House / apartment,Unemployed,54000.0,1
213088,Cash loans,813195.0,27004.5,F,55.0,Married,House / apartment,Working,180000.0,0
158021,Cash loans,545040.0,26640.0,F,58.0,Married,House / apartment,Businessman,225000.0,0
292421,Cash loans,67500.0,4909.5,F,30.0,Married,House / apartment,Unemployed,117000.0,0
114245,Cash loans,,42840.0,F,38.0,Married,With parents,Working,135000.0,1
382304,Cash loans,463500.0,24822.0,F,63.0,Married,House / apartment,Working,180000.0,0
306337,Revolving loans,540000.0,27000.0,F,65.0,Married,House / apartment,Working,225000.0,0
211691,Cash loans,990000.0,29074.5,F,51.0,Separated,House / apartment,Unemployed,99000.0,0
398774,Revolving loans,225000.0,11250.0,M,44.0,Married,House / apartment,Working,180000.0,0
282996,Cash loans,2250000.0,59485.5,M,31.0,Married,House / apartment,Businessman,292500.0,0
123467,Revolving loans,2250000.0,225000.0,F,44.0,Married,Rented apartment,Working,675000.0,0
445835,Cash loans,405000.0,12406.5,F,40.0,Civil marriage,House / apartment,Unemployed,112500.0,0
172555,Cash loans,1256400.0,36864.0,F,57.0,Married,House / apartment,Working,112500.0,0
210934,Cash loans,544491.0,17694.0,F,41.0,Civil marriage,House / apartment,Unemployed,103500.0,0
186000,Cash loans,585000.0,37386.0,F,28.0,Civil marriage,House / apartment,Unemployed,180000.0,1
389352,Cash loans,521280.0,31630.5,F,47.0,Married,House / apartment,Working,148500.0,1
272372,Cash loans,332473.5,12663.0,F,64.0,Civil marriage,House / apartment,,90000.0,0
216018,Cash loans,635193.0,66829.5,M,30.0,Married,House / apartment,Businessman,292500.0,0
235402,Cash loans,1190340.0,60466.5,M,50.0,Married,House / apartment,Businessman,225000.0,0
388699,Cash loans,203760.0,11826.0,F,34.0,Single / not married,House / apartment,Working,135000.0,0
431477,Cash loans,1319269.5,36409.5,F,50.0,Separated,House / apartment,Working,135000.0,0
418797,Cash loans,474048.0,25843.5,F,47.0,Married,House / apartment,Businessman,234000.0,0
416064,Cash loans,562491.0,23832.0,F,32.0,Single / not married,House / apartment,Unemployed,121500.0,0
213372,Cash loans,1012500.0,29736.0,F,38.0,Married,House / apartment,Unemployed,157500.0,0
333132,Cash loans,1762110.0,44545.5,F,51.0,Married,House / apartment,Working,495126.0,0
453338,Cash loans,1125000.0,44748.0,,43.0,Married,House / apartment,Unemployed,292500.0,0
332832,Cash loans,1042560.0,55543.5,M,47.0,Married,House / apartment,Working,270000.0,0
293047,Cash loans,640080.0,24259.5,F,38.0,Widow,House / apartment,Unemployed,157500.0,0
170975,Cash loans,756000.0,21793.5,,53.0,Married,House / apartment,Unemployed,90000.0,0
142881,Cash loans,234000.0,18616.5,F,49.0,Married,House / apartment,Unemployed,76500.0,0
326535,Cash loans,199404.0,9828.0,M,58.0,Married,House / apartment,Working,225000.0,0
374552,Cash loans,199080.0,15858.0,F,43.0,Married,House / apartment,Businessman,270000.0,0
323971,Cash loans,675000.0,24246.0,M,51.0,Married,House / apartment,Working,157500.0,0
418719,Cash loans,1354500.0,92902.5,F,30.0,Civil marriage,House / apartment,Businessman,585000.0,0
150210,Cash loans,755190.0,28116.0,F,41.0,Married,House / apartment,Unemployed,157500.0,0
306586,Cash loans,119925.0,12285.0,F,61.0,Married,House / apartment,Unemployed,42750.0,0
158296,Cash loans,157500.0,11331.0,F,54.0,Married,House / apartment,Unemployed,81000.0,0
118120,Cash loans,849685.5,28210.5,M,47.0,Married,House / apartment,,157500.0,0
313877,Cash loans,302206.5,20574.0,F,47.0,Married,Municipal apartment,Working,135000.0,1
127261,Cash loans,1125000.0,33025.5,F,58.0,Married,House / apartment,Working,81000.0,0
128402,Cash loans,93829.5,10233.0,F,42.0,Single / not married,House / apartment,Working,157500.0,0
241294,Cash loans,1005120.0,29520.0,F,36.0,Married,House / apartment,Unemployed,103500.0,0
296271,Cash loans,808650.0,26217.0,F,50.0,Separated,House / apartment,Businessman,202500.0,0
440414,Cash loans,754740.0,29376.0,M,41.0,Married,House / apartment,Unemployed,157500.0,0
163539,Cash loans,593010.0,15772.5,M,47.0,Married,House / apartment,Working,112500.0,0
293774,Cash loans,1928304.0,71590.5,F,23.0,Civil marriage,House / apartment,Businessman,382500.0,0
198602,Cash loans,379008.0,37053.0,M,51.0,Married,House / apartment,Businessman,360000.0,0
190656,Cash loans,808650.0,26217.0,F,35.0,Married,With parents,Businessman,225000.0,0
373879,Cash loans,225000.0,11488.5,F,37.0,Married,With parents,Working,157500.0,0
319668,Cash loans,602001.0,38601.0,F,58.0,Married,House / apartment,Working,112500.0,0
146556,Cash loans,260640.0,30928.5,F,39.0,Married,House / apartment,Businessman,202500.0,0
153186,Cash loans,239850.0,23494.5,F,68.0,Married,House / apartment,Unemployed,90000.0,0
205942,Cash loans,659610.0,21406.5,M,55.0,Civil marriage,House / apartment,Working,157500.0,1
293278,Cash loans,711612.0,22954.5,F,34.0,Civil marriage,House / apartment,,135000.0,0
125633,Cash loans,755190.0,29677.5,F,60.0,Widow,House / apartment,Working,157500.0,0
264994,Cash loans,239850.0,23494.5,F,57.0,Married,House / apartment,Working,112500.0,0
411500,Revolving loans,540000.0,27000.0,M,42.0,Married,House / apartment,Businessman,360000.0,0
396951,Cash loans,942300.0,34618.5,F,27.0,Married,House / apartment,Working,270000.0,1
329924,Cash loans,531265.5,20155.5,M,61.0,Married,House / apartment,Working,121500.0,0
403233,Cash loans,495000.0,23814.0,M,30.0,Married,House / apartment,Working,112500.0,0
103443,Cash loans,970380.0,28503.0,F,63.0,Married,House / apartment,Working,180000.0,0
232607,Revolving loans,135000.0,6750.0,F,45.0,Married,House / apartment,Businessman,225000.0,0
121696,Cash loans,163008.0,16006.5,F,41.0,Single / not married,House / apartment,Working,171000.0,0
135546,Cash loans,247275.0,17338.5,F,66.0,Married,House / apartment,Working,148500.0,0
394463,Cash loans,508495.5,24462.0,F,42.0,Married,Office apartment,Unemployed,90000.0,0
356984,Cash loans,298512.0,21762.0,M,33.0,Married,House / apartment,Working,112500.0,0
168465,Cash loans,550080.0,14508.0,F,,Married,House / apartment,Working,157500.0,0
246478,Cash loans,135000.0,14323.5,M,36.0,Married,House / apartment,Unemployed,94500.0,0
301068,Cash loans,1129500.0,33025.5,M,34.0,Married,House / apartment,Businessman,315000.0,0
182754,Cash loans,998010.0,77364.0,F,45.0,Married,House / apartment,Working,315000.0,0
227700,Cash loans,814041.0,23931.0,F,55.0,Married,House / apartment,Unemployed,81000.0,0
334883,Cash loans,640080.0,31261.5,M,54.0,Separated,House / apartment,Unemployed,157500.0,1
380336,Cash loans,545040.0,25537.5,F,33.0,Married,House / apartment,Unemployed,94500.0,0
348868,Cash loans,973710.0,25816.5,M,30.0,Married,House / apartment,Unemployed,126000.0,0
256169,Cash loans,238500.0,28435.5,M,56.0,Married,House / apartment,Working,202500.0,0
207517,Cash loans,652500.0,31518.0,M,53.0,Married,House / apartment,Unemployed,270000.0,0
290222,Cash loans,553500.0,28786.5,M,47.0,Married,House / apartment,Businessman,360000.0,0
320911,Cash loans,679500.0,19867.5,F,51.0,Married,House / apartment,Working,81000.0,0
243593,Cash loans,269550.0,14112.0,M,37.0,Married,House / apartment,Working,166500.0,0
307383,Cash loans,894766.5,29700.0,F,43.0,Married,House / apartment,Working,225000.0,0
225750,Cash loans,1546020.0,42642.0,,53.0,Married,House / apartment,Unemployed,157500.0,0
384850,Cash loans,315000.0,37381.5,M,27.0,Married,House / apartment,Businessman,247500.0,0
352209,Cash loans,684706.5,31855.5,F,52.0,Separated,House / apartment,Unemployed,117000.0,1
335966,Revolving loans,315000.0,15750.0,F,51.0,Married,House / apartment,Working,112500.0,0
161648,Cash loans,566055.0,18387.0,F,32.0,Married,House / apartment,Working,157500.0,0
384025,Cash loans,712944.0,38803.5,M,46.0,Married,House / apartment,Working,360000.0,0
328930,Cash loans,1939162.5,67531.5,F,53.0,Married,House / apartment,Businessman,1125000.0,0
126536,Cash loans,122256.0,12091.5,M,56.0,Civil marriage,House / apartment,Unemployed,90000.0,0
452254,Cash loans,675000.0,21906.0,,35.0,Married,House / apartment,Working,162000.0,1
318565,Cash loans,1314117.0,36265.5,F,39.0,Married,House / apartment,Unemployed,90000.0,0
406055,Revolving loans,900000.0,45000.0,M,47.0,Single / not married,House / apartment,Businessman,900000.0,0
287896,Revolving loans,405000.0,20250.0,M,56.0,Civil marriage,House / apartment,Working,135000.0,0
394067,Cash loans,443088.0,26905.5,M,29.0,Married,House / apartment,Unemployed,135000.0,0
370275,Revolving loans,450000.0,22500.0,F,55.0,Married,House / apartment,Working,360000.0,0
266154,Cash loans,484789.5,29295.0,F,42.0,Married,House / apartment,Working,126000.0,0
166394,Cash loans,1594395.0,52690.5,M,30.0,Single / not married,With parents,Working,225000.0,0
339310,Cash loans,199080.0,15858.0,F,45.0,Married,House / apartment,Working,135000.0,0
453249,Cash loans,1686591.0,46507.5,M,42.0,Married,House / apartment,Businessman,315000.0,0
365137,Cash loans,90000.0,9450.0,F,41.0,Married,House / apartment,Working,67500.0,0
419030,Cash loans,1223010.0,48631.5,M,34.0,Married,Office apartment,Working,135000.0,0
422239,Cash loans,808650.0,26217.0,M,50.0,Married,House / apartment,Working,126000.0,0
276837,Revolving loans,180000.0,9000.0,F,56.0,Single / not married,Municipal apartment,Unemployed,54000.0,0
116634,Cash loans,363190.5,18580.5,F,66.0,Single / not married,House / apartment,Unemployed,90000.0,0
393126,Revolving loans,180000.0,9000.0,,21.0,Single / not married,House / apartment,Working,157500.0,0
290400,Revolving loans,180000.0,9000.0,M,52.0,Married,House / apartment,Unemployed,67500.0,0
393090,Cash loans,1285816.5,42493.5,,27.0,Married,House / apartment,Businessman,292500.0,0
147765,Cash loans,1288350.0,41692.5,M,58.0,Married,House / apartment,Working,180000.0,0
423019,Cash loans,436032.0,15660.0,F,52.0,Single / not married,House / apartment,Unemployed,90000.0,0
168637,Cash loans,225000.0,21919.5,F,65.0,Married,House / apartment,Unemployed,81000.0,0
137238,Cash loans,976500.0,27819.0,F,45.0,Separated,House / apartment,Unemployed,58500.0,1
307553,Revolving loans,247500.0,12375.0,F,60.0,Widow,House / apartment,Working,90000.0,0
112731,Cash loans,1433520.0,60867.0,F,49.0,Married,House / apartment,Businessman,247500.0,0
373486,Cash loans,450000.0,34956.0,,24.0,Married,House / apartment,Businessman,225000.0,0
107043,Cash loans,1129500.0,31189.5,F,46.0,Single / not married,House / apartment,Businessman,450000.0,0
309719,Cash loans,225000.0,8698.5,F,30.0,Married,House / apartment,Unemployed,90000.0,0
310460,Revolving loans,405000.0,20250.0,F,38.0,Married,House / apartment,Working,135000.0,0
350186,Cash loans,345645.0,12546.0,F,64.0,Separated,House / apartment,Working,112500.0,1
107612,Revolving loans,270000.0,13500.0,M,46.0,Married,With parents,Working,90000.0,0
330390,Revolving loans,180000.0,9000.0,M,43.0,Civil marriage,House / apartment,Unemployed,103500.0,0
343199,Cash loans,119358.0,6601.5,F,51.0,Single / not married,House / apartment,Businessman,202500.0,1
352990,Cash loans,191880.0,22900.5,F,40.0,Single / not married,House / apartment,Working,211500.0,0
355245,Cash loans,225000.0,22383.0,M,41.0,Married,House / apartment,Working,180000.0,0
277636,Cash loans,143910.0,14148.0,M,55.0,Married,House / apartment,Working,135000.0,0
299236,Cash loans,1546020.0,45333.0,F,57.0,Married,House / apartment,Working,180000.0,0
442691,Cash loans,948096.0,31464.0,F,29.0,Married,House / apartment,Working,144000.0,0
394610,Revolving loans,202500.0,10125.0,F,56.0,Separated,House / apartment,Unemployed,67500.0,0
289152,Cash loans,787131.0,44082.0,M,31.0,Single / not married,House / apartment,Working,112500.0,0
379167,Cash loans,573408.0,29407.5,M,29.0,Married,House / apartment,Working,292500.0,0
117313,Cash loans,258709.5,25330.5,F,56.0,Married,House / apartment,Working,81000.0,0
239466,Cash loans,143910.0,15628.5,,64.0,Married,House / apartment,Unemployed,76500.0,0
145708,Cash loans,1718473.5,50377.5,F,30.0,Married,House / apartment,Businessman,270000.0,0
390702,Cash loans,687600.0,19039.5,M,42.0,Married,House / apartment,Working,157500.0,0
456091,Cash loans,454500.0,19386.0,F,37.0,Married,House / apartment,Unemployed,90000.0,0
100657,Cash loans,414792.0,16357.5,F,53.0,Married,House / apartment,Working,135000.0,0
356410,Cash loans,107820.0,10017.0,F,36.0,Married,Rented apartment,Unemployed,101250.0,0
278012,Cash loans,269550.0,12001.5,M,40.0,Civil marriage,House / apartment,,135000.0,0
292805,Cash loans,254700.0,14350.5,F,66.0,Widow,House / apartment,Unemployed,180000.0,0
209435,Cash loans,298512.0,15885.0,F,27.0,Single / not married,House / apartment,Working,202500.0,0
216126,Cash loans,946764.0,40243.5,M,,Married,House / apartment,Working,180000.0,0
366925,Cash loans,469147.5,22698.0,F,53.0,Civil marriage,Rented apartment,Businessman,202500.0,0
378799,Cash loans,545040.0,26509.5,F,44.0,Separated,House / apartment,Businessman,202500.0,1
402008,Cash loans,90000.0,6012.0,F,30.0,Married,House / apartment,Unemployed,81000.0,1
353533,Cash loans,225000.0,11632.5,F,50.0,Civil marriage,House / apartment,Unemployed,76500.0,0
177190,Cash loans,1056447.0,29182.5,F,57.0,Widow,House / apartment,Businessman,450000.0,0
124886,Cash loans,1078200.0,31653.0,F,49.0,Married,House / apartment,Working,67500.0,0
380398,Cash loans,256500.0,17271.0,M,51.0,Married,House / apartment,Unemployed,85500.0,0
260236,Cash loans,314100.0,19111.5,M,35.0,Married,House / apartment,Working,157500.0,1
323070,Cash loans,297130.5,15300.0,F,37.0,Separated,House / apartment,Working,112500.0,0
178834,Cash loans,247500.0,19971.0,F,57.0,Married,House / apartment,Unemployed,108000.0,1
183548,Cash loans,414792.0,22630.5,F,,Married,House / apartment,Working,157500.0,0
277749,Revolving loans,180000.0,9000.0,M,25.0,Married,House / apartment,Working,180000.0,0
212801,Cash loans,199080.0,13302.0,F,34.0,Civil marriage,Municipal apartment,Working,112500.0,0
154000,Revolving loans,270000.0,13500.0,M,56.0,Married,House / apartment,Working,112500.0,0
421317,Revolving loans,270000.0,13500.0,M,51.0,Single / not married,House / apartment,Working,292500.0,0
276523,Cash loans,259794.0,30960.0,M,43.0,Married,House / apartment,Working,157500.0,0
178482,Cash loans,518562.0,25078.5,F,32.0,Married,House / apartment,Working,202500.0,0
443733,Cash loans,398016.0,31446.0,M,38.0,Married,House / apartment,,112500.0,0
116057,Cash loans,540000.0,19836.0,F,43.0,Married,House / apartment,Unemployed,99000.0,0
406504,Cash loans,258709.5,14980.5,,57.0,Married,Municipal apartment,Working,180000.0,1
454573,Cash loans,450346.5,21793.5,F,58.0,Married,House / apartment,Businessman,220500.0,0
283034,Cash loans,314055.0,16164.0,M,52.0,Married,House / apartment,Businessman,270000.0,0
441383,Cash loans,1971072.0,68643.0,F,54.0,Married,House / apartment,Working,427500.0,0
107923,Cash loans,792477.0,23301.0,F,64.0,Widow,House / apartment,Working,180000.0,0
432491,Cash loans,254700.0,26874.0,F,44.0,Married,Municipal apartment,Working,135000.0,0
167388,Cash loans,562500.0,20205.0,M,33.0,Married,House / apartment,Unemployed,135000.0,0
151810,Cash loans,270000.0,14647.5,M,27.0,Single / not married,House / apartment,Unemployed,90000.0,0
293840,Revolving loans,180000.0,9000.0,F,37.0,Single / not married,House / apartment,Unemployed,135000.0,0
126858,Revolving loans,270000.0,13500.0,F,28.0,Married,House / apartment,Unemployed,180000.0,0
318597,Cash loans,1502941.5,52371.0,F,60.0,Separated,House / apartment,Businessman,324000.0,0
119588,Cash loans,1971072.0,68512.5,F,63.0,Married,House / apartment,Businessman,225000.0,0
431533,Cash loans,208512.0,23710.5,M,39.0,Married,House / apartment,Working,112500.0,0
449347,Cash loans,1354500.0,35860.5,M,37.0,Married,House / apartment,Unemployed,135000.0,0
296660,Cash loans,1125000.0,30937.5,M,23.0,Married,House / apartment,Working,180000.0,0
421529,Cash loans,1665000.0,58005.0,,53.0,Married,House / apartment,Businessman,225000.0,0
309132,Cash loans,495000.0,42615.0,F,50.0,Married,House / apartment,Working,247500.0,0
132551,Cash loans,1661418.0,43956.0,F,45.0,Civil marriage,House / apartment,Working,202500.0,1
164763,Cash loans,225000.0,12915.0,F,28.0,Married,With parents,Working,112500.0,0
212831,Cash loans,271066.5,17451.0,,63.0,Civil marriage,House / apartment,Working,126000.0,0
208745,Cash loans,840951.0,35761.5,F,48.0,Married,House / apartment,Working,135000.0,0
111229,Cash loans,864000.0,30739.5,M,23.0,Married,With parents,Unemployed,157500.0,0
407560,Cash loans,403083.0,28795.5,F,46.0,Separated,House / apartment,Working,112500.0,0
125207,Cash loans,337500.0,16416.0,F,27.0,Married,House / apartment,Businessman,225000.0,1
358169,Cash loans,503676.0,27454.5,F,37.0,Civil marriage,With parents,Working,157500.0,1
223819,Cash loans,315000.0,22918.5,F,41.0,Married,House / apartment,Unemployed,45000.0,0
285761,Revolving loans,270000.0,13500.0,F,35.0,Civil marriage,House / apartment,Working,126000.0,0
338956,Cash loans,755190.0,38686.5,F,28.0,Single / not married,Municipal apartment,Businessman,270000.0,0
360166,Cash loans,697500.0,25051.5,F,27.0,Civil marriage,With parents,Businessman,225000.0,0
205151,Revolving loans,180000.0,9000.0,F,58.0,Married,House / apartment,Unemployed,81000.0,0
106545,Cash loans,679500.0,36333.0,F,54.0,Separated,House / apartment,Working,112500.0,0
274159,Cash loans,900000.0,29034.0,M,35.0,Married,House / apartment,Working,162000.0,0
406859,Cash loans,640080.0,29970.0,F,33.0,Married,House / apartment,Working,135000.0,0
139421,Cash loans,1047501.0,55809.0,F,47.0,Married,Rented apartment,Unemployed,180000.0,0
277587,Cash loans,521280.0,24286.5,F,51.0,Separated,House / apartment,Working,121500.0,0
252733,Cash loans,675000.0,21906.0,F,55.0,Married,House / apartment,Working,238500.0,0
117290,Cash loans,454500.0,17608.5,M,44.0,Civil marriage,House / apartment,Working,112500.0,0
118861,Cash loans,360000.0,28993.5,M,25.0,Married,House / apartment,Working,157500.0,0
311944,Cash loans,1574532.0,60102.0,F,64.0,Married,Office apartment,Working,180000.0,0
323365,Cash loans,2250000.0,59485.5,F,47.0,Married,Municipal apartment,Businessman,288000.0,0
101647,Revolving loans,810000.0,40500.0,F,50.0,Married,House / apartment,Working,360000.0,0
452609,Cash loans,675000.0,53460.0,F,,Married,House / apartment,Working,180000.0,0
111583,Cash loans,755190.0,36459.0,M,38.0,Married,House / apartment,Businessman,270000.0,1
180635,Revolving loans,135000.0,6750.0,F,34.0,Married,House / apartment,Unemployed,49500.0,0
400533,Cash loans,1006920.0,54751.5,M,27.0,Married,House / apartment,Businessman,225000.0,0
352615,Cash loans,1436850.0,46480.5,F,42.0,Married,House / apartment,Businessman,315000.0,0
290761,Cash loans,913500.0,37696.5,F,50.0,Married,House / apartment,Working,270000.0,0
157214,Cash loans,148140.0,9594.0,F,53.0,Civil marriage,House / apartment,Working,157500.0,0
373638,Cash loans,225000.0,21037.5,M,30.0,Civil marriage,With parents,Unemployed,108000.0,0
444445,Cash loans,568800.0,15772.5,M,34.0,Married,House / apartment,Working,262647.0,0
182912,Cash loans,1319269.5,36409.5,F,58.0,Married,House / apartment,Working,117000.0,0
127008,Cash loans,549000.0,15862.5,F,55.0,Single / not married,Office apartment,Working,112500.0,0
285985,Cash loans,251091.0,23233.5,F,37.0,Married,House / apartment,Working,157500.0,0
332656,Cash loans,450000.0,28890.0,M,32.0,Married,House / apartment,Businessman,225000.0,0
231505,Cash loans,835380.0,33259.5,F,39.0,Separated,With parents,Unemployed,90000.0,0
219249,Cash loans,983299.5,41791.5,F,54.0,Civil marriage,House / apartment,Businessman,270000.0,0
260689,Cash loans,314055.0,14683.5,F,24.0,Married,House / apartment,Working,180000.0,0
311915,Cash loans,942300.0,27549.0,F,58.0,Widow,Rented apartment,Working,112500.0,0
367070,Revolving loans,405000.0,20250.0,F,61.0,Single / not married,House / apartment,Unemployed,247500.0,0
115634,Cash loans,50940.0,5616.0,M,33.0,Married,With parents,Working,135000.0,1
154577,Cash loans,1129500.0,29925.0,F,37.0,Married,House / apartment,Working,166500.0,0
304439,Cash loans,612612.0,31410.0,F,39.0,Married,House / apartment,Working,157500.0,0
232061,Cash loans,450000.0,21888.0,F,35.0,Married,House / apartment,Working,81000.0,0
449704,Revolving loans,180000.0,9000.0,F,42.0,Married,House / apartment,Businessman,202500.0,0
313716,Cash loans,1006920.0,46791.0,F,63.0,Married,House / apartment,Businessman,405000.0,0
455025,Revolving loans,315000.0,15750.0,F,37.0,Married,House / apartment,Working,148500.0,0
108227,Cash loans,432661.5,22653.0,F,33.0,Married,With parents,Unemployed,126000.0,1
217280,Cash loans,1256400.0,36864.0,F,64.0,Widow,House / apartment,Working,157500.0,0
394040,Cash loans,,48631.5,F,44.0,Married,House / apartment,Businessman,225000.0,0
323519,Cash loans,284400.0,18643.5,M,60.0,Married,House / apartment,Working,135000.0,1
148612,Revolving loans,247500.0,12375.0,F,42.0,Married,House / apartment,Working,126000.0,0
295570,Cash loans,284400.0,16456.5,F,67.0,Separated,House / apartment,Businessman,202500.0,0
350660,Cash loans,781920.0,28084.5,M,48.0,Married,House / apartment,Working,135000.0,0
184948,Cash loans,584766.0,24903.0,F,45.0,Married,House / apartment,Working,135000.0,0
349880,Cash loans,545040.0,26640.0,F,28.0,Single / not married,House / apartment,Working,112500.0,1
175004,Cash loans,1288350.0,41692.5,F,37.0,Married,House / apartment,Businessman,220500.0,0
216809,Revolving loans,180000.0,9000.0,F,,Married,With parents,Unemployed,31500.0,0
223774,Cash loans,328405.5,12298.5,F,62.0,Widow,House / apartment,Working,126000.0,0
419301,Cash loans,454500.0,18153.0,F,60.0,Widow,House / apartment,Unemployed,112500.0,0
125210,Cash loans,1800000.0,62698.5,F,44.0,Widow,House / apartment,Working,405000.0,0
285161,Cash loans,225000.0,17541.0,F,39.0,Married,House / apartment,Working,180000.0,0
328404,Cash loans,315000.0,13873.5,F,60.0,Single / not married,Rented apartment,Working,144000.0,0
214038,Cash loans,820453.5,36270.0,F,63.0,Widow,House / apartment,Working,157500.0,0
165439,Cash loans,225000.0,22383.0,F,35.0,Married,House / apartment,Unemployed,72000.0,0
434029,Cash loans,781920.0,43789.5,F,58.0,Widow,House / apartment,Working,157500.0,0
113615,Cash loans,225000.0,22050.0,F,66.0,Married,House / apartment,Working,135000.0,0
169162,Cash loans,957033.0,53568.0,F,50.0,Married,Municipal apartment,Businessman,202500.0,0
199451,Cash loans,547344.0,19791.0,F,60.0,Single / not married,House / apartment,Working,112500.0,0
119523,Cash loans,224136.0,12645.0,F,55.0,Married,House / apartment,Businessman,297000.0,0
345296,Cash loans,450000.0,27193.5,F,32.0,Married,House / apartment,Unemployed,135000.0,0
317468,Cash loans,780363.0,33192.0,M,48.0,Married,House / apartment,Unemployed,103500.0,0
132666,Cash loans,328365.0,35491.5,M,26.0,Single / not married,Office apartment,Unemployed,180000.0,0
262129,Cash loans,900000.0,45954.0,M,38.0,Married,House / apartment,Working,135000.0,0
427748,Cash loans,308133.0,13185.0,F,60.0,Married,House / apartment,Unemployed,45000.0,0
334687,Cash loans,286704.0,20520.0,M,35.0,Single / not married,House / apartment,Unemployed,94500.0,0
373280,Cash loans,254700.0,13567.5,M,61.0,Married,House / apartment,Unemployed,63000.0,0
361503,Cash loans,755190.0,36459.0,F,41.0,Married,House / apartment,Businessman,225000.0,0
222830,Cash loans,521280.0,25209.0,M,36.0,Married,House / apartment,Unemployed,189000.0,0
178437,Cash loans,354276.0,17361.0,F,36.0,Single / not married,House / apartment,Working,135000.0,0
307991,Cash loans,269550.0,16416.0,F,42.0,Married,House / apartment,Unemployed,90000.0,0
309731,Cash loans,675000.0,41296.5,F,34.0,Married,With parents,Unemployed,108000.0,0
411833,Revolving loans,180000.0,9000.0,M,22.0,Single / not married,House / apartment,Unemployed,90000.0,0
448175,Cash loans,835380.0,33259.5,,64.0,Widow,House / apartment,Working,148500.0,0
168316,Cash loans,508495.5,21541.5,M,43.0,Married,House / apartment,Businessman,225000.0,0
240850,Cash loans,900000.0,94639.5,M,59.0,Married,House / apartment,Businessman,675000.0,0
136897,Cash loans,625356.0,17325.0,M,47.0,Married,House / apartment,Working,135000.0,0
128234,Cash loans,518562.0,22972.5,F,57.0,Married,House / apartment,,157500.0,0
231149,Cash loans,690048.0,22387.5,F,55.0,Married,House / apartment,Working,112500.0,0
229099,Cash loans,,24309.0,M,32.0,Civil marriage,Municipal apartment,Businessman,270000.0,0
293195,Cash loans,1227901.5,48694.5,F,45.0,Married,House / apartment,Working,247500.0,0
355894,Cash loans,298512.0,28039.5,F,59.0,Single / not married,House / apartment,Unemployed,90000.0,0
377473,Cash loans,675000.0,49248.0,M,44.0,Married,House / apartment,Businessman,225000.0,0
376395,Cash loans,103500.0,9013.5,F,22.0,Married,House / apartment,Unemployed,90000.0,0
378507,Cash loans,545040.0,19705.5,F,55.0,Widow,House / apartment,Unemployed,130500.0,0
150646,Cash loans,154066.5,12303.0,F,37.0,Married,House / apartment,Working,135000.0,0
420945,Cash loans,579195.0,25641.0,F,37.0,Married,House / apartment,Working,135000.0,0
430201,Cash loans,607041.0,25848.0,F,55.0,Married,House / apartment,Working,180000.0,0
346901,Revolving loans,247500.0,12375.0,M,43.0,Separated,House / apartment,Unemployed,90000.0,0
176532,Cash loans,281493.0,22698.0,M,24.0,Married,With parents,Working,157500.0,0
452183,Cash loans,675000.0,28507.5,M,58.0,Married,House / apartment,Working,135000.0,1
259164,Revolving loans,315000.0,15750.0,M,44.0,Married,House / apartment,Working,112500.0,0
215740,Cash loans,76410.0,8748.0,M,28.0,Married,House / apartment,Working,135000.0,0
297187,Cash loans,401386.5,16474.5,M,53.0,Married,House / apartment,Working,148500.0,0
129367,Cash loans,1096020.0,52857.0,F,44.0,Married,House / apartment,Working,157500.0,0
215467,Cash loans,545040.0,20677.5,F,40.0,Married,House / apartment,Unemployed,135000.0,0
169841,Cash loans,450000.0,21888.0,M,34.0,Married,House / apartment,Working,180000.0,0
234603,Revolving loans,180000.0,9000.0,F,45.0,Married,House / apartment,Working,126000.0,0
341208,Cash loans,1515415.5,41800.5,F,62.0,Married,House / apartment,Unemployed,135000.0,0
195026,Cash loans,1293502.5,35698.5,F,51.0,Married,House / apartment,Unemployed,76500.0,1
351888,Cash loans,796500.0,75757.5,F,39.0,Married,House / apartment,Unemployed,81000.0,0
328833,Cash loans,675000.0,28597.5,F,57.0,Widow,House / apartment,Working,92250.0,0
272198,Cash loans,99504.0,10444.5,M,50.0,Civil marriage,House / apartment,Working,315000.0,0
437572,Cash loans,239850.0,25960.5,F,43.0,Civil marriage,House / apartment,Working,225000.0,0
281258,Cash loans,216000.0,14193.0,M,42.0,Married,House / apartment,Working,180000.0,0
248397,Cash loans,291384.0,30609.0,F,65.0,Widow,House / apartment,Unemployed,81000.0,0
456068,Cash loans,766282.5,33885.0,,63.0,Separated,House / apartment,Unemployed,157500.0,0
344477,Cash loans,545040.0,20677.5,F,35.0,Single / not married,House / apartment,Working,112500.0,0
175934,Cash loans,180000.0,14058.0,F,31.0,Civil marriage,With parents,Unemployed,94500.0,0
342251,Cash loans,1546020.0,42642.0,M,64.0,Married,House / apartment,Working,175500.0,0
115399,Revolving loans,225000.0,11250.0,F,27.0,Single / not married,House / apartment,Unemployed,90000.0,0
106329,Cash loans,284256.0,29979.0,F,59.0,Separated,Municipal apartment,Working,144000.0,0
320861,Cash loans,1113840.0,44172.0,M,45.0,Separated,House / apartment,Working,225000.0,0
276657,Cash loans,1622691.0,44622.0,F,36.0,Separated,Municipal apartment,Businessman,315000.0,0
373335,Cash loans,900000.0,38133.0,F,31.0,Married,With parents,Businessman,360000.0,0
358374,Cash loans,942300.0,34749.0,M,37.0,Married,House / apartment,Working,157500.0,0
249249,Cash loans,1113133.5,32674.5,F,51.0,Married,House / apartment,Working,121500.0,0
167129,Cash loans,157500.0,11200.5,M,54.0,Married,House / apartment,Unemployed,90000.0,0
272832,Cash loans,163512.0,13045.5,F,32.0,Married,House / apartment,Unemployed,180000.0,0
414944,Cash loans,562491.0,26194.5,M,59.0,Civil marriage,House / apartment,Working,112500.0,0
309256,Cash loans,298512.0,16798.5,F,48.0,Married,House / apartment,Working,90000.0,0
157943,Cash loans,1350000.0,39474.0,M,43.0,Married,House / apartment,Unemployed,180000.0,0
186571,Cash loans,675000.0,24799.5,F,41.0,Married,House / apartment,Unemployed,90000.0,0
127855,Cash loans,2695500.0,74254.5,F,32.0,Married,House / apartment,Working,450000.0,0
225617,Cash loans,469152.0,24084.0,M,35.0,Married,House / apartment,Working,121500.0,1
339440,Cash loans,1345500.0,39339.0,M,29.0,Single / not married,Municipal apartment,Working,180000.0,0
204216,Cash loans,284400.0,16011.0,,41.0,Married,House / apartment,Businessman,202500.0,0
306566,Cash loans,398016.0,22351.5,F,62.0,Civil marriage,House / apartment,Working,117000.0,0
407559,Revolving loans,270000.0,13500.0,F,42.0,Married,House / apartment,Working,135000.0,0
117456,Cash loans,1082214.0,31770.0,F,42.0,Single / not married,House / apartment,Working,193500.0,0
240699,Revolving loans,1237500.0,61875.0,M,46.0,Separated,House / apartment,Working,450000.0,0
108841,Revolving loans,337500.0,16875.0,F,37.0,Married,House / apartment,Working,112500.0,0
237324,Revolving loans,180000.0,9000.0,F,23.0,Civil marriage,With parents,Unemployed,54000.0,0
278285,Cash loans,728460.0,57685.5,F,43.0,Married,House / apartment,Working,135000.0,0
435074,Cash loans,450000.0,22977.0,M,31.0,Married,Municipal apartment,Working,225000.0,0
192102,Cash loans,,25573.5,F,55.0,Single / not married,House / apartment,Unemployed,180000.0,0
346892,Revolving loans,247500.0,12375.0,F,49.0,Widow,House / apartment,Working,135000.0,0
106497,Cash loans,168102.0,9513.0,F,66.0,Widow,House / apartment,Unemployed,67500.0,0
126798,Cash loans,225000.0,8613.0,M,49.0,Married,House / apartment,Working,157500.0,0
275915,Cash loans,450000.0,36211.5,F,22.0,Separated,House / apartment,Working,157500.0,0
319635,Cash loans,1052181.0,53851.5,M,65.0,Married,House / apartment,Businessman,324000.0,0
141254,Cash loans,148707.0,14836.5,M,39.0,Civil marriage,House / apartment,Unemployed,76500.0,0
278877,Cash loans,815877.0,47830.5,F,33.0,Married,House / apartment,Working,450000.0,0
135406,Cash loans,503266.5,54328.5,F,,Married,House / apartment,,202500.0,0
128225,Cash loans,314100.0,21375.0,M,55.0,Married,House / apartment,Unemployed,76500.0,1
323831,Cash loans,1125000.0,32895.0,F,36.0,Married,House / apartment,Unemployed,99000.0,0
267360,Cash loans,1164667.5,34182.0,F,38.0,Married,House / apartment,Working,112500.0,0
445937,Cash loans,177768.0,11488.5,F,43.0,Separated,House / apartment,Unemployed,90000.0,0
242013,Cash loans,545040.0,25537.5,F,53.0,Married,House / apartment,Working,117000.0,0
156503,Cash loans,312768.0,15966.0,F,32.0,Single / not married,House / apartment,Working,112500.0,0
319741,Cash loans,272578.5,14044.5,F,51.0,Married,House / apartment,Unemployed,126000.0,0
432084,Cash loans,1078200.0,31522.5,F,38.0,Married,House / apartment,Unemployed,90000.0,0
182896,Cash loans,269550.0,24853.5,M,30.0,Civil marriage,House / apartment,Unemployed,135000.0,0
130254,Cash loans,900000.0,29380.5,F,44.0,Separated,House / apartment,Working,112500.0,0
318911,Cash loans,454500.0,19255.5,M,56.0,Married,House / apartment,Unemployed,90000.0,0
145547,Cash loans,1762110.0,48586.5,F,36.0,Civil marriage,House / apartment,Working,315000.0,0
108013,Revolving loans,675000.0,33750.0,M,29.0,Married,With parents,Businessman,225000.0,0
437616,Cash loans,535500.0,22819.5,F,40.0,Single / not married,Office apartment,Businessman,202500.0,0
294965,Cash loans,472500.0,27126.0,F,64.0,Widow,House / apartment,Working,157500.0,0
425152,Cash loans,284400.0,13963.5,M,39.0,Married,House / apartment,Unemployed,72000.0,0
455382,Cash loans,276277.5,10795.5,F,67.0,Married,House / apartment,Working,135000.0,0
166614,Cash loans,688500.0,36679.5,M,50.0,Married,House / apartment,Unemployed,90000.0,0
284494,Cash loans,675000.0,21775.5,F,50.0,Married,House / apartment,Unemployed,90000.0,0
143184,Cash loans,1666746.0,45832.5,F,47.0,Single / not married,House / apartment,Businessman,225000.0,0
328267,Cash loans,345510.0,16749.0,F,61.0,Civil marriage,House / apartment,Working,135000.0,0
392679,Cash loans,814041.0,23931.0,F,44.0,Civil marriage,House / apartment,Working,225000.0,0
410683,Cash loans,312768.0,16506.0,M,48.0,Married,Rented apartment,Unemployed,76500.0,0
108294,Revolving loans,405000.0,20250.0,F,59.0,Married,House / apartment,Working,135000.0,0
325501,Cash loans,254700.0,14220.0,F,66.0,Married,House / apartment,Unemployed,117000.0,0
287426,Cash loans,1078200.0,34911.0,M,44.0,Civil marriage,House / apartment,Working,247500.0,0
321935,Cash loans,1120275.0,44559.0,F,53.0,Married,House / apartment,Working,315000.0,1
288229,Cash loans,677664.0,24471.0,F,46.0,Married,House / apartment,Working,157500.0,1
128493,Revolving loans,180000.0,9000.0,F,27.0,Single / not married,House / apartment,Working,270000.0,0
149739,Cash loans,526500.0,21010.5,F,52.0,Married,House / apartment,,90000.0,0
415204,Cash loans,364896.0,18760.5,M,53.0,Married,House / apartment,Unemployed,90000.0,1
124972,Cash loans,157500.0,16137.0,M,41.0,Married,House / apartment,Unemployed,126000.0,0
243024,Cash loans,459000.0,16483.5,F,53.0,Married,House / apartment,Working,180000.0,0
157273,Cash loans,814041.0,23931.0,F,35.0,Married,House / apartment,Unemployed,90000.0,0
311908,Cash loans,900000.0,39307.5,F,34.0,Civil marriage,House / apartment,Working,112500.0,0
438143,Cash loans,76410.0,9067.5,M,22.0,Single / not married,House / apartment,Unemployed,81000.0,0
239916,Cash loans,225000.0,16371.0,F,33.0,Separated,With parents,Working,157500.0,0
236883,Cash loans,1535553.0,45027.0,M,46.0,Married,House / apartment,Businessman,225000.0,0
403032,Cash loans,283500.0,19075.5,F,31.0,Civil marriage,House / apartment,Working,112500.0,0
449389,Cash loans,1293502.5,35698.5,F,53.0,Single / not married,House / apartment,Businessman,472500.0,0
164141,Cash loans,1288350.0,37800.0,M,54.0,Married,House / apartment,Working,180000.0,0
101257,Cash loans,417024.0,20191.5,F,37.0,Married,House / apartment,,81000.0,0
284702,Cash loans,1078200.0,31653.0,M,37.0,Married,House / apartment,Working,180000.0,0
246399,Cash loans,1155226.5,38308.5,F,42.0,Married,House / apartment,Working,126000.0,0
183942,Cash loans,1236816.0,36292.5,M,45.0,Married,House / apartment,Businessman,540000.0,0
130765,Cash loans,405000.0,32125.5,F,44.0,Married,House / apartment,Working,135000.0,0
229486,Cash loans,862560.0,25348.5,F,48.0,Married,House / apartment,Working,112500.0,1
363037,Cash loans,151272.0,7182.0,F,56.0,Married,Office apartment,Working,126000.0,0
107272,Revolving loans,855000.0,42750.0,F,33.0,Married,House / apartment,Businessman,270000.0,0
255698,Cash loans,343377.0,16137.0,F,41.0,Civil marriage,House / apartment,Businessman,225000.0,1
419040,Revolving loans,247500.0,12375.0,M,52.0,Married,House / apartment,Unemployed,90000.0,0
211167,Cash loans,239850.0,25578.0,M,35.0,Single / not married,House / apartment,Unemployed,67500.0,0
147609,Cash loans,1288350.0,37800.0,M,27.0,Married,House / apartment,Working,180000.0,0
203145,Cash loans,557770.5,44199.0,F,33.0,Married,House / apartment,Working,171000.0,0
419137,Cash loans,756000.0,48442.5,M,40.0,Single / not married,With parents,Businessman,225000.0,0
115986,Cash loans,715095.0,47979.0,F,53.0,Married,House / apartment,Businessman,225000.0,0
291377,Cash loans,679500.0,26572.5,F,28.0,Married,Rented apartment,,144000.0,0
337238,Revolving loans,1350000.0,67500.0,M,42.0,Married,House / apartment,Unemployed,540000.0,0
440387,Cash loans,254700.0,15709.5,F,65.0,Married,House / apartment,Working,112500.0,0
349094,Cash loans,900000.0,26316.0,F,52.0,Married,House / apartment,Working,198000.0,0
266322,Revolving loans,270000.0,13500.0,F,27.0,Married,With parents,Businessman,247500.0,0
372909,Cash loans,1223010.0,51948.0,F,56.0,Married,House / apartment,Businessman,418500.0,0
153401,Cash loans,508500.0,14868.0,F,56.0,Single / not married,House / apartment,Working,147600.0,0
450352,Cash loans,74182.5,5823.0,F,36.0,Single / not married,House / apartment,Working,90000.0,0
431451,Cash loans,1535553.0,44136.0,F,54.0,Married,House / apartment,Working,157500.0,0
200738,Cash loans,1066752.0,31320.0,F,,Married,House / apartment,Working,112500.0,0
295135,Cash loans,256500.0,16699.5,F,34.0,Married,House / apartment,Unemployed,90000.0,0
338344,Cash loans,135000.0,12379.5,F,25.0,Civil marriage,House / apartment,Unemployed,90000.0,1
153787,Cash loans,517788.0,19647.0,F,59.0,Widow,House / apartment,Unemployed,76500.0,0
300739,Cash loans,564124.5,36049.5,M,53.0,Married,House / apartment,Businessman,225000.0,0
317760,Cash loans,1056447.0,31018.5,M,60.0,Married,House / apartment,Unemployed,67500.0,0
215110,Cash loans,508495.5,20295.0,F,65.0,Widow,House / apartment,Unemployed,85500.0,0
273299,Cash loans,1149210.0,37201.5,F,50.0,Married,House / apartment,Businessman,225000.0,0
432630,Cash loans,904500.0,48321.0,M,35.0,Married,House / apartment,,193500.0,0
333235,Cash loans,904500.0,29308.5,M,44.0,Married,House / apartment,Working,202500.0,0
158749,Cash loans,1530000.0,42075.0,M,47.0,Married,House / apartment,Working,202500.0,0
243195,Cash loans,426384.0,50733.0,M,41.0,Married,Municipal apartment,Working,225000.0,0
182467,Cash loans,1345500.0,51376.5,M,35.0,Married,House / apartment,Businessman,270000.0,0
137240,Cash loans,535500.0,42439.5,F,57.0,Married,House / apartment,Businessman,202500.0,0
216598,Cash loans,1213339.5,51538.5,F,44.0,Civil marriage,House / apartment,Businessman,360000.0,0
339555,Cash loans,251280.0,13284.0,F,26.0,Single / not married,House / apartment,Unemployed,90000.0,0
333182,Cash loans,225000.0,26833.5,F,27.0,Married,House / apartment,Businessman,225000.0,0
131189,Cash loans,675000.0,17806.5,M,31.0,Married,House / apartment,Working,234000.0,0
311572,Cash loans,1928736.0,67171.5,F,42.0,Married,House / apartment,Businessman,216000.0,0
145838,Cash loans,454500.0,45868.5,,41.0,Married,House / apartment,Businessman,270000.0,0
233476,Cash loans,932643.0,27400.5,F,62.0,Married,House / apartment,Unemployed,90000.0,0
336390,Cash loans,254700.0,14350.5,,66.0,Married,House / apartment,Unemployed,49500.0,0
189971,Cash loans,291915.0,26901.0,F,56.0,Married,House / apartment,Working,130500.0,0
415917,Cash loans,222547.5,15957.0,M,43.0,Single / not married,Office apartment,Working,225000.0,0
146953,Revolving loans,180000.0,9000.0,M,21.0,Married,House / apartment,,157500.0,0
361126,Cash loans,,25272.0,F,22.0,Single / not married,House / apartment,Unemployed,157500.0,0
428823,Cash loans,555273.0,18040.5,M,29.0,Civil marriage,House / apartment,Businessman,225000.0,0
161039,Cash loans,1125000.0,32895.0,M,65.0,Married,House / apartment,Unemployed,54000.0,1
162436,Cash loans,225000.0,16132.5,M,36.0,Married,House / apartment,,90000.0,0
241799,Cash loans,328405.5,20218.5,M,28.0,Single / not married,House / apartment,Businessman,225000.0,1
454937,Cash loans,970380.0,34510.5,F,34.0,Married,House / apartment,Working,135000.0,1
303535,Cash loans,840951.0,35761.5,M,30.0,Married,House / apartment,Businessman,225000.0,0
338401,Cash loans,770292.0,32764.5,F,34.0,Married,House / apartment,Working,112500.0,0
228109,Cash loans,167895.0,17334.0,F,67.0,Single / not married,House / apartment,Working,112500.0,0
214782,Cash loans,355536.0,19417.5,,30.0,Separated,House / apartment,Working,135000.0,0
177475,Cash loans,241618.5,27391.5,M,36.0,Married,House / apartment,Working,157500.0,0
193126,Cash loans,675000.0,53329.5,M,32.0,Married,House / apartment,Businessman,202500.0,0
214869,Cash loans,2225295.0,58833.0,F,40.0,Married,House / apartment,Working,216000.0,0
137208,Cash loans,728847.0,24084.0,F,58.0,Married,House / apartment,Working,117000.0,0
314935,Cash loans,1078200.0,31027.5,F,56.0,Married,House / apartment,Unemployed,76500.0,0
363636,Cash loans,208512.0,23710.5,M,58.0,Civil marriage,House / apartment,Businessman,270000.0,0
271718,Cash loans,544491.0,17694.0,F,59.0,Married,House / apartment,Unemployed,94500.0,0
454317,Cash loans,545157.0,29704.5,F,53.0,Married,House / apartment,Working,112500.0,1
353583,Cash loans,119925.0,11209.5,F,35.0,Civil marriage,House / apartment,Unemployed,126000.0,0
396964,Cash loans,1350000.0,34128.0,M,24.0,Single / not married,With parents,Working,173502.0,0
249511,Cash loans,1886850.0,52015.5,M,61.0,Married,House / apartment,Working,202500.0,1
231688,Cash loans,327024.0,18904.5,F,36.0,Single / not married,House / apartment,Working,130500.0,0
442443,Revolving loans,180000.0,9000.0,F,52.0,Married,House / apartment,Working,135000.0,0
164299,Cash loans,526491.0,27009.0,M,61.0,Married,House / apartment,Working,135000.0,0
363754,Cash loans,161730.0,13095.0,F,40.0,Single / not married,House / apartment,Businessman,202500.0,0
305357,Cash loans,457312.5,29353.5,M,33.0,Married,With parents,Working,157500.0,0
209274,Cash loans,835380.0,40320.0,M,42.0,Married,House / apartment,,180000.0,0
387800,Cash loans,467257.5,21910.5,M,34.0,Single / not married,House / apartment,Working,135000.0,0
146855,Cash loans,604152.0,29196.0,F,,Married,House / apartment,Working,157500.0,0
217205,Cash loans,675000.0,32602.5,F,34.0,Married,House / apartment,Unemployed,135000.0,0
125032,Cash loans,343800.0,12478.5,F,64.0,Widow,House / apartment,Working,135000.0,1
164702,Cash loans,495216.0,26865.0,M,31.0,Civil marriage,House / apartment,Working,180000.0,0
234865,Cash loans,580500.0,18855.0,M,35.0,Married,House / apartment,Working,157500.0,0
421169,Cash loans,755190.0,30078.0,F,50.0,Single / not married,House / apartment,Working,162000.0,0
413220,Cash loans,486459.0,14877.0,M,30.0,Married,House / apartment,Working,135000.0,0
245809,Revolving loans,180000.0,9000.0,,30.0,Married,House / apartment,Businessman,450000.0,0
211558,Cash loans,1170000.0,34339.5,F,59.0,Married,House / apartment,Unemployed,211500.0,0
106162,Cash loans,152820.0,16587.0,F,32.0,Married,House / apartment,Working,180000.0,0
250243,Cash loans,225000.0,10039.5,F,33.0,Civil marriage,House / apartment,Unemployed,67500.0,0
245185,Cash loans,927612.0,62122.5,F,39.0,Married,House / apartment,Businessman,382500.0,0
191209,Cash loans,431280.0,23526.0,F,47.0,Married,House / apartment,Working,144000.0,0
115472,Revolving loans,180000.0,9000.0,F,25.0,Civil marriage,House / apartment,Working,112500.0,0
142268,Cash loans,450000.0,12001.5,,30.0,Married,House / apartment,Working,135000.0,0
329003,Cash loans,314100.0,14683.5,F,37.0,Separated,House / apartment,Unemployed,90000.0,0
325308,Cash loans,1096479.0,106816.5,F,36.0,Married,House / apartment,Businessman,270000.0,0
331422,Cash loans,1288350.0,37669.5,F,58.0,Married,House / apartment,Working,180000.0,0
403439,Cash loans,1002456.0,39753.0,M,39.0,Married,House / apartment,Working,360000.0,0
331792,Cash loans,269550.0,16416.0,M,27.0,Married,House / apartment,Working,180000.0,0
207352,Cash loans,906228.0,35937.0,F,54.0,Civil marriage,House / apartment,Working,180000.0,0
397786,Cash loans,247275.0,19822.5,F,30.0,Civil marriage,House / apartment,Unemployed,112500.0,0
112987,Cash loans,634482.0,20596.5,F,38.0,Single / not married,With parents,Working,112500.0,0
286328,Cash loans,450000.0,29299.5,M,27.0,Single / not married,House / apartment,Working,166500.0,0
135771,Cash loans,254700.0,18585.0,M,49.0,Civil marriage,House / apartment,Working,121500.0,0
431151,Cash loans,229230.0,14152.5,F,36.0,Married,House / apartment,Unemployed,58500.0,0
384669,Cash loans,474183.0,18004.5,M,58.0,Married,House / apartment,Working,171000.0,0
284566,Cash loans,239850.0,24705.0,,33.0,Married,House / apartment,Unemployed,90000.0,0
240468,Cash loans,983160.0,62833.5,M,30.0,Married,House / apartment,Working,225000.0,0
321916,Cash loans,942300.0,27679.5,F,47.0,Married,House / apartment,Unemployed,90000.0,0
248498,Cash loans,619254.0,29920.5,M,44.0,Civil marriage,House / apartment,Unemployed,180000.0,0
267436,Cash loans,234324.0,24993.0,F,32.0,Single / not married,House / apartment,Working,144000.0,0
399345,Cash loans,953460.0,64107.0,F,44.0,Married,House / apartment,Working,225000.0,0
285188,Cash loans,454500.0,19255.5,F,58.0,Married,House / apartment,Unemployed,67500.0,0
377349,Cash loans,269550.0,24853.5,F,31.0,Married,House / apartment,Working,180000.0,1
100050,Cash loans,746280.0,42970.5,F,65.0,Single / not married,House / apartment,Unemployed,108000.0,0
305363,Cash loans,225000.0,24363.0,M,55.0,Separated,House / apartment,Unemployed,157500.0,1
373732,Cash loans,431280.0,22149.0,M,57.0,Separated,House / apartment,Working,135000.0,0
436015,Cash loans,239850.0,22324.5,F,67.0,Single / not married,House / apartment,Unemployed,67500.0,0
219235,Cash loans,310671.0,20889.0,M,52.0,Separated,House / apartment,Unemployed,135000.0,0
243564,Cash loans,675000.0,36616.5,F,37.0,Married,Rented apartment,Working,180000.0,1
336539,Cash loans,427869.0,45058.5,M,52.0,Married,House / apartment,Businessman,225000.0,0
453207,Cash loans,225000.0,10489.5,F,36.0,Single / not married,House / apartment,Unemployed,135000.0,0
378024,Cash loans,528633.0,25560.0,M,57.0,Married,House / apartment,Businessman,225000.0,0
147335,Cash loans,263686.5,15268.5,F,51.0,Married,House / apartment,Unemployed,112500.0,0
305454,Cash loans,240660.0,11704.5,F,52.0,Civil marriage,House / apartment,Unemployed,67500.0,1
305587,Cash loans,750645.0,38457.0,F,26.0,Married,House / apartment,Working,112500.0,0
383734,Cash loans,1718473.5,47254.5,F,49.0,Married,House / apartment,Unemployed,108000.0,0
224286,Cash loans,360000.0,18508.5,M,23.0,Single / not married,House / apartment,Working,135000.0,0
199072,Revolving loans,202500.0,10125.0,F,64.0,Separated,House / apartment,Working,112500.0,0
412975,Cash loans,1024740.0,52321.5,F,40.0,Civil marriage,Rented apartment,Businessman,202500.0,0
348417,Cash loans,203760.0,14764.5,M,56.0,Married,House / apartment,Working,157500.0,0
295308,Cash loans,900000.0,26446.5,M,52.0,Married,Rented apartment,Businessman,202500.0,1
372885,Cash loans,855882.0,36391.5,M,27.0,Married,House / apartment,Working,180000.0,0
387073,Revolving loans,202500.0,10125.0,F,,Single / not married,House / apartment,Working,117000.0,1
418627,Cash loans,314100.0,16573.5,F,35.0,Civil marriage,House / apartment,Unemployed,81000.0,0
272753,Cash loans,1235587.5,40963.5,F,64.0,Married,House / apartment,Businessman,450000.0,0
302603,Cash loans,1149210.0,33732.0,F,,Married,House / apartment,Working,166500.0,0
207989,Cash loans,269550.0,21739.5,M,40.0,Married,House / apartment,Working,112500.0,0
136407,Cash loans,298512.0,15736.5,F,67.0,Widow,House / apartment,Working,117000.0,0
202750,Cash loans,497520.0,29754.0,M,26.0,Married,House / apartment,Unemployed,76500.0,0
126248,Cash loans,161730.0,11632.5,F,37.0,Married,House / apartment,Unemployed,54000.0,0
434152,Cash loans,542133.0,34807.5,F,30.0,Married,With parents,Working,90000.0,0
180432,Cash loans,270126.0,12028.5,F,63.0,Single / not married,House / apartment,Businessman,270000.0,0
284014,Cash loans,835380.0,40320.0,F,26.0,Married,House / apartment,Working,157500.0,0
100277,Cash loans,364896.0,16200.0,M,60.0,Married,House / apartment,Unemployed,67500.0,0
224069,Cash loans,1506816.0,47443.5,F,62.0,Married,House / apartment,Unemployed,90000.0,0
450012,Cash loans,152820.0,16177.5,F,52.0,Married,House / apartment,Businessman,270000.0,0
436996,Revolving loans,540000.0,27000.0,F,60.0,Single / not married,House / apartment,Businessman,351000.0,0
375312,Revolving loans,270000.0,13500.0,F,38.0,Married,House / apartment,Unemployed,103500.0,1
122319,Cash loans,269550.0,10534.5,F,62.0,Married,Municipal apartment,Working,135000.0,0
369718,Revolving loans,135000.0,6750.0,F,27.0,Married,House / apartment,Working,157500.0,0
409343,Cash loans,,18153.0,F,43.0,Married,House / apartment,Working,112500.0,0
128511,Cash loans,381528.0,25627.5,M,41.0,Married,House / apartment,Working,112500.0,0
299270,Cash loans,384048.0,18810.0,M,29.0,Single / not married,House / apartment,Businessman,270000.0,0
208872,Cash loans,728460.0,40806.0,F,32.0,Civil marriage,House / apartment,Businessman,292500.0,0
299405,Cash loans,58500.0,3114.0,F,47.0,Married,House / apartment,Unemployed,45000.0,0
247623,Cash loans,876816.0,44896.5,F,41.0,Married,House / apartment,,157500.0,0
332399,Cash loans,1125000.0,36292.5,F,25.0,Single / not married,Municipal apartment,Working,135000.0,0
450184,Cash loans,675000.0,34596.0,M,33.0,Civil marriage,House / apartment,Working,180000.0,0
327684,Cash loans,675000.0,32602.5,M,25.0,Single / not married,House / apartment,Working,135000.0,1
370751,Cash loans,472500.0,20943.0,M,49.0,Married,House / apartment,Unemployed,247500.0,0
185293,Cash loans,104256.0,10683.0,M,64.0,Married,House / apartment,,112500.0,0
124343,Cash loans,675000.0,27621.0,M,34.0,Married,House / apartment,Working,157500.0,0
245987,Cash loans,398160.0,26739.0,F,37.0,Married,House / apartment,Unemployed,315000.0,0
128117,Cash loans,1557544.5,45670.5,M,46.0,Married,House / apartment,Businessman,360000.0,0
154396,Cash loans,1540867.5,45184.5,M,64.0,Married,House / apartment,Businessman,225000.0,0
189823,Revolving loans,180000.0,9000.0,M,37.0,Single / not married,House / apartment,Businessman,225000.0,1
410441,Cash loans,238500.0,15885.0,F,,Separated,House / apartment,Working,135000.0,0
129974,Cash loans,508495.5,20295.0,F,62.0,Widow,House / apartment,Unemployed,67500.0,0
154550,Cash loans,127350.0,12532.5,F,51.0,Civil marriage,House / apartment,,112500.0,0
415269,Cash loans,550980.0,40221.0,M,24.0,Single / not married,House / apartment,Working,162000.0,0
428272,Cash loans,1762110.0,48586.5,M,40.0,Married,House / apartment,Unemployed,148500.0,0
391664,Cash loans,170640.0,9657.0,F,66.0,Widow,House / apartment,Working,135000.0,0
122370,Cash loans,225000.0,16132.5,M,55.0,Single / not married,House / apartment,Working,135000.0,0
248768,Cash loans,1096020.0,46435.5,F,34.0,Single / not married,House / apartment,Working,315000.0,0
133751,Cash loans,269550.0,11547.0,F,56.0,Married,House / apartment,Working,166500.0,0
322736,Cash loans,247500.0,13554.0,F,47.0,Married,House / apartment,Unemployed,90000.0,0
342489,Cash loans,508495.5,24592.5,,43.0,Single / not married,Rented apartment,Working,166500.0,0
236480,Cash loans,284400.0,18643.5,F,,Civil marriage,House / apartment,Businessman,243000.0,0
227398,Cash loans,468000.0,18265.5,F,31.0,Married,House / apartment,Working,112500.0,0
108496,Cash loans,1460691.0,60412.5,F,43.0,Married,House / apartment,Working,162000.0,0
380638,Cash loans,697500.0,30852.0,F,47.0,Married,House / apartment,Unemployed,67500.0,0
212580,Cash loans,980005.5,38137.5,F,35.0,Married,House / apartment,Working,139500.0,1
198021,Cash loans,239850.0,25578.0,F,30.0,Civil marriage,Municipal apartment,Unemployed,157500.0,0
448745,Cash loans,630000.0,17325.0,M,22.0,Single / not married,House / apartment,Working,70636.5,0
201717,Cash loans,265500.0,21105.0,F,23.0,Single / not married,House / apartment,Unemployed,135000.0,0
194631,Cash loans,45000.0,4774.5,M,28.0,Married,House / apartment,Unemployed,112500.0,0
395088,Revolving loans,270000.0,13500.0,F,41.0,Separated,House / apartment,Unemployed,157500.0,0
297942,Cash loans,942300.0,36643.5,M,31.0,Single / not married,House / apartment,Working,180000.0,1
419133,Cash loans,62554.5,7551.0,M,35.0,Married,House / apartment,Working,225000.0,1
210531,Cash loans,675000.0,25146.0,F,56.0,Married,House / apartment,Unemployed,81000.0,0
141622,Cash loans,454500.0,21865.5,F,37.0,Married,House / apartment,Working,135000.0,0
204136,Cash loans,1185120.0,39298.5,F,30.0,Married,House / apartment,Working,135000.0,0
346770,Cash loans,173196.0,9054.0,F,62.0,Widow,House / apartment,Unemployed,67500.0,0
232892,Cash loans,450000.0,19953.0,F,52.0,Married,House / apartment,,135000.0,0
138431,Cash loans,176328.0,6777.0,F,59.0,Widow,House / apartment,Unemployed,51750.0,0
204006,Cash loans,1312110.0,55593.0,M,29.0,Married,With parents,Working,450000.0,0
325436,Cash loans,573408.0,30681.0,F,,Civil marriage,House / apartment,Unemployed,157500.0,0
438275,Cash loans,2305845.0,60957.0,F,,Married,House / apartment,Working,270000.0,0
182890,Cash loans,285264.0,30082.5,F,34.0,Married,House / apartment,Working,90000.0,0
289769,Cash loans,675000.0,53329.5,M,41.0,Married,House / apartment,Working,135000.0,1
174635,Cash loans,273636.0,14436.0,F,67.0,Married,House / apartment,Working,148500.0,0
182349,Cash loans,204768.0,11884.5,F,44.0,Married,House / apartment,Unemployed,54000.0,0
298393,Cash loans,446931.0,17941.5,M,43.0,Single / not married,House / apartment,Unemployed,90000.0,0
402984,Cash loans,2025000.0,77260.5,M,31.0,Single / not married,House / apartment,Businessman,540000.0,0
418170,Cash loans,755190.0,32125.5,F,42.0,Separated,House / apartment,Unemployed,292500.0,0
434004,Cash loans,761067.0,27468.0,F,60.0,Widow,House / apartment,Businessman,292500.0,0
130265,Cash loans,1847700.0,48870.0,F,55.0,Married,House / apartment,Working,184500.0,0
184156,Cash loans,405000.0,23377.5,M,59.0,Single / not married,House / apartment,Businessman,202500.0,0
174681,Cash loans,755190.0,36328.5,M,51.0,Married,House / apartment,Businessman,450000.0,0
161749,Cash loans,1120500.0,44437.5,M,37.0,Civil marriage,House / apartment,Businessman,337500.0,0
168067,Cash loans,942300.0,30528.0,,42.0,Married,Municipal apartment,Working,112500.0,1
435946,Cash loans,270000.0,17383.5,F,23.0,Married,House / apartment,Working,112500.0,0
352214,Revolving loans,180000.0,9000.0,M,28.0,Civil marriage,House / apartment,Unemployed,94500.0,0
163511,Cash loans,1076287.5,45598.5,F,42.0,Married,House / apartment,,247500.0,0
117754,Cash loans,370638.0,20236.5,M,32.0,Married,With parents,Businessman,270000.0,0
398579,Cash loans,605439.0,28183.5,F,61.0,Married,House / apartment,Working,270000.0,0
108354,Cash loans,54000.0,6237.0,F,33.0,Married,House / apartment,Working,157500.0,0
375960,Cash loans,398160.0,25573.5,M,38.0,Married,Municipal apartment,Working,157500.0,0
415990,Cash loans,364896.0,28957.5,F,29.0,Married,House / apartment,Unemployed,189000.0,0
243973,Cash loans,814041.0,23931.0,F,,Married,House / apartment,Businessman,225000.0,1
416410,Cash loans,495216.0,25929.0,F,52.0,Civil marriage,House / apartment,Working,540000.0,0
130431,Cash loans,432567.0,22779.0,M,43.0,Single / not married,House / apartment,Working,112500.0,0
108269,Cash loans,640080.0,24259.5,F,33.0,Civil marriage,House / apartment,Working,135000.0,0
160561,Revolving loans,180000.0,9000.0,F,27.0,Single / not married,House / apartment,Working,202500.0,0
271444,Cash loans,552555.0,19975.5,F,53.0,Married,House / apartment,Working,135000.0,0
132653,Cash loans,284400.0,18643.5,F,42.0,Widow,With parents,Unemployed,135000.0,0
401109,Cash loans,1198944.0,43065.0,F,44.0,Civil marriage,House / apartment,Businessman,225000.0,0
356425,Cash loans,229500.0,10237.5,F,38.0,Single / not married,House / apartment,Unemployed,69750.0,0
157542,Cash loans,481500.0,26118.0,F,44.0,Married,House / apartment,Working,157500.0,0
327733,Cash loans,675000.0,26770.5,F,,Single / not married,House / apartment,Working,180000.0,0
303802,Revolving loans,180000.0,9000.0,M,45.0,Married,House / apartment,Working,112500.0,0
110864,Cash loans,273636.0,20043.0,F,49.0,Married,House / apartment,Unemployed,135000.0,0
216320,Cash loans,640080.0,23121.0,F,56.0,Married,House / apartment,Working,135000.0,0
146307,Cash loans,375322.5,26248.5,F,57.0,Married,House / apartment,Working,112500.0,0
206777,Cash loans,1125000.0,36423.0,M,27.0,Single / not married,House / apartment,Working,202500.0,1
203557,Cash loans,540000.0,14980.5,F,27.0,Single / not married,House / apartment,Working,112500.0,0
339144,Cash loans,675000.0,24930.0,M,32.0,Married,House / apartment,Businessman,225000.0,0
379173,Cash loans,90000.0,9220.5,M,36.0,Married,House / apartment,Unemployed,90000.0,0
190752,Cash loans,656811.0,27958.5,F,36.0,Married,House / apartment,Working,157500.0,0
147025,Cash loans,508495.5,21672.0,F,58.0,Married,House / apartment,Unemployed,90000.0,0
311551,Cash loans,781920.0,61906.5,F,43.0,Married,House / apartment,Businessman,225000.0,0
303044,Cash loans,728460.0,58536.0,F,27.0,Married,House / apartment,Businessman,247500.0,0
266370,Cash loans,314100.0,16573.5,M,29.0,Married,House / apartment,Working,112500.0,0
213078,Cash loans,442791.0,34983.0,M,38.0,Single / not married,House / apartment,Unemployed,112500.0,0
292958,Cash loans,269550.0,18891.0,F,68.0,Married,House / apartment,Unemployed,67500.0,0
303987,Cash loans,900000.0,29875.5,M,49.0,Married,House / apartment,Businessman,252000.0,0
415504,Cash loans,427500.0,18958.5,F,57.0,Widow,House / apartment,Businessman,225000.0,0
118101,Cash loans,675000.0,24376.5,M,60.0,Married,House / apartment,Working,72000.0,0
217615,Cash loans,497749.5,22054.5,F,42.0,Married,House / apartment,Businessman,247500.0,0
386266,Cash loans,973710.0,28467.0,F,37.0,Single / not married,House / apartment,Working,135000.0,0
269959,Cash loans,491031.0,32944.5,F,47.0,Single / not married,House / apartment,Working,157500.0,0
114483,Revolving loans,270000.0,13500.0,M,45.0,Married,House / apartment,Working,135000.0,0
439806,Cash loans,545040.0,26640.0,M,51.0,Married,Municipal apartment,Businessman,225000.0,0
213576,Revolving loans,180000.0,9000.0,F,24.0,Married,House / apartment,Unemployed,90000.0,0
221466,Cash loans,590337.0,27486.0,F,,Married,House / apartment,Unemployed,157500.0,0
138647,Cash loans,294322.5,16564.5,F,61.0,Widow,House / apartment,Businessman,225000.0,0
200495,Cash loans,634041.0,22905.0,M,56.0,Separated,House / apartment,Working,180000.0,0
280507,Cash loans,656811.0,30564.0,F,64.0,Single / not married,House / apartment,Businessman,202500.0,0
148878,Cash loans,414612.0,20074.5,F,46.0,Single / not married,House / apartment,Working,112500.0,0
454574,Cash loans,355536.0,15192.0,F,51.0,Married,House / apartment,Unemployed,85500.0,0
179360,Cash loans,742500.0,20416.5,M,37.0,Married,House / apartment,Working,145480.5,0
370009,Revolving loans,495000.0,24750.0,F,64.0,Married,House / apartment,Unemployed,171000.0,0
184441,Revolving loans,270000.0,13500.0,F,56.0,Widow,House / apartment,Working,135000.0,0
420752,Revolving loans,270000.0,13500.0,F,33.0,Married,House / apartment,Working,130500.0,0
201923,Cash loans,355536.0,18283.5,F,31.0,Married,House / apartment,Unemployed,157500.0,0
347924,Revolving loans,270000.0,13500.0,F,39.0,Married,House / apartment,Working,112500.0,0
190878,Revolving loans,180000.0,9000.0,F,31.0,Single / not married,House / apartment,Businessman,292500.0,0
243881,Cash loans,653328.0,19233.0,F,49.0,Married,House / apartment,Businessman,202500.0,0
114154,Revolving loans,315000.0,15750.0,F,50.0,Single / not married,House / apartment,Unemployed,168750.0,0
383124,Cash loans,288873.0,14179.5,M,36.0,Married,House / apartment,Unemployed,99000.0,0
129708,Cash loans,1546020.0,45202.5,F,39.0,Civil marriage,Municipal apartment,Businessman,450000.0,0
295567,Cash loans,724261.5,30816.0,F,50.0,Married,House / apartment,Working,180000.0,0
354947,Cash loans,719860.5,48429.0,M,23.0,Single / not married,With parents,Working,153000.0,0
417296,Cash loans,417024.0,15880.5,M,34.0,Single / not married,House / apartment,Unemployed,102222.0,0
129232,Cash loans,337923.0,22711.5,F,49.0,Married,House / apartment,Working,112500.0,0
364635,Cash loans,454500.0,21996.0,M,46.0,Married,House / apartment,Working,180000.0,0
106526,Cash loans,1762110.0,46611.0,F,51.0,Married,House / apartment,Working,225000.0,0
293576,Cash loans,364896.0,18760.5,F,61.0,Married,House / apartment,Unemployed,157500.0,0
370166,Cash loans,990432.0,32863.5,F,40.0,Married,House / apartment,Working,157500.0,0
412143,Cash loans,360000.0,9625.5,F,31.0,Married,House / apartment,Working,130500.0,0
301712,Cash loans,343377.0,16830.0,M,60.0,Married,House / apartment,Unemployed,126000.0,0
243422,Cash loans,270000.0,26433.0,F,54.0,Married,House / apartment,Working,135000.0,0
199366,Cash loans,1506816.0,48127.5,F,59.0,Separated,House / apartment,Working,270000.0,0
159788,Cash loans,,41427.0,M,53.0,Married,House / apartment,Working,157500.0,0
117656,Cash loans,540000.0,22828.5,M,34.0,Single / not married,House / apartment,Working,171000.0,0
244117,Revolving loans,180000.0,9000.0,M,31.0,Married,House / apartment,Unemployed,180000.0,0
149659,Cash loans,1078200.0,34911.0,F,56.0,Single / not married,House / apartment,Working,121500.0,0
340116,Cash loans,450000.0,22018.5,F,33.0,Single / not married,House / apartment,Unemployed,81000.0,1
137581,Cash loans,900000.0,26316.0,F,64.0,Married,House / apartment,Working,270000.0,0
382167,Cash loans,1155226.5,38308.5,M,56.0,Married,House / apartment,Businessman,450000.0,0
387760,Cash loans,1256400.0,44644.5,M,35.0,Married,House / apartment,Businessman,225000.0,0
269272,Cash loans,807984.0,41175.0,F,43.0,Single / not married,House / apartment,Businessman,238500.0,0
126001,Cash loans,248760.0,26118.0,F,39.0,Single / not married,House / apartment,Working,247500.0,0
115583,Cash loans,1029658.5,34159.5,F,42.0,Separated,House / apartment,Working,180000.0,0
124312,Cash loans,679500.0,24201.0,M,31.0,Married,House / apartment,Businessman,225000.0,0
400347,Cash loans,1998738.0,52726.5,F,60.0,Married,House / apartment,Unemployed,76500.0,0
356386,Cash loans,134775.0,10935.0,F,30.0,Married,House / apartment,Working,112500.0,0
283904,Cash loans,,13963.5,F,38.0,Married,House / apartment,Unemployed,121500.0,0
138461,Cash loans,225000.0,12694.5,,66.0,Married,Municipal apartment,Working,130050.0,0
424072,Cash loans,273636.0,15835.5,F,48.0,Widow,House / apartment,Working,157500.0,0
359277,Cash loans,473760.0,50400.0,F,38.0,Married,House / apartment,Working,180000.0,0
347817,Cash loans,265851.0,13702.5,M,31.0,Single / not married,House / apartment,Working,225000.0,0
141349,Revolving loans,180000.0,9000.0,M,35.0,Civil marriage,House / apartment,Unemployed,180000.0,0
395025,Revolving loans,270000.0,13500.0,F,50.0,Separated,House / apartment,Working,112500.0,0
293987,Cash loans,497520.0,33376.5,M,32.0,Married,Office apartment,Businessman,202500.0,0
206054,Cash loans,174132.0,18414.0,F,59.0,Married,House / apartment,Working,112500.0,0
218424,Revolving loans,270000.0,13500.0,M,38.0,Married,House / apartment,Businessman,202500.0,0
166062,Cash loans,545040.0,36553.5,M,,Married,House / apartment,Working,157500.0,0
254354,Cash loans,1125000.0,33025.5,F,,Married,House / apartment,Working,112500.0,0
341833,Cash loans,1864152.0,127858.5,F,45.0,Married,House / apartment,Businessman,225000.0,0
241138,Cash loans,538389.0,38416.5,F,48.0,Married,House / apartment,Unemployed,175500.0,0
389259,Cash loans,918918.0,36571.5,M,26.0,Married,House / apartment,Working,180000.0,0
254018,Cash loans,450000.0,23692.5,M,28.0,Married,House / apartment,Working,157500.0,0
361216,Cash loans,900000.0,26446.5,M,55.0,Widow,House / apartment,Unemployed,135000.0,0
426461,Cash loans,1350000.0,55845.0,F,52.0,Married,House / apartment,Businessman,360000.0,0
261600,Cash loans,343800.0,16852.5,F,22.0,Separated,House / apartment,Working,135000.0,1
117404,Cash loans,225000.0,9661.5,F,52.0,Married,House / apartment,,270000.0,0
184182,Cash loans,398016.0,39366.0,F,28.0,Married,With parents,Working,180000.0,0
285362,Cash loans,490536.0,23989.5,F,25.0,Married,House / apartment,Working,135000.0,1
225876,Cash loans,1134000.0,60417.0,F,58.0,Married,House / apartment,Working,180000.0,0
373231,Cash loans,225000.0,21919.5,F,54.0,Married,House / apartment,Unemployed,99000.0,0
424035,Cash loans,327024.0,11745.0,M,58.0,Civil marriage,Municipal apartment,Unemployed,67500.0,0
165100,Cash loans,675000.0,49248.0,M,46.0,Separated,House / apartment,Businessman,211500.0,0
256759,Cash loans,748651.5,54607.5,M,39.0,Married,House / apartment,Working,216000.0,1
345236,Cash loans,350181.0,36900.0,F,,Married,House / apartment,Unemployed,157500.0,0
150319,Cash loans,1009566.0,36391.5,M,28.0,Married,House / apartment,Unemployed,247500.0,0
346199,Cash loans,2013840.0,59013.0,F,33.0,Married,House / apartment,Businessman,225000.0,1
336505,Cash loans,1185282.0,31396.5,F,31.0,Married,House / apartment,Unemployed,180000.0,0
295295,Cash loans,495000.0,21100.5,M,52.0,Married,House / apartment,,103500.0,0
342816,Cash loans,448056.0,17019.0,F,44.0,Widow,House / apartment,Working,117000.0,0
384631,Revolving loans,135000.0,6750.0,F,24.0,Married,House / apartment,Working,135000.0,0
319633,Cash loans,163008.0,19476.0,M,25.0,Separated,House / apartment,Working,112500.0,0
123195,Cash loans,612612.0,29601.0,M,23.0,Single / not married,House / apartment,,202500.0,0
419645,Cash loans,781920.0,28215.0,M,62.0,Married,House / apartment,Working,148500.0,0
331851,Cash loans,412942.5,27594.0,F,33.0,Civil marriage,House / apartment,Unemployed,157500.0,0
213399,Cash loans,238500.0,8968.5,F,37.0,Married,House / apartment,Businessman,225000.0,0
240701,Cash loans,127350.0,12532.5,F,59.0,Married,House / apartment,,90000.0,0
443655,Cash loans,76410.0,8154.0,F,48.0,Widow,House / apartment,Working,157500.0,0
368003,Cash loans,675000.0,47110.5,F,42.0,Married,Office apartment,Working,144000.0,0
172673,Cash loans,328500.0,17334.0,M,29.0,Married,House / apartment,Unemployed,90000.0,0
287772,Cash loans,363190.5,28822.5,M,43.0,Married,House / apartment,Unemployed,270000.0,0
291170,Cash loans,334152.0,14287.5,F,64.0,Civil marriage,House / apartment,Unemployed,63000.0,0
117160,Cash loans,1350000.0,48492.0,F,29.0,Married,House / apartment,Businessman,252000.0,0
368787,Cash loans,781920.0,31522.5,F,30.0,Married,House / apartment,Unemployed,202500.0,0
341959,Cash loans,629325.0,27850.5,F,50.0,Married,House / apartment,Unemployed,112500.0,0
159264,Cash loans,676957.5,47115.0,M,41.0,Married,House / apartment,Businessman,315000.0,0
120723,Cash loans,1078200.0,38331.0,M,43.0,Married,House / apartment,Unemployed,189000.0,0
375612,Cash loans,198000.0,19584.0,M,59.0,Married,House / apartment,Unemployed,180000.0,0
166442,Cash loans,338832.0,16299.0,F,58.0,Separated,House / apartment,Unemployed,90000.0,0
413077,Cash loans,495000.0,16096.5,M,34.0,Married,House / apartment,Unemployed,67500.0,0
123268,Cash loans,454500.0,33979.5,F,26.0,Married,House / apartment,Businessman,202500.0,0
291854,Cash loans,1516500.0,44338.5,F,28.0,Married,House / apartment,Unemployed,144000.0,0
263891,Cash loans,1762110.0,46611.0,F,50.0,Widow,House / apartment,,225000.0,0
453466,Cash loans,675000.0,28728.0,F,58.0,Single / not married,House / apartment,Working,112500.0,0
341881,Revolving loans,180000.0,9000.0,F,48.0,Civil marriage,House / apartment,Working,157500.0,0
120751,Cash loans,545040.0,39627.0,F,34.0,Married,House / apartment,Unemployed,180000.0,1
248150,Cash loans,1057266.0,44923.5,F,50.0,Separated,House / apartment,Unemployed,135000.0,0
136438,Revolving loans,180000.0,9000.0,M,33.0,Single / not married,Co-op apartment,Working,180000.0,0
294755,Cash loans,225000.0,11074.5,M,26.0,Separated,Co-op apartment,Working,135000.0,1
156205,Cash loans,700830.0,22738.5,F,44.0,Married,House / apartment,Unemployed,135000.0,0
120518,Cash loans,180000.0,12798.0,F,69.0,Single / not married,House / apartment,Unemployed,67500.0,0
157374,Revolving loans,450000.0,22500.0,F,37.0,Married,Municipal apartment,Unemployed,171000.0,0
234629,Cash loans,1125000.0,108481.5,M,60.0,Married,House / apartment,Working,270000.0,0
338625,Cash loans,225000.0,12334.5,M,35.0,Married,House / apartment,Unemployed,94500.0,0
244633,Cash loans,630000.0,20452.5,F,40.0,Single / not married,House / apartment,Working,148500.0,0
163832,Revolving loans,135000.0,6750.0,M,28.0,Married,Municipal apartment,Working,157500.0,0
143032,Cash loans,562491.0,23962.5,M,46.0,Married,House / apartment,Unemployed,135000.0,0
268886,Cash loans,1262583.0,37044.0,M,,Separated,With parents,Unemployed,135000.0,0
449516,Cash loans,254700.0,14350.5,F,65.0,Married,House / apartment,Unemployed,49365.0,0
348923,Cash loans,521280.0,27423.0,M,42.0,Married,House / apartment,Unemployed,157500.0,0
390429,Cash loans,314100.0,17167.5,F,36.0,Civil marriage,House / apartment,Unemployed,67500.0,0
143686,Cash loans,135000.0,14539.5,M,,Married,House / apartment,,135000.0,0
160289,Cash loans,835380.0,40320.0,M,46.0,Married,House / apartment,Businessman,360000.0,0
301884,Cash loans,900000.0,26446.5,,59.0,Married,House / apartment,Businessman,225000.0,0
142465,Cash loans,260725.5,14274.0,F,47.0,Separated,House / apartment,Working,157500.0,0
281392,Cash loans,269550.0,14751.0,M,40.0,Civil marriage,House / apartment,Working,153000.0,0
115749,Cash loans,755190.0,36459.0,F,31.0,Married,House / apartment,Working,112500.0,0
337411,Cash loans,1305000.0,36018.0,F,50.0,Married,House / apartment,Businessman,247500.0,0
132206,Cash loans,1078200.0,29781.0,M,22.0,Single / not married,House / apartment,Working,180117.0,0
108439,Cash loans,127350.0,7240.5,F,67.0,Married,House / apartment,Working,128250.0,0
350792,Cash loans,2102490.0,57946.5,,44.0,Married,Municipal apartment,Working,225000.0,0
214504,Cash loans,458725.5,25015.5,F,49.0,Married,House / apartment,Working,90000.0,1
205547,Cash loans,,25195.5,M,49.0,Married,House / apartment,Working,135000.0,0
348372,Cash loans,545040.0,25407.0,F,,Single / not married,House / apartment,Unemployed,90000.0,1
258824,Cash loans,781920.0,36364.5,,52.0,Married,House / apartment,Working,180000.0,0
332367,Cash loans,997389.0,94828.5,M,43.0,Married,House / apartment,Businessman,270000.0,0
330115,Cash loans,,29340.0,M,48.0,Married,Municipal apartment,Working,135000.0,0
210925,Cash loans,808650.0,23643.0,F,60.0,Widow,House / apartment,Unemployed,90000.0,1
120644,Cash loans,225000.0,10620.0,F,23.0,Single / not married,House / apartment,Working,157500.0,0
364747,Cash loans,269550.0,17689.5,M,32.0,Married,With parents,Working,130500.0,0
375913,Cash loans,675000.0,24376.5,F,49.0,Single / not married,House / apartment,Businessman,234000.0,0
125381,Cash loans,225000.0,15349.5,F,33.0,Married,House / apartment,Working,81000.0,0
348962,Cash loans,1029658.5,37111.5,M,40.0,Married,House / apartment,,180000.0,0
127696,Revolving loans,225000.0,11250.0,M,,Married,House / apartment,Working,225000.0,0
214048,Cash loans,161730.0,14962.5,F,30.0,Married,House / apartment,Unemployed,81000.0,0
285592,Revolving loans,337500.0,16875.0,F,63.0,Single / not married,House / apartment,Working,112500.0,0
192753,Cash loans,2013840.0,53253.0,,44.0,Married,House / apartment,Businessman,855000.0,0
118241,Cash loans,547344.0,33615.0,F,33.0,Married,House / apartment,Working,157500.0,0
319010,Cash loans,961794.0,51367.5,F,60.0,Single / not married,House / apartment,Businessman,355500.0,0
133274,Revolving loans,247500.0,12375.0,M,47.0,Married,House / apartment,Unemployed,90000.0,0
178374,Cash loans,609898.5,34186.5,F,58.0,Married,House / apartment,Working,135000.0,0
277497,Cash loans,900000.0,35005.5,F,43.0,Married,House / apartment,Businessman,238500.0,1
219674,Cash loans,528687.0,20061.0,M,59.0,Separated,House / apartment,Working,112500.0,0
354023,Cash loans,540000.0,27958.5,M,24.0,Married,House / apartment,Working,225000.0,0
372744,Cash loans,1042560.0,34456.5,F,32.0,Separated,With parents,Working,180000.0,0
310846,Cash loans,247275.0,22810.5,M,34.0,Married,House / apartment,Working,382500.0,1
240072,Cash loans,432567.0,16605.0,M,32.0,Married,With parents,Businessman,270000.0,0
429802,Cash loans,1054773.0,34857.0,M,47.0,Married,House / apartment,Working,157500.0,0
242161,Cash loans,260640.0,21028.5,F,37.0,Married,House / apartment,Businessman,270000.0,0
339322,Revolving loans,270000.0,13500.0,M,54.0,Married,House / apartment,Working,135000.0,0
336094,Cash loans,720000.0,25636.5,M,48.0,Married,House / apartment,Working,112500.0,0
267893,Cash loans,936000.0,27495.0,F,36.0,Married,House / apartment,Businessman,243000.0,0
246540,Cash loans,1546020.0,45333.0,M,49.0,Married,House / apartment,Businessman,225000.0,0
383477,Cash loans,1204623.0,62374.5,F,65.0,Married,House / apartment,Working,180000.0,0
340266,Revolving loans,292500.0,14625.0,F,36.0,Married,House / apartment,Unemployed,103500.0,0
453627,Revolving loans,270000.0,13500.0,F,34.0,Separated,House / apartment,Working,135000.0,0
162906,Cash loans,900000.0,40801.5,F,48.0,Married,House / apartment,Working,180000.0,0
336532,Cash loans,675000.0,24376.5,F,47.0,Single / not married,Municipal apartment,Working,166500.0,0
386597,Cash loans,679441.5,32814.0,F,62.0,Widow,House / apartment,Businessman,337500.0,1
238763,Cash loans,601470.0,30838.5,M,63.0,Civil marriage,House / apartment,Businessman,225000.0,0
274045,Cash loans,585000.0,20853.0,F,62.0,Married,House / apartment,Working,157500.0,0
430014,Cash loans,231813.0,9949.5,F,63.0,Single / not married,House / apartment,Working,60750.0,0
414523,Cash loans,1125000.0,33025.5,F,36.0,Married,House / apartment,Working,157500.0,1
235820,Cash loans,608076.0,29704.5,F,26.0,Civil marriage,House / apartment,Unemployed,103500.0,0
173373,Cash loans,1078200.0,34911.0,F,38.0,Married,House / apartment,Unemployed,180000.0,0
364266,Revolving loans,225000.0,11250.0,F,56.0,Separated,House / apartment,Working,76500.0,0
114174,Cash loans,895500.0,45850.5,F,57.0,Married,House / apartment,Working,166500.0,1
241787,Cash loans,1800000.0,68562.0,M,57.0,Civil marriage,House / apartment,Businessman,450000.0,0
343075,Cash loans,193500.0,18090.0,F,35.0,Married,House / apartment,Businessman,225000.0,0
425667,Cash loans,545040.0,20677.5,M,65.0,Married,House / apartment,Businessman,247500.0,0
319624,Cash loans,537471.0,55201.5,M,52.0,Single / not married,With parents,Businessman,540000.0,0
314830,Cash loans,125136.0,7114.5,M,66.0,Married,House / apartment,Unemployed,90000.0,0
226911,Cash loans,675000.0,36616.5,M,25.0,Single / not married,House / apartment,Businessman,292500.0,1
391998,Cash loans,571486.5,27621.0,F,60.0,Married,House / apartment,Working,184500.0,0
386491,Cash loans,,30523.5,F,53.0,Married,House / apartment,Working,112500.0,0
440929,Cash loans,495801.0,34636.5,F,47.0,Single / not married,House / apartment,Working,157500.0,0
376171,Revolving loans,180000.0,9000.0,F,27.0,Married,House / apartment,Working,180000.0,0
195023,Cash loans,99000.0,10791.0,F,36.0,Married,House / apartment,Working,121500.0,0
404132,Cash loans,254700.0,25321.5,,67.0,Married,House / apartment,Businessman,225000.0,0
393838,Cash loans,96696.0,6592.5,F,43.0,Married,Rented apartment,Unemployed,76500.0,1
190469,Cash loans,540000.0,21546.0,F,50.0,Married,House / apartment,Unemployed,72000.0,0
221841,Cash loans,269550.0,21739.5,M,57.0,Civil marriage,House / apartment,Working,180000.0,0
233586,Cash loans,562932.0,38209.5,F,42.0,Married,House / apartment,Unemployed,76500.0,0
453289,Cash loans,781920.0,28215.0,F,39.0,Married,House / apartment,Working,162000.0,0
253725,Cash loans,835380.0,45445.5,M,37.0,Married,House / apartment,Businessman,216000.0,0
199558,Cash loans,1575000.0,43443.0,M,51.0,Married,House / apartment,Businessman,450000.0,0
154357,Cash loans,1183963.5,38322.0,M,43.0,Married,House / apartment,Unemployed,202500.0,1
128473,Cash loans,343683.0,17676.0,M,24.0,Civil marriage,With parents,Working,135000.0,0
331078,Cash loans,999000.0,30289.5,F,64.0,Separated,House / apartment,Unemployed,99000.0,0
271870,Cash loans,1125000.0,33025.5,M,39.0,Married,House / apartment,Businessman,270000.0,0
340994,Cash loans,312768.0,22887.0,F,27.0,Married,House / apartment,Unemployed,90000.0,0
161907,Revolving loans,180000.0,9000.0,F,26.0,Married,House / apartment,Unemployed,90000.0,0
314728,Cash loans,315000.0,21924.0,F,64.0,Single / not married,House / apartment,Unemployed,81000.0,0
351966,Cash loans,679500.0,19867.5,F,37.0,Married,House / apartment,Unemployed,90000.0,0
313801,Cash loans,1078200.0,34780.5,F,52.0,Married,House / apartment,Businessman,225000.0,0
127219,Cash loans,942300.0,27679.5,F,53.0,Widow,House / apartment,Unemployed,90000.0,0
114742,Cash loans,450000.0,47254.5,M,60.0,Married,House / apartment,Businessman,256500.0,0
177166,Cash loans,450000.0,21888.0,M,31.0,Single / not married,With parents,Unemployed,90000.0,0
292855,Cash loans,198000.0,19417.5,F,44.0,Separated,Rented apartment,Unemployed,72000.0,0
224341,Revolving loans,202500.0,10125.0,F,61.0,Widow,House / apartment,Unemployed,103500.0,0
106973,Cash loans,888840.0,37494.0,M,29.0,Married,House / apartment,Businessman,225000.0,0
140275,Cash loans,810000.0,26770.5,F,27.0,Civil marriage,House / apartment,Working,180000.0,0
425303,Cash loans,339241.5,12312.0,,42.0,Married,House / apartment,Working,117000.0,1
153097,Revolving loans,382500.0,19125.0,M,39.0,Separated,House / apartment,Working,180000.0,0
394252,Cash loans,81666.0,5652.0,M,36.0,Married,House / apartment,Unemployed,90000.0,0
216619,Cash loans,521280.0,26743.5,F,42.0,Married,House / apartment,Unemployed,67500.0,0
176065,Cash loans,208512.0,22585.5,F,40.0,Married,House / apartment,Unemployed,90000.0,0
205451,Cash loans,1078200.0,38331.0,M,45.0,Civil marriage,House / apartment,Businessman,225000.0,0
176696,Revolving loans,180000.0,9000.0,,58.0,Married,House / apartment,Unemployed,112500.0,0
453250,Cash loans,990000.0,42075.0,M,46.0,Married,House / apartment,Working,180000.0,0
205837,Revolving loans,270000.0,13500.0,F,38.0,Married,House / apartment,Working,90000.0,0
382190,Cash loans,1125000.0,47794.5,F,55.0,Married,House / apartment,Unemployed,94500.0,0
243546,Cash loans,628114.5,20889.0,F,53.0,Married,House / apartment,Businessman,202500.0,0
286458,Cash loans,127350.0,12532.5,F,44.0,Separated,House / apartment,Working,135000.0,0
122104,Revolving loans,270000.0,13500.0,F,32.0,Married,House / apartment,Working,112500.0,0
245806,Cash loans,1024290.0,30078.0,F,47.0,Married,House / apartment,Working,173250.0,0
250001,Revolving loans,270000.0,13500.0,F,22.0,Single / not married,House / apartment,Working,112500.0,0
446932,Cash loans,345645.0,16240.5,F,36.0,Married,House / apartment,Unemployed,54000.0,0
418236,Cash loans,1483231.5,46701.0,F,44.0,Married,House / apartment,Businessman,247500.0,0
266404,Cash loans,679500.0,31486.5,F,56.0,Married,House / apartment,Working,94500.0,0
315657,Cash loans,882000.0,47119.5,M,29.0,Married,With parents,Working,112500.0,0
109843,Cash loans,288873.0,19435.5,F,46.0,Married,House / apartment,Working,202500.0,0
451591,Cash loans,203760.0,11376.0,F,66.0,Married,House / apartment,Unemployed,72000.0,0
304342,Cash loans,835380.0,40320.0,M,35.0,Married,House / apartment,Businessman,247500.0,1
345045,Cash loans,835605.0,24561.0,F,63.0,Widow,Municipal apartment,Working,135000.0,0
349860,Cash loans,,31653.0,F,51.0,Single / not married,House / apartment,Unemployed,81000.0,0
108096,Cash loans,521280.0,27423.0,M,28.0,Married,House / apartment,Working,135000.0,0
204671,Cash loans,95940.0,9616.5,F,36.0,Single / not married,With parents,Working,112500.0,0
281806,Revolving loans,202500.0,10125.0,F,37.0,Civil marriage,House / apartment,Working,157500.0,0
175263,Revolving loans,180000.0,9000.0,M,30.0,Single / not married,With parents,Unemployed,72000.0,0
157278,Cash loans,450000.0,25965.0,F,39.0,Married,House / apartment,Unemployed,112500.0,0
398418,Cash loans,450000.0,22018.5,M,35.0,Married,House / apartment,Working,139500.0,0
112223,Cash loans,497520.0,36202.5,F,57.0,Separated,Municipal apartment,Working,270000.0,0
444328,Cash loans,270126.0,11574.0,F,37.0,Separated,House / apartment,Unemployed,90000.0,0
132367,Cash loans,239850.0,25960.5,M,26.0,Single / not married,With parents,Businessman,225000.0,0
368581,Cash loans,585000.0,15561.0,M,57.0,Married,House / apartment,Businessman,292500.0,0
224515,Cash loans,280332.0,25839.0,M,38.0,Married,House / apartment,Working,135000.0,0
354295,Cash loans,1185120.0,42696.0,M,61.0,Married,House / apartment,Unemployed,90000.0,0
331549,Cash loans,760225.5,54976.5,M,,Married,House / apartment,Businessman,315000.0,0
318717,Cash loans,808650.0,31333.5,F,37.0,Civil marriage,House / apartment,Businessman,360000.0,0
427573,Revolving loans,292500.0,14625.0,F,60.0,Married,House / apartment,Working,135000.0,0
261322,Cash loans,675000.0,21775.5,F,58.0,Married,House / apartment,Unemployed,81000.0,1
318787,Revolving loans,315000.0,15750.0,F,41.0,Married,House / apartment,Working,157500.0,0
301851,Cash loans,450000.0,22018.5,F,32.0,Married,House / apartment,Working,157500.0,0
313407,Cash loans,123993.0,6093.0,F,54.0,Single / not married,House / apartment,Working,112500.0,0
228360,Cash loans,1078200.0,31653.0,M,49.0,Married,House / apartment,Working,135000.0,0
278907,Cash loans,513531.0,24835.5,M,54.0,Married,House / apartment,Working,135000.0,0
204949,Cash loans,250272.0,16123.5,F,39.0,Single / not married,House / apartment,Unemployed,81000.0,0
161260,Revolving loans,157500.0,7875.0,F,64.0,Married,House / apartment,Working,112500.0,0
427239,Cash loans,970380.0,28503.0,F,35.0,Civil marriage,House / apartment,Businessman,315000.0,0
301600,Cash loans,1223010.0,48631.5,M,50.0,Married,House / apartment,Unemployed,135000.0,0
310853,Cash loans,1359000.0,51894.0,F,,Married,House / apartment,Working,135000.0,0
238688,Cash loans,1185120.0,39168.0,F,42.0,Married,Office apartment,Unemployed,135000.0,0
224701,Cash loans,1885536.0,103455.0,F,38.0,Married,House / apartment,Unemployed,270000.0,0
267557,Revolving loans,405000.0,20250.0,F,44.0,Married,Rented apartment,Businessman,256500.0,0
196733,Cash loans,279000.0,13698.0,F,50.0,Married,Office apartment,Unemployed,112500.0,0
311432,Cash loans,675000.0,26154.0,F,32.0,Single / not married,Municipal apartment,Businessman,211500.0,0
322616,Cash loans,594000.0,19291.5,F,36.0,Married,House / apartment,Unemployed,135000.0,0
287971,Cash loans,604152.0,29196.0,M,36.0,Married,House / apartment,Working,180000.0,0
394171,Cash loans,495000.0,30411.0,F,39.0,Married,House / apartment,Working,112500.0,0
147631,Cash loans,675000.0,21906.0,F,59.0,Married,House / apartment,Working,45000.0,0
416409,Cash loans,808650.0,29839.5,F,52.0,Married,House / apartment,Businessman,234000.0,0
434428,Cash loans,1800000.0,47614.5,F,63.0,Married,House / apartment,Working,270000.0,0
328579,Cash loans,1288350.0,37800.0,M,52.0,Married,House / apartment,Working,180000.0,0
290781,Cash loans,270000.0,16537.5,F,29.0,Married,House / apartment,Unemployed,103500.0,1
258853,Cash loans,1125000.0,33025.5,F,53.0,Married,Municipal apartment,Businessman,225000.0,0
374691,Cash loans,994500.0,23917.5,F,56.0,Married,House / apartment,Unemployed,90000.0,0
421504,Cash loans,345289.5,18729.0,F,41.0,Married,House / apartment,Businessman,225000.0,0
107224,Cash loans,536917.5,22702.5,F,40.0,Married,House / apartment,Unemployed,112500.0,0
304316,Cash loans,508495.5,24592.5,M,40.0,Married,House / apartment,,202500.0,0
289672,Cash loans,733315.5,39199.5,F,31.0,Married,With parents,Unemployed,157500.0,0
208276,Cash loans,521280.0,27292.5,F,23.0,Married,House / apartment,Unemployed,67500.0,0
356809,Cash loans,1800000.0,62568.0,M,52.0,Married,House / apartment,Working,225000.0,1
356736,Cash loans,715500.0,25479.0,F,40.0,Married,House / apartment,Businessman,270000.0,0
335609,Cash loans,343800.0,12348.0,F,40.0,Widow,House / apartment,Working,112500.0,0
277973,Revolving loans,270000.0,13500.0,M,57.0,Single / not married,House / apartment,Unemployed,157500.0,1
134881,Cash loans,431280.0,23526.0,F,34.0,Single / not married,Office apartment,Working,135000.0,0
380891,Revolving loans,180000.0,9000.0,M,28.0,Married,House / apartment,Working,112500.0,0
374801,Cash loans,552555.0,16879.5,F,56.0,Civil marriage,House / apartment,Working,126000.0,0
163000,Cash loans,835380.0,23440.5,F,60.0,Married,House / apartment,Working,58500.0,0
210734,Cash loans,343800.0,13090.5,F,43.0,Married,House / apartment,Working,112500.0,0
249284,Cash loans,691020.0,18355.5,F,27.0,Civil marriage,House / apartment,Unemployed,270000.0,0
427811,Cash loans,402214.5,31774.5,F,35.0,Married,House / apartment,Working,144000.0,0
451254,Cash loans,173092.5,13522.5,M,52.0,Civil marriage,House / apartment,Working,112500.0,0
218462,Cash loans,1255680.0,41629.5,F,61.0,Married,Municipal apartment,Businessman,225000.0,0
262574,Cash loans,152820.0,11250.0,,33.0,Married,House / apartment,Working,135000.0,0
373428,Cash loans,561393.0,20295.0,F,64.0,Single / not married,House / apartment,Working,121500.0,0
112645,Cash loans,1012653.0,43033.5,F,40.0,Single / not married,House / apartment,Working,189000.0,0
452980,Cash loans,215640.0,9625.5,F,65.0,Widow,House / apartment,Working,171000.0,0
250795,Cash loans,900000.0,26316.0,M,53.0,Married,House / apartment,Working,135000.0,0
139371,Cash loans,508495.5,20025.0,F,60.0,Widow,House / apartment,Working,135000.0,0
424990,Cash loans,983160.0,62833.5,F,46.0,Married,Municipal apartment,Businessman,225000.0,0
432638,Cash loans,156384.0,17815.5,F,36.0,Civil marriage,House / apartment,Unemployed,90000.0,0
114902,Cash loans,327024.0,18391.5,F,54.0,Single / not married,House / apartment,Unemployed,103500.0,0
328537,Revolving loans,180000.0,9000.0,M,24.0,Single / not married,With parents,,112500.0,1
308304,Cash loans,755190.0,29677.5,F,59.0,Widow,House / apartment,Working,135000.0,0
320934,Cash loans,675000.0,34596.0,F,52.0,Married,House / apartment,Unemployed,135000.0,1
239011,Cash loans,675000.0,19345.5,M,27.0,Married,House / apartment,Unemployed,180000.0,0
237074,Cash loans,306000.0,14881.5,F,49.0,Single / not married,House / apartment,Businessman,225000.0,0
214757,Cash loans,1154655.0,45922.5,M,,Married,House / apartment,Working,202500.0,0
139871,Cash loans,168102.0,16506.0,F,39.0,Married,House / apartment,Unemployed,90000.0,0
160005,Cash loans,450000.0,30204.0,F,37.0,Married,House / apartment,Unemployed,81000.0,0
401890,Cash loans,835605.0,24556.5,,54.0,Married,House / apartment,Working,180000.0,0
217592,Cash loans,,47965.5,F,33.0,Married,House / apartment,Working,135000.0,0
278314,Cash loans,770913.0,28453.5,F,49.0,Widow,House / apartment,Working,180000.0,0
169758,Revolving loans,337500.0,16875.0,F,48.0,Married,House / apartment,Working,180000.0,0
401938,Cash loans,,38331.0,M,58.0,Married,House / apartment,Businessman,256500.0,0
355715,Cash loans,381528.0,18553.5,F,56.0,Civil marriage,House / apartment,Unemployed,81000.0,0
451681,Cash loans,450000.0,22018.5,M,27.0,Married,House / apartment,,180000.0,0
337674,Cash loans,454500.0,18022.5,F,57.0,Single / not married,House / apartment,Unemployed,90000.0,0
295858,Revolving loans,675000.0,33750.0,M,38.0,Married,House / apartment,Businessman,675000.0,1
384913,Revolving loans,405000.0,20250.0,F,40.0,Married,House / apartment,Businessman,202500.0,0
128762,Cash loans,677664.0,22023.0,F,59.0,Married,House / apartment,Working,112500.0,0
430756,Cash loans,533304.0,29061.0,M,32.0,Civil marriage,House / apartment,,202500.0,0
357495,Revolving loans,270000.0,13500.0,F,23.0,Married,House / apartment,Unemployed,135000.0,0
324202,Cash loans,310671.0,22644.0,F,,Separated,House / apartment,Working,157500.0,0
105427,Cash loans,117000.0,6475.5,F,24.0,Civil marriage,House / apartment,Working,81000.0,0
232349,Cash loans,636138.0,24777.0,F,51.0,Married,House / apartment,Unemployed,112500.0,1
326432,Cash loans,143910.0,13585.5,F,23.0,Single / not married,House / apartment,Unemployed,101250.0,0
435303,Cash loans,824823.0,29353.5,,33.0,Married,House / apartment,Working,198000.0,0
245826,Cash loans,823621.5,44010.0,F,58.0,Single / not married,House / apartment,Businessman,225000.0,0
434743,Cash loans,121500.0,8248.5,F,55.0,Single / not married,Municipal apartment,Unemployed,58500.0,1
233264,Cash loans,601470.0,32760.0,M,24.0,Married,House / apartment,Businessman,225000.0,0
264377,Cash loans,547344.0,30690.0,F,55.0,Married,House / apartment,Unemployed,108000.0,0
336053,Cash loans,152820.0,16344.0,F,44.0,Married,House / apartment,Unemployed,81000.0,0
171218,Cash loans,1006920.0,40063.5,M,34.0,Married,With parents,Businessman,252000.0,0
202770,Revolving loans,675000.0,33750.0,M,41.0,Married,House / apartment,Businessman,315000.0,0
382007,Revolving loans,337500.0,16875.0,,60.0,Married,House / apartment,Working,112500.0,0
383778,Cash loans,1113840.0,47322.0,F,57.0,Widow,House / apartment,Businessman,211500.0,0
351728,Cash loans,675000.0,24246.0,,39.0,Married,House / apartment,,135000.0,0
315910,Cash loans,1350000.0,55714.5,F,46.0,Married,House / apartment,Working,180000.0,0
187943,Cash loans,269550.0,13891.5,M,60.0,Married,House / apartment,Working,135000.0,1
428261,Cash loans,161730.0,8595.0,M,49.0,Single / not married,Office apartment,Working,112500.0,1
322609,Cash loans,490536.0,18621.0,M,53.0,Married,House / apartment,Businessman,270000.0,0
361242,Cash loans,,23800.5,M,,Single / not married,With parents,Working,180000.0,0
233592,Cash loans,755190.0,50800.5,F,48.0,Married,House / apartment,Businessman,202500.0,0
222098,Cash loans,942300.0,34749.0,M,56.0,Married,House / apartment,Businessman,225000.0,0
149641,Cash loans,590337.0,22005.0,M,48.0,Married,House / apartment,Businessman,202500.0,0
133452,Cash loans,931401.0,47686.5,F,37.0,Married,House / apartment,Businessman,252000.0,1
131269,Revolving loans,135000.0,6750.0,M,46.0,Married,House / apartment,Working,112500.0,0
298438,Cash loans,816660.0,31774.5,F,47.0,Married,House / apartment,Working,135000.0,0
187381,Cash loans,436032.0,14053.5,F,56.0,Single / not married,House / apartment,Businessman,270000.0,0
104193,Cash loans,1626516.0,44725.5,F,55.0,Married,House / apartment,Working,157500.0,0
154285,Cash loans,450000.0,30204.0,F,62.0,Single / not married,House / apartment,Unemployed,225000.0,0
250948,Cash loans,247675.5,19579.5,F,34.0,Married,House / apartment,Working,153000.0,0
240145,Cash loans,355536.0,18283.5,,46.0,Separated,House / apartment,Businessman,202500.0,0
421069,Cash loans,522000.0,26779.5,M,29.0,Married,House / apartment,Businessman,247500.0,0
225669,Cash loans,545040.0,19705.5,F,62.0,Widow,House / apartment,Unemployed,135000.0,0
173153,Cash loans,772168.5,43245.0,M,39.0,Married,House / apartment,Working,166500.0,0
404017,Cash loans,220500.0,12658.5,F,52.0,Separated,House / apartment,,135000.0,0
341409,Cash loans,954864.0,28048.5,F,33.0,Single / not married,House / apartment,Working,112500.0,0
329617,Cash loans,95940.0,10179.0,F,55.0,Single / not married,House / apartment,Unemployed,90000.0,0
415942,Cash loans,202500.0,11115.0,F,38.0,Married,House / apartment,Businessman,450000.0,0
172370,Cash loans,545040.0,25407.0,F,33.0,Widow,With parents,Working,112500.0,0
330255,Cash loans,592560.0,40216.5,F,37.0,Married,House / apartment,Unemployed,157500.0,0
221067,Revolving loans,405000.0,20250.0,F,61.0,Married,House / apartment,Working,157500.0,0
415294,Cash loans,521280.0,41926.5,M,47.0,Civil marriage,House / apartment,Businessman,270000.0,0
180467,Cash loans,91647.0,6979.5,,63.0,Civil marriage,House / apartment,Working,135000.0,0
293220,Cash loans,524403.0,34038.0,F,66.0,Widow,House / apartment,Working,112500.0,0
102828,Cash loans,495000.0,16096.5,M,44.0,Married,Rented apartment,Working,112500.0,0
204725,Cash loans,679500.0,39726.0,M,29.0,Married,House / apartment,Businessman,270000.0,0
443315,Cash loans,1154565.0,35136.0,M,50.0,Civil marriage,House / apartment,Businessman,270000.0,0
377975,Cash loans,760225.5,32206.5,F,39.0,Married,House / apartment,Unemployed,157500.0,0
197870,Cash loans,640080.0,31261.5,M,29.0,Single / not married,House / apartment,Working,135000.0,0
413030,Cash loans,1081179.0,42876.0,M,63.0,Married,House / apartment,Unemployed,180000.0,0
325512,Cash loans,1467612.0,55899.0,F,42.0,Married,House / apartment,Working,157500.0,0
297997,Revolving loans,270000.0,13500.0,M,45.0,Married,House / apartment,Businessman,270000.0,0
112383,Cash loans,509400.0,32683.5,F,25.0,Single / not married,House / apartment,Working,180000.0,0
334878,Cash loans,781920.0,47965.5,M,36.0,Married,Municipal apartment,Businessman,540000.0,0
131143,Cash loans,302076.0,24349.5,F,63.0,Widow,House / apartment,Working,135000.0,1
102726,Cash loans,225000.0,10489.5,F,28.0,Married,House / apartment,Unemployed,78930.0,0
309126,Cash loans,584014.5,28224.0,M,39.0,Single / not married,House / apartment,Working,180000.0,0
273041,Cash loans,1006920.0,42660.0,F,60.0,Civil marriage,House / apartment,Businessman,319500.0,1
395006,Cash loans,1042560.0,34587.0,M,54.0,Married,House / apartment,Working,171000.0,1
184491,Cash loans,360000.0,33147.0,F,45.0,Married,House / apartment,Working,112500.0,0
251941,Revolving loans,225000.0,11250.0,M,32.0,Single / not married,House / apartment,Unemployed,76500.0,0
424509,Cash loans,807984.0,29151.0,,42.0,Separated,House / apartment,Unemployed,180000.0,0
184398,Cash loans,584766.0,24903.0,M,29.0,Married,With parents,Working,202500.0,0
235152,Cash loans,860634.0,25294.5,M,59.0,Single / not married,House / apartment,Working,112500.0,0
340085,Cash loans,1078200.0,31653.0,M,32.0,Single / not married,House / apartment,Businessman,202500.0,0
308908,Cash loans,,17716.5,F,37.0,Married,House / apartment,Working,112500.0,0
397276,Cash loans,687600.0,19836.0,F,37.0,Married,House / apartment,Businessman,270000.0,0
304826,Cash loans,521280.0,28408.5,F,48.0,Single / not married,House / apartment,Businessman,225000.0,0
203772,Cash loans,540000.0,26109.0,F,32.0,Single / not married,House / apartment,Unemployed,157500.0,0
323370,Cash loans,239850.0,25960.5,F,68.0,Married,House / apartment,Unemployed,31500.0,0
358111,Revolving loans,180000.0,9000.0,M,59.0,Married,House / apartment,Businessman,216000.0,0
359517,Cash loans,1485000.0,56691.0,F,27.0,Married,With parents,Working,135000.0,0
156529,Cash loans,134316.0,13212.0,F,68.0,Married,House / apartment,Unemployed,112500.0,0
345756,Cash loans,285723.0,24651.0,F,23.0,Single / not married,House / apartment,Unemployed,90000.0,0
236582,Cash loans,675000.0,19867.5,F,59.0,Widow,House / apartment,Unemployed,76500.0,0
228654,Cash loans,1166724.0,34245.0,M,48.0,Married,House / apartment,Working,157500.0,0
407913,Cash loans,152820.0,15111.0,M,43.0,Married,House / apartment,Working,180000.0,0
387865,Cash loans,277969.5,20272.5,M,33.0,Married,House / apartment,,225000.0,0
430276,Cash loans,414792.0,28188.0,M,32.0,Married,House / apartment,Working,153000.0,1
169488,Cash loans,254700.0,15165.0,F,35.0,Single / not married,House / apartment,Working,157500.0,0
251294,Cash loans,1223010.0,48631.5,F,44.0,Married,House / apartment,Businessman,315000.0,0
406914,Cash loans,47970.0,5296.5,M,27.0,Married,With parents,Working,130500.0,0
371914,Cash loans,199080.0,11556.0,M,58.0,Married,House / apartment,Working,112500.0,0
207092,Cash loans,417024.0,20191.5,M,37.0,Married,With parents,Working,135000.0,0
309706,Cash loans,1267038.0,50377.5,,40.0,Single / not married,House / apartment,Businessman,337500.0,0
406713,Cash loans,675000.0,26284.5,F,54.0,Widow,House / apartment,Working,117000.0,0
295212,Cash loans,677664.0,35896.5,M,26.0,Married,With parents,Unemployed,135000.0,0
407409,Cash loans,100737.0,10975.5,F,27.0,Married,House / apartment,Working,130500.0,0
320935,Cash loans,268659.0,26703.0,M,37.0,Married,Rented apartment,Working,135000.0,0
290415,Cash loans,313438.5,16051.5,F,63.0,Widow,House / apartment,Unemployed,67500.0,0
101045,Revolving loans,180000.0,9000.0,F,44.0,Civil marriage,House / apartment,Unemployed,67500.0,0
426479,Cash loans,1350000.0,71928.0,M,56.0,Married,House / apartment,Working,126000.0,0
366836,Revolving loans,180000.0,9000.0,,27.0,Married,House / apartment,Working,135000.0,0
446161,Cash loans,239850.0,22554.0,F,27.0,Single / not married,House / apartment,Unemployed,157500.0,0
402751,Cash loans,755190.0,36459.0,F,63.0,Married,House / apartment,Working,112500.0,0
233816,Cash loans,450000.0,30573.0,M,37.0,Married,House / apartment,Working,126000.0,0
307380,Revolving loans,202500.0,10125.0,F,28.0,Single / not married,House / apartment,Unemployed,67500.0,0
262881,Cash loans,450072.0,44514.0,F,45.0,Widow,House / apartment,Working,135000.0,0
168480,Revolving loans,180000.0,9000.0,F,40.0,Married,House / apartment,Unemployed,67500.0,0
103839,Cash loans,1256400.0,36864.0,F,,Single / not married,With parents,Working,135000.0,0
179858,Cash loans,497520.0,53712.0,M,53.0,Separated,House / apartment,Businessman,225000.0,0
233058,Revolving loans,202500.0,10125.0,M,47.0,Single / not married,House / apartment,Businessman,450000.0,0
434763,Cash loans,276277.5,21955.5,F,56.0,Married,House / apartment,Working,157500.0,0
236479,Cash loans,450000.0,35685.0,F,24.0,Single / not married,With parents,Working,157500.0,0
141979,Cash loans,441000.0,20686.5,F,42.0,Married,House / apartment,Unemployed,67500.0,0
251309,Cash loans,1800000.0,62568.0,F,41.0,Married,House / apartment,Working,180000.0,0
276654,Cash loans,86346.0,9427.5,M,50.0,Married,House / apartment,Working,112500.0,0
171180,Cash loans,,20979.0,M,,Single / not married,House / apartment,Businessman,202500.0,0
320286,Cash loans,1006920.0,42790.5,F,55.0,Married,House / apartment,Working,135000.0,0
385738,Cash loans,314100.0,21375.0,M,47.0,Married,House / apartment,Working,112500.0,1
257515,Cash loans,175500.0,12901.5,M,23.0,Single / not married,With parents,Working,112500.0,0
144763,Cash loans,1800000.0,62698.5,F,38.0,Married,House / apartment,Unemployed,180000.0,0
160932,Cash loans,248760.0,28264.5,M,26.0,Married,House / apartment,Working,157500.0,0
241063,Cash loans,526491.0,30352.5,F,55.0,Single / not married,House / apartment,Working,112500.0,0
167345,Cash loans,450000.0,30073.5,F,58.0,Married,House / apartment,Businessman,427500.0,0
378586,Cash loans,781920.0,32998.5,F,39.0,Married,House / apartment,Businessman,202500.0,0
283947,Cash loans,454500.0,14661.0,M,35.0,Married,House / apartment,Working,126000.0,0
128533,Revolving loans,180000.0,9000.0,M,43.0,Married,House / apartment,,72000.0,1
417524,Cash loans,283500.0,9184.5,F,58.0,Single / not married,House / apartment,Working,90000.0,0
133905,Cash loans,284400.0,16456.5,M,65.0,Civil marriage,House / apartment,Working,112500.0,0
434422,Cash loans,728460.0,37134.0,F,66.0,Married,House / apartment,Businessman,225000.0,0
120886,Cash loans,755190.0,32125.5,F,42.0,Married,House / apartment,Unemployed,90000.0,0
411801,Cash loans,573628.5,27724.5,M,51.0,Single / not married,House / apartment,Working,180000.0,0
395421,Cash loans,1755000.0,46426.5,F,42.0,Married,House / apartment,Working,106650.0,0
319152,Cash loans,312768.0,13378.5,F,55.0,Widow,Municipal apartment,Unemployed,67500.0,0
247803,Cash loans,728460.0,37003.5,F,57.0,Married,House / apartment,Working,180000.0,0
377883,Cash loans,1308964.5,34659.0,F,41.0,Married,House / apartment,Unemployed,360000.0,0
420183,Cash loans,260640.0,20299.5,F,61.0,Married,House / apartment,Working,175500.0,0
392191,Cash loans,1636245.0,45126.0,M,48.0,Married,House / apartment,Businessman,292500.0,0
450474,Cash loans,517266.0,26541.0,F,47.0,Married,House / apartment,Working,157500.0,0
312055,Cash loans,1019610.0,36751.5,F,55.0,Married,House / apartment,Businessman,225000.0,0
316327,Cash loans,225000.0,10953.0,M,25.0,Single / not married,House / apartment,Working,180000.0,0
165209,Cash loans,124380.0,12874.5,F,59.0,Married,Rented apartment,Working,157500.0,0
270258,Cash loans,1305000.0,34425.0,F,52.0,Married,House / apartment,Working,112500.0,0
232430,Cash loans,337500.0,17361.0,F,25.0,Married,House / apartment,Working,90000.0,1
318088,Cash loans,239850.0,22324.5,F,60.0,Married,House / apartment,Working,135000.0,0
346589,Cash loans,555273.0,17910.0,M,23.0,Single / not married,House / apartment,Working,112500.0,0
211359,Cash loans,760225.5,53041.5,,46.0,Married,House / apartment,Businessman,225000.0,0
274827,Cash loans,675000.0,32602.5,M,59.0,Married,House / apartment,,180000.0,0
378200,Cash loans,1575000.0,41679.0,,32.0,Married,House / apartment,Businessman,225000.0,0
327229,Cash loans,758214.0,36607.5,,46.0,Married,House / apartment,Working,135000.0,0
331200,Cash loans,178213.5,13918.5,F,,Married,House / apartment,Working,103500.0,0
237096,Cash loans,290088.0,21240.0,M,34.0,Married,House / apartment,Businessman,243000.0,0
111668,Cash loans,787131.0,42066.0,F,46.0,Separated,House / apartment,Working,135000.0,1
392485,Cash loans,675000.0,22306.5,F,60.0,Widow,House / apartment,Working,112500.0,0
159405,Cash loans,601470.0,32760.0,M,37.0,Single / not married,Rented apartment,Businessman,225000.0,0
257418,Cash loans,473760.0,51021.0,M,60.0,Married,House / apartment,Working,157500.0,0
390988,Cash loans,780363.0,39973.5,M,45.0,Married,House / apartment,Unemployed,166500.0,0
275394,Cash loans,942300.0,30528.0,F,37.0,Married,House / apartment,Unemployed,90000.0,0
245678,Cash loans,203760.0,20281.5,F,48.0,Married,Municipal apartment,Working,180000.0,0
116035,Cash loans,506889.0,40176.0,F,48.0,Single / not married,House / apartment,Working,148500.0,1
390996,Cash loans,147726.0,17662.5,M,39.0,Married,House / apartment,Businessman,270000.0,0
235554,Cash loans,,27193.5,M,28.0,Civil marriage,House / apartment,Working,382500.0,0
311102,Cash loans,1190434.5,32733.0,F,59.0,Separated,House / apartment,Working,127350.0,0
104539,Cash loans,239850.0,22900.5,M,39.0,Single / not married,House / apartment,Businessman,225000.0,0
340760,Cash loans,161730.0,8901.0,F,57.0,Separated,House / apartment,Unemployed,54000.0,0
443163,Cash loans,364896.0,17685.0,F,57.0,Single / not married,House / apartment,Unemployed,54000.0,0
244581,Cash loans,592560.0,35806.5,F,39.0,Single / not married,House / apartment,Working,126000.0,0
380110,Cash loans,490495.5,46701.0,F,47.0,Married,House / apartment,Working,180000.0,0
171921,Cash loans,183694.5,13495.5,M,31.0,Civil marriage,With parents,Working,157500.0,0
226509,Cash loans,521280.0,25209.0,F,60.0,Married,House / apartment,Working,180000.0,0
110746,Cash loans,640080.0,31261.5,M,31.0,Single / not married,Municipal apartment,Working,157500.0,0
103732,Cash loans,127350.0,13842.0,F,31.0,Married,House / apartment,Unemployed,90000.0,0
114520,Cash loans,450000.0,35554.5,M,43.0,Married,House / apartment,Working,180000.0,0
409457,Cash loans,1824480.0,63549.0,M,50.0,Married,House / apartment,Working,675000.0,0
413201,Cash loans,284400.0,19134.0,F,24.0,Single / not married,House / apartment,Unemployed,135000.0,0
412243,Cash loans,284400.0,17527.5,M,51.0,Civil marriage,House / apartment,Working,135000.0,0
453099,Revolving loans,157500.0,7875.0,F,38.0,Civil marriage,House / apartment,Working,157500.0,0
226902,Cash loans,900000.0,45954.0,F,40.0,Married,House / apartment,Unemployed,157500.0,0
246990,Cash loans,728460.0,44694.0,M,35.0,Married,House / apartment,,315000.0,0
171764,Cash loans,481320.0,13923.0,F,24.0,Single / not married,House / apartment,Unemployed,67500.0,0
448251,Cash loans,1100709.0,43776.0,F,57.0,Married,House / apartment,Working,130500.0,1
312205,Cash loans,584766.0,29988.0,M,47.0,Married,House / apartment,Businessman,315000.0,0
328319,Cash loans,152820.0,15786.0,F,64.0,Widow,House / apartment,Unemployed,90000.0,0
349029,Cash loans,1134954.0,48217.5,F,55.0,Married,House / apartment,Working,135000.0,0
278102,Cash loans,2205000.0,58297.5,F,49.0,Married,House / apartment,,225000.0,0
158464,Cash loans,339948.0,26307.0,M,55.0,Single / not married,Municipal apartment,Working,180000.0,0
109049,Cash loans,691020.0,19935.0,F,60.0,Single / not married,House / apartment,Working,135000.0,0
298967,Cash loans,521280.0,28408.5,F,35.0,Separated,House / apartment,,216000.0,1
111670,Revolving loans,180000.0,9000.0,F,36.0,Civil marriage,House / apartment,Working,180000.0,0
170903,Cash loans,500211.0,28062.0,F,46.0,Civil marriage,House / apartment,Unemployed,112500.0,0
129551,Cash loans,604152.0,24088.5,F,61.0,Single / not married,House / apartment,Working,157500.0,0
211216,Cash loans,1065433.5,42385.5,F,37.0,Single / not married,House / apartment,Working,225000.0,0
250244,Cash loans,640080.0,29970.0,M,27.0,Single / not married,House / apartment,Working,117000.0,0
138393,Cash loans,601470.0,30838.5,M,58.0,Married,House / apartment,Working,135000.0,0
156098,Cash loans,315000.0,13342.5,M,31.0,Married,House / apartment,Working,90000.0,0
426373,Cash loans,860377.5,44059.5,M,38.0,Married,House / apartment,Businessman,405000.0,0
296478,Revolving loans,180000.0,9000.0,M,45.0,Married,House / apartment,Working,414000.0,0
298721,Cash loans,178290.0,13050.0,F,33.0,Married,House / apartment,Working,90000.0,0
234060,Cash loans,225000.0,11074.5,M,47.0,Married,House / apartment,,315000.0,0
451903,Cash loans,157500.0,14575.5,M,44.0,Married,House / apartment,Unemployed,85500.0,0
255889,Cash loans,1350000.0,39604.5,,41.0,Married,House / apartment,Working,180000.0,0
194147,Cash loans,323194.5,12105.0,F,66.0,Widow,House / apartment,Unemployed,45000.0,0
166893,Revolving loans,1237500.0,61875.0,F,40.0,Married,House / apartment,Businessman,315000.0,0
303431,Cash loans,432000.0,21010.5,F,24.0,Married,House / apartment,Unemployed,81000.0,0
339583,Cash loans,135000.0,15268.5,M,54.0,Married,House / apartment,Unemployed,189000.0,0
255214,Cash loans,675000.0,19476.0,F,61.0,Widow,House / apartment,Unemployed,90000.0,0
302169,Revolving loans,585000.0,29250.0,M,51.0,Married,House / apartment,Businessman,315000.0,0
323622,Cash loans,418500.0,15637.5,M,29.0,Married,House / apartment,Unemployed,180000.0,0
150776,Cash loans,835380.0,35523.0,F,43.0,Married,Municipal apartment,Working,180000.0,1
170085,Cash loans,1724688.0,60079.5,F,46.0,Married,House / apartment,Working,315000.0,0
173585,Cash loans,254700.0,27153.0,M,40.0,Married,House / apartment,Unemployed,90000.0,0
271327,Cash loans,679266.0,19989.0,F,57.0,Separated,House / apartment,Unemployed,83250.0,0
190223,Cash loans,1078200.0,38331.0,M,31.0,Married,House / apartment,Working,153000.0,0
295070,Cash loans,1180129.5,34636.5,F,43.0,Married,House / apartment,Working,170100.0,0
394155,Cash loans,508495.5,34249.5,F,57.0,Married,House / apartment,Working,112500.0,0
333912,Cash loans,1305000.0,36018.0,F,39.0,Civil marriage,House / apartment,Businessman,225000.0,0
242233,Cash loans,152820.0,10341.0,F,30.0,Married,House / apartment,Working,67500.0,0
452650,Cash loans,417915.0,27927.0,M,46.0,Married,House / apartment,Unemployed,157500.0,0
205196,Cash loans,540000.0,26109.0,F,50.0,Married,House / apartment,Working,135000.0,0
135259,Cash loans,148365.0,11781.0,F,32.0,Civil marriage,House / apartment,,67500.0,0
447328,Cash loans,594121.5,30465.0,F,56.0,Married,House / apartment,Working,121500.0,0
288228,Cash loans,616500.0,17082.0,M,30.0,Married,House / apartment,Unemployed,171000.0,0
273718,Cash loans,781920.0,23836.5,F,52.0,Married,House / apartment,Working,157500.0,0
260671,Cash loans,495000.0,47128.5,,43.0,Married,House / apartment,Businessman,225000.0,0
288998,Cash loans,507775.5,25794.0,M,30.0,Married,House / apartment,Working,135000.0,0
403654,Cash loans,1061572.5,45108.0,F,46.0,Married,House / apartment,Working,135000.0,0
198464,Cash loans,76500.0,4401.0,F,56.0,Married,House / apartment,Unemployed,90000.0,1
398452,Cash loans,1061599.5,31171.5,M,40.0,Married,House / apartment,Businessman,225000.0,0
375517,Cash loans,545040.0,26509.5,M,52.0,Married,House / apartment,Unemployed,108000.0,1
408271,Cash loans,1113840.0,60421.5,M,40.0,Married,House / apartment,Working,225000.0,0
144651,Cash loans,808650.0,26217.0,F,33.0,Married,House / apartment,Unemployed,67500.0,0
261244,Cash loans,1011955.5,43006.5,F,55.0,Married,House / apartment,Working,126000.0,0
372372,Cash loans,573628.5,27724.5,F,54.0,Separated,House / apartment,Unemployed,90000.0,0
241508,Cash loans,256500.0,12015.0,F,58.0,Married,House / apartment,Working,112500.0,0
391736,Cash loans,592560.0,25236.0,F,64.0,Married,House / apartment,Working,135000.0,0
116762,Cash loans,630000.0,45841.5,F,39.0,Married,House / apartment,Working,135000.0,1
257101,Cash loans,450000.0,21649.5,F,44.0,Widow,House / apartment,Working,135000.0,0
117669,Revolving loans,180000.0,9000.0,F,29.0,Married,House / apartment,Unemployed,76500.0,0
340306,Cash loans,258768.0,23863.5,F,32.0,Single / not married,House / apartment,Unemployed,108000.0,0
141010,Cash loans,137538.0,14940.0,M,54.0,Married,With parents,Working,112500.0,0
384670,Cash loans,225000.0,13896.0,F,66.0,Married,House / apartment,Working,135000.0,0
427220,Cash loans,1005120.0,28935.0,M,37.0,Married,House / apartment,Businessman,328500.0,0
276274,Cash loans,254700.0,27558.0,M,47.0,Married,House / apartment,Working,112500.0,0
349466,Cash loans,701730.0,71905.5,F,38.0,Married,House / apartment,Working,180000.0,0
289060,Cash loans,521280.0,31630.5,F,,Married,House / apartment,Unemployed,180000.0,0
104463,Cash loans,508495.5,22527.0,F,58.0,Widow,House / apartment,Working,157500.0,0
231206,Cash loans,454500.0,21996.0,M,43.0,Separated,House / apartment,Businessman,202500.0,0
196001,Cash loans,207000.0,12010.5,F,42.0,Single / not married,House / apartment,Working,180000.0,1
199091,Cash loans,99000.0,11326.5,M,33.0,Married,House / apartment,,76500.0,0
216270,Cash loans,538704.0,23859.0,F,57.0,Married,House / apartment,Unemployed,67500.0,0
399839,Cash loans,284400.0,13387.5,M,36.0,Single / not married,House / apartment,Working,171000.0,0
263626,Cash loans,808650.0,26217.0,F,52.0,Widow,House / apartment,Unemployed,274500.0,0
107841,Cash loans,229230.0,15448.5,F,24.0,Single / not married,House / apartment,Unemployed,99000.0,0
385007,Cash loans,545040.0,19705.5,F,45.0,Married,House / apartment,Businessman,202500.0,0
380738,Cash loans,808650.0,29839.5,M,37.0,Married,House / apartment,Working,135000.0,0
271660,Cash loans,1190434.5,38533.5,,48.0,Married,House / apartment,Working,189000.0,0
409357,Cash loans,376078.5,19471.5,M,24.0,Single / not married,House / apartment,Working,166500.0,0
437583,Cash loans,853056.0,30771.0,F,60.0,Married,House / apartment,Working,157500.0,0
358302,Cash loans,547344.0,19791.0,F,44.0,Civil marriage,House / apartment,Working,112500.0,0
282940,Revolving loans,540000.0,27000.0,F,41.0,Civil marriage,House / apartment,,270000.0,0
387600,Cash loans,337500.0,17361.0,F,65.0,Single / not married,House / apartment,Working,112500.0,0
268756,Cash loans,1575000.0,41679.0,F,34.0,Married,House / apartment,Businessman,234472.5,0
417007,Cash loans,1061599.5,28134.0,F,,Married,House / apartment,Working,166500.0,0
289564,Revolving loans,180000.0,9000.0,F,27.0,Single / not married,With parents,Working,112500.0,0
230683,Cash loans,123993.0,8757.0,F,57.0,Married,House / apartment,Unemployed,49500.0,0
397379,Cash loans,886176.0,29286.0,F,44.0,Separated,House / apartment,Working,157500.0,1
430666,Cash loans,755190.0,33394.5,F,,Widow,House / apartment,Working,139500.0,0
167063,Cash loans,148500.0,12834.0,M,57.0,Single / not married,With parents,Working,112500.0,0
402725,Cash loans,490495.5,50391.0,M,37.0,Married,House / apartment,Working,225000.0,0
285524,Cash loans,284400.0,19134.0,F,32.0,Separated,House / apartment,Unemployed,90000.0,0
398443,Cash loans,757413.0,29637.0,,61.0,Separated,House / apartment,Working,166500.0,0
353261,Cash loans,544491.0,17694.0,M,54.0,Single / not married,House / apartment,Working,90000.0,0
349699,Cash loans,545040.0,20677.5,F,52.0,Married,House / apartment,Working,135000.0,0
431397,Cash loans,900000.0,32017.5,F,37.0,Married,House / apartment,Working,157500.0,1
273465,Cash loans,256500.0,30438.0,M,27.0,Single / not married,House / apartment,Working,112500.0,0
357913,Cash loans,302206.5,13441.5,F,25.0,Single / not married,With parents,,67500.0,0
366062,Cash loans,540000.0,25978.5,M,49.0,Married,House / apartment,Businessman,288000.0,0
385837,Cash loans,90000.0,5436.0,F,27.0,Single / not married,House / apartment,,135000.0,0
251318,Cash loans,679896.0,66361.5,,57.0,Married,House / apartment,Businessman,270000.0,1
443200,Cash loans,657000.0,25834.5,F,30.0,Married,House / apartment,Unemployed,135000.0,0
310077,Cash loans,254700.0,25321.5,F,67.0,Married,House / apartment,Working,153000.0,0
244245,Cash loans,885762.0,28701.0,F,58.0,Single / not married,House / apartment,Businessman,216000.0,0
428802,Cash loans,900000.0,31887.0,M,41.0,Married,House / apartment,Businessman,261000.0,0
238730,Cash loans,161730.0,13095.0,F,33.0,Civil marriage,House / apartment,Unemployed,90000.0,0
161168,Cash loans,118602.0,9639.0,M,48.0,Married,House / apartment,Unemployed,166500.0,0
391410,Cash loans,652500.0,21177.0,M,54.0,Married,House / apartment,Working,157500.0,0
339110,Cash loans,268659.0,26302.5,F,65.0,Married,House / apartment,Working,126000.0,0
327451,Cash loans,473760.0,51151.5,M,38.0,Single / not married,Rented apartment,Working,180000.0,0
188176,Cash loans,270000.0,28350.0,F,37.0,Married,House / apartment,,135000.0,0
432697,Cash loans,1113840.0,47322.0,F,50.0,Married,House / apartment,Working,189000.0,0
198274,Revolving loans,135000.0,6750.0,F,54.0,Married,House / apartment,Unemployed,67500.0,0
401516,Revolving loans,225000.0,11250.0,F,60.0,Married,House / apartment,,112500.0,0
113679,Revolving loans,202500.0,10125.0,F,40.0,Married,House / apartment,Working,112500.0,0
313158,Cash loans,808650.0,29839.5,F,56.0,Separated,House / apartment,Working,135000.0,0
139800,Cash loans,775327.5,30879.0,F,41.0,Married,Municipal apartment,Working,121500.0,0
254792,Cash loans,1800000.0,52762.5,F,50.0,Married,House / apartment,Working,144000.0,0
265635,Cash loans,755190.0,36459.0,M,53.0,Married,House / apartment,Businessman,202500.0,0
388863,Revolving loans,450000.0,22500.0,F,32.0,Single / not married,House / apartment,Working,157500.0,0
361450,Cash loans,1089000.0,31023.0,F,27.0,Single / not married,Co-op apartment,Businessman,216000.0,0
241595,Cash loans,500490.0,59526.0,F,,Civil marriage,House / apartment,Businessman,234000.0,0
104893,Cash loans,339241.5,15943.5,F,42.0,Single / not married,House / apartment,Unemployed,103500.0,0
390991,Cash loans,675000.0,21906.0,M,43.0,Married,House / apartment,Working,180000.0,1
366811,Cash loans,225000.0,17905.5,F,34.0,Married,House / apartment,Working,112500.0,1
422324,Cash loans,270000.0,14134.5,F,29.0,Single / not married,House / apartment,Working,112500.0,0
322695,Cash loans,455040.0,12640.5,F,52.0,Married,House / apartment,,148500.0,0
347932,Cash loans,1206954.0,35419.5,M,39.0,Single / not married,Municipal apartment,Businessman,202500.0,0
207717,Cash loans,555273.0,16366.5,F,54.0,Widow,House / apartment,Unemployed,90000.0,0
453510,Cash loans,1159515.0,34033.5,F,47.0,Married,House / apartment,Working,135000.0,0
315317,Cash loans,755190.0,27985.5,M,64.0,Married,House / apartment,Unemployed,99000.0,0
152422,Revolving loans,180000.0,9000.0,F,31.0,Married,With parents,Unemployed,67500.0,0
260895,Cash loans,450000.0,30442.5,M,33.0,Civil marriage,Rented apartment,Working,180000.0,1
136329,Cash loans,562491.0,27189.0,F,46.0,Married,House / apartment,Working,180000.0,1
299664,Cash loans,263686.5,24781.5,M,34.0,Married,House / apartment,Working,202500.0,0
435133,Cash loans,474048.0,24201.0,F,27.0,Single / not married,With parents,Working,117000.0,0
224411,Cash loans,588465.0,26050.5,F,53.0,Married,House / apartment,Businessman,202500.0,0
350873,Cash loans,755190.0,36459.0,M,34.0,Single / not married,House / apartment,Working,225000.0,0
152983,Cash loans,343377.0,19840.5,F,40.0,Married,House / apartment,Unemployed,45000.0,0
333203,Cash loans,254700.0,24192.0,F,28.0,Married,House / apartment,Working,121500.0,0
185711,Cash loans,810571.5,32274.0,M,28.0,Married,House / apartment,,342000.0,0
428380,Cash loans,411813.0,21690.0,F,32.0,Married,House / apartment,Working,135000.0,0
290908,Cash loans,517500.0,15259.5,F,53.0,Married,House / apartment,Working,166500.0,0
345130,Cash loans,324000.0,18729.0,M,49.0,Separated,House / apartment,,135000.0,0
230444,Cash loans,640080.0,31261.5,F,26.0,Married,House / apartment,Businessman,225000.0,0
184681,Cash loans,512064.0,25033.5,M,30.0,Separated,House / apartment,Working,135000.0,0
434527,Cash loans,127350.0,13842.0,F,28.0,Married,House / apartment,Working,117000.0,0
324096,Cash loans,547344.0,18085.5,F,59.0,Married,House / apartment,Unemployed,99000.0,0
199990,Cash loans,1777212.0,49000.5,F,39.0,Married,Municipal apartment,Businessman,225000.0,1
429624,Cash loans,113760.0,5431.5,F,39.0,Married,House / apartment,Businessman,202500.0,0
329246,Cash loans,284400.0,16456.5,F,66.0,Married,House / apartment,Working,81000.0,0
187612,Cash loans,327024.0,16033.5,F,45.0,Married,House / apartment,Unemployed,45000.0,1
181849,Cash loans,518562.0,25078.5,,46.0,Married,House / apartment,Businessman,270000.0,0
317753,Cash loans,1170000.0,62464.5,M,45.0,Single / not married,House / apartment,Businessman,360000.0,0
375776,Revolving loans,270000.0,13500.0,F,64.0,Separated,House / apartment,Unemployed,90000.0,0
380674,Cash loans,728460.0,44694.0,M,25.0,Married,House / apartment,Businessman,351000.0,0
331963,Cash loans,450000.0,17095.5,F,37.0,Widow,House / apartment,Working,157500.0,1
279099,Revolving loans,270000.0,13500.0,M,33.0,Married,House / apartment,Working,180000.0,1
117289,Cash loans,1256400.0,36733.5,M,38.0,Civil marriage,House / apartment,Businessman,360000.0,0
108283,Revolving loans,540000.0,27000.0,F,63.0,Married,House / apartment,Businessman,202500.0,0
274041,Cash loans,808650.0,26086.5,F,30.0,Separated,With parents,Unemployed,90000.0,0
107002,Cash loans,755190.0,36459.0,F,25.0,Civil marriage,House / apartment,Businessman,202500.0,0
298543,Cash loans,813195.0,27004.5,F,46.0,Single / not married,House / apartment,Businessman,337500.0,1
102748,Cash loans,258709.5,13270.5,F,67.0,Widow,House / apartment,Unemployed,67500.0,0
352142,Cash loans,450000.0,27324.0,M,50.0,Married,House / apartment,Working,135000.0,0
227847,Revolving loans,675000.0,33750.0,M,39.0,Married,House / apartment,Working,450000.0,0
313726,Cash loans,971280.0,51876.0,F,57.0,Married,House / apartment,Working,135000.0,0
279764,Cash loans,254700.0,14751.0,F,66.0,Separated,House / apartment,Working,54000.0,0
245899,Cash loans,1350000.0,53671.5,F,33.0,Married,House / apartment,Businessman,225000.0,0
420673,Cash loans,85320.0,5346.0,F,52.0,Married,House / apartment,Unemployed,67500.0,0
306630,Cash loans,547344.0,28075.5,F,34.0,Married,House / apartment,Working,148500.0,0
350046,Cash loans,495000.0,25402.5,F,33.0,Married,House / apartment,Businessman,211500.0,0
225120,Cash loans,364896.0,26680.5,F,40.0,Married,House / apartment,Working,144000.0,1
345373,Cash loans,,5346.0,M,61.0,Widow,House / apartment,Unemployed,99000.0,0
368799,Cash loans,180000.0,14350.5,F,36.0,Married,House / apartment,Unemployed,90000.0,0
159819,Revolving loans,315000.0,15750.0,F,33.0,Civil marriage,House / apartment,Working,112500.0,0
355967,Cash loans,284400.0,18306.0,M,27.0,Single / not married,House / apartment,Unemployed,180000.0,0
115337,Cash loans,148365.0,11223.0,M,64.0,Civil marriage,House / apartment,Unemployed,67500.0,0
348996,Revolving loans,270000.0,13500.0,M,22.0,Single / not married,With parents,Unemployed,90000.0,0
421929,Revolving loans,247500.0,12375.0,F,21.0,Married,House / apartment,Unemployed,90000.0,0
295143,Cash loans,472500.0,15372.0,F,42.0,Married,House / apartment,Businessman,225000.0,0
396521,Cash loans,282690.0,15462.0,F,44.0,Civil marriage,House / apartment,Unemployed,90000.0,1
125977,Cash loans,1436850.0,46480.5,M,40.0,Married,House / apartment,Businessman,225000.0,0
312429,Cash loans,57564.0,5823.0,F,58.0,Married,House / apartment,Working,117000.0,0
389501,Cash loans,243000.0,25911.0,M,25.0,Married,Rented apartment,Businessman,315000.0,0
170371,Cash loans,986418.0,53509.5,F,57.0,Married,House / apartment,Working,337500.0,0
254609,Revolving loans,225000.0,11250.0,M,34.0,Single / not married,House / apartment,Businessman,225000.0,0
357696,Cash loans,675000.0,53460.0,M,38.0,Married,House / apartment,Working,135000.0,0
222435,Cash loans,143910.0,15498.0,F,46.0,Married,House / apartment,Working,112500.0,0
439130,Cash loans,416052.0,15075.0,,39.0,Married,House / apartment,Working,135000.0,0
211676,Cash loans,781920.0,61906.5,F,40.0,Married,House / apartment,Businessman,337500.0,0
272514,Revolving loans,270000.0,13500.0,F,27.0,Married,House / apartment,Working,135000.0,0
207212,Cash loans,673875.0,26856.0,M,57.0,Married,House / apartment,Businessman,202500.0,0
266861,Cash loans,610483.5,21928.5,,49.0,Married,House / apartment,Working,112500.0,1
197570,Cash loans,586332.0,58122.0,F,40.0,Civil marriage,House / apartment,Businessman,225000.0,0
246539,Cash loans,225000.0,14377.5,M,30.0,Civil marriage,House / apartment,Working,180000.0,0
323630,Cash loans,630000.0,20452.5,M,40.0,Married,House / apartment,Working,112500.0,0
415679,Cash loans,135000.0,10093.5,F,27.0,Married,House / apartment,Unemployed,67500.0,0
152366,Cash loans,755460.0,52708.5,F,64.0,Widow,House / apartment,Working,315000.0,0
247323,Cash loans,743958.0,23998.5,M,32.0,Married,House / apartment,Businessman,225000.0,0
320896,Cash loans,254700.0,14350.5,F,68.0,Widow,House / apartment,Working,180000.0,0
301535,Cash loans,891072.0,35469.0,M,62.0,Married,House / apartment,Working,112500.0,0
158623,Cash loans,904500.0,30024.0,F,57.0,Married,House / apartment,Unemployed,81000.0,0
409766,Cash loans,776304.0,28521.0,F,51.0,Separated,House / apartment,Businessman,252000.0,0
208356,Cash loans,544491.0,17694.0,F,34.0,Married,Municipal apartment,Unemployed,38250.0,0
453084,Cash loans,198085.5,20929.5,F,39.0,Single / not married,House / apartment,Working,112500.0,0
212336,Cash loans,945000.0,40167.0,F,,Civil marriage,House / apartment,Businessman,270000.0,0
342229,Cash loans,490495.5,28287.0,F,46.0,Married,House / apartment,Businessman,315000.0,0
167412,Cash loans,263686.5,28395.0,M,36.0,Civil marriage,House / apartment,Working,180000.0,0
179079,Cash loans,450000.0,23562.0,M,29.0,Married,House / apartment,Unemployed,99000.0,0
417010,Cash loans,1467612.0,56029.5,M,36.0,Separated,House / apartment,Unemployed,450000.0,0
205664,Revolving loans,270000.0,13500.0,F,48.0,Widow,House / apartment,Businessman,225000.0,0
205962,Cash loans,808650.0,26217.0,F,40.0,Civil marriage,House / apartment,Unemployed,180000.0,0
162371,Cash loans,1971072.0,68643.0,F,45.0,Married,House / apartment,Businessman,202500.0,0
448081,Cash loans,728460.0,44694.0,M,34.0,Married,House / apartment,Working,180000.0,0
357388,Cash loans,167895.0,15939.0,F,60.0,Widow,House / apartment,Unemployed,51750.0,0
133318,Cash loans,533668.5,22738.5,F,60.0,Civil marriage,House / apartment,Working,135000.0,0
217241,Revolving loans,135000.0,6750.0,F,47.0,Married,House / apartment,Unemployed,45000.0,0
222354,Cash loans,1288350.0,41692.5,F,39.0,Married,House / apartment,Businessman,202500.0,0
115283,Cash loans,161730.0,13095.0,M,34.0,Married,House / apartment,Unemployed,36000.0,1
408975,Cash loans,286704.0,20520.0,F,42.0,Civil marriage,Rented apartment,Working,121500.0,0
134582,Cash loans,1082214.0,31770.0,F,52.0,Married,House / apartment,Working,135000.0,0
302329,Cash loans,463941.0,23818.5,F,35.0,Married,House / apartment,Businessman,202500.0,0
174781,Revolving loans,360000.0,18000.0,M,24.0,Single / not married,With parents,Working,117000.0,0
290504,Cash loans,1575000.0,41548.5,M,44.0,Married,House / apartment,Businessman,900000.0,0
380801,Cash loans,101880.0,10827.0,F,26.0,Married,With parents,Unemployed,45000.0,0
209835,Cash loans,691020.0,22419.0,,58.0,Civil marriage,House / apartment,Unemployed,135000.0,0
420171,Cash loans,521280.0,26743.5,F,34.0,Single / not married,House / apartment,Working,202500.0,0
142318,Cash loans,360000.0,11628.0,F,60.0,Widow,House / apartment,Unemployed,90000.0,0
246813,Cash loans,,41643.0,M,43.0,Married,House / apartment,Working,292500.0,0
377955,Cash loans,143910.0,15268.5,F,31.0,Married,House / apartment,Unemployed,81000.0,0
281605,Cash loans,254700.0,14350.5,F,48.0,Widow,House / apartment,Working,121500.0,0
445894,Cash loans,337761.0,17374.5,F,60.0,Married,House / apartment,Working,157500.0,1
266806,Cash loans,634482.0,23440.5,M,59.0,Married,House / apartment,Unemployed,157500.0,0
275896,Cash loans,254700.0,25321.5,M,54.0,Widow,House / apartment,Unemployed,54000.0,0
382436,Cash loans,545040.0,25537.5,F,39.0,Married,House / apartment,Businessman,315000.0,0
246313,Cash loans,239850.0,23850.0,M,67.0,Married,House / apartment,Unemployed,72000.0,0
368663,Cash loans,450000.0,24412.5,F,39.0,Married,House / apartment,Unemployed,90000.0,0
227127,Cash loans,225000.0,8568.0,F,48.0,Separated,House / apartment,Unemployed,76500.0,0
236878,Cash loans,1035000.0,30393.0,F,,Married,House / apartment,Working,157500.0,0
417761,Cash loans,702000.0,38214.0,F,32.0,Married,Office apartment,Businessman,292500.0,0
225539,Cash loans,239850.0,25960.5,F,34.0,Married,House / apartment,Working,315000.0,1
387123,Cash loans,234000.0,13563.0,F,56.0,Single / not married,House / apartment,Unemployed,69750.0,0
271860,Cash loans,1293502.5,37948.5,M,43.0,Married,Municipal apartment,Working,263700.0,0
149114,Cash loans,284256.0,33862.5,F,52.0,Separated,House / apartment,Unemployed,150750.0,0
149448,Cash loans,320922.0,33826.5,F,43.0,Married,Municipal apartment,Working,180000.0,0
105568,Revolving loans,135000.0,6750.0,F,24.0,Single / not married,With parents,Unemployed,90000.0,0
361162,Revolving loans,450000.0,22500.0,M,39.0,Married,House / apartment,Unemployed,360000.0,0
344528,Cash loans,854725.5,50103.0,F,56.0,Married,House / apartment,Working,225000.0,0
183322,Cash loans,334152.0,17059.5,F,37.0,Separated,House / apartment,Unemployed,63000.0,0
292853,Cash loans,338832.0,21784.5,,41.0,Married,House / apartment,Businessman,202500.0,0
305134,Cash loans,1350000.0,74110.5,F,44.0,Single / not married,House / apartment,Businessman,292500.0,0
384231,Cash loans,542133.0,22918.5,M,49.0,Married,House / apartment,Working,157500.0,0
421402,Cash loans,135000.0,9823.5,M,39.0,Single / not married,House / apartment,Working,135000.0,1
116237,Cash loans,787086.0,29047.5,F,37.0,Married,House / apartment,Working,148500.0,0
222415,Cash loans,284400.0,18643.5,M,29.0,Single / not married,House / apartment,Working,157500.0,0
292367,Cash loans,778500.0,37453.5,M,32.0,Married,House / apartment,Businessman,225000.0,0
324625,Cash loans,450000.0,20853.0,F,26.0,Married,House / apartment,Unemployed,72000.0,0
307135,Cash loans,315000.0,17086.5,F,29.0,Married,House / apartment,Businessman,270000.0,0
443997,Cash loans,207000.0,20295.0,F,68.0,Married,House / apartment,Unemployed,175500.0,0
215754,Cash loans,808650.0,23773.5,F,55.0,Civil marriage,House / apartment,,135000.0,0
321812,Cash loans,1762110.0,46480.5,M,41.0,Married,House / apartment,Working,630000.0,0
454374,Cash loans,161730.0,11632.5,F,42.0,Single / not married,House / apartment,Working,135000.0,0
162501,Cash loans,284400.0,18306.0,F,54.0,Married,House / apartment,Unemployed,90000.0,1
438121,Cash loans,656725.5,47785.5,M,29.0,Married,House / apartment,Working,157500.0,0
257973,Cash loans,427450.5,21825.0,F,,Married,House / apartment,Unemployed,81000.0,0
302077,Cash loans,437877.0,16357.5,F,59.0,Widow,House / apartment,Unemployed,67500.0,0
123850,Cash loans,1288350.0,37669.5,F,50.0,Married,House / apartment,Businessman,247500.0,0
430324,Cash loans,261000.0,12825.0,F,29.0,Married,With parents,Unemployed,85500.0,1
369756,Revolving loans,270000.0,13500.0,,22.0,Single / not married,House / apartment,Working,112500.0,0
127283,Cash loans,976077.0,54634.5,F,46.0,Civil marriage,House / apartment,Businessman,450000.0,0
150034,Cash loans,306000.0,8199.0,F,59.0,Married,House / apartment,Working,166500.0,0
139633,Cash loans,203760.0,16227.0,F,32.0,Married,House / apartment,Working,135000.0,0
196438,Cash loans,545040.0,25537.5,M,60.0,Married,House / apartment,Unemployed,67500.0,0
182965,Cash loans,247536.0,11668.5,M,44.0,Married,House / apartment,Unemployed,173250.0,0
446133,Cash loans,270000.0,18396.0,,36.0,Married,House / apartment,Working,112500.0,0
148241,Cash loans,1660428.0,48681.0,F,45.0,Married,House / apartment,Businessman,202500.0,0
175708,Cash loans,526491.0,19039.5,F,32.0,Single / not married,House / apartment,Unemployed,157500.0,0
304494,Cash loans,900000.0,24880.5,M,57.0,Married,House / apartment,Working,189000.0,0
278256,Cash loans,490495.5,25047.0,M,59.0,Married,House / apartment,Unemployed,67500.0,0
428976,Cash loans,354276.0,13486.5,M,48.0,Married,House / apartment,Businessman,211500.0,0
239654,Cash loans,1467612.0,58333.5,F,,Married,House / apartment,Working,121500.0,0
423919,Cash loans,835605.0,24561.0,F,,Married,House / apartment,Unemployed,135000.0,0
349716,Revolving loans,382500.0,19125.0,,63.0,Married,House / apartment,Working,157500.0,0
182770,Cash loans,370107.0,14224.5,F,55.0,Widow,House / apartment,Working,121500.0,0
176389,Cash loans,640080.0,31261.5,M,31.0,Separated,Municipal apartment,Working,225000.0,0
402742,Cash loans,675000.0,32602.5,F,49.0,Married,House / apartment,Working,130500.0,0
369816,Cash loans,485640.0,44671.5,F,40.0,Married,House / apartment,Working,135000.0,1
183954,Cash loans,343800.0,16155.0,M,43.0,Married,House / apartment,Working,135000.0,0
262662,Revolving loans,180000.0,9000.0,F,37.0,Married,House / apartment,Unemployed,90000.0,0
391825,Cash loans,1395000.0,51826.5,F,39.0,Married,House / apartment,Businessman,360000.0,0
335674,Revolving loans,270000.0,13500.0,M,58.0,Married,House / apartment,Businessman,225000.0,0
328472,Cash loans,675000.0,29862.0,F,53.0,Widow,House / apartment,,135000.0,0
367358,Cash loans,521280.0,28408.5,M,50.0,Married,House / apartment,Working,135000.0,0
347795,Revolving loans,225000.0,11250.0,F,32.0,Married,House / apartment,Working,157500.0,0
258971,Cash loans,254700.0,16276.5,M,45.0,Married,House / apartment,Working,112500.0,0
162489,Cash loans,555273.0,16366.5,F,50.0,Separated,House / apartment,Unemployed,81000.0,0
237678,Cash loans,336924.0,12829.5,M,40.0,Married,House / apartment,Unemployed,135000.0,0
228317,Cash loans,417024.0,21289.5,F,44.0,Single / not married,House / apartment,Businessman,225000.0,0
455431,Cash loans,942300.0,34749.0,F,46.0,Married,House / apartment,Working,157500.0,0
214218,Cash loans,1285816.5,42624.0,F,52.0,Married,Municipal apartment,,90000.0,0
242166,Cash loans,719946.0,30631.5,F,53.0,Single / not married,House / apartment,Unemployed,94500.0,0
167423,Cash loans,1724220.0,50544.0,F,43.0,Married,House / apartment,,315000.0,0
115853,Cash loans,431280.0,22149.0,F,57.0,Widow,House / apartment,Working,139500.0,0
314078,Cash loans,1258650.0,70281.0,F,30.0,Single / not married,House / apartment,Working,180000.0,0
454095,Cash loans,584766.0,28260.0,M,31.0,Married,House / apartment,Unemployed,180000.0,0
284151,Cash loans,971280.0,54364.5,F,51.0,Married,House / apartment,Businessman,315000.0,0
301995,Cash loans,966555.0,51628.5,F,54.0,Married,House / apartment,Businessman,405000.0,0
360405,Cash loans,906228.0,40045.5,F,65.0,Single / not married,House / apartment,Unemployed,225000.0,0
113037,Cash loans,540000.0,14373.0,M,44.0,Married,House / apartment,Working,135000.0,0
169078,Revolving loans,135000.0,6750.0,F,36.0,Married,House / apartment,Working,63000.0,0
286337,Cash loans,152820.0,8901.0,M,65.0,Single / not married,House / apartment,Working,67500.0,0
201379,Cash loans,2463840.0,74830.5,F,29.0,Married,House / apartment,Businessman,225000.0,0
207616,Cash loans,463500.0,19768.5,F,53.0,Married,House / apartment,Businessman,450000.0,0
426193,Cash loans,88618.5,9670.5,F,33.0,Single / not married,House / apartment,Working,157500.0,0
296197,Cash loans,922500.0,27103.5,,50.0,Civil marriage,House / apartment,Working,135000.0,0
183330,Cash loans,314100.0,13963.5,F,30.0,Married,House / apartment,Unemployed,54000.0,0
107753,Cash loans,1125000.0,44748.0,M,45.0,Married,Municipal apartment,Working,202500.0,0
447076,Cash loans,852088.5,36229.5,M,56.0,Married,House / apartment,Working,225000.0,0
336099,Cash loans,119925.0,11857.5,F,62.0,Married,House / apartment,Working,54000.0,0
383048,Cash loans,1154655.0,45922.5,F,50.0,Single / not married,Rented apartment,Businessman,202500.0,0
281735,Cash loans,284400.0,18306.0,M,31.0,Married,House / apartment,Working,180000.0,0
434563,Cash loans,314100.0,13437.0,F,50.0,Single / not married,House / apartment,Working,112500.0,0
242214,Revolving loans,270000.0,13500.0,F,60.0,Married,House / apartment,,81000.0,0
142349,Cash loans,291915.0,17986.5,M,64.0,Married,House / apartment,Working,112500.0,0
289478,Cash loans,900000.0,40671.0,F,46.0,Married,House / apartment,Working,153000.0,0
141220,Cash loans,358344.0,22050.0,F,38.0,Married,House / apartment,Unemployed,90000.0,0
447136,Cash loans,1262583.0,37044.0,F,57.0,Married,House / apartment,Working,157500.0,0
158633,Cash loans,553806.0,23593.5,F,38.0,Married,House / apartment,Businessman,225000.0,0
342066,Cash loans,545040.0,26640.0,M,40.0,Civil marriage,House / apartment,Unemployed,225000.0,0
398249,Cash loans,760225.5,32337.0,F,56.0,Civil marriage,House / apartment,Working,157500.0,0
417031,Cash loans,550467.0,26901.0,M,31.0,Single / not married,House / apartment,Unemployed,90000.0,1
307253,Cash loans,787086.0,25389.0,F,65.0,Separated,House / apartment,Working,180000.0,0
289538,Revolving loans,225000.0,11250.0,F,58.0,Widow,Municipal apartment,Unemployed,81000.0,0
311150,Cash loans,450000.0,21109.5,M,39.0,Single / not married,House / apartment,Businessman,270000.0,0
100658,Cash loans,215640.0,11695.5,F,25.0,Civil marriage,House / apartment,Unemployed,189000.0,0
223724,Cash loans,225000.0,8482.5,F,54.0,Married,House / apartment,Working,67500.0,0
130897,Cash loans,852088.5,33921.0,F,64.0,Separated,House / apartment,Businessman,225000.0,0
119342,Cash loans,172021.5,18526.5,M,30.0,Single / not married,Rented apartment,Working,180000.0,0
316658,Cash loans,755190.0,36459.0,F,51.0,Civil marriage,House / apartment,Unemployed,180000.0,0
385567,Cash loans,835380.0,40320.0,M,33.0,Married,House / apartment,Working,121500.0,0
379789,Cash loans,1078200.0,31653.0,F,,Civil marriage,Office apartment,Working,135000.0,0
356496,Cash loans,810000.0,31653.0,M,32.0,Married,House / apartment,Working,180000.0,1
241158,Cash loans,1113133.5,32674.5,M,54.0,Married,House / apartment,Unemployed,193500.0,0
338572,Cash loans,398160.0,29101.5,M,53.0,Married,House / apartment,Working,180000.0,0
295433,Cash loans,545040.0,25537.5,M,28.0,Single / not married,Co-op apartment,Unemployed,103500.0,0
272181,Cash loans,781920.0,41787.0,F,55.0,Single / not married,House / apartment,Working,121500.0,0
122971,Cash loans,733315.5,39199.5,F,60.0,Widow,House / apartment,Businessman,297000.0,0
224152,Cash loans,225000.0,17905.5,F,37.0,Married,House / apartment,Working,135000.0,0
271615,Cash loans,225000.0,21919.5,F,35.0,Single / not married,House / apartment,Working,157500.0,0
353563,Cash loans,1006920.0,42790.5,F,39.0,Married,House / apartment,Working,180000.0,0
152301,Cash loans,593010.0,17122.5,F,58.0,Married,House / apartment,Unemployed,45000.0,0
272315,Cash loans,380533.5,19921.5,F,55.0,Widow,House / apartment,Working,180000.0,0
267666,Cash loans,727785.0,23607.0,F,37.0,Civil marriage,House / apartment,Working,180000.0,0
196296,Cash loans,781920.0,31522.5,F,31.0,Married,House / apartment,Working,157500.0,0
359534,Cash loans,612000.0,25929.0,M,54.0,Married,House / apartment,Working,194850.0,0
403237,Cash loans,518562.0,22099.5,F,41.0,Married,House / apartment,Working,76500.0,0
425556,Cash loans,90000.0,7344.0,,34.0,Married,House / apartment,Working,49500.0,0
287305,Revolving loans,630000.0,31500.0,M,43.0,Married,House / apartment,Businessman,225000.0,0
257571,Cash loans,544491.0,17694.0,F,33.0,Married,With parents,Working,112500.0,0
162508,Cash loans,243000.0,10831.5,F,65.0,Married,House / apartment,Unemployed,90000.0,0
113800,Cash loans,50940.0,5877.0,F,42.0,Married,House / apartment,Unemployed,72000.0,0
251061,Cash loans,534204.0,29956.5,M,37.0,Separated,House / apartment,Businessman,360000.0,0
181115,Cash loans,675000.0,26901.0,F,64.0,Widow,House / apartment,Unemployed,67500.0,0
380265,Cash loans,550467.0,26770.5,M,52.0,Married,House / apartment,Working,112500.0,1
361742,Cash loans,675000.0,65758.5,F,39.0,Married,House / apartment,Businessman,270000.0,0
146005,Cash loans,539100.0,29376.0,M,,Married,House / apartment,Unemployed,72000.0,1
449295,Cash loans,904500.0,38322.0,M,59.0,Married,House / apartment,Businessman,315000.0,0
304969,Cash loans,495000.0,15138.0,F,61.0,Widow,House / apartment,Unemployed,360000.0,0
308875,Cash loans,942300.0,30397.5,F,55.0,Single / not married,House / apartment,Working,180000.0,0
190775,Cash loans,500211.0,39649.5,M,57.0,Married,House / apartment,Unemployed,157500.0,0
191363,Cash loans,647046.0,20871.0,,63.0,Single / not married,House / apartment,Businessman,292500.0,0
380627,Cash loans,1223010.0,51948.0,F,55.0,Married,House / apartment,Working,189000.0,0
416482,Cash loans,395640.0,29578.5,M,31.0,Married,Municipal apartment,Businessman,360000.0,0
363861,Cash loans,1293502.5,34249.5,F,30.0,Married,House / apartment,Working,180000.0,0
235992,Revolving loans,270000.0,13500.0,F,31.0,Married,House / apartment,Working,171000.0,1
442731,Cash loans,260725.5,20727.0,F,45.0,Married,House / apartment,Working,112500.0,0
221390,Cash loans,2318130.0,61281.0,F,46.0,Married,House / apartment,Businessman,225000.0,0
313405,Revolving loans,337500.0,16875.0,M,35.0,Married,House / apartment,Unemployed,112500.0,0
171755,Cash loans,518562.0,40261.5,M,43.0,Married,House / apartment,Unemployed,135000.0,0
288302,Revolving loans,157500.0,7875.0,F,30.0,Married,Office apartment,Working,126000.0,0
185103,Cash loans,1071000.0,34938.0,M,,Married,House / apartment,Businessman,202500.0,0
198691,Cash loans,450000.0,23107.5,F,35.0,Married,House / apartment,Working,157500.0,0
396269,Cash loans,679500.0,26442.0,F,53.0,Married,House / apartment,Unemployed,67500.0,0
264375,Cash loans,1966500.0,54207.0,M,37.0,Married,House / apartment,Businessman,247500.0,0
443246,Revolving loans,180000.0,9000.0,F,23.0,Married,House / apartment,Unemployed,157500.0,1
390298,Cash loans,1185282.0,34785.0,M,37.0,Married,House / apartment,Working,162000.0,0
306883,Cash loans,436500.0,35127.0,M,53.0,Married,House / apartment,Working,157500.0,0
169337,Cash loans,971676.0,41296.5,F,52.0,Single / not married,House / apartment,Businessman,382500.0,0
346592,Cash loans,446931.0,21865.5,F,41.0,Married,House / apartment,Working,135000.0,0
353343,Cash loans,315000.0,21181.5,M,36.0,Married,House / apartment,Unemployed,135000.0,0
216437,Cash loans,288972.0,17590.5,,41.0,Married,House / apartment,Businessman,247500.0,0
368894,Cash loans,152820.0,8662.5,F,65.0,Widow,House / apartment,Unemployed,90000.0,0
295002,Cash loans,1023691.5,57289.5,F,44.0,Married,House / apartment,Businessman,225000.0,0
263238,Revolving loans,270000.0,13500.0,F,34.0,Single / not married,House / apartment,Businessman,360000.0,0
209191,Revolving loans,180000.0,9000.0,M,30.0,Married,House / apartment,Working,157500.0,0
322358,Cash loans,,29083.5,M,40.0,Separated,With parents,Working,157500.0,0
317017,Cash loans,981162.0,28818.0,F,36.0,Married,House / apartment,Unemployed,76500.0,0
102947,Cash loans,531706.5,29817.0,F,60.0,Married,House / apartment,Working,121500.0,0
194739,Cash loans,760225.5,32337.0,M,64.0,Married,House / apartment,Working,157500.0,0
414406,Cash loans,,18576.0,F,51.0,Married,House / apartment,Unemployed,81000.0,0
441047,Cash loans,770292.0,30676.5,F,53.0,Separated,House / apartment,Businessman,225000.0,0
348331,Cash loans,239850.0,23364.0,M,68.0,Married,House / apartment,Unemployed,95850.0,0
207955,Cash loans,237024.0,18855.0,M,48.0,Married,House / apartment,Working,202500.0,0
330023,Cash loans,168102.0,10413.0,F,60.0,Separated,House / apartment,Unemployed,45000.0,0
119729,Cash loans,1024740.0,52452.0,F,46.0,Separated,House / apartment,Businessman,202500.0,1
324134,Cash loans,601470.0,25483.5,F,61.0,Separated,House / apartment,Working,135000.0,0
432911,Cash loans,682875.0,36513.0,,57.0,Separated,House / apartment,Working,360000.0,0
456225,Cash loans,297000.0,19975.5,M,57.0,Married,House / apartment,Businessman,225000.0,1
216036,Cash loans,518562.0,22972.5,M,48.0,Married,House / apartment,Working,157500.0,0
306965,Cash loans,675000.0,35757.0,F,45.0,Married,House / apartment,Businessman,225000.0,0
435736,Cash loans,493497.0,50566.5,M,38.0,Married,House / apartment,Businessman,270000.0,0
204123,Cash loans,127350.0,13176.0,F,38.0,Married,House / apartment,Unemployed,45000.0,0
153696,Cash loans,675000.0,26284.5,F,30.0,Married,With parents,Working,189000.0,0
422671,Cash loans,105813.0,8613.0,M,54.0,Civil marriage,House / apartment,Businessman,234000.0,0
186215,Revolving loans,270000.0,13500.0,,45.0,Separated,House / apartment,Working,202500.0,0
125179,Cash loans,360000.0,18418.5,M,25.0,Married,House / apartment,Businessman,283500.0,0
300830,Cash loans,140746.5,14548.5,F,60.0,Separated,House / apartment,Businessman,234000.0,0
302646,Cash loans,379008.0,35073.0,M,69.0,Married,House / apartment,Working,202500.0,0
218336,Revolving loans,,9000.0,M,28.0,Married,House / apartment,Unemployed,180000.0,1
131514,Cash loans,521280.0,22216.5,M,56.0,Married,House / apartment,Unemployed,90000.0,0
127310,Cash loans,178290.0,10363.5,F,35.0,Civil marriage,With parents,Unemployed,40500.0,1
367451,Cash loans,942300.0,27679.5,M,48.0,Married,House / apartment,Businessman,252000.0,0
284330,Cash loans,454500.0,19237.5,M,38.0,Married,House / apartment,Unemployed,270000.0,0
145351,Cash loans,916470.0,32598.0,M,33.0,Married,House / apartment,Working,315000.0,1
291217,Cash loans,254700.0,25321.5,F,30.0,Married,With parents,Businessman,315000.0,0
225644,Cash loans,312768.0,13423.5,F,43.0,Civil marriage,House / apartment,Unemployed,36828.0,0
341965,Cash loans,210456.0,11880.0,F,62.0,Single / not married,House / apartment,Working,166500.0,0
121233,Cash loans,1350000.0,39604.5,F,60.0,Married,House / apartment,Unemployed,135000.0,0
439670,Cash loans,675000.0,19867.5,F,45.0,Married,House / apartment,Unemployed,27000.0,0
300290,Cash loans,203760.0,22072.5,F,31.0,Married,With parents,Unemployed,103500.0,0
320343,Cash loans,101880.0,10075.5,F,25.0,Married,House / apartment,Unemployed,90000.0,0
370472,Cash loans,225000.0,25447.5,M,34.0,Married,With parents,Working,157500.0,1
150356,Cash loans,339241.5,12919.5,M,34.0,Separated,House / apartment,Working,157500.0,1
217664,Cash loans,755190.0,36459.0,F,48.0,Married,House / apartment,Unemployed,90000.0,0
260601,Cash loans,996885.0,45175.5,F,27.0,Single / not married,House / apartment,Working,112500.0,0
187753,Cash loans,765000.0,49594.5,F,28.0,Separated,House / apartment,Businessman,202500.0,0
139824,Cash loans,754740.0,22198.5,F,57.0,Widow,House / apartment,Working,157500.0,0
118116,Cash loans,298512.0,17136.0,F,35.0,Married,House / apartment,Unemployed,40500.0,0
420550,Cash loans,472500.0,20146.5,F,40.0,Married,House / apartment,Unemployed,54000.0,0
183196,Cash loans,497749.5,26190.0,F,43.0,Single / not married,House / apartment,,112500.0,1
439899,Revolving loans,270000.0,13500.0,M,59.0,Civil marriage,House / apartment,Businessman,229500.0,0
187126,Cash loans,355536.0,15790.5,F,61.0,Married,Rented apartment,Working,139500.0,0
331001,Cash loans,703584.0,20700.0,F,54.0,Civil marriage,House / apartment,Working,157500.0,0
307810,Cash loans,254700.0,14220.0,F,65.0,Married,House / apartment,Unemployed,63000.0,0
153471,Cash loans,481495.5,34371.0,F,64.0,Civil marriage,Municipal apartment,Unemployed,108000.0,0
266947,Cash loans,343800.0,16852.5,F,28.0,Married,House / apartment,Working,112500.0,0
110795,Cash loans,1223010.0,51948.0,F,28.0,Married,House / apartment,Businessman,202500.0,0
242016,Cash loans,454500.0,19386.0,F,64.0,Married,House / apartment,Working,135000.0,0
377830,Cash loans,454500.0,19386.0,F,28.0,Married,House / apartment,Unemployed,67500.0,0
173204,Revolving loans,315000.0,15750.0,M,44.0,Married,House / apartment,Working,184500.0,0
408963,Cash loans,256500.0,30568.5,M,23.0,Single / not married,House / apartment,Unemployed,180000.0,0
249964,Revolving loans,270000.0,13500.0,,26.0,Single / not married,House / apartment,Unemployed,135000.0,0
230069,Cash loans,480060.0,23476.5,F,31.0,Married,House / apartment,Unemployed,58500.0,1
103197,Cash loans,545040.0,26640.0,F,44.0,Married,With parents,Working,135000.0,0
122061,Cash loans,1096020.0,52857.0,F,47.0,Married,House / apartment,Unemployed,90000.0,0
344564,Cash loans,1006920.0,42660.0,F,49.0,Single / not married,House / apartment,Working,157500.0,0
168152,Cash loans,135000.0,9598.5,F,43.0,Married,House / apartment,Working,81000.0,0
365489,Revolving loans,292500.0,14625.0,F,40.0,Married,House / apartment,Unemployed,94500.0,0
106899,Cash loans,97038.0,5085.0,M,56.0,Married,House / apartment,Unemployed,45000.0,0
421243,Revolving loans,247500.0,12375.0,M,56.0,Widow,House / apartment,Unemployed,90000.0,0
176303,Cash loans,377370.0,29331.0,F,60.0,Married,House / apartment,Working,180000.0,0
375176,Cash loans,630000.0,32166.0,F,36.0,Married,House / apartment,Working,157500.0,0
111189,Cash loans,229500.0,21366.0,M,53.0,Single / not married,House / apartment,Businessman,225000.0,0
253389,Cash loans,1078200.0,31653.0,F,63.0,Married,House / apartment,Unemployed,90000.0,0
176383,Cash loans,508495.5,21672.0,F,22.0,Married,House / apartment,Working,121500.0,0
301603,Cash loans,755190.0,36459.0,F,32.0,Married,House / apartment,Working,135000.0,0
179061,Cash loans,327024.0,18391.5,F,54.0,Married,House / apartment,Unemployed,76500.0,0
311481,Cash loans,325908.0,14485.5,M,48.0,Single / not married,House / apartment,,157500.0,0
355885,Cash loans,646029.0,27499.5,F,24.0,Single / not married,House / apartment,Unemployed,135000.0,0
132631,Cash loans,573408.0,45432.0,M,32.0,Married,House / apartment,,247500.0,0
381809,Revolving loans,405000.0,20250.0,F,55.0,Single / not married,House / apartment,Working,220500.0,0
308485,Cash loans,239850.0,28462.5,M,27.0,Married,House / apartment,Businessman,270000.0,0
297963,Cash loans,450000.0,21780.0,F,60.0,Married,House / apartment,Working,112500.0,0
355225,Cash loans,1373521.5,40158.0,M,25.0,Single / not married,House / apartment,Working,157500.0,0
435638,Cash loans,297000.0,23940.0,M,26.0,Single / not married,With parents,Unemployed,157500.0,0
371494,Cash loans,1575000.0,101839.5,F,56.0,Married,House / apartment,Working,180000.0,0
268347,Cash loans,225000.0,23755.5,F,35.0,Married,House / apartment,Unemployed,67500.0,0
438883,Cash loans,1006920.0,42790.5,F,49.0,Married,House / apartment,Unemployed,117000.0,0
112269,Cash loans,90000.0,8766.0,F,44.0,Married,House / apartment,Working,90000.0,0
122255,Cash loans,380533.5,23125.5,F,29.0,Married,House / apartment,Unemployed,90000.0,0
395002,Revolving loans,270000.0,13500.0,F,25.0,Single / not married,House / apartment,Working,112500.0,0
381954,Cash loans,1024740.0,52321.5,F,30.0,Married,House / apartment,Working,180000.0,0
310282,Cash loans,835380.0,40320.0,M,60.0,Widow,House / apartment,Working,382500.0,0
243684,Cash loans,696150.0,33619.5,F,36.0,Civil marriage,House / apartment,Working,157500.0,0
292660,Cash loans,913500.0,26838.0,F,31.0,Married,With parents,Businessman,247500.0,0
280754,Cash loans,61128.0,4108.5,M,36.0,Single / not married,House / apartment,Working,112500.0,0
311547,Cash loans,380533.5,16893.0,F,39.0,Married,House / apartment,Businessman,292500.0,0
363824,Cash loans,1078200.0,31522.5,F,52.0,Married,House / apartment,Working,121500.0,0
115888,Cash loans,268659.0,17622.0,F,34.0,Separated,House / apartment,Working,135000.0,0
177094,Revolving loans,202500.0,10125.0,F,23.0,Married,House / apartment,Working,171000.0,1
210890,Cash loans,792162.0,43101.0,M,32.0,Married,House / apartment,Businessman,270000.0,0
354004,Cash loans,675000.0,24930.0,F,42.0,Civil marriage,House / apartment,Businessman,270000.0,0
454814,Cash loans,814041.0,26257.5,F,32.0,Married,House / apartment,Businessman,247500.0,0
402806,Cash loans,679671.0,34834.5,F,,Married,House / apartment,Businessman,270000.0,0
336007,Revolving loans,450000.0,22500.0,F,59.0,Single / not married,House / apartment,Businessman,270000.0,0
410170,Cash loans,450000.0,22990.5,F,,Married,House / apartment,Unemployed,144000.0,0
101396,Cash loans,971280.0,51745.5,M,54.0,Married,House / apartment,Businessman,225000.0,0
126275,Cash loans,770292.0,32764.5,F,38.0,Married,House / apartment,Working,112500.0,0
426080,Cash loans,654498.0,27859.5,F,55.0,Married,House / apartment,,175500.0,0
276983,Cash loans,260568.0,24493.5,F,57.0,Single / not married,House / apartment,Working,157500.0,0
286225,Cash loans,1162170.0,34110.0,F,48.0,Married,House / apartment,Working,157500.0,0
377218,Cash loans,278613.0,30136.5,M,47.0,Separated,House / apartment,Businessman,225000.0,1
130087,Cash loans,781920.0,40054.5,F,40.0,Single / not married,House / apartment,Working,157500.0,1
246393,Cash loans,142632.0,8316.0,M,68.0,Single / not married,House / apartment,Unemployed,99000.0,0
327120,Cash loans,1467612.0,56029.5,M,32.0,Married,With parents,Businessman,225000.0,0
415251,Cash loans,634482.0,20596.5,M,50.0,Married,House / apartment,Working,157500.0,0
119912,Cash loans,263686.5,24781.5,M,42.0,Single / not married,With parents,Working,180000.0,0
204085,Cash loans,397881.0,19480.5,M,55.0,Married,House / apartment,Working,67500.0,0
204031,Cash loans,545040.0,26509.5,F,28.0,Civil marriage,House / apartment,Working,157500.0,1
143116,Cash loans,171000.0,11695.5,F,32.0,Married,Rented apartment,Working,675000.0,0
239437,Cash loans,225000.0,16821.0,M,34.0,Married,House / apartment,Working,135000.0,1
146276,Cash loans,187704.0,8748.0,F,42.0,Married,House / apartment,Unemployed,67500.0,0
271230,Cash loans,1354500.0,51723.0,F,53.0,Married,House / apartment,Working,193500.0,0
407310,Cash loans,270000.0,21775.5,F,32.0,Married,House / apartment,Working,198000.0,0
149398,Cash loans,544500.0,17563.5,F,45.0,Single / not married,House / apartment,Working,161100.0,0
438543,Cash loans,1223010.0,51948.0,F,63.0,Widow,House / apartment,Working,180000.0,0
177894,Cash loans,319981.5,21775.5,M,34.0,Single / not married,House / apartment,Working,135000.0,1
336425,Cash loans,338832.0,26370.0,F,46.0,Married,House / apartment,Working,157500.0,0
142327,Cash loans,2250000.0,59355.0,F,54.0,Civil marriage,House / apartment,Businessman,450000.0,0
137302,Cash loans,545040.0,25537.5,F,52.0,Married,House / apartment,Unemployed,112500.0,0
444379,Cash loans,269550.0,13095.0,F,56.0,Single / not married,House / apartment,Working,112500.0,0
450918,Cash loans,630000.0,23274.0,F,39.0,Married,House / apartment,Working,180000.0,1
190557,Cash loans,269550.0,18364.5,F,30.0,Married,House / apartment,Unemployed,54000.0,1
355351,Cash loans,646920.0,20997.0,F,,Married,House / apartment,Working,144000.0,0
136276,Revolving loans,,11250.0,F,45.0,Separated,Rented apartment,Unemployed,103500.0,0
353066,Cash loans,573408.0,32148.0,M,42.0,Civil marriage,House / apartment,Working,157500.0,0
270792,Cash loans,691020.0,22419.0,M,45.0,Separated,House / apartment,Working,157500.0,0
368068,Cash loans,1288350.0,37800.0,F,34.0,Single / not married,House / apartment,Working,675000.0,0
239455,Cash loans,1442952.0,39811.5,F,45.0,Married,Municipal apartment,Working,157500.0,0
299545,Cash loans,862560.0,25348.5,F,54.0,Single / not married,House / apartment,Businessman,270000.0,0
287545,Cash loans,,19696.5,M,28.0,Single / not married,With parents,Working,157500.0,0
206982,Cash loans,1078200.0,31653.0,F,46.0,Married,House / apartment,Working,117000.0,0
302828,Cash loans,254700.0,24939.0,M,57.0,Married,House / apartment,Working,126000.0,0
187971,Cash loans,592560.0,40216.5,F,40.0,Married,Municipal apartment,Working,180000.0,0
169496,Revolving loans,202500.0,10125.0,F,44.0,Married,House / apartment,Unemployed,67500.0,0
314103,Cash loans,1724688.0,52420.5,F,54.0,Single / not married,House / apartment,Businessman,225000.0,0
372279,Cash loans,907780.5,36000.0,M,56.0,Married,House / apartment,Working,216000.0,0
151025,Revolving loans,540000.0,27000.0,M,,Married,House / apartment,Working,135000.0,0
306199,Cash loans,1575000.0,65128.5,F,37.0,Married,House / apartment,Working,144000.0,0
323233,Cash loans,521280.0,41062.5,F,44.0,Married,House / apartment,Working,180000.0,0
247473,Cash loans,534141.0,16321.5,F,28.0,Single / not married,House / apartment,Working,135000.0,0
203504,Cash loans,545040.0,26640.0,F,24.0,Married,Rented apartment,Working,135000.0,0
329289,Cash loans,810000.0,23814.0,M,30.0,Married,Office apartment,Working,180000.0,0
421382,Cash loans,254700.0,25321.5,M,48.0,Married,House / apartment,Businessman,225000.0,0
243883,Cash loans,618840.0,16452.0,M,,Married,House / apartment,Working,202500.0,0
375890,Cash loans,194922.0,13401.0,M,25.0,Single / not married,House / apartment,Unemployed,99000.0,0
355222,Cash loans,542133.0,30402.0,M,51.0,Married,House / apartment,Unemployed,90000.0,0
185693,Cash loans,912541.5,30289.5,F,55.0,Married,House / apartment,Working,135000.0,0
450849,Cash loans,273024.0,21699.0,M,31.0,Single / not married,House / apartment,Working,135000.0,0
277252,Cash loans,675000.0,32602.5,F,61.0,Married,House / apartment,Businessman,202500.0,0
451433,Cash loans,66222.0,6579.0,M,62.0,Married,House / apartment,Unemployed,86850.0,0
415381,Cash loans,369720.0,22747.5,F,41.0,Widow,House / apartment,Working,180000.0,0
257736,Cash loans,525735.0,40815.0,M,64.0,Married,House / apartment,Working,157500.0,0
232280,Cash loans,1061599.5,31171.5,F,47.0,Separated,House / apartment,Working,126000.0,0
385714,Cash loans,1048500.0,30784.5,F,54.0,Married,House / apartment,Businessman,292500.0,0
317223,Cash loans,180000.0,8388.0,F,30.0,Married,House / apartment,Working,157500.0,0
242305,Cash loans,99504.0,10444.5,M,33.0,Married,House / apartment,Working,90000.0,0
278711,Cash loans,900000.0,26446.5,F,49.0,Married,House / apartment,Working,157500.0,0
418945,Cash loans,808650.0,23643.0,F,58.0,Single / not married,House / apartment,Unemployed,67500.0,0
334002,Cash loans,67500.0,7762.5,M,30.0,Married,House / apartment,Working,126000.0,1
223497,Revolving loans,315000.0,15750.0,F,59.0,Married,House / apartment,Working,135000.0,0
321680,Cash loans,675000.0,21775.5,F,63.0,Single / not married,Co-op apartment,Working,112500.0,0
273037,Cash loans,1350000.0,39604.5,F,54.0,Married,House / apartment,Businessman,360000.0,0
145683,Cash loans,108072.0,7348.5,F,28.0,Single / not married,With parents,Unemployed,90000.0,0
106018,Cash loans,67765.5,6601.5,F,37.0,Single / not married,House / apartment,Businessman,202500.0,0
171192,Cash loans,1154362.5,37368.0,F,42.0,Married,House / apartment,Businessman,202500.0,0
422287,Cash loans,306000.0,11533.5,F,39.0,Married,House / apartment,Working,112500.0,0
385618,Cash loans,770328.0,25587.0,F,,Married,House / apartment,Working,135000.0,0
129438,Cash loans,405000.0,40054.5,M,30.0,Married,Office apartment,Businessman,202500.0,0
150380,Revolving loans,180000.0,9000.0,M,21.0,Single / not married,House / apartment,Businessman,202500.0,0
414602,Cash loans,697500.0,26694.0,F,54.0,Married,House / apartment,,135000.0,1
321234,Cash loans,2517300.0,66402.0,M,39.0,Married,House / apartment,Businessman,585000.0,0
100226,Revolving loans,270000.0,13500.0,F,37.0,Married,House / apartment,Working,112500.0,0
424375,Revolving loans,135000.0,6750.0,F,65.0,Civil marriage,House / apartment,Working,157500.0,0
263082,Cash loans,873000.0,48744.0,F,52.0,Single / not married,House / apartment,Businessman,540000.0,0
348683,Cash loans,298512.0,20079.0,F,22.0,Single / not married,Rented apartment,Working,135000.0,0
123338,Cash loans,414792.0,25195.5,F,26.0,Married,House / apartment,Unemployed,90000.0,0
119407,Cash loans,178290.0,11034.0,F,39.0,Married,House / apartment,Unemployed,99000.0,0
280065,Cash loans,900000.0,38133.0,F,57.0,Married,House / apartment,Working,157500.0,0
113564,Cash loans,1006920.0,51543.0,F,39.0,Married,House / apartment,Businessman,225000.0,0
128641,Cash loans,592560.0,32274.0,F,37.0,Married,Municipal apartment,Working,90000.0,0
342250,Cash loans,135000.0,9148.5,F,,Married,House / apartment,Unemployed,81000.0,0
206105,Cash loans,1149606.0,31743.0,F,37.0,Married,House / apartment,Working,225000.0,0
122985,Cash loans,694773.0,30735.0,F,38.0,Married,House / apartment,Working,225000.0,0
411875,Cash loans,900000.0,23872.5,M,45.0,Married,House / apartment,Working,315000.0,0
231784,Cash loans,521280.0,31500.0,F,30.0,Married,House / apartment,Working,135000.0,1
338182,Cash loans,562491.0,24777.0,F,55.0,Married,House / apartment,Working,112500.0,0
284397,Cash loans,225000.0,24232.5,F,24.0,Single / not married,With parents,Working,180000.0,0
203510,Cash loans,385164.0,14404.5,F,39.0,Married,House / apartment,Working,225000.0,1
340284,Cash loans,753840.0,21604.5,M,47.0,Married,House / apartment,Working,337500.0,0
353851,Cash loans,199467.0,15565.5,F,45.0,Married,House / apartment,Unemployed,90000.0,0
347699,Cash loans,305221.5,15934.5,F,35.0,Single / not married,Municipal apartment,Businessman,270000.0,0
220985,Cash loans,276813.0,19813.5,F,67.0,Married,House / apartment,Unemployed,90000.0,0
369462,Revolving loans,405000.0,20250.0,F,26.0,Married,House / apartment,Working,135000.0,0
141109,Cash loans,143910.0,17905.5,F,,Single / not married,With parents,Working,157500.0,0
436839,Cash loans,189000.0,9913.5,F,23.0,Married,House / apartment,Unemployed,135000.0,0
279514,Cash loans,284400.0,20740.5,F,31.0,Civil marriage,With parents,Unemployed,90000.0,0
240877,Cash loans,679500.0,27076.5,M,32.0,Civil marriage,House / apartment,,202500.0,0
374201,Cash loans,343800.0,13090.5,F,53.0,Single / not married,House / apartment,Unemployed,58500.0,0
330182,Cash loans,364356.0,18733.5,M,25.0,Single / not married,House / apartment,Working,135000.0,0
433692,Cash loans,284400.0,16456.5,M,55.0,Married,House / apartment,Unemployed,67500.0,0
130907,Cash loans,900000.0,26316.0,F,,Civil marriage,House / apartment,Working,157500.0,0
241877,Cash loans,497520.0,39438.0,,30.0,Married,House / apartment,Working,166500.0,0
441234,Revolving loans,225000.0,11250.0,F,33.0,Married,House / apartment,Working,112500.0,0
371952,Cash loans,275040.0,13504.5,F,36.0,Married,Municipal apartment,Unemployed,90000.0,0
174336,Cash loans,225000.0,23184.0,,61.0,Widow,House / apartment,Unemployed,108000.0,0
322478,Revolving loans,405000.0,20250.0,F,41.0,Single / not married,House / apartment,Working,135000.0,0
387210,Cash loans,1288350.0,37800.0,F,62.0,Married,House / apartment,Unemployed,90000.0,0
381136,Cash loans,254700.0,26874.0,M,29.0,Married,House / apartment,Businessman,225000.0,0
262069,Revolving loans,1350000.0,67500.0,F,40.0,Married,House / apartment,Businessman,900000.0,0
133265,Cash loans,1467612.0,58203.0,F,44.0,Married,House / apartment,Working,180000.0,0
428667,Cash loans,801963.0,31932.0,F,50.0,Married,House / apartment,Unemployed,180000.0,1
267321,Revolving loans,495000.0,24750.0,F,61.0,Married,House / apartment,Working,180000.0,0
231766,Cash loans,522000.0,26779.5,M,42.0,Married,House / apartment,Working,157500.0,0
248967,Cash loans,298512.0,16798.5,F,63.0,Separated,House / apartment,Working,99000.0,0
415093,Cash loans,233928.0,7470.0,F,58.0,Separated,House / apartment,Working,157500.0,0
123608,Cash loans,314055.0,14683.5,F,29.0,Separated,House / apartment,Unemployed,99000.0,0
240787,Cash loans,835380.0,35523.0,F,38.0,Civil marriage,House / apartment,Working,112500.0,0
126967,Cash loans,142200.0,4441.5,F,63.0,Widow,House / apartment,Unemployed,67500.0,0
235949,Cash loans,104256.0,11074.5,M,25.0,Married,With parents,Unemployed,67500.0,0
241150,Cash loans,450000.0,27324.0,M,60.0,Married,House / apartment,Businessman,360000.0,0
168104,Cash loans,343800.0,16155.0,M,34.0,Married,House / apartment,Working,180000.0,0
180136,Cash loans,358443.0,17433.0,,34.0,Separated,House / apartment,Businessman,225000.0,1
168199,Cash loans,812983.5,31810.5,M,27.0,Civil marriage,House / apartment,Working,180000.0,0
288643,Cash loans,1256400.0,40527.0,,52.0,Married,Municipal apartment,Businessman,315000.0,0
253878,Cash loans,1078200.0,31027.5,M,29.0,Married,House / apartment,Working,180000.0,0
273162,Cash loans,359725.5,24169.5,F,42.0,Married,Municipal apartment,Businessman,900000.0,1
224742,Cash loans,603000.0,32841.0,F,22.0,Married,With parents,Working,274500.0,1
219091,Cash loans,665892.0,21609.0,F,62.0,Married,House / apartment,Working,135000.0,0
292399,Cash loans,320922.0,33012.0,F,59.0,Married,House / apartment,Working,157500.0,0
400029,Cash loans,684000.0,36441.0,F,45.0,Separated,House / apartment,Working,157500.0,0
347402,Cash loans,508500.0,20295.0,F,55.0,Widow,House / apartment,Working,112500.0,0
322897,Cash loans,562500.0,20335.5,M,59.0,Married,House / apartment,Businessman,202500.0,0
384995,Cash loans,247275.0,17208.0,M,,Single / not married,Municipal apartment,Unemployed,135000.0,0
430495,Cash loans,560664.0,15741.0,F,63.0,Widow,House / apartment,Unemployed,72000.0,0
296549,Cash loans,239850.0,23850.0,F,68.0,Widow,House / apartment,Working,189000.0,0
398094,Revolving loans,270000.0,13500.0,F,41.0,Married,House / apartment,Unemployed,54000.0,0
264833,Cash loans,337761.0,15007.5,F,62.0,Married,House / apartment,Working,135000.0,0
103299,Cash loans,364896.0,16069.5,M,37.0,Married,House / apartment,Unemployed,81000.0,0
328250,Cash loans,276277.5,10939.5,M,27.0,Single / not married,House / apartment,Working,135000.0,0
226443,Cash loans,408780.0,27445.5,F,31.0,Single / not married,House / apartment,Working,180000.0,0
447536,Cash loans,894766.5,29700.0,F,50.0,Civil marriage,House / apartment,Working,157500.0,0
118620,Cash loans,807984.0,29151.0,M,45.0,Married,House / apartment,,180000.0,0
439274,Cash loans,202500.0,7632.0,F,50.0,Married,House / apartment,Unemployed,36000.0,0
235182,Cash loans,135000.0,10224.0,M,39.0,Separated,House / apartment,Working,54000.0,0
283602,Cash loans,855000.0,41260.5,F,44.0,Married,House / apartment,Working,157500.0,0
332053,Cash loans,328405.5,17325.0,F,32.0,Civil marriage,House / apartment,Working,180000.0,0
353232,Revolving loans,360000.0,18000.0,M,33.0,Married,House / apartment,Working,180000.0,0
357119,Cash loans,497520.0,46516.5,M,37.0,Separated,House / apartment,Businessman,247500.0,0
448485,Cash loans,792346.5,26316.0,M,32.0,Married,House / apartment,Businessman,202500.0,0
400413,Revolving loans,225000.0,11250.0,F,44.0,Married,House / apartment,Working,315000.0,0
365341,Cash loans,900000.0,46084.5,F,28.0,Civil marriage,Municipal apartment,Businessman,378000.0,0
418144,Cash loans,675000.0,21775.5,M,24.0,Single / not married,With parents,Working,202500.0,0
393436,Cash loans,112068.0,11047.5,M,63.0,Married,House / apartment,Unemployed,67500.0,0
159001,Cash loans,364896.0,19795.5,M,32.0,Single / not married,Municipal apartment,Working,121500.0,0
416490,Cash loans,296280.0,21690.0,M,36.0,Single / not married,With parents,Working,157500.0,0
447982,Cash loans,225000.0,16371.0,F,39.0,Married,House / apartment,Unemployed,90000.0,0
172807,Cash loans,543037.5,43033.5,M,25.0,Single / not married,House / apartment,Businessman,202500.0,0
126469,Cash loans,276277.5,23764.5,F,59.0,Married,House / apartment,Working,112500.0,0
173893,Cash loans,540000.0,25150.5,F,61.0,Married,House / apartment,Working,112500.0,0
139849,Cash loans,1350000.0,46926.0,F,54.0,Married,House / apartment,Unemployed,99000.0,0
409386,Cash loans,1418692.5,60106.5,M,47.0,Married,House / apartment,Businessman,450000.0,0
244289,Cash loans,703584.0,22824.0,M,44.0,Married,House / apartment,Unemployed,135000.0,0
283582,Cash loans,1024740.0,55719.0,F,55.0,Widow,House / apartment,Businessman,216000.0,0
196682,Cash loans,414229.5,27810.0,F,22.0,Single / not married,Co-op apartment,Unemployed,99000.0,1
426024,Revolving loans,675000.0,33750.0,M,48.0,Married,House / apartment,Businessman,247500.0,0
386948,Cash loans,1042560.0,34587.0,F,30.0,Married,House / apartment,Businessman,270000.0,0
242142,Cash loans,668304.0,34254.0,F,,Married,House / apartment,Unemployed,90000.0,1
230639,Revolving loans,540000.0,27000.0,M,25.0,Single / not married,Rented apartment,Working,180000.0,0
281394,Cash loans,808650.0,26086.5,M,49.0,Civil marriage,Rented apartment,Working,56250.0,1
389668,Cash loans,254700.0,25321.5,M,36.0,Married,House / apartment,Businessman,270000.0,0
151271,Cash loans,688500.0,33250.5,M,27.0,Married,Rented apartment,Working,135000.0,0
417841,Cash loans,1024290.0,28165.5,M,50.0,Married,House / apartment,Unemployed,247500.0,0
379972,Cash loans,225000.0,9657.0,M,50.0,Widow,House / apartment,Unemployed,107725.5,0
350451,Cash loans,238500.0,16065.0,F,39.0,Married,House / apartment,Businessman,243000.0,0
395419,Cash loans,269550.0,16285.5,F,34.0,Married,House / apartment,Unemployed,90000.0,0
390562,Cash loans,684657.0,20016.0,,57.0,Married,House / apartment,Unemployed,180000.0,0
352682,Cash loans,900000.0,46084.5,F,36.0,Married,House / apartment,Working,202500.0,0
330336,Cash loans,270000.0,18040.5,M,33.0,Married,House / apartment,Working,157500.0,0
275499,Cash loans,216144.0,14571.0,F,25.0,Married,House / apartment,Unemployed,67500.0,0
193244,Cash loans,1345500.0,37129.5,F,56.0,Married,House / apartment,Working,148500.0,0
363265,Cash loans,862560.0,22882.5,M,44.0,Civil marriage,House / apartment,Businessman,252000.0,0
144135,Cash loans,166810.5,17221.5,M,28.0,Civil marriage,With parents,Working,180000.0,0
399059,Cash loans,2190051.0,57901.5,M,32.0,Married,Municipal apartment,Working,337500.0,0
180654,Cash loans,634482.0,18679.5,F,60.0,Widow,House / apartment,Unemployed,85500.0,0
428929,Cash loans,172021.5,13923.0,M,48.0,Married,House / apartment,Unemployed,162000.0,0
255819,Cash loans,152820.0,12204.0,F,48.0,Married,House / apartment,Unemployed,90000.0,0
399821,Cash loans,450000.0,30573.0,F,27.0,Civil marriage,House / apartment,,135000.0,0
418921,Cash loans,1113840.0,44302.5,F,37.0,Married,House / apartment,Businessman,315000.0,0
107210,Cash loans,578619.0,18931.5,F,65.0,Married,House / apartment,Working,189000.0,0
154601,Cash loans,738108.0,49455.0,M,25.0,Single / not married,House / apartment,Unemployed,135000.0,0
232694,Cash loans,481855.5,45882.0,F,52.0,Married,House / apartment,Working,135000.0,0
247563,Cash loans,755190.0,38686.5,M,30.0,Married,House / apartment,Businessman,540000.0,0
374412,Cash loans,673875.0,21865.5,,40.0,Married,House / apartment,Unemployed,90000.0,0
449135,Cash loans,1298655.0,42021.0,M,27.0,Married,House / apartment,Businessman,247500.0,0
211730,Cash loans,118876.5,7942.5,F,41.0,Married,House / apartment,Unemployed,58500.0,0
437981,Cash loans,61128.0,6174.0,F,31.0,Married,House / apartment,Unemployed,67500.0,0
161473,Cash loans,497520.0,53712.0,M,37.0,Married,House / apartment,Unemployed,225000.0,0
362832,Cash loans,284400.0,22599.0,M,49.0,Single / not married,House / apartment,Working,157500.0,0
301472,Cash loans,450000.0,19197.0,F,65.0,Separated,House / apartment,Unemployed,112500.0,0
397923,Cash loans,1046142.0,28899.0,F,44.0,Married,House / apartment,Working,189000.0,0
269487,Cash loans,521280.0,35392.5,F,33.0,Married,House / apartment,Working,180000.0,0
181107,Cash loans,640080.0,29970.0,M,38.0,Married,Rented apartment,Businessman,540000.0,0
305142,Cash loans,243000.0,11947.5,F,29.0,Single / not married,House / apartment,Unemployed,157500.0,0
178480,Cash loans,327024.0,16033.5,M,54.0,Married,House / apartment,Unemployed,76500.0,0
314392,Revolving loans,180000.0,9000.0,M,23.0,Single / not married,House / apartment,Working,135000.0,0
316127,Revolving loans,405000.0,20250.0,F,50.0,Separated,House / apartment,Businessman,225000.0,0
231829,Cash loans,283419.0,16398.0,F,55.0,Single / not married,House / apartment,Working,126000.0,0
413013,Cash loans,393219.0,46795.5,F,28.0,Married,House / apartment,Unemployed,225000.0,0
356180,Cash loans,1255680.0,41499.0,F,24.0,Single / not married,House / apartment,Businessman,270000.0,0
162889,Cash loans,203760.0,11506.5,F,67.0,Widow,House / apartment,Working,90000.0,0
293185,Cash loans,314100.0,16573.5,M,49.0,Civil marriage,House / apartment,Unemployed,112500.0,1
148807,Cash loans,900000.0,45954.0,F,56.0,Married,House / apartment,Working,135000.0,0
307363,Cash loans,450000.0,30442.5,M,54.0,Married,House / apartment,Working,117000.0,0
173989,Cash loans,225000.0,22383.0,F,49.0,Married,House / apartment,Working,135000.0,0
367851,Cash loans,255960.0,16794.0,M,33.0,Civil marriage,With parents,Unemployed,90000.0,0
230301,Cash loans,269550.0,13761.0,F,34.0,Single / not married,House / apartment,Working,180000.0,0
295965,Cash loans,522396.0,38142.0,M,45.0,Married,House / apartment,Businessman,270000.0,0
134453,Cash loans,1293165.0,37939.5,M,51.0,Married,House / apartment,Businessman,225000.0,0
100534,Cash loans,256500.0,14449.5,F,38.0,Married,House / apartment,Working,157500.0,0
136981,Cash loans,808650.0,23773.5,F,53.0,Separated,House / apartment,Unemployed,90000.0,0
418230,Cash loans,552555.0,28341.0,F,32.0,Married,Municipal apartment,Working,135000.0,0
391687,Revolving loans,405000.0,20250.0,F,44.0,Married,House / apartment,Working,135000.0,1
404933,Revolving loans,495000.0,24750.0,M,49.0,Married,House / apartment,Businessman,360000.0,0
251943,Cash loans,182286.0,19759.5,F,32.0,Married,With parents,Working,135000.0,0
191210,Cash loans,239850.0,22324.5,F,69.0,Civil marriage,House / apartment,Unemployed,67500.0,0
453810,Cash loans,247275.0,19953.0,F,44.0,Married,House / apartment,Working,135000.0,0
319932,Cash loans,454500.0,31761.0,F,62.0,Widow,House / apartment,Businessman,234000.0,0
223763,Cash loans,675000.0,32472.0,M,46.0,Married,House / apartment,Businessman,202500.0,0
389444,Revolving loans,135000.0,6750.0,,38.0,Single / not married,Rented apartment,Working,135000.0,0
191740,Revolving loans,,9000.0,F,46.0,Civil marriage,House / apartment,Working,90000.0,0
399714,Cash loans,728460.0,43506.0,M,42.0,Single / not married,House / apartment,Unemployed,112500.0,0
187861,Cash loans,1256400.0,36864.0,F,34.0,Civil marriage,House / apartment,Businessman,202500.0,0
399900,Cash loans,123637.5,9837.0,F,42.0,Civil marriage,House / apartment,Unemployed,112500.0,1
120858,Cash loans,536917.5,32103.0,M,55.0,Married,House / apartment,Businessman,202500.0,0
290676,Cash loans,604683.0,21717.0,M,37.0,Single / not married,With parents,Working,112500.0,0
190034,Cash loans,1304658.0,38277.0,F,52.0,Single / not married,House / apartment,Businessman,315000.0,0
277231,Cash loans,592560.0,28507.5,F,53.0,Married,House / apartment,Working,148500.0,0
118968,Cash loans,810441.0,53316.0,F,56.0,Single / not married,House / apartment,,144000.0,0
242579,Cash loans,781920.0,28215.0,M,47.0,Married,House / apartment,Working,180000.0,0
159423,Revolving loans,135000.0,6750.0,M,32.0,Single / not married,With parents,Working,157500.0,0
417122,Cash loans,254700.0,14350.5,F,51.0,Civil marriage,House / apartment,Unemployed,90000.0,0
257065,Cash loans,961146.0,28233.0,F,45.0,Married,House / apartment,Working,180000.0,0
277268,Cash loans,225000.0,17541.0,,50.0,Married,Municipal apartment,Unemployed,99000.0,0
369620,Cash loans,545040.0,20677.5,M,43.0,Married,House / apartment,Working,135000.0,0
339803,Cash loans,101880.0,10827.0,F,52.0,Separated,House / apartment,Unemployed,67500.0,0
172335,Revolving loans,202500.0,10125.0,F,32.0,Married,House / apartment,Unemployed,67500.0,0
280912,Cash loans,241618.5,23665.5,,63.0,Single / not married,House / apartment,Unemployed,103500.0,0
189235,Cash loans,1006920.0,37314.0,M,39.0,Separated,With parents,Working,180000.0,0
423588,Cash loans,270000.0,19777.5,F,41.0,Married,House / apartment,Working,135000.0,1
215900,Cash loans,152820.0,18265.5,M,32.0,Married,House / apartment,Working,126000.0,0
244601,Cash loans,414229.5,12555.0,F,63.0,Married,House / apartment,Working,81000.0,0
130397,Cash loans,780363.0,31077.0,F,47.0,Married,House / apartment,Unemployed,225000.0,0
313213,Cash loans,2085120.0,65601.0,F,51.0,Separated,House / apartment,Working,292500.0,0
301432,Cash loans,614223.0,31491.0,M,23.0,Single / not married,With parents,Working,202500.0,0
455841,Cash loans,993082.5,39514.5,F,36.0,Married,House / apartment,Working,202500.0,0
195863,Cash loans,364896.0,26077.5,F,54.0,Separated,House / apartment,Unemployed,121500.0,0
398025,Cash loans,1649646.0,43645.5,M,54.0,Married,House / apartment,Unemployed,225000.0,0
303038,Cash loans,2695500.0,71235.0,F,41.0,Married,House / apartment,Working,247500.0,0
338864,Cash loans,130320.0,13684.5,M,28.0,Married,House / apartment,Working,112500.0,0
270587,Cash loans,254700.0,30357.0,F,33.0,Married,House / apartment,,180000.0,0
418280,Cash loans,1724688.0,54283.5,M,37.0,Civil marriage,House / apartment,,540000.0,0
109800,Cash loans,,20295.0,F,56.0,Widow,House / apartment,Working,189000.0,0
386668,Revolving loans,270000.0,13500.0,M,37.0,Married,House / apartment,Working,157500.0,0
122922,Cash loans,215640.0,15466.5,F,39.0,Married,House / apartment,Unemployed,270000.0,0
139405,Cash loans,728460.0,38938.5,F,50.0,Single / not married,House / apartment,Working,157500.0,0
260965,Cash loans,187704.0,10611.0,M,65.0,Married,House / apartment,Working,67500.0,0
344728,Cash loans,254700.0,14751.0,F,66.0,Married,House / apartment,Unemployed,90000.0,0
187071,Cash loans,207000.0,7933.5,F,57.0,Married,House / apartment,Unemployed,67500.0,0
105952,Cash loans,225000.0,11488.5,F,26.0,Married,House / apartment,Working,135000.0,0
331367,Cash loans,640080.0,31261.5,M,38.0,Separated,With parents,Businessman,202500.0,0
345413,Cash loans,286704.0,13414.5,F,29.0,Single / not married,Municipal apartment,Working,112500.0,0
150684,Revolving loans,405000.0,20250.0,M,56.0,Married,House / apartment,Businessman,315000.0,0
243050,Revolving loans,135000.0,6750.0,F,22.0,Single / not married,With parents,Unemployed,45000.0,0
283241,Cash loans,254700.0,30357.0,M,31.0,Single / not married,House / apartment,Businessman,225000.0,0
102016,Cash loans,675000.0,32602.5,F,49.0,Married,House / apartment,Working,121500.0,0
209786,Cash loans,1078200.0,31653.0,M,26.0,Married,House / apartment,Working,135000.0,0
112955,Cash loans,781920.0,25839.0,M,51.0,Married,House / apartment,Working,171000.0,0
433863,Cash loans,948730.5,31482.0,M,52.0,Married,House / apartment,Businessman,360000.0,0
330133,Cash loans,288873.0,22950.0,M,39.0,Married,House / apartment,Working,180000.0,0
434475,Revolving loans,135000.0,6750.0,F,61.0,Married,House / apartment,Unemployed,157500.0,0
303856,Cash loans,360000.0,35199.0,F,59.0,Married,House / apartment,Working,157500.0,0
358255,Cash loans,691258.5,48240.0,F,50.0,Married,House / apartment,Working,157500.0,0
177848,Cash loans,625500.0,35055.0,F,61.0,Single / not married,House / apartment,Working,157500.0,0
365189,Cash loans,225000.0,22252.5,F,50.0,Married,House / apartment,Unemployed,67500.0,0
408872,Cash loans,528633.0,22527.0,F,56.0,Civil marriage,House / apartment,Unemployed,58500.0,0
176464,Cash loans,257391.0,18432.0,M,55.0,Civil marriage,Rented apartment,Working,112500.0,0
120935,Cash loans,619254.0,43227.0,M,32.0,Separated,House / apartment,Businessman,405000.0,0
125870,Cash loans,647046.0,23769.0,M,28.0,Civil marriage,Office apartment,Working,157500.0,1
192651,Cash loans,979992.0,28782.0,F,39.0,Married,House / apartment,Working,90000.0,0
117987,Cash loans,112500.0,11254.5,M,32.0,Married,House / apartment,Working,103500.0,0
207121,Cash loans,1129500.0,37327.5,F,57.0,Married,House / apartment,,189000.0,0
391035,Revolving loans,405000.0,20250.0,F,62.0,Single / not married,Office apartment,Businessman,292500.0,0
237535,Cash loans,557770.5,40716.0,M,37.0,Civil marriage,House / apartment,Unemployed,157500.0,0
333630,Cash loans,518562.0,36220.5,F,37.0,Married,House / apartment,Working,148500.0,0
127842,Cash loans,450000.0,27324.0,M,50.0,Married,House / apartment,Businessman,270000.0,0
200935,Revolving loans,270000.0,13500.0,M,51.0,Married,House / apartment,Unemployed,180000.0,0
352773,Cash loans,402696.0,43497.0,F,35.0,Married,With parents,Working,162000.0,0
144478,Revolving loans,270000.0,13500.0,M,36.0,Single / not married,With parents,Working,135000.0,0
159672,Cash loans,355536.0,19417.5,M,32.0,Married,House / apartment,Working,112500.0,0
218048,Cash loans,862560.0,25348.5,F,38.0,Married,House / apartment,Working,112500.0,0
424971,Cash loans,269550.0,14620.5,F,34.0,Civil marriage,House / apartment,Working,67500.0,1
162059,Cash loans,518562.0,20695.5,F,62.0,Separated,House / apartment,Working,157500.0,0
347325,Cash loans,254700.0,13068.0,F,63.0,Single / not married,House / apartment,Unemployed,94500.0,0
129287,Cash loans,95940.0,9486.0,F,37.0,Married,House / apartment,Working,76500.0,0
389026,Cash loans,679266.0,22041.0,F,,Married,Municipal apartment,Unemployed,157500.0,0
221962,Cash loans,454500.0,17608.5,F,28.0,Separated,House / apartment,Working,180000.0,0
217246,Cash loans,716148.0,21069.0,F,49.0,Married,House / apartment,Businessman,225000.0,0
220576,Cash loans,900000.0,29034.0,F,38.0,Married,Rented apartment,Businessman,202500.0,0
256393,Cash loans,152820.0,16344.0,F,28.0,Married,House / apartment,Working,112500.0,0
164877,Cash loans,1345500.0,36999.0,F,46.0,Married,House / apartment,Working,157500.0,0
314493,Cash loans,545040.0,26509.5,F,,Married,Co-op apartment,Working,211500.0,0
262083,Cash loans,540000.0,25978.5,F,33.0,Married,House / apartment,Working,135000.0,0
219035,Cash loans,770292.0,32764.5,F,57.0,Married,House / apartment,Working,112500.0,0
249232,Cash loans,900000.0,29164.5,F,33.0,Married,With parents,Working,157500.0,0
241669,Cash loans,544491.0,17694.0,F,38.0,Married,House / apartment,Working,90000.0,0
288205,Cash loans,349258.5,23467.5,F,41.0,Married,House / apartment,Working,157500.0,0
115358,Cash loans,239850.0,25578.0,F,43.0,Married,House / apartment,Working,135000.0,0
217062,Cash loans,734994.0,28611.0,F,55.0,Married,House / apartment,Working,153000.0,0
119835,Revolving loans,270000.0,13500.0,M,39.0,Single / not married,House / apartment,Working,135000.0,0
411393,Cash loans,1042812.0,30618.0,F,25.0,Married,House / apartment,Businessman,225000.0,0
216769,Cash loans,675000.0,24930.0,F,41.0,Married,House / apartment,Unemployed,112500.0,0
166683,Cash loans,233208.0,15714.0,F,29.0,Married,House / apartment,Working,112500.0,0
427268,Cash loans,808650.0,26217.0,M,63.0,Married,House / apartment,Working,121500.0,0
169922,Cash loans,298512.0,29655.0,F,38.0,Married,With parents,Unemployed,67500.0,0
175683,Cash loans,247275.0,17716.5,F,51.0,Single / not married,House / apartment,Unemployed,81000.0,1
333646,Cash loans,761872.5,70006.5,M,35.0,Single / not married,House / apartment,Working,360000.0,1
306304,Cash loans,1293502.5,37948.5,M,22.0,Single / not married,With parents,Working,112500.0,0
350096,Cash loans,1800000.0,62568.0,F,59.0,Married,House / apartment,Unemployed,180000.0,0
305185,Cash loans,529348.5,32512.5,F,34.0,Civil marriage,House / apartment,,225000.0,0
272420,Cash loans,450000.0,19953.0,F,57.0,Married,House / apartment,Unemployed,67500.0,0
278373,Cash loans,267102.0,31828.5,M,57.0,Married,House / apartment,Working,90000.0,0
433255,Cash loans,675000.0,53460.0,F,28.0,Married,House / apartment,Businessman,202500.0,0
103289,Cash loans,454500.0,23206.5,F,33.0,Civil marriage,House / apartment,Working,225000.0,0
262332,Revolving loans,135000.0,6750.0,F,34.0,Civil marriage,House / apartment,,45000.0,1
213629,Cash loans,210456.0,15444.0,F,37.0,Civil marriage,House / apartment,Working,112500.0,0
140864,Cash loans,808650.0,26217.0,M,29.0,Married,House / apartment,Businessman,247500.0,0
230385,Cash loans,288873.0,13594.5,F,38.0,Married,House / apartment,Businessman,315000.0,0
159979,Cash loans,473760.0,53581.5,F,53.0,Single / not married,House / apartment,Businessman,247500.0,0
431091,Cash loans,1453500.0,38470.5,F,24.0,Single / not married,House / apartment,Unemployed,135000.0,0
183727,Cash loans,140746.5,14908.5,M,47.0,Married,House / apartment,Working,112500.0,1
224684,Cash loans,225000.0,17905.5,M,42.0,Married,House / apartment,Businessman,292500.0,0
373017,Cash loans,254700.0,24808.5,M,69.0,Married,House / apartment,Unemployed,72000.0,0
148227,Cash loans,225000.0,13045.5,M,30.0,Married,House / apartment,Working,135000.0,0
323017,Cash loans,180000.0,8658.0,M,27.0,Married,House / apartment,Working,157500.0,0
351116,Revolving loans,180000.0,9000.0,M,26.0,Single / not married,House / apartment,Unemployed,112500.0,0
213934,Cash loans,540000.0,27571.5,F,51.0,Married,House / apartment,Unemployed,85500.0,0
280660,Cash loans,288873.0,14805.0,F,28.0,Married,House / apartment,Working,112500.0,0
425530,Cash loans,808650.0,23773.5,F,54.0,Married,House / apartment,Working,324000.0,0
236466,Cash loans,393543.0,20223.0,,52.0,Married,House / apartment,Unemployed,63000.0,0
168404,Cash loans,1192500.0,34996.5,F,28.0,Married,House / apartment,Unemployed,103500.0,0
401177,Revolving loans,450000.0,22500.0,M,39.0,Married,House / apartment,Businessman,360000.0,0
122607,Cash loans,500211.0,28062.0,F,42.0,Single / not married,With parents,Working,157500.0,0
126904,Cash loans,194922.0,14571.0,F,30.0,Married,House / apartment,Working,112500.0,0
197272,Cash loans,679500.0,28786.5,F,53.0,Single / not married,House / apartment,Unemployed,135000.0,0
225831,Cash loans,555273.0,16366.5,F,55.0,Married,House / apartment,Working,135000.0,0
447365,Cash loans,675000.0,22306.5,F,61.0,Married,House / apartment,Unemployed,31500.0,0
249029,Cash loans,76410.0,4396.5,F,37.0,Married,House / apartment,Working,85500.0,0
355257,Cash loans,261000.0,28237.5,M,33.0,Married,House / apartment,Working,157500.0,0
276176,Cash loans,810000.0,23814.0,M,42.0,Married,House / apartment,Businessman,292500.0,1
137877,Cash loans,942300.0,34749.0,F,42.0,Married,House / apartment,Working,315000.0,0
116369,Cash loans,675000.0,21775.5,F,39.0,Married,House / apartment,Working,76500.0,0
197882,Cash loans,942300.0,30528.0,F,40.0,Married,Municipal apartment,Working,67500.0,0
290833,Cash loans,534204.0,42336.0,F,38.0,Single / not married,House / apartment,Working,360000.0,0
378720,Revolving loans,180000.0,9000.0,F,57.0,Separated,House / apartment,Businessman,297000.0,0
261105,Cash loans,552555.0,33934.5,M,47.0,Married,House / apartment,Working,112500.0,1
251204,Cash loans,805536.0,34128.0,M,37.0,Married,House / apartment,Working,180000.0,0
433701,Cash loans,929736.0,36157.5,F,33.0,Single / not married,With parents,Businessman,202500.0,0
322009,Cash loans,886500.0,26050.5,F,37.0,Married,House / apartment,Working,90000.0,0
295830,Revolving loans,180000.0,9000.0,F,58.0,Married,House / apartment,,66600.0,0
322013,Cash loans,229500.0,15754.5,F,60.0,Married,House / apartment,Unemployed,67500.0,0
152426,Cash loans,888840.0,32053.5,F,30.0,Married,House / apartment,Working,112500.0,1
357424,Cash loans,314100.0,18981.0,F,45.0,Married,House / apartment,Unemployed,157500.0,0
224919,Cash loans,417024.0,25200.0,F,46.0,Married,Municipal apartment,Working,144000.0,0
397968,Cash loans,473760.0,49747.5,F,49.0,Single / not married,House / apartment,,270000.0,0
414031,Cash loans,913500.0,38835.0,M,43.0,Married,House / apartment,Businessman,225000.0,0
264572,Cash loans,113760.0,8986.5,F,34.0,Married,House / apartment,Unemployed,67500.0,0
389335,Cash loans,148500.0,14818.5,F,54.0,Separated,House / apartment,Unemployed,180000.0,0
142535,Cash loans,787131.0,42066.0,M,56.0,Married,House / apartment,Businessman,202500.0,0
253736,Cash loans,229500.0,11290.5,F,38.0,Civil marriage,House / apartment,Unemployed,81000.0,0
404573,Cash loans,745119.0,32949.0,F,56.0,Married,House / apartment,Working,135000.0,0
385791,Cash loans,1125000.0,33025.5,F,43.0,Married,House / apartment,Working,157500.0,0
445437,Cash loans,1928304.0,79708.5,M,64.0,Married,House / apartment,Businessman,337500.0,0
260401,Cash loans,305221.5,14976.0,M,41.0,Married,House / apartment,Working,247500.0,0
111063,Cash loans,936436.5,47943.0,M,45.0,Married,House / apartment,Working,157500.0,0
351042,Cash loans,675000.0,32602.5,M,,Civil marriage,House / apartment,Businessman,234000.0,0
295802,Cash loans,679500.0,45724.5,M,42.0,Married,House / apartment,Businessman,315000.0,0
333413,Cash loans,292500.0,19174.5,F,33.0,Married,House / apartment,Unemployed,135000.0,0
161580,Cash loans,734773.5,24282.0,,,Married,House / apartment,Working,175500.0,0
418750,Cash loans,935640.0,98379.0,F,32.0,Married,House / apartment,Businessman,202500.0,0
302829,Cash loans,900000.0,38133.0,,37.0,Married,House / apartment,Working,135000.0,0
198391,Cash loans,360000.0,9900.0,,44.0,Married,House / apartment,Businessman,270000.0,0
403869,Cash loans,315000.0,17217.0,F,43.0,Married,House / apartment,Unemployed,90000.0,0
344276,Cash loans,728460.0,43375.5,M,53.0,Single / not married,House / apartment,Unemployed,103500.0,0
121645,Cash loans,1354500.0,35860.5,F,43.0,Married,House / apartment,Businessman,216000.0,0
348813,Cash loans,545040.0,35487.0,M,25.0,Single / not married,House / apartment,Working,112500.0,0
324097,Cash loans,544500.0,21226.5,F,57.0,Civil marriage,House / apartment,Working,171000.0,0
208403,Cash loans,1649376.0,54508.5,F,,Married,House / apartment,Businessman,247500.0,0
145562,Cash loans,752742.0,40104.0,F,38.0,Civil marriage,Municipal apartment,Businessman,360000.0,0
158162,Cash loans,545040.0,31419.0,F,28.0,Married,House / apartment,Working,225000.0,0
223346,Cash loans,640080.0,29970.0,M,55.0,Married,House / apartment,Working,148500.0,0
210203,Cash loans,608076.0,23053.5,M,55.0,Married,House / apartment,Working,126000.0,0
159500,Cash loans,501363.0,27328.5,F,29.0,Civil marriage,House / apartment,Unemployed,90000.0,0
233284,Cash loans,515529.0,31279.5,M,38.0,Married,House / apartment,Unemployed,67500.0,0
379593,Cash loans,1649844.0,85558.5,F,64.0,Married,House / apartment,Unemployed,180000.0,0
125412,Cash loans,521280.0,28408.5,M,40.0,Married,House / apartment,Businessman,202500.0,0
369998,Cash loans,749506.5,27049.5,F,55.0,Married,House / apartment,Unemployed,135000.0,0
154520,Cash loans,754740.0,29376.0,M,27.0,Single / not married,With parents,Businessman,270000.0,0
150067,Cash loans,194922.0,15214.5,M,43.0,Married,House / apartment,Working,135000.0,0
176180,Cash loans,135000.0,13351.5,F,42.0,Married,House / apartment,Unemployed,67500.0,0
155103,Cash loans,830038.5,33934.5,F,51.0,Civil marriage,House / apartment,Working,135000.0,0
403299,Cash loans,339241.5,15943.5,M,28.0,Married,House / apartment,Working,225000.0,1
198887,Cash loans,1113840.0,57001.5,F,40.0,Married,House / apartment,Unemployed,90000.0,0
356351,Revolving loans,180000.0,9000.0,F,55.0,Civil marriage,House / apartment,Unemployed,90000.0,0
109334,Cash loans,1223010.0,48631.5,F,55.0,Married,House / apartment,Businessman,270000.0,0
110243,Cash loans,1225224.0,44140.5,F,44.0,Single / not married,House / apartment,Unemployed,247500.0,0
336088,Cash loans,127350.0,12726.0,F,37.0,Civil marriage,House / apartment,Working,157500.0,0
197542,Cash loans,,15241.5,M,39.0,Separated,House / apartment,Working,144000.0,0
220942,Cash loans,326439.0,16006.5,F,24.0,Single / not married,House / apartment,Unemployed,67500.0,0
386126,Cash loans,622188.0,26284.5,F,30.0,Married,With parents,Working,112500.0,0
111346,Cash loans,497520.0,50980.5,M,26.0,Civil marriage,House / apartment,Businessman,225000.0,0
316386,Cash loans,900000.0,26446.5,F,30.0,Married,House / apartment,Working,165150.0,0
170294,Cash loans,327024.0,16033.5,F,51.0,Married,House / apartment,Unemployed,94500.0,0
271799,Cash loans,900000.0,48825.0,M,35.0,Married,House / apartment,Businessman,450000.0,0
118819,Cash loans,135000.0,10953.0,M,25.0,Single / not married,House / apartment,Unemployed,72000.0,0
349040,Cash loans,,19030.5,M,35.0,Married,House / apartment,Working,112500.0,0
215381,Revolving loans,337500.0,16875.0,F,59.0,Married,House / apartment,Unemployed,112500.0,0
137413,Cash loans,775327.5,35167.5,M,50.0,Civil marriage,House / apartment,Businessman,315000.0,0
257532,Cash loans,835380.0,40320.0,M,46.0,Married,House / apartment,Unemployed,180000.0,0
246903,Cash loans,790830.0,62613.0,F,41.0,Civil marriage,House / apartment,,202500.0,0
341739,Cash loans,834048.0,27693.0,F,59.0,Married,House / apartment,Businessman,225000.0,0
415964,Cash loans,808650.0,23773.5,F,49.0,Separated,House / apartment,Working,112500.0,0
172571,Cash loans,1350000.0,46926.0,F,45.0,Single / not married,House / apartment,Working,315000.0,0
348864,Cash loans,1154758.5,61654.5,F,46.0,Married,House / apartment,Working,121500.0,0
322733,Cash loans,129519.0,12937.5,,59.0,Married,House / apartment,Unemployed,81000.0,0
177197,Cash loans,521451.0,26752.5,F,33.0,Married,House / apartment,Businessman,216000.0,1
108077,Cash loans,67500.0,7087.5,M,32.0,Single / not married,With parents,Working,90000.0,0
127682,Cash loans,1113840.0,31387.5,F,63.0,Married,House / apartment,Working,180000.0,1
439674,Cash loans,161730.0,6979.5,F,56.0,Married,House / apartment,Unemployed,65250.0,0
331219,Cash loans,1935000.0,51174.0,M,41.0,Married,House / apartment,Working,157500.0,0
324712,Cash loans,540000.0,19966.5,F,28.0,Married,With parents,Businessman,202500.0,0
395261,Revolving loans,225000.0,11250.0,F,56.0,Single / not married,House / apartment,Unemployed,72000.0,0
186327,Cash loans,254700.0,20250.0,F,27.0,Married,House / apartment,Unemployed,90000.0,1
338141,Cash loans,1350000.0,39474.0,F,31.0,Married,With parents,Unemployed,180000.0,0
283427,Cash loans,403249.5,19741.5,F,50.0,Widow,House / apartment,Working,157500.0,0
250782,Cash loans,675000.0,26901.0,F,40.0,Married,House / apartment,Unemployed,54000.0,0
307921,Cash loans,276277.5,17784.0,F,64.0,Married,House / apartment,Working,180000.0,0
310520,Cash loans,373311.0,19543.5,M,44.0,Married,House / apartment,Unemployed,94500.0,1
166348,Cash loans,1125000.0,36292.5,F,49.0,Married,House / apartment,Working,630000.0,0
308936,Cash loans,295776.0,19894.5,F,30.0,Married,With parents,Working,112500.0,0
297641,Cash loans,495216.0,21942.0,M,52.0,Married,With parents,Unemployed,90000.0,0
296083,Cash loans,360000.0,28440.0,M,51.0,Married,House / apartment,Businessman,247500.0,0
232950,Cash loans,225000.0,24363.0,M,29.0,Civil marriage,House / apartment,Unemployed,90000.0,0
253230,Cash loans,755190.0,34123.5,F,32.0,Civil marriage,House / apartment,Working,202500.0,0
339667,Cash loans,628114.5,25348.5,F,52.0,Single / not married,House / apartment,Unemployed,90000.0,1
401679,Revolving loans,585000.0,29250.0,F,31.0,Married,House / apartment,Working,189000.0,0
358688,Cash loans,284400.0,10215.0,F,55.0,Married,House / apartment,Unemployed,31500.0,0
306260,Cash loans,562491.0,26194.5,F,41.0,Married,House / apartment,,112500.0,0
278997,Cash loans,441931.5,30888.0,F,60.0,Widow,House / apartment,Working,144000.0,0
255446,Revolving loans,180000.0,9000.0,M,32.0,Married,With parents,Unemployed,108000.0,0
230131,Cash loans,360000.0,16911.0,,34.0,Civil marriage,House / apartment,Unemployed,135000.0,0
397783,Cash loans,263686.5,26208.0,M,55.0,Married,House / apartment,Unemployed,90000.0,0
438492,Cash loans,755190.0,32125.5,F,61.0,Widow,House / apartment,Unemployed,104850.0,0
325622,Cash loans,225000.0,12694.5,F,66.0,Single / not married,House / apartment,Working,112500.0,0
293418,Cash loans,485640.0,37710.0,F,52.0,Single / not married,House / apartment,Working,157500.0,0
288792,Cash loans,541125.0,20529.0,F,31.0,Married,Municipal apartment,Working,90000.0,0
364148,Cash loans,2156400.0,59431.5,M,46.0,Married,House / apartment,,360000.0,0
139557,Cash loans,486265.5,33970.5,F,35.0,Married,House / apartment,Businessman,225000.0,0
321654,Revolving loans,180000.0,9000.0,M,39.0,Civil marriage,House / apartment,Working,135000.0,0
244781,Cash loans,194742.0,8707.5,F,50.0,Civil marriage,House / apartment,Unemployed,112500.0,0
429715,Cash loans,239850.0,23850.0,F,68.0,Married,House / apartment,Working,144000.0,0
424187,Cash loans,90000.0,9823.5,M,29.0,Single / not married,House / apartment,Unemployed,130500.0,0
310229,Cash loans,697500.0,35743.5,F,37.0,Married,House / apartment,Working,112500.0,0
213645,Cash loans,215640.0,8118.0,M,40.0,Married,House / apartment,Unemployed,77400.0,0
235217,Cash loans,595903.5,26379.0,F,62.0,Married,House / apartment,Unemployed,130500.0,0
381244,Cash loans,343800.0,16852.5,F,60.0,Single / not married,House / apartment,Unemployed,90000.0,0
199794,Revolving loans,247500.0,12375.0,F,49.0,Married,House / apartment,Working,112500.0,1
444706,Cash loans,275040.0,13504.5,M,38.0,Married,House / apartment,Unemployed,67500.0,0
316318,Cash loans,269550.0,11416.5,F,64.0,Single / not married,House / apartment,Working,90000.0,0
411809,Cash loans,288873.0,17671.5,F,38.0,Single / not married,House / apartment,Working,90000.0,0
404654,Cash loans,1078200.0,31522.5,F,41.0,Married,House / apartment,Businessman,315000.0,0
330872,Cash loans,533668.5,22738.5,F,48.0,Single / not married,House / apartment,Working,225000.0,0
180495,Cash loans,414229.5,21577.5,F,43.0,Married,House / apartment,Working,112500.0,0
328998,Cash loans,1800000.0,56650.5,F,42.0,Civil marriage,House / apartment,Businessman,765000.0,0
190563,Cash loans,276277.5,21955.5,,26.0,Civil marriage,House / apartment,Unemployed,90000.0,1
125780,Cash loans,738931.5,49711.5,F,57.0,Married,Municipal apartment,Businessman,216000.0,0
133279,Cash loans,76410.0,7956.0,F,59.0,Widow,House / apartment,Working,49500.0,0
101437,Cash loans,,64998.0,F,40.0,Separated,House / apartment,Unemployed,315000.0,0
310144,Cash loans,594121.5,32359.5,F,23.0,Married,House / apartment,Working,274500.0,0
449663,Cash loans,296280.0,23539.5,M,28.0,Married,House / apartment,Working,157500.0,0
240199,Cash loans,284400.0,14724.0,M,42.0,Married,House / apartment,Working,157500.0,0
293152,Cash loans,277969.5,14800.5,M,32.0,Married,House / apartment,Unemployed,148500.0,0
212082,Cash loans,251091.0,27040.5,M,34.0,Married,House / apartment,Businessman,225000.0,0
437442,Cash loans,400500.0,14512.5,F,56.0,Married,House / apartment,Businessman,382500.0,0
287341,Cash loans,1096020.0,56092.5,M,26.0,Married,House / apartment,Unemployed,315000.0,0
260086,Cash loans,382500.0,13869.0,F,51.0,Married,House / apartment,Working,58500.0,0
306182,Cash loans,1138500.0,30658.5,F,55.0,Married,House / apartment,Working,270000.0,0
240571,Cash loans,108072.0,7164.0,F,32.0,Married,House / apartment,Unemployed,85500.0,0
287344,Cash loans,1288350.0,41692.5,M,44.0,Married,House / apartment,Businessman,270000.0,0
440362,Cash loans,675000.0,36747.0,M,24.0,Single / not married,House / apartment,Businessman,202500.0,0
127185,Cash loans,490495.5,27387.0,F,27.0,Single / not married,With parents,Unemployed,112500.0,0
197869,Cash loans,900000.0,26446.5,F,39.0,Married,Municipal apartment,Working,112500.0,0
250745,Cash loans,509400.0,40243.5,M,59.0,Married,Rented apartment,Businessman,229500.0,0
132613,Cash loans,1369845.0,54454.5,F,51.0,Separated,House / apartment,Working,247500.0,0
151474,Cash loans,225000.0,12681.0,F,22.0,Single / not married,House / apartment,Unemployed,163260.0,0
453296,Cash loans,1118196.0,32823.0,F,56.0,Married,Municipal apartment,Businessman,297000.0,0
208107,Cash loans,755190.0,32125.5,F,58.0,Widow,House / apartment,Unemployed,90000.0,0
150083,Cash loans,1075500.0,31576.5,F,,Separated,House / apartment,Unemployed,103500.0,0
130659,Revolving loans,180000.0,9000.0,M,27.0,Single / not married,House / apartment,Unemployed,90000.0,1
430828,Cash loans,454500.0,27936.0,F,29.0,Married,House / apartment,Working,126000.0,0
134876,Revolving loans,225000.0,11250.0,F,57.0,Single / not married,Municipal apartment,Unemployed,135000.0,0
274062,Cash loans,1309500.0,51934.5,M,42.0,Married,Rented apartment,Businessman,292500.0,0
115638,Cash loans,225000.0,21919.5,M,54.0,Married,House / apartment,Businessman,225000.0,0
399062,Cash loans,,13095.0,F,64.0,Widow,House / apartment,Working,130500.0,0
291049,Cash loans,360000.0,24187.5,M,43.0,Single / not married,House / apartment,Working,135000.0,0
441801,Cash loans,360000.0,18976.5,F,26.0,Married,Rented apartment,Unemployed,67500.0,0
199002,Cash loans,284400.0,16456.5,F,66.0,Single / not married,House / apartment,Unemployed,105750.0,1
379451,Cash loans,450000.0,21780.0,F,65.0,Widow,House / apartment,Businessman,360000.0,0
220283,Cash loans,215640.0,15466.5,M,58.0,Married,House / apartment,Businessman,211500.0,0
286035,Cash loans,526500.0,28048.5,M,55.0,Civil marriage,House / apartment,Unemployed,157500.0,0
267167,Cash loans,397881.0,14418.0,F,53.0,Married,House / apartment,Unemployed,90000.0,0
387959,Cash loans,562491.0,24907.5,F,60.0,Widow,House / apartment,Unemployed,121500.0,0
359867,Cash loans,990432.0,52897.5,M,33.0,Married,House / apartment,Businessman,351000.0,0
221766,Cash loans,900000.0,38263.5,,50.0,Married,House / apartment,Working,135000.0,0
239694,Cash loans,675000.0,32472.0,F,46.0,Widow,House / apartment,Unemployed,225000.0,0
305101,Cash loans,360000.0,17640.0,F,63.0,Widow,House / apartment,,166500.0,0
156917,Cash loans,135000.0,14539.5,F,32.0,Single / not married,House / apartment,Working,112500.0,0
444308,Cash loans,900000.0,26446.5,F,38.0,Married,House / apartment,Working,180000.0,0
426046,Cash loans,1190434.5,33426.0,F,65.0,Widow,House / apartment,Working,202500.0,0
150609,Cash loans,184500.0,11920.5,M,61.0,Married,House / apartment,Businessman,270000.0,0
241231,Cash loans,970380.0,34510.5,F,38.0,Separated,House / apartment,Working,114750.0,0
138479,Cash loans,152820.0,15016.5,F,53.0,Married,House / apartment,Working,180000.0,0
449428,Cash loans,225000.0,13045.5,F,25.0,Married,House / apartment,Unemployed,112500.0,0
236003,Cash loans,900000.0,35694.0,M,30.0,Married,House / apartment,Working,135000.0,0
376455,Cash loans,225000.0,25384.5,F,33.0,Married,House / apartment,Working,112500.0,0
127171,Cash loans,675000.0,26154.0,F,55.0,Married,House / apartment,Working,135000.0,0
256626,Cash loans,527373.0,32391.0,M,46.0,Married,House / apartment,Working,180000.0,0
371261,Revolving loans,270000.0,13500.0,F,42.0,Married,House / apartment,,112500.0,1
388422,Cash loans,727785.0,23607.0,F,53.0,Married,House / apartment,Working,180000.0,0
101170,Cash loans,1102171.5,43839.0,F,53.0,Married,House / apartment,Working,337500.0,0
180272,Cash loans,610335.0,22050.0,F,25.0,Single / not married,With parents,Businessman,225000.0,0
163153,Cash loans,835605.0,24561.0,M,39.0,Married,House / apartment,Working,157500.0,1
438989,Cash loans,404325.0,22063.5,M,41.0,Married,House / apartment,,225000.0,0
273846,Cash loans,1058197.5,38137.5,F,65.0,Married,House / apartment,Working,139500.0,0
286361,Cash loans,1133748.0,33277.5,M,64.0,Married,House / apartment,,105750.0,0
244185,Cash loans,343800.0,16852.5,M,56.0,Married,House / apartment,Businessman,405000.0,0
178741,Cash loans,679500.0,36333.0,M,42.0,Married,House / apartment,Working,112500.0,0
415131,Cash loans,1008117.0,29475.0,F,53.0,Married,House / apartment,Unemployed,256500.0,0
417273,Cash loans,1594395.0,52821.0,F,56.0,Married,House / apartment,Working,157500.0,0
232345,Cash loans,495000.0,16096.5,F,45.0,Married,House / apartment,Working,112500.0,0
428276,Cash loans,1303006.5,46930.5,M,46.0,Married,House / apartment,Businessman,315000.0,1
374231,Cash loans,673632.0,26842.5,F,63.0,Married,Municipal apartment,Working,135000.0,0
162346,Cash loans,284256.0,27819.0,F,60.0,Married,House / apartment,Unemployed,83700.0,0
446448,Revolving loans,180000.0,9000.0,F,56.0,Married,House / apartment,Working,283500.0,0
395552,Cash loans,1236816.0,36162.0,F,34.0,Civil marriage,Municipal apartment,,112500.0,0
259954,Cash loans,808650.0,26217.0,M,47.0,Married,House / apartment,Working,112500.0,0
431504,Cash loans,857169.0,25191.0,F,45.0,Single / not married,House / apartment,Working,135000.0,0
106680,Cash loans,1215000.0,35523.0,F,28.0,Married,House / apartment,Working,112500.0,1
443142,Cash loans,270000.0,26433.0,F,60.0,Married,House / apartment,Unemployed,90000.0,0
424081,Cash loans,95940.0,11515.5,M,54.0,Married,House / apartment,Businessman,202500.0,0
276725,Cash loans,814041.0,23931.0,M,59.0,Single / not married,House / apartment,Working,211500.0,0
216569,Cash loans,472500.0,36693.0,F,46.0,Married,House / apartment,Businessman,225000.0,0
325841,Revolving loans,247500.0,12375.0,M,36.0,Married,With parents,Working,112500.0,1
364089,Cash loans,679500.0,27076.5,F,38.0,Widow,House / apartment,Businessman,202500.0,0
131582,Cash loans,576072.0,21847.5,M,56.0,Married,House / apartment,Businessman,202500.0,0
348429,Cash loans,630000.0,40297.5,M,45.0,Married,House / apartment,Businessman,256500.0,0
105820,Cash loans,840951.0,35631.0,F,58.0,Married,House / apartment,,139500.0,0
399941,Cash loans,1350000.0,36202.5,F,56.0,Widow,House / apartment,,180000.0,0
320973,Revolving loans,630000.0,31500.0,F,50.0,Single / not married,House / apartment,Businessman,450000.0,0
440299,Cash loans,188460.0,9994.5,F,34.0,Married,House / apartment,Working,112500.0,1
106445,Revolving loans,180000.0,9000.0,M,27.0,Civil marriage,House / apartment,Working,112500.0,0
185196,Cash loans,900000.0,26316.0,M,52.0,Married,House / apartment,Working,360000.0,0
164011,Cash loans,497520.0,53712.0,M,42.0,Married,House / apartment,Businessman,225000.0,0
324864,Cash loans,319981.5,13684.5,F,60.0,Separated,House / apartment,Working,90000.0,0
177715,Cash loans,765000.0,20308.5,F,41.0,Single / not married,House / apartment,Unemployed,103500.0,0
165972,Cash loans,284400.0,18643.5,M,34.0,Married,House / apartment,Working,180000.0,0
150375,Cash loans,284400.0,19134.0,F,39.0,Single / not married,House / apartment,Working,135000.0,0
126527,Cash loans,143910.0,15268.5,F,36.0,Married,House / apartment,Unemployed,99000.0,0
294244,Cash loans,256500.0,16519.5,F,,Married,House / apartment,Working,157500.0,0
325740,Cash loans,513531.0,22747.5,F,49.0,Widow,House / apartment,Working,112500.0,0
139484,Cash loans,755190.0,58441.5,M,34.0,Single / not married,Municipal apartment,Working,157500.0,0
447352,Cash loans,265500.0,15372.0,M,52.0,Married,House / apartment,Working,112500.0,0
272380,Cash loans,450000.0,21649.5,M,29.0,Married,House / apartment,Working,157500.0,0
325769,Revolving loans,180000.0,9000.0,M,28.0,Single / not married,House / apartment,Working,135000.0,0
443412,Cash loans,472500.0,13671.0,F,61.0,Widow,House / apartment,Unemployed,126000.0,0
152740,Revolving loans,405000.0,20250.0,F,53.0,Single / not married,House / apartment,Working,180000.0,0
215319,Cash loans,1078200.0,31522.5,F,40.0,Single / not married,House / apartment,Working,157500.0,0
129913,Revolving loans,382500.0,19125.0,F,60.0,Married,House / apartment,Working,126000.0,0
185441,Cash loans,152820.0,8662.5,F,,Married,House / apartment,Unemployed,58500.0,0
188592,Cash loans,360000.0,20794.5,F,61.0,Separated,House / apartment,Working,180000.0,0
148252,Cash loans,157050.0,8649.0,F,43.0,Married,Rented apartment,Working,157500.0,0
305482,Cash loans,323388.0,25677.0,M,37.0,Civil marriage,House / apartment,Businessman,216000.0,1
224059,Cash loans,1575000.0,41679.0,F,43.0,Married,House / apartment,Businessman,225000.0,1
143406,Cash loans,472500.0,46161.0,F,,Married,House / apartment,Working,157500.0,0
165145,Cash loans,1237500.0,35595.0,F,32.0,Married,House / apartment,Working,180000.0,0
430113,Cash loans,180000.0,9450.0,F,41.0,Married,House / apartment,Unemployed,72000.0,0
274843,Cash loans,959017.5,49095.0,M,50.0,Married,House / apartment,Businessman,540000.0,0
252267,Cash loans,101880.0,10827.0,M,24.0,Married,House / apartment,Working,180000.0,0
402757,Cash loans,640080.0,29839.5,M,31.0,Married,House / apartment,Businessman,202500.0,0
227144,Revolving loans,270000.0,13500.0,M,30.0,Separated,House / apartment,Working,180000.0,0
119911,Cash loans,622413.0,31909.5,F,28.0,Civil marriage,With parents,Working,157500.0,0
176802,Cash loans,679500.0,19867.5,F,35.0,Married,House / apartment,Unemployed,67500.0,1
406319,Cash loans,348264.0,22671.0,F,27.0,Married,House / apartment,Unemployed,81000.0,0
267972,Cash loans,103500.0,9621.0,F,28.0,Married,House / apartment,Unemployed,99000.0,1
130153,Cash loans,797557.5,44662.5,F,43.0,Civil marriage,Municipal apartment,,225000.0,0
213223,Cash loans,582768.0,35653.5,M,28.0,Married,House / apartment,Working,144000.0,0
400697,Revolving loans,202500.0,10125.0,F,48.0,Civil marriage,House / apartment,Working,135000.0,0
209678,Cash loans,1288350.0,37800.0,F,,Civil marriage,House / apartment,Unemployed,157500.0,0
186124,Cash loans,675000.0,44428.5,M,33.0,Married,House / apartment,Working,405000.0,0
156276,Cash loans,450000.0,24543.0,M,28.0,Married,House / apartment,Businessman,270000.0,0
242130,Cash loans,215865.0,21478.5,F,57.0,Married,House / apartment,Working,81000.0,0
348718,Cash loans,874152.0,46701.0,F,54.0,Widow,House / apartment,Working,112500.0,0
334945,Cash loans,533668.5,25803.0,M,24.0,Single / not married,House / apartment,Working,112500.0,0
135037,Cash loans,495000.0,14602.5,F,61.0,Separated,House / apartment,Businessman,216000.0,0
202459,Cash loans,512064.0,19431.0,F,58.0,Married,House / apartment,Unemployed,135000.0,0
317559,Cash loans,542133.0,33295.5,M,32.0,Married,House / apartment,Unemployed,157500.0,0
421885,Cash loans,188685.0,16272.0,,33.0,Married,House / apartment,Businessman,202500.0,0
402934,Cash loans,157500.0,5787.0,M,49.0,Married,House / apartment,Unemployed,49500.0,0
207621,Revolving loans,135000.0,6750.0,,62.0,Civil marriage,House / apartment,Businessman,202500.0,0
319107,Cash loans,47970.0,4873.5,F,53.0,Married,House / apartment,Working,67500.0,0
162941,Cash loans,450000.0,24543.0,M,32.0,Married,House / apartment,Working,292500.0,0
189899,Cash loans,900000.0,29034.0,M,41.0,Married,House / apartment,Working,135000.0,0
200037,Cash loans,783000.0,29016.0,F,55.0,Civil marriage,House / apartment,Working,135000.0,0
352093,Cash loans,1762110.0,48586.5,F,64.0,Married,House / apartment,Working,225000.0,0
353914,Cash loans,465457.5,50256.0,M,32.0,Married,House / apartment,Unemployed,180000.0,0
137521,Cash loans,1525482.0,41949.0,M,41.0,Civil marriage,House / apartment,Businessman,427500.0,0
278854,Cash loans,781920.0,28215.0,F,40.0,Civil marriage,House / apartment,Working,135000.0,0
205905,Cash loans,1546020.0,45333.0,M,33.0,Married,Municipal apartment,Businessman,360000.0,0
277381,Cash loans,544491.0,17563.5,F,25.0,Married,House / apartment,Unemployed,67500.0,0
189046,Cash loans,640080.0,31261.5,M,46.0,Single / not married,House / apartment,Unemployed,189000.0,0
194559,Cash loans,508495.5,26091.0,F,41.0,Married,House / apartment,Unemployed,157500.0,0
264720,Cash loans,319500.0,11970.0,F,27.0,Married,House / apartment,Working,225000.0,0
117926,Cash loans,225000.0,11488.5,F,32.0,Single / not married,House / apartment,Working,157500.0,0
410750,Cash loans,668304.0,28444.5,M,25.0,Single / not married,With parents,Working,121500.0,1
430701,Revolving loans,270000.0,13500.0,M,46.0,Single / not married,House / apartment,Businessman,270000.0,0
410482,Cash loans,239850.0,23494.5,M,68.0,Married,House / apartment,,112500.0,0
164769,Cash loans,1762110.0,48586.5,M,26.0,Single / not married,With parents,Businessman,238500.0,0
217861,Revolving loans,180000.0,9000.0,M,36.0,Married,House / apartment,Unemployed,99000.0,0
192688,Cash loans,463500.0,15318.0,F,54.0,Single / not married,House / apartment,Unemployed,90000.0,0
345301,Revolving loans,270000.0,13500.0,M,22.0,Single / not married,Office apartment,,135000.0,0
321829,Revolving loans,450000.0,22500.0,M,57.0,Married,Municipal apartment,Businessman,382500.0,0
302715,Cash loans,1288350.0,37800.0,F,48.0,Separated,House / apartment,Businessman,270000.0,0
260380,Cash loans,625536.0,34065.0,F,38.0,Married,House / apartment,Businessman,225000.0,0
445746,Cash loans,1288350.0,37669.5,,31.0,Married,House / apartment,Working,112500.0,0
113085,Cash loans,629325.0,30276.0,M,26.0,Married,House / apartment,Working,135000.0,0
304053,Cash loans,314100.0,17167.5,F,33.0,Married,House / apartment,Unemployed,67500.0,0
418967,Revolving loans,247500.0,12375.0,F,59.0,Married,House / apartment,Unemployed,90000.0,0
313402,Cash loans,675000.0,26901.0,F,63.0,Civil marriage,House / apartment,Businessman,450000.0,0
197238,Cash loans,382500.0,29731.5,M,37.0,Married,House / apartment,Working,135000.0,1
109398,Cash loans,373311.0,19188.0,M,43.0,Married,House / apartment,,270000.0,0
319649,Cash loans,668304.0,34254.0,F,53.0,Married,House / apartment,Working,153000.0,1
195250,Cash loans,117162.0,12559.5,M,24.0,Single / not married,House / apartment,Working,166500.0,0
390528,Cash loans,1006920.0,42790.5,F,63.0,Married,House / apartment,Working,112500.0,0
441127,Cash loans,254700.0,24939.0,F,68.0,Married,House / apartment,Unemployed,81000.0,0
198835,Cash loans,426600.0,11380.5,F,60.0,Married,House / apartment,Working,117000.0,0
299952,Cash loans,1185120.0,39298.5,F,47.0,Separated,House / apartment,Businessman,225000.0,0
119096,Cash loans,675000.0,34596.0,F,61.0,Separated,House / apartment,Working,126000.0,0
230485,Cash loans,675000.0,19737.0,F,49.0,Married,House / apartment,Unemployed,67500.0,0
238598,Cash loans,284256.0,30744.0,M,34.0,Married,House / apartment,Unemployed,61650.0,0
272408,Cash loans,225000.0,22383.0,M,68.0,Civil marriage,House / apartment,Working,135000.0,0
230322,Cash loans,675000.0,21775.5,F,38.0,Married,House / apartment,Working,112500.0,0
226701,Cash loans,1345500.0,57136.5,M,33.0,Married,Rented apartment,Businessman,202500.0,0
266688,Cash loans,263686.5,17752.5,M,26.0,Married,House / apartment,Working,135000.0,0
134532,Cash loans,225000.0,22383.0,F,68.0,Married,House / apartment,Unemployed,90000.0,0
149684,Cash loans,693000.0,20389.5,F,,Married,House / apartment,Unemployed,135000.0,0
163256,Cash loans,352044.0,16542.0,F,51.0,Separated,House / apartment,Unemployed,157500.0,0
238788,Cash loans,254700.0,20250.0,F,23.0,Married,With parents,Working,112500.0,0
251555,Cash loans,469152.0,25578.0,F,54.0,Single / not married,House / apartment,Working,135000.0,0
214130,Cash loans,225000.0,24363.0,F,31.0,Married,House / apartment,Unemployed,90000.0,0
287693,Cash loans,742500.0,23629.5,F,48.0,Married,House / apartment,Working,180000.0,0
404188,Cash loans,711612.0,23085.0,M,55.0,Civil marriage,House / apartment,Businessman,207000.0,0
296851,Cash loans,490495.5,27517.5,F,52.0,Married,House / apartment,Working,117000.0,0
190631,Cash loans,808650.0,23773.5,F,54.0,Separated,House / apartment,Businessman,247500.0,0
176584,Cash loans,270000.0,7735.5,F,37.0,Married,House / apartment,Unemployed,59400.0,0
189275,Cash loans,480060.0,23476.5,F,28.0,Married,House / apartment,Working,157500.0,0
203087,Cash loans,874152.0,48942.0,,39.0,Married,House / apartment,Unemployed,157500.0,0
230287,Cash loans,481176.0,24732.0,F,57.0,Widow,House / apartment,Businessman,202500.0,0
149195,Cash loans,1078200.0,31653.0,M,42.0,Married,House / apartment,Unemployed,90000.0,0
153891,Cash loans,101880.0,10053.0,F,67.0,Widow,House / apartment,Unemployed,45000.0,0
139483,Cash loans,1125000.0,47794.5,M,27.0,Married,House / apartment,Businessman,306000.0,0
265639,Cash loans,545040.0,26640.0,M,23.0,Civil marriage,House / apartment,Unemployed,67500.0,0
349620,Cash loans,783000.0,25389.0,M,59.0,Civil marriage,House / apartment,Working,315000.0,0
402789,Cash loans,675000.0,21775.5,F,59.0,Married,House / apartment,Businessman,202500.0,0
204137,Cash loans,450000.0,35685.0,F,41.0,Single / not married,House / apartment,Working,157500.0,0
261019,Revolving loans,315000.0,15750.0,F,59.0,Married,House / apartment,Unemployed,108000.0,0
251315,Cash loans,143910.0,13585.5,F,55.0,Married,House / apartment,Unemployed,72000.0,0
389298,Cash loans,1293502.5,35698.5,M,43.0,Married,House / apartment,Working,193500.0,0
144184,Cash loans,518562.0,20421.0,F,60.0,Married,House / apartment,Unemployed,54000.0,0
309530,Cash loans,269550.0,24853.5,M,27.0,Married,House / apartment,Unemployed,171000.0,0
339622,Cash loans,592560.0,30253.5,M,36.0,Married,House / apartment,Businessman,202500.0,0
167306,Cash loans,1056447.0,34209.0,F,65.0,Married,House / apartment,Working,225000.0,0
412318,Cash loans,521280.0,24286.5,M,31.0,Married,House / apartment,Working,180000.0,0
316161,Cash loans,500211.0,26779.5,F,41.0,Married,House / apartment,Unemployed,108000.0,0
226233,Cash loans,417024.0,22752.0,M,30.0,Married,House / apartment,Businessman,279000.0,0
262534,Cash loans,296280.0,15124.5,M,29.0,Single / not married,House / apartment,Working,123750.0,0
376836,Cash loans,343377.0,13072.5,F,44.0,Civil marriage,House / apartment,Businessman,225000.0,0
236238,Cash loans,1125000.0,59940.0,F,39.0,Married,House / apartment,Businessman,225000.0,0
364158,Cash loans,1113840.0,57001.5,F,29.0,Married,House / apartment,Unemployed,180000.0,0
369059,Cash loans,1006920.0,42790.5,F,50.0,Married,House / apartment,Businessman,337500.0,0
287424,Cash loans,990000.0,29074.5,F,63.0,Married,House / apartment,Working,126000.0,0
163893,Cash loans,808650.0,29709.0,F,31.0,Married,Office apartment,Unemployed,90000.0,0
382204,Cash loans,247275.0,19953.0,F,67.0,Widow,House / apartment,Unemployed,63000.0,0
312416,Cash loans,1046142.0,30717.0,M,52.0,Married,House / apartment,Working,180000.0,0
356119,Cash loans,360000.0,18378.0,F,48.0,Married,House / apartment,Working,247500.0,1
222893,Revolving loans,202500.0,10125.0,F,62.0,Separated,House / apartment,Unemployed,90000.0,0
265410,Revolving loans,225000.0,11250.0,M,54.0,Single / not married,House / apartment,Working,135000.0,0
123284,Cash loans,225000.0,24363.0,F,33.0,Widow,House / apartment,Unemployed,94500.0,0
402988,Cash loans,635962.5,19408.5,M,47.0,Married,House / apartment,Unemployed,157500.0,0
160487,Cash loans,126000.0,13698.0,M,29.0,Single / not married,House / apartment,Businessman,202500.0,0
179151,Cash loans,101880.0,11101.5,M,27.0,Married,House / apartment,Unemployed,81000.0,0
391113,Cash loans,592560.0,31023.0,F,34.0,Married,House / apartment,Unemployed,180000.0,0
192887,Cash loans,797868.0,31045.5,F,62.0,Married,House / apartment,Working,157500.0,1
255657,Cash loans,1006920.0,42660.0,F,57.0,Civil marriage,House / apartment,Businessman,225000.0,0
310037,Cash loans,454500.0,36040.5,F,28.0,Married,House / apartment,Businessman,225000.0,1
265113,Cash loans,942300.0,27135.0,F,59.0,Married,House / apartment,Unemployed,135000.0,1
216524,Cash loans,252531.0,19669.5,F,65.0,Married,House / apartment,Unemployed,108000.0,0
273872,Cash loans,319500.0,29871.0,F,26.0,Single / not married,House / apartment,Working,180000.0,0
226267,Cash loans,185652.0,9157.5,M,41.0,Single / not married,House / apartment,Unemployed,90000.0,0
300500,Cash loans,447453.0,24403.5,,53.0,Married,House / apartment,Unemployed,108000.0,0
423661,Cash loans,148365.0,13608.0,F,30.0,Civil marriage,House / apartment,Working,135000.0,0
184898,Cash loans,927252.0,27243.0,F,34.0,Married,House / apartment,Businessman,256500.0,0
140314,Cash loans,1078200.0,31653.0,F,46.0,Married,House / apartment,Businessman,414000.0,0
220413,Cash loans,557770.5,24696.0,F,42.0,Married,House / apartment,Working,157500.0,0
233267,Cash loans,412942.5,44604.0,F,,Married,House / apartment,Businessman,225000.0,0
413784,Cash loans,582768.0,32670.0,F,60.0,Married,House / apartment,Unemployed,72000.0,0
263650,Cash loans,2695500.0,71104.5,F,40.0,Married,House / apartment,Businessman,441000.0,0
112264,Cash loans,814041.0,23931.0,F,48.0,Civil marriage,House / apartment,Businessman,301500.0,0
105183,Cash loans,147888.0,9756.0,M,30.0,Single / not married,House / apartment,Working,180000.0,0
427393,Cash loans,202500.0,19854.0,F,69.0,Married,House / apartment,Working,171000.0,0
282464,Cash loans,1575000.0,43312.5,F,50.0,Married,House / apartment,Working,144000.0,0
376966,Cash loans,469152.0,25578.0,F,35.0,Single / not married,House / apartment,Working,157500.0,1
275083,Cash loans,1074222.0,31540.5,M,33.0,Separated,House / apartment,Businessman,270000.0,0
365633,Revolving loans,180000.0,9000.0,F,26.0,Married,With parents,Working,112500.0,0
262753,Cash loans,900000.0,46084.5,M,36.0,Married,House / apartment,Unemployed,157500.0,0
250375,Cash loans,152820.0,9895.5,F,58.0,Married,House / apartment,Working,112500.0,0
363635,Cash loans,652311.0,25407.0,F,34.0,Married,House / apartment,Unemployed,90000.0,0
444560,Revolving loans,495000.0,24750.0,F,29.0,Single / not married,House / apartment,Unemployed,157500.0,1
240092,Cash loans,534204.0,52965.0,F,48.0,Married,House / apartment,Working,112500.0,0
257229,Cash loans,299772.0,21721.5,M,51.0,Married,House / apartment,Working,135000.0,0
170710,Cash loans,697500.0,20524.5,M,52.0,Married,House / apartment,Working,135000.0,0
246803,Cash loans,286704.0,18450.0,M,,Married,House / apartment,Working,112500.0,0
329041,Cash loans,450000.0,22018.5,F,26.0,Married,House / apartment,,135000.0,1
351063,Cash loans,523597.5,25317.0,F,63.0,Married,House / apartment,Working,135000.0,0
266918,Cash loans,135000.0,15228.0,F,24.0,Single / not married,House / apartment,Working,92250.0,0
293293,Cash loans,454500.0,26221.5,F,49.0,Married,House / apartment,Working,121500.0,0
338247,Revolving loans,202500.0,10125.0,F,56.0,Single / not married,House / apartment,Unemployed,108000.0,0
155151,Cash loans,258709.5,15957.0,,48.0,Married,House / apartment,Working,157500.0,0
439870,Cash loans,351792.0,17055.0,F,25.0,Married,House / apartment,Unemployed,135000.0,0
453424,Revolving loans,225000.0,11250.0,F,49.0,Separated,House / apartment,Working,135000.0,0
206767,Cash loans,156339.0,8109.0,F,54.0,Civil marriage,Municipal apartment,Working,157500.0,0
152827,Revolving loans,900000.0,45000.0,M,27.0,Single / not married,Office apartment,Working,225000.0,0
242799,Cash loans,315000.0,12829.5,F,55.0,Married,House / apartment,Businessman,315000.0,0
250097,Cash loans,994342.5,66847.5,F,62.0,Married,House / apartment,Working,157500.0,0
329432,Cash loans,1312110.0,55723.5,M,43.0,Married,House / apartment,Businessman,247500.0,0
395872,Revolving loans,270000.0,13500.0,F,31.0,Married,With parents,Unemployed,90000.0,0
428576,Cash loans,720000.0,28683.0,M,37.0,Married,House / apartment,,225000.0,0
153862,Revolving loans,225000.0,11250.0,F,24.0,Married,Rented apartment,Businessman,225000.0,0
440209,Cash loans,675000.0,32602.5,M,38.0,Married,House / apartment,Working,135000.0,0
173732,Cash loans,1056447.0,31018.5,F,41.0,Married,House / apartment,Working,135000.0,0
333331,Cash loans,247500.0,9459.0,F,60.0,Separated,House / apartment,Unemployed,67500.0,0
147899,Cash loans,1102828.5,32373.0,F,43.0,Civil marriage,House / apartment,Working,180000.0,0
211703,Cash loans,888840.0,37494.0,M,47.0,Married,House / apartment,Businessman,270000.0,1
349999,Cash loans,338832.0,23049.0,M,54.0,Civil marriage,House / apartment,Unemployed,180000.0,1
365898,Revolving loans,247500.0,12375.0,M,35.0,Married,With parents,Working,157500.0,0
196843,Cash loans,238500.0,6421.5,F,51.0,Civil marriage,House / apartment,Working,157500.0,0
429084,Cash loans,805500.0,26748.0,F,37.0,Married,House / apartment,Unemployed,81000.0,0
269527,Cash loans,545040.0,26640.0,M,35.0,Married,House / apartment,Working,180000.0,1
344362,Cash loans,1129500.0,46134.0,M,60.0,Married,House / apartment,,292500.0,0
250583,Cash loans,1525482.0,40369.5,M,47.0,Married,House / apartment,Working,225000.0,0
112150,Cash loans,1467612.0,58333.5,F,65.0,Married,House / apartment,Working,144000.0,0
370811,Cash loans,284400.0,22599.0,M,34.0,Single / not married,House / apartment,Working,135000.0,1
183087,Cash loans,505332.0,32805.0,F,,Civil marriage,House / apartment,Businessman,274500.0,0
280127,Cash loans,450000.0,20979.0,F,38.0,Civil marriage,House / apartment,Working,180000.0,0
206394,Cash loans,480060.0,22509.0,F,42.0,Married,House / apartment,Working,135000.0,0
300103,Cash loans,895500.0,26181.0,F,35.0,Married,House / apartment,Working,112500.0,0
203735,Cash loans,473760.0,51151.5,M,25.0,Married,With parents,Working,135000.0,0
126846,Cash loans,225000.0,12915.0,F,44.0,Married,House / apartment,Unemployed,76500.0,0
105136,Cash loans,509400.0,40374.0,F,26.0,Married,House / apartment,Unemployed,112500.0,0
243780,Cash loans,593010.0,17469.0,F,55.0,Married,House / apartment,Unemployed,54000.0,0
108694,Cash loans,254700.0,20250.0,F,27.0,Married,Municipal apartment,Working,144000.0,1
405204,Cash loans,206271.0,22342.5,F,33.0,Separated,House / apartment,Working,112500.0,0
453928,Cash loans,566055.0,22063.5,F,34.0,Civil marriage,House / apartment,Working,180000.0,0
428910,Cash loans,,33354.0,F,29.0,Civil marriage,House / apartment,Businessman,202500.0,0
192646,Cash loans,225000.0,11560.5,F,57.0,Married,House / apartment,Unemployed,180000.0,0
187258,Cash loans,225000.0,12006.0,F,31.0,Single / not married,House / apartment,,166500.0,0
338296,Cash loans,158301.0,16348.5,M,57.0,Married,House / apartment,Working,58500.0,0
199825,Cash loans,675000.0,47110.5,F,56.0,Married,House / apartment,Businessman,270000.0,0
250465,Cash loans,533304.0,22725.0,F,47.0,Civil marriage,House / apartment,Unemployed,90000.0,0
382688,Revolving loans,270000.0,13500.0,M,46.0,Married,House / apartment,Working,225000.0,0
188477,Cash loans,225000.0,16821.0,F,68.0,Married,House / apartment,Unemployed,90000.0,0
164132,Cash loans,1035832.5,30415.5,F,27.0,Married,House / apartment,Working,157500.0,0
217566,Cash loans,229500.0,16101.0,F,58.0,Married,House / apartment,Unemployed,81000.0,0
255531,Cash loans,808650.0,23773.5,F,61.0,Widow,House / apartment,Working,90000.0,0
120456,Cash loans,360000.0,19660.5,F,25.0,Married,House / apartment,Working,112500.0,0
138662,Cash loans,,21906.0,M,42.0,Married,House / apartment,Working,306000.0,0
264340,Cash loans,344043.0,24075.0,F,53.0,Separated,House / apartment,Working,157500.0,0
285485,Revolving loans,292500.0,14625.0,F,44.0,Married,House / apartment,Unemployed,103500.0,0
444188,Cash loans,193500.0,10008.0,M,44.0,Married,House / apartment,Working,135000.0,0
394729,Cash loans,247275.0,17208.0,F,66.0,Married,House / apartment,Unemployed,162000.0,0
408494,Cash loans,675000.0,27490.5,F,57.0,Widow,House / apartment,Unemployed,135000.0,0
126733,Cash loans,238500.0,8694.0,F,63.0,Widow,House / apartment,Unemployed,45000.0,0
444898,Revolving loans,247500.0,12375.0,F,58.0,Married,House / apartment,Unemployed,45000.0,0
271904,Cash loans,233784.0,11029.5,M,28.0,Married,House / apartment,Unemployed,90000.0,0
357831,Revolving loans,337500.0,16875.0,F,40.0,Single / not married,With parents,Working,157500.0,0
355868,Cash loans,156384.0,16551.0,M,28.0,Married,With parents,Businessman,225000.0,0
322773,Cash loans,284400.0,10849.5,F,40.0,Civil marriage,House / apartment,Working,85500.0,0
393435,Cash loans,900000.0,26446.5,,51.0,Married,House / apartment,Working,112500.0,0
277398,Revolving loans,135000.0,6750.0,F,33.0,Married,House / apartment,Working,135000.0,0
119615,Cash loans,541323.0,29493.0,F,31.0,Married,House / apartment,Unemployed,135000.0,0
350304,Cash loans,942300.0,27679.5,F,60.0,Separated,House / apartment,Working,99000.0,0
367594,Cash loans,343800.0,16155.0,F,28.0,Civil marriage,House / apartment,Unemployed,157500.0,0
239619,Cash loans,450000.0,35685.0,M,37.0,Married,House / apartment,Unemployed,135000.0,1
382573,Revolving loans,630000.0,31500.0,F,40.0,Married,House / apartment,Businessman,315000.0,0
245065,Cash loans,1288350.0,37669.5,,46.0,Married,House / apartment,Businessman,315000.0,0
150806,Cash loans,331834.5,22576.5,M,24.0,Single / not married,House / apartment,Working,180000.0,0
395726,Cash loans,663093.0,19516.5,F,54.0,Single / not married,House / apartment,Unemployed,180000.0,0
259193,Cash loans,225000.0,16002.0,F,40.0,Married,House / apartment,Unemployed,103500.0,0
384776,Cash loans,221832.0,14305.5,F,55.0,Widow,Rented apartment,Businessman,247500.0,0
419244,Cash loans,634500.0,75429.0,F,35.0,Single / not married,House / apartment,Working,315000.0,0
179888,Cash loans,684657.0,22216.5,F,39.0,Married,House / apartment,Working,121500.0,0
322201,Cash loans,990000.0,26113.5,M,33.0,Married,House / apartment,Working,157500.0,0
257681,Cash loans,1395895.5,132669.0,F,43.0,Married,House / apartment,Businessman,382500.0,0
416001,Cash loans,479637.0,22491.0,F,36.0,Civil marriage,House / apartment,Businessman,292500.0,1
239571,Cash loans,260568.0,27778.5,F,35.0,Married,House / apartment,Unemployed,90000.0,0
417463,Cash loans,331834.5,14746.5,F,62.0,Civil marriage,House / apartment,Working,135000.0,0
277319,Revolving loans,337500.0,16875.0,M,45.0,Married,House / apartment,Working,135000.0,0
375341,Cash loans,640080.0,31131.0,F,41.0,Married,House / apartment,Unemployed,81000.0,0
182447,Cash loans,646920.0,20866.5,F,52.0,Civil marriage,House / apartment,,180000.0,0
184807,Cash loans,225000.0,24363.0,M,25.0,Married,House / apartment,Unemployed,189000.0,0
348453,Cash loans,227520.0,18103.5,F,36.0,Married,House / apartment,Working,175500.0,0
318411,Revolving loans,630000.0,31500.0,F,47.0,Separated,House / apartment,Businessman,315000.0,0
308479,Cash loans,450000.0,29299.5,F,35.0,Married,House / apartment,Unemployed,171000.0,1
376774,Cash loans,797557.5,31167.0,F,37.0,Married,House / apartment,Unemployed,81000.0,0
406341,Cash loans,675000.0,34596.0,F,43.0,Single / not married,House / apartment,Working,202500.0,0
292108,Cash loans,269550.0,14242.5,F,35.0,Married,House / apartment,Working,72000.0,0
435357,Cash loans,423000.0,21901.5,F,27.0,Single / not married,With parents,Working,112500.0,0
148179,Cash loans,755190.0,32125.5,F,58.0,Single / not married,House / apartment,Working,171000.0,0
113730,Cash loans,213322.5,13761.0,M,51.0,Married,House / apartment,Unemployed,81000.0,0
440235,Cash loans,284400.0,16456.5,M,60.0,Civil marriage,House / apartment,,130500.0,0
408541,Revolving loans,270000.0,13500.0,M,34.0,Married,House / apartment,Working,112500.0,0
201708,Cash loans,573408.0,29277.0,F,32.0,Married,House / apartment,Unemployed,81000.0,1
392090,Revolving loans,270000.0,13500.0,F,54.0,Married,House / apartment,Working,157500.0,1
187253,Cash loans,1258650.0,53455.5,F,65.0,Married,House / apartment,Working,135000.0,0
230218,Cash loans,675000.0,32472.0,F,46.0,Separated,House / apartment,Working,157500.0,0
278362,Cash loans,238500.0,11245.5,F,32.0,Married,House / apartment,Unemployed,103500.0,0
219355,Revolving loans,270000.0,13500.0,F,43.0,Widow,House / apartment,Unemployed,81000.0,0
366842,Cash loans,438493.5,23089.5,M,40.0,Separated,House / apartment,Working,225000.0,0
153695,Cash loans,500211.0,48861.0,F,64.0,Separated,House / apartment,Unemployed,225000.0,0
322059,Cash loans,542133.0,22788.0,M,27.0,Married,House / apartment,Working,112500.0,0
329773,Cash loans,338832.0,20857.5,F,61.0,Single / not married,House / apartment,Working,135000.0,1
201621,Cash loans,521280.0,35392.5,M,48.0,Married,House / apartment,Businessman,405000.0,0
439409,Cash loans,1546020.0,45333.0,F,36.0,Married,With parents,Businessman,247500.0,0
429543,Cash loans,891072.0,37881.0,,44.0,Married,House / apartment,Businessman,360000.0,0
336765,Cash loans,850500.0,24997.5,M,47.0,Married,House / apartment,Working,135000.0,0
114519,Cash loans,1442952.0,42318.0,M,58.0,Married,House / apartment,Working,130500.0,0
269419,Revolving loans,450000.0,22500.0,F,51.0,Married,House / apartment,Unemployed,157500.0,0
369924,Cash loans,276277.5,13419.0,F,56.0,Married,Municipal apartment,Working,180000.0,0
420675,Revolving loans,270000.0,13500.0,F,62.0,Married,House / apartment,Unemployed,85950.0,0
100357,Revolving loans,180000.0,9000.0,F,25.0,Civil marriage,House / apartment,Working,225000.0,0
362449,Cash loans,446292.0,35388.0,F,50.0,Separated,House / apartment,Working,180000.0,1
437445,Cash loans,971280.0,54364.5,M,49.0,Married,Rented apartment,Businessman,405000.0,0
375585,Cash loans,307944.0,30127.5,F,46.0,Married,House / apartment,Unemployed,67500.0,0
111302,Cash loans,704844.0,34038.0,F,36.0,Married,House / apartment,Working,162000.0,1
216776,Cash loans,679500.0,64516.5,F,42.0,Married,House / apartment,Businessman,225000.0,0
398398,Cash loans,469152.0,22698.0,F,46.0,Single / not married,House / apartment,Businessman,225000.0,0
166221,Cash loans,810000.0,34771.5,F,24.0,Civil marriage,House / apartment,Businessman,232497.0,0
189181,Cash loans,521280.0,35262.0,F,28.0,Married,House / apartment,Working,247500.0,0
289118,Revolving loans,180000.0,9000.0,F,23.0,Single / not married,House / apartment,Unemployed,99000.0,0
384283,Cash loans,855000.0,28386.0,F,45.0,Separated,House / apartment,Working,135000.0,0
281230,Revolving loans,135000.0,6750.0,M,40.0,Married,House / apartment,Working,225000.0,0
384889,Cash loans,1800000.0,49630.5,F,48.0,Married,House / apartment,,180000.0,0
430764,Cash loans,650704.5,27697.5,F,51.0,Married,House / apartment,Unemployed,90000.0,0
336848,Cash loans,281493.0,22234.5,F,28.0,Civil marriage,House / apartment,Unemployed,90000.0,0
342375,Cash loans,1515415.5,41800.5,F,54.0,Widow,House / apartment,Working,225000.0,0
327427,Cash loans,225000.0,18171.0,M,34.0,Single / not married,House / apartment,Working,112500.0,0
385056,Cash loans,1527579.0,49774.5,F,44.0,Married,House / apartment,Businessman,337500.0,0
205294,Cash loans,497520.0,25758.0,F,37.0,Single / not married,House / apartment,Unemployed,112500.0,0
450632,Cash loans,1152247.5,64471.5,F,39.0,Married,Municipal apartment,Businessman,247500.0,0
231824,Cash loans,900000.0,46084.5,M,49.0,Married,House / apartment,Businessman,360000.0,0
100044,Cash loans,454500.0,15151.5,M,58.0,Married,House / apartment,Working,121500.0,0
306583,Revolving loans,247500.0,12375.0,F,51.0,Widow,House / apartment,Unemployed,112500.0,0
210175,Cash loans,675000.0,21906.0,M,56.0,Married,House / apartment,Unemployed,90000.0,0
416384,Cash loans,450000.0,22018.5,F,55.0,Married,House / apartment,Unemployed,90000.0,0
454139,Cash loans,808650.0,23305.5,F,57.0,Married,House / apartment,Working,112500.0,0
448988,Cash loans,755190.0,30078.0,F,42.0,Married,House / apartment,Unemployed,81000.0,0
347624,Cash loans,675000.0,32602.5,M,37.0,Married,House / apartment,Working,180000.0,0
163771,Cash loans,343800.0,12348.0,M,56.0,Single / not married,With parents,Businessman,202500.0,0
231676,Cash loans,905688.0,32215.5,F,29.0,Married,With parents,Working,135000.0,0
120742,Cash loans,1762110.0,46611.0,F,56.0,Married,House / apartment,Working,193500.0,0
316510,Cash loans,288972.0,15804.0,M,55.0,Married,House / apartment,Businessman,252000.0,1
319960,Cash loans,495000.0,21933.0,F,61.0,Married,House / apartment,Unemployed,76050.0,0
292692,Cash loans,777024.0,49657.5,F,38.0,Single / not married,House / apartment,Businessman,360000.0,0
141874,Cash loans,971280.0,51876.0,F,56.0,Married,House / apartment,Working,144000.0,0
245335,Cash loans,715095.0,55471.5,F,23.0,Married,House / apartment,Working,130500.0,0
238321,Cash loans,888840.0,29506.5,F,46.0,Single / not married,House / apartment,,135000.0,0
129091,Cash loans,1546020.0,42642.0,F,55.0,Married,House / apartment,Businessman,202500.0,0
182436,Cash loans,1575000.0,43312.5,M,49.0,Married,House / apartment,Working,225000.0,0
106282,Cash loans,1476000.0,40590.0,F,45.0,Married,House / apartment,Unemployed,135000.0,0
351646,Cash loans,473760.0,50269.5,F,45.0,Married,House / apartment,Businessman,202500.0,0
357788,Cash loans,835380.0,40320.0,F,43.0,Married,House / apartment,Working,135000.0,0
292664,Cash loans,47970.0,4801.5,F,68.0,Married,House / apartment,Unemployed,49500.0,0
430009,Cash loans,562491.0,23962.5,F,,Single / not married,House / apartment,Working,270000.0,0
454629,Cash loans,299250.0,8703.0,F,,Married,House / apartment,Unemployed,76500.0,0
425050,Cash loans,254700.0,15709.5,F,60.0,Married,House / apartment,Unemployed,67500.0,0
178936,Cash loans,269550.0,13891.5,F,46.0,Married,Municipal apartment,Unemployed,72000.0,0
331685,Cash loans,536917.5,27405.0,F,42.0,Married,House / apartment,Working,112500.0,0
142617,Cash loans,598486.5,19908.0,,53.0,Married,House / apartment,Unemployed,67500.0,0
285238,Cash loans,257391.0,20047.5,M,61.0,Married,House / apartment,Working,135000.0,0
124744,Cash loans,1687266.0,62527.5,F,38.0,Married,House / apartment,Businessman,202500.0,0
259537,Cash loans,441000.0,11763.0,F,55.0,Separated,House / apartment,Working,112500.0,0
401908,Cash loans,255960.0,9778.5,F,41.0,Civil marriage,House / apartment,Businessman,292500.0,0
196702,Cash loans,1546020.0,42642.0,F,38.0,Civil marriage,House / apartment,Working,126000.0,0
321571,Cash loans,191880.0,20664.0,M,57.0,Married,House / apartment,Unemployed,67500.0,0
328770,Cash loans,545040.0,25537.5,M,36.0,Married,Office apartment,Businessman,202500.0,0
218326,Cash loans,417024.0,21451.5,M,45.0,Separated,House / apartment,Working,135000.0,0
441999,Revolving loans,135000.0,6750.0,F,21.0,Single / not married,House / apartment,Unemployed,90000.0,0
434908,Cash loans,573628.5,24435.0,F,58.0,Married,House / apartment,Unemployed,112500.0,0
186663,Cash loans,,20677.5,F,52.0,Married,Municipal apartment,Unemployed,54000.0,0
201905,Cash loans,512338.5,19444.5,,55.0,Married,House / apartment,Businessman,202500.0,0
162078,Cash loans,1339884.0,39307.5,M,57.0,Married,House / apartment,Working,252000.0,0
320653,Cash loans,1223010.0,51817.5,F,39.0,Married,House / apartment,Businessman,630000.0,0
239445,Cash loans,900000.0,28390.5,M,56.0,Married,House / apartment,Unemployed,144000.0,0
235339,Cash loans,566055.0,16681.5,F,50.0,Widow,House / apartment,,135000.0,0
348696,Cash loans,1080000.0,35824.5,F,26.0,Married,House / apartment,Businessman,211500.0,0
357528,Cash loans,454500.0,18153.0,F,60.0,Separated,House / apartment,Unemployed,76500.0,0
211095,Cash loans,835380.0,23571.0,F,58.0,Married,House / apartment,Businessman,270000.0,0
391249,Cash loans,787131.0,42066.0,F,39.0,Married,House / apartment,Businessman,225000.0,0
289723,Cash loans,640080.0,24259.5,F,61.0,Married,House / apartment,Businessman,220500.0,0
435764,Cash loans,339948.0,31306.5,M,33.0,Married,House / apartment,Businessman,270000.0,0
448996,Cash loans,1255680.0,41629.5,F,45.0,Civil marriage,House / apartment,Businessman,247500.0,0
412874,Cash loans,177489.0,16551.0,F,55.0,Single / not married,House / apartment,Unemployed,90000.0,0
241011,Revolving loans,1350000.0,67500.0,M,64.0,Separated,House / apartment,Working,675000.0,0
211624,Cash loans,1063413.0,38326.5,F,49.0,Married,House / apartment,Businessman,247500.0,0
248281,Cash loans,808650.0,31464.0,F,57.0,Married,Municipal apartment,Unemployed,135000.0,0
193118,Revolving loans,202500.0,10125.0,M,28.0,Married,House / apartment,Working,135000.0,0
313872,Revolving loans,202500.0,10125.0,M,56.0,Civil marriage,House / apartment,Unemployed,81000.0,0
246908,Cash loans,156384.0,15363.0,F,43.0,Married,House / apartment,Unemployed,90000.0,0
254726,Cash loans,227520.0,8302.5,F,58.0,Married,House / apartment,Unemployed,81000.0,0
377828,Cash loans,665892.0,21609.0,M,40.0,Married,House / apartment,Businessman,202500.0,0
322422,Cash loans,1288350.0,37669.5,M,29.0,Married,House / apartment,Working,166500.0,0
148355,Cash loans,272578.5,21663.0,F,32.0,Married,House / apartment,Working,157500.0,0
239662,Cash loans,225000.0,11502.0,M,28.0,Civil marriage,With parents,Working,180000.0,0
245061,Cash loans,286704.0,17455.5,F,59.0,Widow,House / apartment,Unemployed,75600.0,0
381001,Cash loans,770328.0,27796.5,F,55.0,Single / not married,House / apartment,Businessman,225000.0,0
222583,Revolving loans,540000.0,27000.0,F,54.0,Married,Municipal apartment,,180000.0,0
354685,Cash loans,675000.0,36616.5,F,29.0,Married,House / apartment,Working,112500.0,0
396246,Cash loans,562491.0,23040.0,M,30.0,Single / not married,House / apartment,Unemployed,112500.0,0
347278,Cash loans,1078200.0,29650.5,F,32.0,Civil marriage,House / apartment,Unemployed,90000.0,0
185140,Cash loans,719860.5,48429.0,F,62.0,Married,House / apartment,Businessman,202500.0,0
195094,Cash loans,101880.0,10053.0,F,59.0,Married,House / apartment,Working,112500.0,0
419382,Cash loans,251091.0,26770.5,F,65.0,Single / not married,House / apartment,Unemployed,99000.0,0
378371,Cash loans,142200.0,9630.0,F,31.0,Civil marriage,Rented apartment,Unemployed,90000.0,0
422669,Cash loans,180000.0,12177.0,M,38.0,Married,House / apartment,Unemployed,58500.0,0
422927,Cash loans,422451.0,16056.0,F,30.0,Civil marriage,House / apartment,Unemployed,81000.0,0
193239,Cash loans,774000.0,30285.0,F,26.0,Single / not married,House / apartment,Working,180000.0,0
139925,Cash loans,545040.0,26509.5,F,45.0,Separated,House / apartment,Working,148500.0,0
241772,Cash loans,935640.0,98248.5,M,52.0,Married,House / apartment,Unemployed,193500.0,0
321407,Cash loans,269550.0,18891.0,F,49.0,Married,House / apartment,Working,126000.0,0
351158,Revolving loans,405000.0,20250.0,F,51.0,Married,House / apartment,Unemployed,135000.0,0
246574,Cash loans,1006920.0,39933.0,M,31.0,Married,House / apartment,Working,189000.0,0
354909,Cash loans,254700.0,27558.0,F,31.0,Separated,House / apartment,Businessman,225000.0,0
139487,Revolving loans,270000.0,13500.0,F,30.0,Married,House / apartment,Working,180000.0,0
426076,Cash loans,808650.0,26217.0,F,39.0,Single / not married,House / apartment,Unemployed,112500.0,0
437255,Revolving loans,450000.0,22500.0,F,40.0,Separated,House / apartment,Unemployed,418500.0,0
434208,Cash loans,86598.0,10273.5,M,42.0,Married,With parents,Working,112500.0,0
106153,Cash loans,824823.0,29353.5,F,53.0,Married,House / apartment,Working,144000.0,0
421818,Cash loans,1615500.0,149625.0,M,65.0,Married,House / apartment,,675000.0,0
204799,Cash loans,127350.0,12726.0,F,57.0,Married,House / apartment,Unemployed,99000.0,0
178463,Cash loans,1096020.0,59589.0,M,30.0,Civil marriage,House / apartment,Working,247500.0,0
355234,Cash loans,,30280.5,F,39.0,Separated,House / apartment,Working,135000.0,0
101794,Cash loans,95940.0,10462.5,F,35.0,Civil marriage,House / apartment,Working,112500.0,0
169942,Cash loans,373311.0,25384.5,F,28.0,Married,House / apartment,Working,180000.0,1
276447,Cash loans,90000.0,9450.0,F,49.0,Separated,House / apartment,Working,135000.0,0
333349,Cash loans,302206.5,15561.0,F,37.0,Married,House / apartment,Working,157500.0,1
151865,Cash loans,132768.0,7330.5,F,39.0,Married,House / apartment,Businessman,247500.0,0
398390,Cash loans,675000.0,19867.5,F,56.0,Married,House / apartment,Working,157500.0,0
226597,Cash loans,,24939.0,F,66.0,Married,House / apartment,Unemployed,72000.0,0
374068,Cash loans,450000.0,48465.0,M,33.0,Single / not married,House / apartment,Businessman,270000.0,0
102088,Cash loans,1125000.0,32895.0,M,43.0,Married,House / apartment,Businessman,360000.0,0
370070,Cash loans,835380.0,40320.0,F,36.0,Married,With parents,,112500.0,0
101364,Cash loans,1288350.0,37800.0,M,56.0,Married,House / apartment,Working,180000.0,0
103929,Revolving loans,675000.0,33750.0,M,41.0,Married,House / apartment,Working,157500.0,0
235532,Cash loans,808650.0,26086.5,F,32.0,Separated,House / apartment,Unemployed,157500.0,0
303400,Cash loans,675000.0,32602.5,M,28.0,Single / not married,House / apartment,Working,121500.0,0
179459,Cash loans,95940.0,9616.5,M,48.0,Married,House / apartment,Unemployed,67500.0,0
238153,Cash loans,450000.0,16965.0,F,48.0,Married,House / apartment,Unemployed,67500.0,0
278698,Cash loans,241618.5,26149.5,F,34.0,Single / not married,House / apartment,Working,382500.0,0
341125,Cash loans,1065433.5,45270.0,F,53.0,Separated,House / apartment,Working,135000.0,0
438454,Cash loans,568057.5,24196.5,M,44.0,Married,House / apartment,Businessman,216000.0,0
455656,Cash loans,283500.0,16402.5,M,31.0,Married,House / apartment,Unemployed,90000.0,0
158132,Cash loans,1483650.0,61227.0,F,,Widow,House / apartment,Businessman,225000.0,0
335947,Cash loans,192874.5,12654.0,F,61.0,Married,House / apartment,Unemployed,54000.0,0
393963,Revolving loans,315000.0,15750.0,F,55.0,Single / not married,House / apartment,Working,157500.0,0
202789,Cash loans,1078200.0,38200.5,F,28.0,Married,Municipal apartment,Working,112500.0,0
408036,Revolving loans,270000.0,13500.0,F,22.0,Single / not married,With parents,Unemployed,67500.0,0
259644,Cash loans,630000.0,27882.0,F,52.0,Married,House / apartment,Unemployed,90000.0,0
372962,Cash loans,675000.0,26901.0,F,63.0,Widow,House / apartment,Unemployed,90000.0,0
347764,Cash loans,450000.0,24543.0,M,44.0,Married,House / apartment,,270000.0,0
435157,Cash loans,640080.0,24259.5,F,47.0,Single / not married,House / apartment,,202500.0,0
116678,Cash loans,1078200.0,31653.0,,30.0,Married,House / apartment,Businessman,315000.0,0
117063,Cash loans,405000.0,21334.5,F,27.0,Married,House / apartment,Working,157500.0,0
381497,Cash loans,951538.5,37867.5,M,52.0,Married,House / apartment,Unemployed,103500.0,0
403744,Cash loans,512064.0,19431.0,F,39.0,Separated,Rented apartment,Unemployed,67500.0,0
429755,Cash loans,490495.5,30006.0,F,54.0,Married,House / apartment,Businessman,337500.0,0
199357,Cash loans,315000.0,19165.5,F,29.0,Married,House / apartment,Unemployed,166500.0,0
383963,Cash loans,640080.0,29970.0,M,32.0,Married,House / apartment,Working,112500.0,0
244157,Cash loans,601470.0,30838.5,F,53.0,Widow,House / apartment,Working,135000.0,0
454011,Cash loans,1078200.0,31653.0,F,60.0,Married,House / apartment,Unemployed,67500.0,0
344990,Cash loans,502497.0,28188.0,F,46.0,Single / not married,House / apartment,Businessman,216000.0,0
334896,Cash loans,135000.0,13149.0,M,55.0,Single / not married,House / apartment,Unemployed,69750.0,0
157293,Cash loans,253737.0,14697.0,F,62.0,Married,House / apartment,Unemployed,59400.0,0
102766,Cash loans,239850.0,23850.0,M,67.0,Married,Municipal apartment,Working,135000.0,0
270939,Revolving loans,202500.0,10125.0,F,56.0,Widow,House / apartment,Working,81000.0,0
359894,Cash loans,990432.0,32863.5,F,39.0,Single / not married,House / apartment,Working,157500.0,0
123410,Cash loans,545040.0,26509.5,F,32.0,Married,House / apartment,Working,202500.0,0
418423,Cash loans,512446.5,31477.5,M,36.0,Single / not married,House / apartment,Working,135000.0,0
323721,Cash loans,360000.0,24354.0,F,42.0,Civil marriage,House / apartment,Working,81000.0,0
391055,Cash loans,576072.0,21847.5,F,35.0,Single / not married,House / apartment,Working,157500.0,0
197535,Cash loans,1350000.0,37125.0,F,50.0,Separated,House / apartment,,135000.0,0
159798,Cash loans,675000.0,29731.5,F,43.0,Married,House / apartment,Working,135000.0,0
286114,Cash loans,687600.0,19039.5,F,24.0,Single / not married,With parents,Working,180000.0,0
347207,Cash loans,805536.0,32076.0,M,30.0,Married,House / apartment,Working,157500.0,0
293803,Cash loans,942300.0,27679.5,F,,Single / not married,House / apartment,Unemployed,103500.0,0
431177,Cash loans,1546020.0,45333.0,M,61.0,Married,House / apartment,Working,162000.0,0
207042,Cash loans,269982.0,28494.0,F,57.0,Married,House / apartment,Businessman,243000.0,0
192232,Cash loans,545040.0,26640.0,M,53.0,Married,House / apartment,,225000.0,0
411566,Cash loans,472500.0,12591.0,F,33.0,Separated,House / apartment,Unemployed,180000.0,0
328032,Cash loans,1575000.0,43443.0,M,28.0,Married,House / apartment,Working,292500.0,0
137641,Cash loans,477000.0,23076.0,F,32.0,Married,House / apartment,Unemployed,157500.0,0
126573,Cash loans,514602.0,51025.5,F,36.0,Married,With parents,Working,112500.0,0
129461,Cash loans,1418692.5,56263.5,M,41.0,Married,House / apartment,Businessman,225000.0,0
268218,Revolving loans,360000.0,18000.0,F,61.0,Civil marriage,House / apartment,Working,216000.0,0
257831,Cash loans,1288350.0,37800.0,M,33.0,Married,House / apartment,Working,112500.0,0
104835,Cash loans,284400.0,18175.5,M,43.0,Single / not married,House / apartment,Working,112500.0,0
333081,Cash loans,,14184.0,F,54.0,Widow,House / apartment,Businessman,225000.0,0
453913,Cash loans,526491.0,18909.0,F,53.0,Widow,House / apartment,Unemployed,81000.0,0
382908,Cash loans,900000.0,38133.0,F,55.0,Married,House / apartment,,144000.0,0
212408,Cash loans,113760.0,7398.0,F,34.0,Married,House / apartment,Unemployed,67500.0,0
259153,Cash loans,229500.0,22356.0,M,55.0,Married,House / apartment,Working,157500.0,0
419439,Cash loans,808650.0,26217.0,F,49.0,Married,House / apartment,Unemployed,76500.0,0
239673,Cash loans,225000.0,26703.0,M,37.0,Single / not married,House / apartment,Working,112500.0,0
395881,Cash loans,450000.0,21888.0,F,31.0,Married,House / apartment,Unemployed,90000.0,0
372397,Cash loans,814041.0,23800.5,F,39.0,Married,House / apartment,Unemployed,99000.0,0
192120,Cash loans,225000.0,11560.5,,39.0,Married,House / apartment,Unemployed,94500.0,0
377855,Cash loans,825588.0,43983.0,F,38.0,Single / not married,House / apartment,Unemployed,202500.0,0
439096,Cash loans,755190.0,36459.0,F,57.0,Married,House / apartment,Working,112500.0,0
248130,Revolving loans,180000.0,9000.0,F,28.0,Single / not married,House / apartment,Businessman,202500.0,0
166270,Cash loans,755856.0,59850.0,F,37.0,Married,Municipal apartment,Businessman,225000.0,1
337452,Cash loans,254700.0,24939.0,F,31.0,Married,Municipal apartment,Working,144000.0,0
287444,Cash loans,517500.0,19305.0,M,37.0,Married,House / apartment,Working,180000.0,0
137938,Cash loans,314100.0,16573.5,F,24.0,Single / not married,Municipal apartment,Businessman,202500.0,0
332524,Revolving loans,270000.0,13500.0,F,31.0,Married,House / apartment,Working,135000.0,0
431067,Cash loans,306306.0,15768.0,F,57.0,Widow,House / apartment,Unemployed,56250.0,0
380775,Cash loans,458235.0,22176.0,F,62.0,Separated,House / apartment,Working,189000.0,0
283601,Cash loans,781920.0,25969.5,F,43.0,Single / not married,Municipal apartment,Working,171000.0,0
455274,Cash loans,900000.0,29164.5,F,53.0,Married,House / apartment,Unemployed,108000.0,0
429133,Cash loans,991944.0,26167.5,F,50.0,Civil marriage,House / apartment,Working,166500.0,0
273184,Cash loans,291384.0,25056.0,M,23.0,Single / not married,House / apartment,Working,135000.0,0
138945,Cash loans,545040.0,26640.0,F,47.0,Widow,House / apartment,Working,162900.0,0
313030,Cash loans,781920.0,36364.5,M,54.0,Married,House / apartment,Businessman,220500.0,0
413525,Revolving loans,450000.0,22500.0,F,30.0,Single / not married,House / apartment,Working,112500.0,0
113920,Cash loans,360000.0,17509.5,,49.0,Married,House / apartment,Unemployed,90000.0,0
409055,Cash loans,679500.0,19998.0,F,55.0,Married,House / apartment,Working,162000.0,0
122275,Cash loans,315000.0,16132.5,M,68.0,Married,House / apartment,Unemployed,67500.0,0
212688,Cash loans,225000.0,6318.0,F,25.0,Separated,House / apartment,Unemployed,108000.0,1
372322,Cash loans,1273500.0,50634.0,F,35.0,Separated,House / apartment,Businessman,405000.0,0
284732,Cash loans,783000.0,27868.5,M,42.0,Married,House / apartment,Working,180000.0,0
293425,Cash loans,1339884.0,36976.5,M,64.0,Married,House / apartment,Unemployed,72000.0,0
444929,Revolving loans,337500.0,16875.0,F,39.0,Married,House / apartment,Unemployed,112500.0,0
364045,Revolving loans,450000.0,22500.0,M,40.0,Married,House / apartment,Businessman,225000.0,0
295042,Cash loans,521280.0,26743.5,M,30.0,Married,House / apartment,Unemployed,180000.0,0
394265,Cash loans,675000.0,53329.5,M,47.0,Married,Rented apartment,Businessman,270000.0,1
147681,Cash loans,193500.0,15286.5,F,41.0,Married,House / apartment,Unemployed,76500.0,0
219977,Cash loans,269550.0,21739.5,F,29.0,Single / not married,House / apartment,Working,121500.0,0
157563,Cash loans,720000.0,27423.0,M,37.0,Married,House / apartment,Businessman,433737.0,0
398246,Cash loans,1546020.0,40914.0,M,40.0,Single / not married,House / apartment,Working,211500.0,0
172874,Cash loans,346500.0,18927.0,F,31.0,Married,House / apartment,Unemployed,90000.0,0
116938,Revolving loans,495000.0,24750.0,M,63.0,Married,House / apartment,Unemployed,90000.0,0
289476,Cash loans,254700.0,13068.0,M,31.0,Single / not married,House / apartment,Working,135000.0,0
109325,Revolving loans,405000.0,20250.0,F,41.0,Single / not married,House / apartment,Working,135000.0,0
429991,Cash loans,835605.0,27085.5,M,40.0,Married,House / apartment,Working,315000.0,0
383852,Cash loans,1724220.0,50544.0,F,31.0,Married,House / apartment,Working,180000.0,0
284139,Cash loans,158256.0,14643.0,M,61.0,Married,House / apartment,Unemployed,117000.0,0
341391,Cash loans,900000.0,27418.5,F,36.0,Single / not married,House / apartment,Unemployed,148500.0,0
149630,Cash loans,1078200.0,31653.0,M,48.0,Married,House / apartment,Businessman,202500.0,1
119203,Cash loans,970380.0,28372.5,M,32.0,Married,House / apartment,Working,157500.0,0
349435,Cash loans,1225224.0,44140.5,F,56.0,Married,House / apartment,,130500.0,0
195677,Revolving loans,135000.0,6750.0,F,29.0,Married,House / apartment,Working,157500.0,0
217384,Cash loans,562491.0,23962.5,F,39.0,Married,House / apartment,Unemployed,112500.0,0
324673,Cash loans,1256400.0,36864.0,F,47.0,Married,House / apartment,Working,157500.0,0
401315,Cash loans,553806.0,23593.5,F,59.0,Widow,With parents,Businessman,225000.0,0
206117,Cash loans,1024740.0,52452.0,M,27.0,Single / not married,With parents,Working,135000.0,0
379214,Cash loans,130500.0,10377.0,F,64.0,Single / not married,House / apartment,Unemployed,90000.0,0
122250,Revolving loans,270000.0,13500.0,F,23.0,Single / not married,House / apartment,Businessman,247500.0,0
380480,Cash loans,225000.0,12564.0,F,66.0,Widow,House / apartment,Unemployed,67500.0,0
226619,Cash loans,351792.0,19215.0,F,60.0,Married,House / apartment,Unemployed,81000.0,0
249246,Cash loans,272520.0,17545.5,F,67.0,Widow,House / apartment,Working,94500.0,0
224733,Revolving loans,337500.0,16875.0,F,39.0,Married,House / apartment,Unemployed,135000.0,0
319807,Cash loans,1024740.0,52452.0,F,41.0,Married,House / apartment,Working,144000.0,0
216127,Cash loans,343377.0,22356.0,M,26.0,Single / not married,House / apartment,Working,315000.0,0
372387,Cash loans,589045.5,18495.0,F,63.0,Separated,House / apartment,Unemployed,90000.0,0
259948,Revolving loans,180000.0,9000.0,M,37.0,Married,House / apartment,Unemployed,180000.0,0
136422,Revolving loans,157500.0,7875.0,F,22.0,Married,With parents,Working,112500.0,0
264300,Cash loans,940027.5,89383.5,F,35.0,Married,House / apartment,Unemployed,495000.0,0
400754,Revolving loans,900000.0,45000.0,,45.0,Single / not married,House / apartment,Businessman,202500.0,0
349448,Cash loans,1078200.0,38331.0,M,35.0,Married,House / apartment,Businessman,585000.0,0
372303,Cash loans,675000.0,26154.0,F,25.0,Married,House / apartment,Working,135000.0,1
158904,Cash loans,348264.0,27513.0,M,25.0,Single / not married,House / apartment,Working,112500.0,1
150752,Revolving loans,180000.0,9000.0,M,46.0,Married,House / apartment,Unemployed,67500.0,0
230265,Cash loans,314100.0,21244.5,M,48.0,Single / not married,Rented apartment,Unemployed,157500.0,0
187476,Cash loans,332842.5,16317.0,F,31.0,Married,House / apartment,Working,135000.0,0
352591,Cash loans,339241.5,15943.5,F,33.0,Married,House / apartment,,202500.0,0
199214,Cash loans,755190.0,36459.0,F,33.0,Married,House / apartment,Businessman,247500.0,0
379768,Cash loans,1303812.0,34524.0,M,32.0,Married,Municipal apartment,Unemployed,315000.0,0
112349,Cash loans,225000.0,24363.0,M,32.0,Single / not married,House / apartment,Working,121500.0,0
188301,Cash loans,282690.0,14931.0,F,53.0,Single / not married,House / apartment,Working,112500.0,0
298523,Cash loans,605439.0,31041.0,M,,Separated,House / apartment,Businessman,202500.0,0
103085,Cash loans,808650.0,26217.0,M,,Single / not married,House / apartment,Businessman,391500.0,0
263086,Cash loans,1046142.0,30717.0,,43.0,Married,House / apartment,Working,315000.0,0
372752,Cash loans,755190.0,36459.0,M,38.0,Married,House / apartment,Unemployed,157500.0,0
382459,Cash loans,1006920.0,42790.5,F,55.0,Married,House / apartment,Working,180000.0,0
403495,Cash loans,521280.0,28408.5,M,42.0,Married,House / apartment,Working,112500.0,0
387300,Cash loans,675000.0,36747.0,F,26.0,Civil marriage,House / apartment,Businessman,225000.0,0
452223,Cash loans,940500.0,30469.5,F,42.0,Married,House / apartment,Working,585000.0,0
328426,Cash loans,260640.0,30928.5,M,28.0,Married,With parents,Working,180000.0,0
136243,Cash loans,766282.5,25033.5,F,40.0,Civil marriage,House / apartment,Working,270000.0,0
119688,Cash loans,544491.0,17694.0,F,43.0,Married,House / apartment,Working,67500.0,0
249844,Cash loans,675000.0,26154.0,F,25.0,Civil marriage,House / apartment,Unemployed,119250.0,0
235322,Cash loans,225000.0,14647.5,M,25.0,Single / not married,Municipal apartment,Unemployed,67500.0,1
242376,Cash loans,225000.0,18040.5,,27.0,Separated,House / apartment,Unemployed,135000.0,0
206789,Cash loans,1008337.5,51615.0,F,41.0,Married,House / apartment,Businessman,225000.0,1
360223,Cash loans,208512.0,22023.0,M,48.0,Married,House / apartment,,270000.0,0
295775,Cash loans,813195.0,27004.5,M,55.0,Married,House / apartment,Working,117000.0,0
340706,Cash loans,904500.0,38452.5,F,57.0,Married,House / apartment,Working,123750.0,0
185698,Cash loans,405000.0,29470.5,F,46.0,Married,House / apartment,Businessman,270000.0,0
337435,Cash loans,307818.0,13689.0,F,65.0,Single / not married,House / apartment,Businessman,211500.0,0
455967,Cash loans,555273.0,17910.0,F,45.0,Separated,House / apartment,Unemployed,63000.0,0
168729,Cash loans,225000.0,24232.5,M,44.0,Married,With parents,Working,157500.0,0
370726,Cash loans,1436850.0,42012.0,M,61.0,Married,House / apartment,Working,157500.0,0
124774,Cash loans,1019610.0,36751.5,F,58.0,Separated,House / apartment,Businessman,270000.0,0
389626,Cash loans,490536.0,17748.0,F,60.0,Married,House / apartment,Unemployed,37800.0,0
421511,Cash loans,1585224.0,42637.5,F,63.0,Single / not married,House / apartment,Working,180000.0,0
389432,Cash loans,587619.0,18954.0,F,57.0,Single / not married,House / apartment,Working,135000.0,0
116811,Cash loans,526491.0,22261.5,F,,Married,House / apartment,Unemployed,81000.0,0
414379,Cash loans,1125000.0,47794.5,F,57.0,Married,House / apartment,Unemployed,144000.0,0
255222,Cash loans,981162.0,34762.5,F,29.0,Single / not married,House / apartment,Working,166500.0,1
306226,Cash loans,1067940.0,34578.0,M,60.0,Married,House / apartment,Unemployed,121500.0,0
358476,Cash loans,1288350.0,37800.0,M,46.0,Married,House / apartment,Working,270000.0,0
170070,Cash loans,107820.0,7798.5,F,55.0,Single / not married,House / apartment,Unemployed,180000.0,0
210837,Cash loans,640080.0,29970.0,M,35.0,Married,With parents,Unemployed,135000.0,0
324769,Cash loans,720000.0,28683.0,F,49.0,Married,House / apartment,Working,112500.0,0
158194,Cash loans,1133662.5,48163.5,F,45.0,Married,House / apartment,Unemployed,292500.0,0
296980,Cash loans,1971072.0,68643.0,F,56.0,Married,House / apartment,Working,180000.0,0
425128,Cash loans,540000.0,41917.5,F,51.0,Separated,House / apartment,Unemployed,180000.0,0
121742,Cash loans,225000.0,12915.0,F,67.0,Widow,House / apartment,Businessman,216000.0,0
429661,Revolving loans,135000.0,6750.0,F,26.0,Civil marriage,House / apartment,Unemployed,94500.0,0
333079,Cash loans,314100.0,16573.5,F,42.0,Married,House / apartment,Unemployed,135000.0,0
241959,Cash loans,373500.0,9981.0,F,24.0,Married,House / apartment,Unemployed,90000.0,1
433796,Cash loans,215640.0,18576.0,F,41.0,Married,House / apartment,Unemployed,67500.0,0
236005,Cash loans,853821.0,27270.0,F,59.0,Widow,House / apartment,Working,117000.0,0
188414,Cash loans,544491.0,16047.0,M,39.0,Married,House / apartment,Businessman,292500.0,0
455791,Cash loans,625536.0,34065.0,,58.0,Married,House / apartment,Working,180000.0,0
114479,Cash loans,315000.0,17217.0,M,37.0,Single / not married,House / apartment,Working,135000.0,1
301211,Cash loans,247275.0,17338.5,F,65.0,Single / not married,House / apartment,Businessman,202500.0,0
256631,Cash loans,342000.0,22396.5,F,46.0,Married,House / apartment,Unemployed,112500.0,1
233660,Cash loans,840996.0,24718.5,M,55.0,Civil marriage,House / apartment,,247500.0,1
341858,Cash loans,586377.0,47011.5,M,31.0,Civil marriage,With parents,Working,157500.0,1
334922,Cash loans,1129500.0,35595.0,M,49.0,Married,House / apartment,Businessman,225000.0,0
193260,Cash loans,1288350.0,37800.0,F,38.0,Married,House / apartment,Working,189000.0,0
342420,Cash loans,1800000.0,62568.0,M,44.0,Married,House / apartment,Working,279000.0,0
281869,Cash loans,238500.0,23719.5,F,51.0,Married,House / apartment,Working,157500.0,0
422918,Cash loans,1002456.0,51313.5,M,28.0,Married,House / apartment,Working,225000.0,1
340827,Cash loans,450000.0,32134.5,F,27.0,Married,House / apartment,Working,112500.0,0
299200,Cash loans,180000.0,9765.0,M,55.0,Single / not married,House / apartment,,67500.0,0
115972,Cash loans,997974.0,39708.0,F,60.0,Married,House / apartment,Businessman,225000.0,0
174385,Cash loans,193572.0,10939.5,M,65.0,Married,House / apartment,Unemployed,90000.0,0
448803,Cash loans,239418.0,13873.5,F,68.0,Widow,House / apartment,Working,112500.0,0
184585,Cash loans,454500.0,16974.0,M,,Married,House / apartment,Working,157500.0,0
323057,Revolving loans,247500.0,12375.0,,37.0,Married,House / apartment,Unemployed,99000.0,0
338427,Cash loans,1006920.0,51543.0,F,39.0,Married,With parents,Unemployed,135000.0,0
340904,Cash loans,900000.0,26316.0,M,37.0,Married,House / apartment,Working,112500.0,0
232495,Cash loans,1350000.0,39604.5,F,42.0,Married,House / apartment,Working,157500.0,0
180298,Cash loans,749349.0,24304.5,F,38.0,Married,House / apartment,Working,112500.0,0
414806,Cash loans,265851.0,18630.0,F,56.0,Married,House / apartment,Unemployed,99000.0,0
134732,Revolving loans,337500.0,16875.0,F,30.0,Married,House / apartment,Working,112500.0,0
166264,Cash loans,254700.0,25321.5,F,,Separated,House / apartment,Working,180000.0,0
146948,Cash loans,1339884.0,39307.5,F,32.0,Married,House / apartment,Working,135000.0,0
367929,Cash loans,392427.0,19084.5,F,29.0,Married,House / apartment,Working,180000.0,0
314416,Revolving loans,495000.0,24750.0,F,37.0,Married,House / apartment,Working,180000.0,0
177464,Cash loans,173196.0,18504.0,F,30.0,Married,House / apartment,Unemployed,90000.0,0
254538,Cash loans,284400.0,10849.5,F,42.0,Civil marriage,House / apartment,Businessman,202500.0,0
185914,Cash loans,1762110.0,48456.0,F,35.0,Married,With parents,Working,180000.0,0
200840,Cash loans,2254500.0,80275.5,M,41.0,Separated,House / apartment,Businessman,1235038.5,0
220591,Cash loans,130365.0,8460.0,F,41.0,Married,Rented apartment,Working,135000.0,1
406768,Cash loans,1574532.0,61740.0,F,36.0,Single / not married,House / apartment,Businessman,270000.0,0
397734,Cash loans,331920.0,16096.5,M,35.0,Separated,House / apartment,Working,225000.0,0
444049,Cash loans,227520.0,14940.0,F,30.0,Civil marriage,House / apartment,Unemployed,90000.0,0
304219,Cash loans,568800.0,15772.5,F,42.0,Separated,House / apartment,Unemployed,90000.0,0
403733,Cash loans,894766.5,29700.0,M,43.0,Married,With parents,Working,157500.0,0
161289,Cash loans,1420096.5,134968.5,M,34.0,Married,House / apartment,Businessman,315000.0,0
110777,Cash loans,1218118.5,48438.0,M,44.0,Married,House / apartment,Unemployed,103500.0,0
362367,Cash loans,314100.0,13963.5,F,28.0,Single / not married,House / apartment,Unemployed,90000.0,0
445524,Cash loans,971280.0,51876.0,F,44.0,Married,House / apartment,Businessman,225000.0,0
381431,Cash loans,1010065.5,64683.0,M,37.0,Married,House / apartment,Businessman,310500.0,0
330063,Cash loans,545040.0,25537.5,M,30.0,Married,House / apartment,Working,180000.0,0
288057,Cash loans,1012500.0,36162.0,F,29.0,Married,House / apartment,Working,112500.0,0
390404,Cash loans,1800000.0,54706.5,F,48.0,Married,House / apartment,Unemployed,90000.0,0
133012,Cash loans,431280.0,22149.0,F,24.0,Single / not married,With parents,Working,135000.0,0
115798,Cash loans,783000.0,46755.0,F,63.0,Married,House / apartment,Businessman,216000.0,0
303803,Cash loans,808650.0,23643.0,F,59.0,Married,House / apartment,Unemployed,78300.0,0
133372,Cash loans,630000.0,32166.0,F,46.0,Married,House / apartment,Working,360000.0,0
431586,Cash loans,533668.5,23638.5,F,58.0,Widow,House / apartment,Unemployed,112500.0,0
428151,Cash loans,1024636.5,33993.0,F,37.0,Married,With parents,Unemployed,67500.0,0
341712,Cash loans,521280.0,35392.5,M,35.0,Civil marriage,House / apartment,Unemployed,135000.0,1
201835,Cash loans,251091.0,27171.0,F,34.0,Married,House / apartment,Working,112500.0,1
307684,Cash loans,900000.0,46084.5,F,58.0,Married,House / apartment,Businessman,405000.0,0
316975,Cash loans,499500.0,29875.5,F,63.0,Married,House / apartment,Working,72000.0,0
287412,Cash loans,99504.0,10845.0,F,42.0,Married,House / apartment,Working,139500.0,0
131598,Cash loans,167121.0,8878.5,M,41.0,Married,House / apartment,Businessman,202500.0,0
267720,Cash loans,229230.0,24817.5,M,27.0,Single / not married,House / apartment,Unemployed,157500.0,0
195993,Cash loans,1755000.0,48393.0,M,37.0,Married,House / apartment,Businessman,337500.0,0
444660,Cash loans,225000.0,13527.0,F,31.0,Married,House / apartment,Unemployed,76500.0,0
142571,Cash loans,327024.0,9913.5,F,52.0,Married,House / apartment,Working,135000.0,0
118897,Cash loans,490495.5,26262.0,F,63.0,Married,House / apartment,Unemployed,85500.0,0
350257,Cash loans,819432.0,24088.5,F,64.0,Widow,Municipal apartment,Working,112500.0,0
329847,Cash loans,288000.0,34308.0,M,28.0,Married,House / apartment,Working,112500.0,0
308757,Cash loans,760225.5,32206.5,F,37.0,Single / not married,House / apartment,Businessman,360000.0,0
422773,Cash loans,360000.0,20101.5,F,45.0,Single / not married,House / apartment,Unemployed,90000.0,1
391266,Cash loans,360000.0,13059.0,F,36.0,Married,House / apartment,Working,247500.0,0
185443,Cash loans,675000.0,26901.0,M,59.0,Civil marriage,House / apartment,Working,112500.0,0
260132,Revolving loans,270000.0,13500.0,F,30.0,Single / not married,Rented apartment,Working,157500.0,0
294310,Cash loans,408780.0,27445.5,M,33.0,Civil marriage,House / apartment,Businessman,225000.0,0
114054,Cash loans,675000.0,21906.0,F,27.0,Married,House / apartment,Working,90000.0,0
169855,Cash loans,225000.0,10944.0,F,27.0,Single / not married,With parents,Working,126000.0,0
215692,Cash loans,785250.0,25461.0,M,48.0,Married,House / apartment,Working,112500.0,0
181969,Cash loans,518562.0,25078.5,F,31.0,Married,House / apartment,Working,76500.0,1
335997,Cash loans,531706.5,17703.0,F,63.0,Married,House / apartment,Working,112500.0,0
300848,Cash loans,269550.0,18234.0,F,33.0,Married,House / apartment,Unemployed,90000.0,1
124682,Cash loans,755190.0,30078.0,F,37.0,Separated,House / apartment,Businessman,261000.0,0
206720,Cash loans,258768.0,23863.5,M,27.0,Civil marriage,House / apartment,Working,180000.0,0
273937,Cash loans,1741972.5,48033.0,M,35.0,Married,House / apartment,Working,180000.0,0
361266,Cash loans,473760.0,51021.0,F,27.0,Single / not married,Rented apartment,Unemployed,315000.0,0
113439,Cash loans,629325.0,27850.5,F,53.0,Married,House / apartment,Unemployed,81000.0,0
251869,Cash loans,727785.0,23607.0,F,46.0,Separated,House / apartment,Working,157500.0,0
124701,Cash loans,1125000.0,41692.5,M,40.0,Civil marriage,With parents,Working,274500.0,0
398878,Cash loans,808650.0,26217.0,F,41.0,Married,House / apartment,Unemployed,90000.0,0
290534,Cash loans,675000.0,32472.0,F,40.0,Married,House / apartment,Unemployed,90000.0,0
100669,Cash loans,670500.0,36504.0,M,63.0,Married,House / apartment,Unemployed,81000.0,0
400477,Cash loans,254700.0,27153.0,M,28.0,Married,With parents,Working,135000.0,0
288988,Cash loans,835380.0,45315.0,F,52.0,Single / not married,House / apartment,Working,405000.0,0
393021,Revolving loans,135000.0,6750.0,M,55.0,Married,House / apartment,Working,121500.0,0
420410,Cash loans,576072.0,21847.5,M,22.0,Single / not married,With parents,Working,157500.0,0
297322,Cash loans,225000.0,15219.0,M,,Married,House / apartment,Working,135000.0,0
161347,Revolving loans,382500.0,19125.0,F,35.0,Civil marriage,House / apartment,Working,126000.0,0
143716,Cash loans,108000.0,11587.5,F,48.0,Married,House / apartment,Working,67500.0,0
355838,Cash loans,900000.0,33354.0,M,33.0,Married,House / apartment,Unemployed,121500.0,0
378632,Cash loans,74182.5,5292.0,F,62.0,Married,House / apartment,Working,112500.0,0
330330,Cash loans,1233000.0,36049.5,M,36.0,Married,House / apartment,Unemployed,67500.0,0
392456,Cash loans,1096020.0,56092.5,M,29.0,Married,House / apartment,Businessman,675000.0,0
222699,Cash loans,687600.0,19836.0,F,26.0,Single / not married,House / apartment,Unemployed,136350.0,0
186684,Cash loans,495000.0,23814.0,F,41.0,Single / not married,House / apartment,Working,405000.0,0
262948,Cash loans,135000.0,13351.5,F,46.0,Married,House / apartment,Unemployed,63000.0,0
224103,Cash loans,622188.0,22477.5,F,31.0,Civil marriage,House / apartment,Unemployed,135000.0,0
276751,Cash loans,719860.5,50098.5,F,31.0,Civil marriage,House / apartment,Businessman,225000.0,0
293598,Cash loans,521280.0,21361.5,M,42.0,Married,House / apartment,Working,144000.0,0
434382,Cash loans,450000.0,30073.5,F,36.0,Married,House / apartment,Working,135000.0,0
381589,Cash loans,1047501.0,55939.5,M,61.0,Married,House / apartment,Businessman,562500.0,0
425484,Cash loans,1282500.0,37498.5,F,49.0,Married,House / apartment,Working,135000.0,1
173723,Cash loans,808650.0,23773.5,M,60.0,Married,House / apartment,Working,157500.0,0
258002,Cash loans,1031053.5,37165.5,F,54.0,Married,House / apartment,Working,135000.0,0
270229,Cash loans,567000.0,27405.0,M,38.0,Married,House / apartment,Businessman,270000.0,0
232964,Cash loans,284400.0,17527.5,M,55.0,Married,House / apartment,Working,157500.0,0
194976,Cash loans,1149210.0,33732.0,M,47.0,Married,House / apartment,Working,135000.0,0
416656,Cash loans,512446.5,40617.0,M,58.0,Married,House / apartment,Working,148500.0,0
156656,Cash loans,338314.5,33088.5,F,42.0,Single / not married,House / apartment,Working,180000.0,0
239890,Cash loans,634662.0,22927.5,F,38.0,Civil marriage,House / apartment,Working,112500.0,0
384642,Cash loans,508495.5,38146.5,F,38.0,Married,House / apartment,Unemployed,135000.0,0
286037,Cash loans,539100.0,25933.5,F,30.0,Married,Rented apartment,,180000.0,0
185596,Cash loans,1928304.0,79578.0,M,45.0,Married,House / apartment,Businessman,450000.0,0
206460,Revolving loans,270000.0,13500.0,F,21.0,Married,House / apartment,Unemployed,112500.0,0
145603,Cash loans,196213.5,15633.0,,45.0,Single / not married,House / apartment,Unemployed,90000.0,0
439567,Revolving loans,135000.0,6750.0,M,48.0,Single / not married,House / apartment,Working,225000.0,0
307169,Cash loans,248760.0,26788.5,M,38.0,Civil marriage,House / apartment,,112500.0,0
246364,Cash loans,239850.0,23850.0,F,42.0,Civil marriage,House / apartment,Unemployed,90000.0,0
189631,Cash loans,1056681.0,44901.0,F,58.0,Married,House / apartment,Working,247500.0,0
275168,Cash loans,630000.0,20322.0,M,41.0,Married,House / apartment,Working,202500.0,0
145592,Cash loans,900297.0,26320.5,M,59.0,Married,House / apartment,Businessman,225000.0,0
434010,Revolving loans,135000.0,6750.0,F,56.0,Married,House / apartment,Businessman,247500.0,0
381059,Cash loans,315000.0,18211.5,M,54.0,Married,House / apartment,Working,108000.0,0
384795,Cash loans,544491.0,17694.0,F,37.0,Married,House / apartment,Working,45000.0,0
327144,Cash loans,269550.0,19300.5,F,49.0,Widow,House / apartment,Unemployed,90000.0,0
437231,Cash loans,472500.0,48546.0,M,36.0,Married,House / apartment,Working,180000.0,0
234692,Cash loans,163008.0,15876.0,F,55.0,Married,House / apartment,Working,247500.0,0
236817,Cash loans,271066.5,21546.0,M,29.0,Married,With parents,Working,157500.0,1
202771,Cash loans,900000.0,26446.5,F,33.0,Married,With parents,Working,180000.0,0
207375,Cash loans,1096020.0,52857.0,F,50.0,Married,House / apartment,Businessman,216000.0,0
137769,Cash loans,225000.0,22383.0,M,66.0,Married,House / apartment,Unemployed,128250.0,0
113200,Revolving loans,270000.0,13500.0,F,33.0,Married,House / apartment,Working,157500.0,0
283212,Cash loans,450000.0,48465.0,M,47.0,Single / not married,House / apartment,Businessman,450000.0,0
307145,Cash loans,473760.0,49878.0,F,50.0,Married,House / apartment,Businessman,270000.0,0
416237,Cash loans,1575000.0,43312.5,F,41.0,Civil marriage,House / apartment,Businessman,270000.0,0
232696,Revolving loans,540000.0,27000.0,F,65.0,Widow,Municipal apartment,Businessman,202500.0,0
109454,Cash loans,1078200.0,34780.5,F,34.0,Married,House / apartment,Working,135000.0,0
132733,Cash loans,678996.0,32796.0,F,40.0,Single / not married,House / apartment,Businessman,540000.0,0
137377,Cash loans,1260000.0,36972.0,F,56.0,Married,House / apartment,Working,292500.0,0
255057,Cash loans,269550.0,21294.0,M,35.0,Single / not married,House / apartment,Unemployed,99000.0,0
124050,Cash loans,1236816.0,36292.5,M,45.0,Married,House / apartment,Working,135000.0,0
217876,Cash loans,251280.0,12960.0,M,46.0,Married,House / apartment,Working,157500.0,0
416622,Cash loans,1003500.0,29470.5,M,38.0,Married,House / apartment,Working,180000.0,1
103395,Cash loans,544491.0,15601.5,M,64.0,Married,House / apartment,Working,180000.0,0
284496,Cash loans,149256.0,16204.5,F,41.0,Single / not married,House / apartment,Unemployed,67500.0,0
448520,Cash loans,152820.0,16047.0,F,55.0,Separated,House / apartment,Unemployed,99000.0,0
191665,Cash loans,254700.0,27558.0,M,41.0,Married,House / apartment,Unemployed,157500.0,0
291518,Cash loans,247500.0,9459.0,F,58.0,Separated,House / apartment,Unemployed,72000.0,1
383897,Cash loans,254700.0,23944.5,F,23.0,Single / not married,With parents,Working,180000.0,0
450204,Cash loans,229500.0,23512.5,F,47.0,Married,House / apartment,Working,112500.0,0
230235,Cash loans,521280.0,31630.5,M,31.0,Single / not married,House / apartment,Unemployed,180000.0,0
401173,Cash loans,484789.5,20668.5,M,62.0,Married,House / apartment,Working,180000.0,0
412335,Cash loans,1125000.0,30298.5,F,43.0,Single / not married,House / apartment,Working,112500.0,0
177300,Cash loans,592560.0,40216.5,F,30.0,Married,House / apartment,Unemployed,135000.0,0
267700,Cash loans,675000.0,26284.5,M,44.0,Married,House / apartment,Businessman,220500.0,0
408294,Cash loans,315000.0,29146.5,M,57.0,Married,House / apartment,Businessman,270000.0,0
152984,Cash loans,1052230.5,43555.5,F,57.0,Married,House / apartment,Businessman,247500.0,0
430500,Cash loans,590337.0,30271.5,F,56.0,Married,House / apartment,Unemployed,90000.0,0
107688,Cash loans,135000.0,8991.0,F,26.0,Single / not married,With parents,Unemployed,81000.0,0
139302,Cash loans,1006920.0,39933.0,F,60.0,Married,House / apartment,Working,225000.0,0
416566,Cash loans,755190.0,50800.5,F,44.0,Married,House / apartment,,270000.0,0
451044,Cash loans,454500.0,21865.5,F,32.0,Single / not married,House / apartment,Working,180000.0,0
430057,Cash loans,1288350.0,39199.5,F,53.0,Married,House / apartment,Unemployed,90000.0,0
248354,Cash loans,497520.0,31792.5,M,50.0,Married,House / apartment,Businessman,225000.0,0
134892,Cash loans,913500.0,63706.5,,37.0,Married,House / apartment,Working,112500.0,0
192964,Cash loans,765000.0,27234.0,M,34.0,Married,House / apartment,,108000.0,1
260304,Cash loans,215640.0,15466.5,M,45.0,Married,House / apartment,Businessman,225000.0,0
191934,Cash loans,1288350.0,37800.0,F,32.0,Single / not married,House / apartment,Businessman,225000.0,1
240219,Revolving loans,900000.0,45000.0,F,38.0,Married,House / apartment,Businessman,360000.0,0
345954,Cash loans,733315.5,43006.5,F,30.0,Married,Rented apartment,Working,180000.0,1
223402,Cash loans,213948.0,20970.0,M,68.0,Married,House / apartment,Unemployed,234000.0,0
174410,Cash loans,1125000.0,32895.0,F,40.0,Married,House / apartment,Unemployed,90000.0,0
237261,Cash loans,999216.0,69673.5,M,48.0,Married,House / apartment,Businessman,202500.0,0
104093,Cash loans,900000.0,26316.0,F,50.0,Married,House / apartment,Working,180000.0,0
155037,Cash loans,948582.0,27864.0,,47.0,Married,House / apartment,Businessman,360000.0,0
195992,Cash loans,808650.0,23305.5,F,57.0,Married,House / apartment,Unemployed,67500.0,0
147605,Cash loans,469152.0,24084.0,F,42.0,Civil marriage,House / apartment,Working,112500.0,0
230223,Cash loans,698517.0,25218.0,M,54.0,Married,House / apartment,Working,112500.0,1
443384,Cash loans,1546020.0,42642.0,M,35.0,Married,House / apartment,Unemployed,144000.0,0
156419,Cash loans,730017.0,35248.5,F,48.0,Married,House / apartment,Unemployed,103500.0,0
286690,Cash loans,67500.0,7047.0,F,64.0,Separated,House / apartment,Unemployed,108000.0,0
266935,Cash loans,450000.0,27324.0,F,34.0,Single / not married,House / apartment,Businessman,243000.0,0
367250,Cash loans,225000.0,23184.0,F,67.0,Married,House / apartment,Working,121500.0,0
332239,Revolving loans,270000.0,13500.0,M,42.0,Married,House / apartment,Working,171000.0,0
358757,Cash loans,450000.0,30204.0,M,42.0,Married,House / apartment,Unemployed,112500.0,1
233381,Revolving loans,337500.0,16875.0,F,42.0,Civil marriage,House / apartment,Working,135000.0,0
275345,Cash loans,148365.0,10453.5,F,60.0,Married,House / apartment,Unemployed,67500.0,0
374925,Cash loans,838453.5,37062.0,F,50.0,Single / not married,House / apartment,Unemployed,135000.0,0
438232,Cash loans,740704.5,29110.5,M,24.0,Married,House / apartment,Businessman,270000.0,0
238115,Cash loans,673659.0,72549.0,M,25.0,Single / not married,With parents,Working,270000.0,0
231695,Cash loans,299772.0,23814.0,F,26.0,Married,House / apartment,Working,135000.0,0
180665,Cash loans,284400.0,16011.0,F,59.0,Married,House / apartment,Unemployed,67500.0,0
145429,Cash loans,276277.5,20349.0,F,51.0,Civil marriage,House / apartment,Businessman,202500.0,0
276847,Cash loans,497520.0,33376.5,F,,Married,House / apartment,Unemployed,180000.0,0
219316,Cash loans,152820.0,15241.5,F,53.0,Widow,House / apartment,Unemployed,81000.0,0
127335,Revolving loans,225000.0,11250.0,F,52.0,Married,House / apartment,Working,218250.0,0
156388,Cash loans,544491.0,17563.5,F,29.0,Married,House / apartment,Working,121500.0,0
437652,Revolving loans,180000.0,9000.0,F,43.0,Single / not married,Municipal apartment,,63000.0,1
320616,Cash loans,1162300.5,110488.5,M,38.0,Separated,House / apartment,Working,360000.0,0
122771,Cash loans,1221354.0,35842.5,M,45.0,Married,With parents,Businessman,247500.0,0
286149,Cash loans,778500.0,31005.0,M,,Married,House / apartment,Businessman,382500.0,0
430308,Cash loans,1006920.0,39933.0,M,38.0,Married,House / apartment,Businessman,225000.0,0
379675,Cash loans,517536.0,28206.0,M,42.0,Married,House / apartment,Unemployed,144000.0,1
131486,Cash loans,270000.0,18171.0,F,28.0,Civil marriage,House / apartment,Working,67500.0,0
291054,Cash loans,675000.0,19345.5,F,55.0,Married,House / apartment,Unemployed,45000.0,0
392183,Cash loans,345510.0,15349.5,F,31.0,Married,House / apartment,Working,135000.0,0
235391,Cash loans,454500.0,17608.5,F,53.0,Married,House / apartment,Unemployed,76500.0,0
356753,Cash loans,536917.5,28737.0,M,57.0,Married,Municipal apartment,Working,121500.0,0
224169,Cash loans,1053000.0,34353.0,M,42.0,Civil marriage,House / apartment,Unemployed,144000.0,0
214134,Cash loans,242595.0,19579.5,F,44.0,Married,House / apartment,,171000.0,0
154758,Cash loans,49500.0,4626.0,F,27.0,Single / not married,With parents,Unemployed,117000.0,0
118402,Cash loans,544491.0,17694.0,F,57.0,Widow,House / apartment,Working,135000.0,1
273978,Cash loans,,58333.5,M,61.0,Married,House / apartment,Unemployed,180000.0,1
284143,Cash loans,810000.0,23814.0,M,56.0,Civil marriage,House / apartment,Working,292500.0,0
267383,Revolving loans,180000.0,9000.0,F,22.0,Civil marriage,Municipal apartment,Working,112500.0,0
153071,Cash loans,1485000.0,40968.0,F,41.0,Married,House / apartment,Businessman,414000.0,0
416792,Revolving loans,180000.0,9000.0,,57.0,Married,House / apartment,Businessman,225000.0,1
110135,Cash loans,566055.0,15061.5,F,37.0,Married,House / apartment,Unemployed,90000.0,0
105628,Cash loans,454500.0,25506.0,F,30.0,Married,House / apartment,Working,117000.0,0
170692,Cash loans,1436850.0,42142.5,F,48.0,Civil marriage,House / apartment,Businessman,225000.0,0
125178,Cash loans,1305000.0,38286.0,F,35.0,Married,House / apartment,Working,180000.0,0
112483,Cash loans,655614.0,36738.0,F,46.0,Married,House / apartment,Unemployed,81000.0,0
333914,Cash loans,917172.0,29718.0,F,42.0,Married,House / apartment,Working,144000.0,0
255092,Cash loans,1154565.0,38286.0,M,43.0,Separated,House / apartment,Working,540000.0,0
228252,Cash loans,298512.0,31473.0,F,49.0,Married,House / apartment,Unemployed,81000.0,0
424596,Cash loans,808650.0,26086.5,F,30.0,Civil marriage,With parents,Unemployed,67500.0,0
453369,Cash loans,508495.5,46768.5,F,28.0,Single / not married,With parents,Working,180000.0,0
370162,Cash loans,940500.0,39978.0,F,60.0,Widow,House / apartment,Working,315000.0,0
241602,Cash loans,808650.0,31464.0,F,56.0,Civil marriage,House / apartment,Unemployed,66600.0,1
353666,Cash loans,495000.0,15966.0,F,50.0,Single / not married,House / apartment,Unemployed,90000.0,0
453177,Cash loans,1215000.0,35523.0,F,,Civil marriage,House / apartment,Businessman,234000.0,0
388328,Cash loans,156384.0,17815.5,M,28.0,Single / not married,House / apartment,Businessman,265500.0,0
180103,Cash loans,630000.0,40392.0,F,30.0,Married,House / apartment,Unemployed,166500.0,0
442068,Cash loans,354276.0,21226.5,M,28.0,Civil marriage,House / apartment,Working,135000.0,0
444886,Cash loans,808650.0,26217.0,F,32.0,Married,Municipal apartment,Working,117000.0,0
165694,Cash loans,203760.0,11826.0,F,61.0,Separated,House / apartment,Working,157500.0,0
283182,Cash loans,485640.0,44671.5,F,39.0,Married,House / apartment,Businessman,225000.0,1
283465,Cash loans,450000.0,35685.0,F,59.0,Married,House / apartment,Working,135000.0,1
437709,Cash loans,1528200.0,55021.5,F,54.0,Married,House / apartment,Working,247500.0,0
278263,Cash loans,755190.0,36328.5,M,27.0,Married,House / apartment,Working,130500.0,0
234505,Cash loans,328405.5,20218.5,F,42.0,Married,House / apartment,Unemployed,90000.0,0
428520,Cash loans,1133748.0,36571.5,F,40.0,Married,House / apartment,Working,180000.0,0
362551,Cash loans,270000.0,13131.0,F,28.0,Single / not married,House / apartment,Working,135000.0,0
415996,Cash loans,539100.0,29376.0,M,33.0,Single / not married,House / apartment,,202500.0,0
126789,Cash loans,108837.0,11718.0,M,53.0,Civil marriage,House / apartment,Working,135000.0,1
237246,Cash loans,269550.0,18891.0,M,64.0,Married,House / apartment,Working,135000.0,0
155557,Cash loans,180000.0,19098.0,F,37.0,Married,House / apartment,Working,157500.0,0
134853,Cash loans,521280.0,22216.5,F,57.0,Married,House / apartment,Unemployed,63000.0,0
304126,Revolving loans,247500.0,12375.0,F,56.0,Separated,House / apartment,Unemployed,76500.0,0
161950,Revolving loans,1350000.0,67500.0,M,59.0,Married,House / apartment,Businessman,450000.0,0
446261,Cash loans,171841.5,13707.0,F,47.0,Married,House / apartment,Unemployed,81000.0,1
271701,Cash loans,229500.0,11169.0,,63.0,Separated,House / apartment,,153000.0,0
192193,Cash loans,640080.0,29970.0,F,30.0,Married,House / apartment,Businessman,306000.0,0
335872,Cash loans,544491.0,15916.5,F,62.0,Married,House / apartment,Unemployed,108000.0,0
212787,Cash loans,101880.0,10939.5,M,36.0,Married,House / apartment,Working,90000.0,0
330121,Cash loans,164182.5,17379.0,F,58.0,Married,House / apartment,Working,198000.0,0
187055,Cash loans,1006920.0,42790.5,F,51.0,Married,House / apartment,Working,112500.0,0
214341,Cash loans,1350000.0,123763.5,M,42.0,Single / not married,House / apartment,Businessman,391747.5,0
285255,Revolving loans,270000.0,13500.0,F,25.0,Single / not married,Rented apartment,Working,135000.0,0
221834,Cash loans,1288350.0,37800.0,F,37.0,Married,House / apartment,Working,135000.0,0
433240,Cash loans,1120500.0,32890.5,M,35.0,Married,House / apartment,Working,180000.0,1
261624,Cash loans,360000.0,16911.0,M,53.0,Married,House / apartment,Unemployed,72000.0,0
247249,Cash loans,862560.0,25348.5,M,65.0,Married,House / apartment,Working,157500.0,0
454044,Cash loans,360000.0,17509.5,M,29.0,Married,House / apartment,Working,157500.0,0
216643,Cash loans,540000.0,54630.0,F,49.0,Single / not married,House / apartment,Unemployed,243000.0,0
414608,Revolving loans,270000.0,13500.0,F,38.0,Civil marriage,Municipal apartment,Unemployed,135000.0,0
172703,Cash loans,225000.0,23184.0,F,50.0,Married,House / apartment,Working,180000.0,0
283217,Cash loans,592560.0,30384.0,F,30.0,Civil marriage,House / apartment,Working,135000.0,0
244576,Cash loans,533668.5,23638.5,F,63.0,Separated,House / apartment,Unemployed,108000.0,0
262485,Cash loans,675000.0,17937.0,F,,Single / not married,House / apartment,Working,139500.0,0
373709,Cash loans,640080.0,24259.5,F,64.0,Widow,House / apartment,Unemployed,67500.0,0
223321,Cash loans,545040.0,25407.0,M,36.0,Single / not married,House / apartment,Businessman,270000.0,0
333674,Cash loans,942300.0,27679.5,F,55.0,Single / not married,House / apartment,Working,130500.0,0
422689,Cash loans,1125000.0,50314.5,F,,Married,House / apartment,Businessman,315000.0,0
423080,Cash loans,653328.0,21204.0,F,57.0,Widow,House / apartment,Working,180000.0,0
271948,Cash loans,521280.0,31630.5,F,31.0,Separated,House / apartment,Businessman,301500.0,0
352858,Revolving loans,225000.0,11250.0,F,38.0,Married,House / apartment,Businessman,234000.0,0
127921,Cash loans,553626.0,47646.0,F,27.0,Married,House / apartment,Working,198000.0,0
359463,Cash loans,1687266.0,62658.0,F,58.0,Married,House / apartment,Businessman,315000.0,0
436345,Cash loans,760225.5,30280.5,F,37.0,Married,House / apartment,Working,184500.0,0
361088,Cash loans,450000.0,22018.5,F,52.0,Married,House / apartment,Unemployed,54000.0,0
285804,Revolving loans,270000.0,13500.0,F,26.0,Single / not married,With parents,Working,135000.0,0
178567,Cash loans,418743.0,33214.5,M,38.0,Civil marriage,House / apartment,,157500.0,0
179683,Cash loans,152820.0,15241.5,M,40.0,Married,House / apartment,Unemployed,81000.0,0
124154,Cash loans,900000.0,29034.0,F,30.0,Married,House / apartment,Working,94500.0,0
382112,Cash loans,539100.0,25933.5,F,49.0,Single / not married,House / apartment,Working,126000.0,0
397048,Cash loans,288972.0,19678.5,F,38.0,Married,House / apartment,Unemployed,58500.0,1
142494,Cash loans,2250000.0,59355.0,M,45.0,Single / not married,House / apartment,Businessman,1350000.0,0
254318,Cash loans,900000.0,26446.5,F,53.0,Married,Municipal apartment,,270000.0,0
394148,Cash loans,760225.5,30150.0,F,63.0,Single / not married,Office apartment,Working,157500.0,0
310701,Cash loans,273636.0,18414.0,F,52.0,Married,House / apartment,Businessman,202500.0,0
310309,Cash loans,194922.0,15214.5,F,31.0,Separated,House / apartment,Working,157500.0,0
350785,Cash loans,634500.0,25096.5,F,24.0,Married,With parents,Unemployed,45000.0,1
388101,Cash loans,66222.0,6678.0,F,68.0,Civil marriage,House / apartment,Working,112500.0,0
247236,Cash loans,381528.0,18684.0,F,34.0,Married,House / apartment,Working,180000.0,0
332637,Revolving loans,180000.0,9000.0,F,40.0,Civil marriage,House / apartment,Unemployed,90000.0,0
435306,Cash loans,360000.0,28570.5,M,27.0,Married,House / apartment,Working,126000.0,0
127152,Cash loans,509922.0,28471.5,M,28.0,Married,House / apartment,Working,135000.0,0
137730,Cash loans,592560.0,35937.0,M,64.0,Married,Municipal apartment,Businessman,405000.0,0
436689,Cash loans,1078200.0,31653.0,F,64.0,Married,House / apartment,Working,180000.0,0
279204,Cash loans,544491.0,17563.5,F,35.0,Married,House / apartment,Working,360000.0,1
231388,Cash loans,142632.0,13671.0,F,55.0,Single / not married,House / apartment,Unemployed,67500.0,0
422228,Cash loans,942300.0,27679.5,M,55.0,Single / not married,House / apartment,Working,157500.0,0
230843,Cash loans,270000.0,25245.0,F,30.0,Married,House / apartment,Unemployed,90000.0,0
351548,Revolving loans,337500.0,16875.0,F,43.0,Married,House / apartment,Working,135000.0,0
359850,Cash loans,284400.0,16011.0,F,66.0,Separated,House / apartment,Working,112500.0,0
397435,Cash loans,760225.5,32337.0,M,31.0,Married,House / apartment,Businessman,225000.0,0
297392,Cash loans,526491.0,32337.0,M,30.0,Married,House / apartment,Businessman,234000.0,0
266591,Cash loans,1035072.0,30262.5,,36.0,Married,House / apartment,,81000.0,0
239425,Cash loans,364896.0,16200.0,F,47.0,Separated,House / apartment,Businessman,225000.0,0
338522,Cash loans,521280.0,36279.0,M,42.0,Married,House / apartment,Working,180000.0,0
214896,Cash loans,900000.0,26446.5,F,40.0,Separated,House / apartment,Working,180000.0,0
296066,Cash loans,630000.0,26482.5,F,45.0,Civil marriage,House / apartment,Working,117000.0,0
320238,Cash loans,500211.0,48861.0,F,47.0,Married,House / apartment,Working,157500.0,0
241428,Revolving loans,202500.0,10125.0,,31.0,Married,House / apartment,Businessman,315000.0,0
354894,Cash loans,526491.0,22131.0,F,32.0,Married,House / apartment,Working,189000.0,0
241221,Cash loans,315000.0,16623.0,F,47.0,Married,House / apartment,Unemployed,72000.0,0
128138,Cash loans,1162170.0,34110.0,M,53.0,Single / not married,House / apartment,Businessman,225000.0,0
277996,Cash loans,170640.0,13612.5,F,28.0,Married,House / apartment,Unemployed,67500.0,1
246504,Cash loans,1116000.0,37012.5,F,44.0,Married,House / apartment,Working,157500.0,0
350929,Cash loans,1125000.0,32895.0,F,59.0,Married,House / apartment,Working,180000.0,0
358860,Cash loans,781920.0,42547.5,M,33.0,Married,Municipal apartment,,315000.0,0
452648,Cash loans,540360.0,14382.0,M,24.0,Single / not married,House / apartment,Working,180000.0,0
322643,Cash loans,284400.0,15880.5,F,66.0,Single / not married,House / apartment,Unemployed,99000.0,0
446809,Revolving loans,180000.0,9000.0,F,25.0,Married,With parents,Unemployed,67500.0,0
234122,Cash loans,99000.0,3730.5,F,55.0,Married,House / apartment,Unemployed,112500.0,0
196970,Cash loans,1006920.0,42790.5,F,65.0,Married,House / apartment,Businessman,270000.0,0
102022,Cash loans,1546020.0,42642.0,F,57.0,Married,House / apartment,Working,135000.0,0
358743,Cash loans,706221.0,20776.5,F,61.0,Single / not married,House / apartment,Unemployed,135000.0,0
150465,Cash loans,495000.0,25402.5,F,38.0,Married,House / apartment,Unemployed,135000.0,0
333402,Cash loans,547344.0,16722.0,F,62.0,Single / not married,House / apartment,Working,121500.0,0
170088,Cash loans,834048.0,44568.0,M,40.0,Married,House / apartment,Businessman,202500.0,0
227284,Cash loans,790830.0,62613.0,M,44.0,Married,House / apartment,Unemployed,315000.0,0
341474,Cash loans,225000.0,24363.0,F,,Single / not married,House / apartment,Working,135000.0,0
320023,Cash loans,292500.0,19674.0,M,29.0,Married,House / apartment,Unemployed,90000.0,0
435824,Cash loans,760225.5,30150.0,F,40.0,Married,House / apartment,Businessman,229500.0,0
354147,Revolving loans,405000.0,20250.0,F,45.0,Married,House / apartment,Working,180000.0,0
224753,Cash loans,675000.0,32602.5,F,52.0,Married,House / apartment,Working,157500.0,1
402651,Cash loans,905688.0,24021.0,M,55.0,Married,House / apartment,Unemployed,96750.0,0
396263,Cash loans,1327500.0,38943.0,M,35.0,Separated,House / apartment,Businessman,360000.0,0
145510,Cash loans,1223010.0,48631.5,F,48.0,Civil marriage,House / apartment,Working,225000.0,0
295222,Cash loans,1971072.0,62019.0,M,43.0,Married,House / apartment,Businessman,270000.0,0
355053,Cash loans,640080.0,29970.0,F,,Married,House / apartment,Working,315000.0,0
116138,Cash loans,1159515.0,33903.0,M,40.0,Married,House / apartment,Unemployed,90000.0,0
393428,Revolving loans,202500.0,10125.0,F,,Married,House / apartment,Working,58500.0,0
297789,Cash loans,604152.0,25726.5,M,43.0,Married,House / apartment,Businessman,225000.0,0
355936,Cash loans,450000.0,22018.5,F,53.0,Married,House / apartment,Businessman,202500.0,0
228567,Cash loans,435253.5,14274.0,F,28.0,Single / not married,House / apartment,Working,85500.0,0
376742,Cash loans,1515415.5,44437.5,M,37.0,Married,House / apartment,Businessman,315000.0,0
172638,Cash loans,490495.5,27517.5,M,50.0,Married,House / apartment,Working,144000.0,0
238103,Cash loans,247275.0,19953.0,F,57.0,Single / not married,House / apartment,Working,126000.0,0
237915,Cash loans,598486.5,21496.5,F,36.0,Married,With parents,Working,135000.0,0
212845,Cash loans,225000.0,22252.5,F,58.0,Separated,House / apartment,Unemployed,99000.0,0
368119,Cash loans,513531.0,20493.0,F,61.0,Widow,House / apartment,Working,135000.0,0
426483,Cash loans,781920.0,28215.0,F,58.0,Widow,House / apartment,Working,202500.0,0
146726,Cash loans,1018899.0,29920.5,,59.0,Married,House / apartment,Working,157500.0,0
109628,Cash loans,247275.0,21150.0,F,27.0,Married,House / apartment,Businessman,247500.0,1
378082,Cash loans,755190.0,36459.0,M,38.0,Civil marriage,House / apartment,Working,306000.0,0
171533,Cash loans,335592.0,24547.5,M,44.0,Married,Rented apartment,Unemployed,157500.0,0
264370,Cash loans,127350.0,7438.5,F,67.0,Widow,House / apartment,Working,49950.0,0
101874,Cash loans,284400.0,13963.5,F,57.0,Separated,House / apartment,Unemployed,135000.0,1
110536,Cash loans,755190.0,31995.0,F,60.0,Married,House / apartment,Businessman,306000.0,0
254961,Cash loans,508495.5,20295.0,F,63.0,Widow,Municipal apartment,Unemployed,103500.0,1
329560,Cash loans,1436850.0,42142.5,M,58.0,Married,House / apartment,Businessman,202500.0,0
108421,Cash loans,101880.0,10053.0,M,67.0,Married,House / apartment,,90000.0,0
411204,Cash loans,450000.0,42075.0,M,24.0,Civil marriage,House / apartment,Working,315000.0,0
378075,Cash loans,328405.5,14044.5,M,60.0,Married,House / apartment,Unemployed,90000.0,0
136700,Cash loans,,22023.0,M,28.0,Married,House / apartment,Working,180000.0,0
404338,Cash loans,679500.0,22455.0,F,43.0,Married,House / apartment,Working,135000.0,0
122140,Cash loans,808650.0,31333.5,F,35.0,Married,House / apartment,Unemployed,90000.0,0
287296,Cash loans,254700.0,25321.5,F,,Widow,House / apartment,Working,135000.0,0
285608,Cash loans,781920.0,42547.5,F,42.0,Married,House / apartment,Working,157500.0,0
226695,Cash loans,679500.0,24201.0,F,38.0,Married,House / apartment,Businessman,202500.0,0
188615,Cash loans,177903.0,7537.5,M,64.0,Married,House / apartment,Unemployed,81000.0,0
257315,Revolving loans,,67500.0,F,48.0,Married,House / apartment,Businessman,270000.0,0
403282,Cash loans,439074.0,21253.5,M,61.0,Single / not married,House / apartment,Unemployed,105975.0,0
372800,Cash loans,808650.0,31464.0,F,27.0,Civil marriage,With parents,Working,135000.0,0
409234,Cash loans,319500.0,15025.5,F,34.0,Married,House / apartment,Working,112500.0,0
183663,Cash loans,868797.0,36940.5,F,52.0,Civil marriage,House / apartment,Businessman,522000.0,0
339742,Revolving loans,540000.0,27000.0,M,,Single / not married,Municipal apartment,Unemployed,180000.0,0
138264,Cash loans,607500.0,38952.0,M,57.0,Married,House / apartment,,729000.0,0
120002,Cash loans,1125000.0,32895.0,M,63.0,Married,House / apartment,Businessman,225000.0,0
111879,Cash loans,879480.0,25843.5,F,57.0,Married,House / apartment,Businessman,270000.0,0
198725,Cash loans,325377.0,25330.5,F,50.0,Married,House / apartment,Businessman,229500.0,0
452709,Cash loans,1240614.0,40999.5,F,44.0,Married,House / apartment,Businessman,270000.0,0
329032,Cash loans,1288350.0,37800.0,F,54.0,Married,House / apartment,Unemployed,107100.0,0
394662,Revolving loans,225000.0,11250.0,F,45.0,Married,House / apartment,Businessman,225000.0,0
217168,Cash loans,707287.5,36243.0,F,39.0,Married,House / apartment,Businessman,225000.0,0
230932,Revolving loans,900000.0,45000.0,M,55.0,Married,House / apartment,Businessman,765000.0,0
265934,Cash loans,113746.5,8937.0,F,38.0,Married,House / apartment,Working,94500.0,0
274562,Cash loans,312768.0,16096.5,M,47.0,Civil marriage,With parents,Businessman,270000.0,0
449022,Cash loans,225000.0,26703.0,M,24.0,Single / not married,House / apartment,Businessman,202500.0,0
325871,Cash loans,337500.0,12253.5,F,,Married,House / apartment,Unemployed,78750.0,0
178462,Cash loans,225000.0,22252.5,F,64.0,Civil marriage,House / apartment,Businessman,225000.0,0
256450,Cash loans,62554.5,6736.5,M,36.0,Married,With parents,Unemployed,162000.0,0
284928,Cash loans,1006920.0,40063.5,F,37.0,Married,House / apartment,Working,126000.0,0
271861,Cash loans,536917.5,22702.5,M,29.0,Civil marriage,House / apartment,Unemployed,180000.0,1
426619,Cash loans,512145.0,24768.0,M,64.0,Widow,House / apartment,Working,117000.0,0
145538,Revolving loans,180000.0,9000.0,F,56.0,Married,House / apartment,,67500.0,0
145984,Cash loans,1971072.0,68643.0,F,38.0,Married,House / apartment,Working,135000.0,0
348870,Cash loans,808650.0,31464.0,M,55.0,Married,House / apartment,Working,166500.0,0
384681,Cash loans,1170000.0,32175.0,M,61.0,Married,House / apartment,Working,90000.0,0
284551,Cash loans,253737.0,26923.5,M,44.0,Civil marriage,House / apartment,Working,180000.0,0
241003,Cash loans,526491.0,29529.0,F,44.0,Separated,House / apartment,Businessman,225000.0,0
233383,Cash loans,634482.0,23440.5,F,37.0,Married,House / apartment,,135000.0,0
406658,Cash loans,355536.0,15790.5,F,37.0,Married,With parents,Unemployed,67500.0,0
204115,Cash loans,1006920.0,42790.5,F,57.0,Single / not married,House / apartment,Working,382500.0,0
341399,Cash loans,539100.0,29245.5,F,24.0,Single / not married,With parents,Working,90000.0,0
341158,Revolving loans,315000.0,15750.0,,32.0,Married,House / apartment,Working,135000.0,0
258785,Cash loans,458725.5,31162.5,M,36.0,Single / not married,House / apartment,Working,135000.0,0
256703,Cash loans,448299.0,23017.5,F,45.0,Single / not married,House / apartment,Working,144000.0,0
452925,Cash loans,755190.0,38686.5,F,47.0,Single / not married,House / apartment,Businessman,270000.0,0
212487,Cash loans,244584.0,16051.5,F,,Separated,House / apartment,Unemployed,270000.0,0
430816,Revolving loans,180000.0,9000.0,F,29.0,Married,House / apartment,Working,135000.0,0
142450,Revolving loans,,18000.0,F,38.0,Married,House / apartment,Working,121500.0,0
411211,Cash loans,450000.0,23562.0,F,27.0,Married,House / apartment,Unemployed,90000.0,0
220980,Cash loans,191880.0,19107.0,M,47.0,Married,House / apartment,Businessman,270000.0,0
313985,Cash loans,142632.0,14238.0,F,28.0,Civil marriage,House / apartment,Working,171000.0,0
260067,Cash loans,760225.5,30280.5,F,41.0,Civil marriage,House / apartment,Working,157500.0,0
194570,Cash loans,675000.0,21906.0,M,40.0,Married,With parents,Businessman,202500.0,0
433448,Cash loans,273636.0,17617.5,M,62.0,Married,House / apartment,Unemployed,90000.0,0
221379,Cash loans,436032.0,15660.0,F,42.0,Married,House / apartment,Working,180000.0,0
350537,Revolving loans,405000.0,20250.0,F,53.0,Married,House / apartment,,157500.0,0
409704,Cash loans,,33376.5,F,34.0,Married,House / apartment,Unemployed,157500.0,0
331687,Cash loans,239850.0,25960.5,M,33.0,Single / not married,House / apartment,Working,103500.0,1
338620,Cash loans,490495.5,27517.5,F,39.0,Married,House / apartment,Businessman,225000.0,0
134567,Cash loans,1528200.0,53248.5,F,36.0,Married,Municipal apartment,Working,135000.0,0
193252,Revolving loans,1350000.0,67500.0,F,26.0,Single / not married,House / apartment,Businessman,225000.0,0
307475,Cash loans,755190.0,31995.0,M,43.0,Civil marriage,House / apartment,Unemployed,180000.0,0
426111,Cash loans,153000.0,10881.0,M,31.0,Married,House / apartment,Businessman,202500.0,0
268137,Cash loans,900000.0,26316.0,F,36.0,Married,With parents,Unemployed,67500.0,0
219331,Cash loans,284400.0,19134.0,F,23.0,Separated,With parents,Unemployed,157500.0,0
454255,Cash loans,269550.0,14112.0,,28.0,Married,House / apartment,Working,144000.0,0
268554,Cash loans,302076.0,22716.0,,40.0,Married,House / apartment,Unemployed,67500.0,0
227875,Revolving loans,180000.0,9000.0,F,27.0,Married,House / apartment,,90000.0,0
363047,Cash loans,631332.0,32688.0,M,22.0,Single / not married,With parents,Unemployed,105142.5,0
220360,Cash loans,1971072.0,68643.0,M,55.0,Married,House / apartment,Working,450000.0,0
425676,Cash loans,352044.0,17122.5,F,38.0,Separated,House / apartment,Businessman,247500.0,0
372546,Cash loans,545040.0,19705.5,F,51.0,Separated,House / apartment,Working,121500.0,0
152089,Cash loans,1006069.5,36265.5,F,26.0,Married,House / apartment,Businessman,270000.0,0
150977,Cash loans,135000.0,14670.0,M,28.0,Married,House / apartment,Businessman,225000.0,0
120861,Cash loans,270126.0,14782.5,M,25.0,Single / not married,With parents,Working,112500.0,0
