transaction_id,product_id,transaction_quantity,price_per_unit
78147,54,1,2.5
78148,31,1,2.2
78149,57,1,3.1
78150,32,1,3.0
78151,33,2,3.5
78151,76,1,3.5
78152,55,1,4.0
78153,53,1,3.0
78153,69,1,3.25
78154,45,1,3.0
78155,58,2,3.5
78155,70,1,3.25
78156,58,1,3.5
78156,70,1,3.25
78157,41,1,4.25
78157,65,1,0.8
78157,73,1,3.75
78158,61,1,4.75
78159,39,2,4.25
78159,63,2,0.8
78159,5,1,15.0
78160,51,1,3.0
78161,26,2,3.0
78162,56,2,2.55
78163,61,1,4.75
78164,42,2,2.5
78165,49,2,3.0
78166,25,2,2.2
78167,38,2,3.75
78167,72,1,3.25
78168,44,2,2.5
78169,49,1,3.0
78170,56,1,2.55
78171,55,1,4.0
78172,49,1,3.0
78172,79,1,3.75
78173,48,2,2.5
78173,69,1,3.25
78174,27,2,3.5
78175,46,1,2.5
78176,26,2,3.0
78177,29,1,2.5
78178,55,2,4.0
78179,34,2,2.45
78180,47,2,3.0
78181,41,2,4.25
78181,79,1,3.75
78182,41,1,4.25
78182,64,1,0.8
78182,71,1,3.75
78183,55,2,4.0
78183,79,1,3.75
78184,47,1,3.0
78185,58,1,3.5
78186,22,1,2.0
78186,74,1,3.5
78187,53,2,3.0
78187,71,1,3.75
78187,46,2,2.5
78187,74,1,3.5
78188,87,2,3.0
78189,33,1,3.5
78190,27,1,3.5
78191,32,2,3.0
78192,29,2,2.5
78193,45,1,3.0
78193,78,1,4.5
78194,33,1,3.5
78194,71,1,3.75
78195,32,1,3.0
78196,32,2,3.0
78196,70,1,3.25
78197,28,1,2.0
78198,40,1,3.75
78199,59,2,4.5
78199,3,1,14.75
78200,40,2,3.75
78201,58,2,3.5
78201,71,1,3.75
78202,31,1,2.2
78203,32,1,3.0
78204,55,2,4.0
78204,57,2,3.1
78205,48,2,2.5
78206,30,1,3.0
78206,13,1,8.95
78207,26,2,3.0
78207,74,1,3.5
78208,55,2,4.0
78209,59,2,4.5
78210,27,2,3.5
78211,32,2,3.0
78212,47,2,3.0
78213,22,1,2.0
78213,69,1,3.25
78214,35,2,3.1
78215,87,2,3.0
78215,76,1,3.5
78216,52,2,2.5
78217,54,1,2.5
78218,61,1,4.75
78219,87,2,3.0
78219,79,1,3.75
78220,37,1,3.0
78220,64,1,0.8
78221,52,1,2.5
78221,78,1,4.5
78222,32,1,3.0
78223,38,1,3.75
78223,84,2,0.8
78224,37,2,3.0
78224,84,2,0.8
78225,41,2,4.25
78225,63,2,0.8
78226,61,2,4.75
78227,37,1,3.0
78227,64,1,0.8
78228,39,2,4.25
78228,84,2,0.8
78228,79,1,3.75
78229,23,2,2.5
78230,44,1,2.5
78231,34,2,2.45
78232,23,1,2.5
78233,87,2,3.0
78234,24,1,3.0
78235,50,2,2.5
78235,71,1,3.75
78236,38,1,3.75
78236,84,1,0.8
78237,42,1,2.5
78238,55,1,4.0
78239,36,1,3.75
78239,71,1,3.75
78240,25,1,2.2
78241,23,2,2.5
78242,39,1,4.25
78242,84,1,0.8
78243,34,2,2.45
78244,33,2,3.5
78245,44,2,2.5
78246,56,2,2.55
78247,26,1,3.0
78247,69,1,3.25
78248,32,1,3.0
78249,61,2,4.75
78250,52,2,2.5
78251,32,2,3.0
78252,57,1,3.1
78253,45,2,3.0
78253,10,1,10.0
78254,41,1,4.25
78254,84,2,0.8
78254,73,1,3.75
78255,43,1,3.0
78256,57,1,3.1
78256,6,1,21.0
78257,48,1,2.5
78258,53,2,3.0
78259,37,1,3.0
78259,65,1,0.8
78259,76,1,3.5
78260,71,1,3.75
78261,35,2,3.1
78262,45,2,3.0
78262,78,1,4.5
78263,43,2,3.0
78264,39,2,4.25
78264,64,1,0.8
78264,76,1,3.5
78265,46,1,2.5
78265,79,1,3.75
78266,59,2,4.5
78267,42,1,2.5
78268,52,1,2.5
78268,73,1,3.75
78269,59,1,4.5
78270,49,2,3.0
78270,70,1,3.25
78271,39,1,4.25
78271,63,2,0.8
78272,60,1,3.75
78273,52,1,2.5
78273,75,1,3.5
78274,28,2,2.0
78275,36,1,3.75
78275,77,1,3.0
78276,27,1,3.5
78277,28,2,2.0
78278,40,1,3.75
78278,84,1,0.8
78278,75,1,3.5
78279,87,1,2.1
78279,72,1,3.25
78280,61,1,4.75
78280,70,1,3.25
78281,53,1,3.0
78282,58,1,3.5
78283,25,2,2.2
78284,56,1,2.55
78285,54,2,2.5
78285,74,1,3.5
78286,50,2,2.5
78287,39,2,4.25
78288,56,2,2.55
78289,58,2,3.5
78290,34,2,2.45
78291,23,1,2.5
78292,41,2,4.25
78292,65,1,0.8
78293,47,2,3.0
78294,23,1,2.5
78295,24,1,3.0
78295,76,1,3.5
78296,28,2,2.0
78296,73,1,3.75
78297,57,2,3.1
78298,51,1,3.0
78299,55,2,4.0
78299,73,1,3.75
78300,23,2,2.5
78301,41,1,4.25
78301,64,1,0.8
78302,32,2,3.0
78302,73,1,3.75
78303,35,2,3.1
78303,73,1,3.75
78304,49,2,3.0
78304,1,1,18.0
78305,22,1,2.0
78306,44,1,2.5
78307,28,2,2.0
78308,49,2,3.0
78308,79,1,3.75
78309,41,2,4.25
78309,84,1,0.8
78310,27,1,3.5
78311,59,2,4.5
78312,32,1,3.0
78313,57,1,3.1
78314,45,2,3.0
78315,49,1,3.0
78316,48,2,2.5
78317,58,1,3.5
78317,71,1,3.75
78318,60,1,3.75
78318,79,1,3.75
78319,40,2,3.75
78319,84,2,0.8
78320,40,2,3.75
78320,84,2,0.8
78321,52,1,2.5
78322,42,1,2.5
78323,22,2,2.0
78323,71,1,3.75
78324,52,2,2.5
78325,26,1,3.0
78325,77,1,3.0
78326,61,1,4.75
78327,57,2,3.1
78328,30,1,3.0
78329,26,1,3.0
78330,31,1,2.2
78331,39,1,4.25
78331,78,1,4.5
78332,59,2,4.5
78333,32,1,3.0
78333,77,1,3.0
78334,47,2,3.0
78335,39,2,4.25
78335,64,1,0.8
78335,78,1,4.5
78336,43,2,3.0
78337,34,2,2.45
78338,59,1,4.5
78338,78,1,4.5
78339,29,1,2.5
78339,15,1,9.25
78340,25,1,2.2
78341,87,1,2.1
78341,72,1,3.25
78342,22,2,2.0
78342,79,1,3.75
78343,34,2,2.45
78344,29,1,2.5
78345,24,1,3.0
78345,11,1,8.95
78346,37,1,3.0
78346,63,2,0.8
78347,42,2,2.5
78348,57,2,3.1
78349,56,1,2.55
78350,58,2,3.5
78350,72,1,3.25
78350,83,1,14.0
78351,25,1,2.2
78352,50,2,2.5
78353,37,2,3.0
78353,84,1,0.8
78353,78,1,4.5
78353,76,1,3.5
78354,33,1,3.5
78354,69,1,3.25
78355,41,1,4.25
78355,65,2,0.8
78355,72,1,3.25
78356,47,2,3.0
78357,53,1,3.0
78358,44,2,2.5
78359,45,1,3.0
78359,79,1,3.75
78360,39,2,4.25
78360,63,2,0.8
78361,45,1,3.0
78362,38,1,3.75
78362,64,2,0.8
78363,28,2,2.0
78363,79,1,3.75
78364,42,2,2.5
78365,28,2,2.0
78366,22,1,2.0
78367,44,2,2.5
78368,43,1,3.0
78369,51,2,3.0
78370,22,1,2.0
78371,59,2,4.5
78372,45,1,3.0
78372,78,1,4.5
78373,55,2,4.0
78374,26,2,3.0
78375,49,1,3.0
78376,57,1,3.1
78377,26,2,3.0
78378,55,2,4.0
78379,49,2,3.0
78379,78,1,4.5
78380,45,1,3.0
78381,41,1,4.25
78381,3,1,14.75
78382,33,2,3.5
78383,57,2,3.1
78384,57,1,3.1
78385,51,1,3.0
78385,70,1,3.25
78386,22,1,2.0
78387,31,1,2.2
78388,39,2,4.25
78388,65,2,0.8
78389,45,1,3.0
78390,44,1,2.5
78391,31,2,2.2
78392,37,1,3.0
78392,69,1,3.25
78393,36,2,3.75
78394,50,2,2.5
78395,42,2,2.5
78396,56,2,2.55
78396,72,1,3.25
78396,10,1,10.0
78397,26,2,3.0
78397,70,1,3.25
78398,40,1,3.75
78398,63,1,0.8
78399,31,1,2.2
78400,41,2,4.25
78400,65,1,0.8
78401,27,2,3.5
78401,71,1,3.75
78402,55,2,4.0
78403,42,2,2.5
78404,24,1,3.0
78405,27,2,3.5
78406,48,1,2.5
78407,29,1,2.5
78408,39,1,4.25
78408,64,2,0.8
78409,41,2,4.25
78409,64,1,0.8
78409,83,1,14.0
78410,29,2,2.5
78411,50,1,2.5
78412,87,1,2.1
78412,72,1,3.25
78413,42,1,2.5
78414,59,1,4.5
78414,78,1,4.5
78415,48,2,2.5
78416,54,1,2.5
78417,40,2,3.75
78418,58,2,3.5
78419,36,2,3.75
78419,76,1,3.5
78420,87,2,3.0
78421,31,2,2.2
78422,58,1,3.5
78423,54,1,2.5
78424,44,2,2.5
78425,48,1,2.5
78425,71,1,3.75
78426,34,2,2.45
78427,50,1,2.5
78427,75,1,3.5
78428,29,1,2.5
78429,29,2,2.5
78430,38,2,3.75
78430,65,1,0.8
78431,47,2,3.0
78432,37,2,3.0
78432,84,2,0.8
78432,77,1,3.0
78433,56,1,2.55
78433,70,1,3.25
78434,34,1,2.45
78435,44,2,2.5
78435,71,1,3.75
78436,37,1,3.0
78436,63,2,0.8
78436,10,1,10.0
78437,87,2,3.0
78438,22,2,2.0
78439,38,2,3.75
78439,65,2,0.8
78440,36,1,3.75
78441,23,2,2.5
78442,37,1,3.0
78442,64,1,0.8
78442,69,1,3.25
78443,52,1,2.5
78444,44,2,2.5
78444,73,1,3.75
78445,57,2,3.1
78445,76,1,3.5
78446,45,2,3.0
78446,76,1,3.5
78447,34,2,2.45
78447,76,1,3.5
78448,46,2,2.5
78449,49,2,3.0
78450,37,2,3.0
78450,63,1,0.8
78450,76,1,3.5
78451,54,1,2.5
78451,73,1,3.75
78452,60,2,3.75
78453,56,2,2.55
78454,24,2,3.0
78454,79,1,3.75
78454,10,1,10.0
78455,61,1,4.75
78456,29,1,2.5
78457,55,2,4.0
78458,26,2,3.0
78459,51,1,3.0
78459,3,1,14.75
78460,61,2,4.75
78461,55,3,4.0
78462,29,1,2.5
78463,27,2,3.5
78464,35,1,3.1
78465,54,1,2.5
78466,42,1,2.5
78467,51,2,3.0
78468,24,1,3.0
78469,44,1,2.5
78470,24,2,3.0
78470,77,1,3.0
78471,40,2,3.75
78471,63,2,0.8
78472,38,1,3.75
78472,63,1,0.8
78473,44,1,2.5
78473,74,1,3.5
78474,37,1,3.0
78474,84,1,0.8
78474,70,1,3.25
78475,27,2,3.5
78476,32,2,3.0
78476,76,1,3.5
78477,27,2,3.5
78478,22,2,2.0
78479,27,2,3.5
78479,5,1,15.0
78480,40,1,3.75
78480,65,1,0.8
78481,38,2,3.75
78481,64,1,0.8
78481,71,1,3.75
78482,22,2,2.0
78482,15,1,9.25
78483,54,2,2.5
78484,55,2,4.0
78484,72,1,3.25
78485,39,2,4.25
78485,84,1,0.8
78485,75,1,3.5
78486,31,2,2.2
78486,72,1,3.25
78487,39,2,4.25
78487,64,2,0.8
78488,43,2,3.0
78489,40,2,3.75
78489,63,2,0.8
78489,20,1,7.6
78490,60,2,3.75
78490,78,1,4.5
78491,26,1,3.0
78492,41,2,4.25
78492,84,1,0.8
78492,71,1,3.75
78493,51,2,3.0
78494,54,1,2.5
78495,40,1,3.75
78495,64,2,0.8
78496,40,2,3.75
78497,24,1,3.0
78497,75,1,3.5
78498,48,2,2.5
78499,60,2,3.75
78500,28,1,2.0
78501,35,1,3.1
78501,74,1,3.5
78502,46,2,2.5
78502,75,1,3.5
78503,39,2,4.25
78503,63,1,0.8
78504,42,2,2.5
78505,28,1,2.0
78506,39,2,4.25
78506,65,1,0.8
78507,47,2,3.0
78508,47,1,3.0
78509,59,2,4.5
78510,47,2,3.0
78511,39,1,4.25
78511,84,2,0.8
78512,44,2,2.5
78513,45,1,3.0
78514,50,1,2.5
78515,43,2,3.0
78516,35,1,3.1
78517,87,2,3.0
78518,33,1,3.5
78518,8,1,45.0
78519,42,1,2.5
78520,50,1,2.5
78520,75,1,3.5
78521,49,1,3.0
78522,51,1,3.0
78522,78,1,4.5
78523,22,2,2.0
78524,47,1,3.0
78525,28,1,2.0
78526,56,2,2.55
78527,52,2,2.5
78528,27,2,3.5
78529,52,2,2.5
78530,30,2,3.0
78530,18,1,10.95
78531,57,1,3.1
78532,36,1,3.75
78533,27,2,3.5
78534,60,2,3.75
78535,30,2,3.0
78536,58,2,3.5
78536,8,1,45.0
78537,60,2,3.75
78538,31,2,2.2
78539,42,1,2.5
78540,31,2,2.2
78540,79,1,3.75
78541,44,2,2.5
78542,24,1,3.0
78543,55,1,4.0
78543,75,1,3.5
78544,36,1,3.75
78544,81,1,28.0
78545,36,1,3.75
78546,58,1,3.5
78547,39,2,4.25
78547,64,1,0.8
78547,76,1,3.5
78548,60,2,3.75
78548,72,1,3.25
78549,56,2,2.55
78549,78,1,4.5
78550,53,1,3.0
78551,51,2,3.0
78552,44,1,2.5
78552,76,1,3.5
78553,52,1,2.5
78553,75,1,3.5
78554,25,2,2.2
78554,76,1,3.5
78555,54,2,2.5
78556,24,2,3.0
78556,73,1,3.75
78557,53,2,3.0
78558,33,1,3.5
78558,74,1,3.5
78559,48,2,2.5
78560,36,1,3.75
78561,51,2,3.0
78561,79,1,3.75
78562,36,2,3.75
78562,75,1,3.5
78563,23,2,2.5
78564,30,2,3.0
78565,37,1,3.0
78565,65,2,0.8
78566,49,1,3.0
78567,52,1,2.5
78568,35,1,3.1
78569,31,2,2.2
78570,33,1,3.5
78570,72,1,3.25
78571,28,2,2.0
78571,71,1,3.75
78572,39,1,4.25
78573,50,1,2.5
78574,29,1,2.5
78575,56,1,2.55
78576,28,1,2.0
78577,61,1,4.75
78578,43,2,3.0
78579,29,2,2.5
78580,47,1,3.0
78581,31,2,2.2
78581,72,1,3.25
78582,59,2,4.5
78583,23,1,2.5
78584,51,2,3.0
78584,79,1,3.75
78585,38,2,3.75
78585,64,1,0.8
78585,8,1,45.0
78586,29,2,2.5
78587,38,1,3.75
78587,84,1,0.8
78588,33,2,3.5
78589,43,2,3.0
78590,26,2,3.0
78590,75,1,3.5
78591,87,1,2.1
78591,72,1,3.25
78592,60,2,3.75
78593,51,1,3.0
78594,27,2,3.5
78595,41,1,4.25
78595,84,1,0.8
78596,24,2,3.0
78597,24,2,3.0
78598,49,2,3.0
78599,39,1,4.25
78600,33,1,3.5
78601,25,2,2.2
78602,33,1,3.5
78603,53,1,3.0
78604,51,2,3.0
78605,41,1,4.25
78606,43,2,3.0
78607,56,2,2.55
78608,56,1,2.55
78609,41,2,4.25
78609,84,1,0.8
78610,35,2,3.1
78610,77,1,3.0
78611,57,1,3.1
78612,49,2,3.0
78613,51,1,3.0
78614,87,1,3.0
78615,33,1,3.5
78615,69,1,3.25
78616,26,1,3.0
78617,42,1,2.5
78618,49,1,3.0
78619,56,2,2.55
78620,27,2,3.5
78621,47,1,3.0
78622,47,1,3.0
78623,32,2,3.0
78624,32,2,3.0
78624,15,1,9.25
78625,47,2,3.0
78626,24,1,3.0
78627,60,2,3.75
78628,58,1,3.5
78629,60,2,3.75
78630,41,2,4.25
78630,64,1,0.8
78630,73,1,3.75
78631,61,2,4.75
78632,41,1,4.25
78632,65,1,0.8
78633,22,2,2.0
78634,30,1,3.0
78635,56,2,2.55
78636,34,1,2.45
78637,47,1,3.0
78638,22,1,2.0
78639,29,1,2.5
78639,73,1,3.75
78640,36,1,3.75
78641,27,2,3.5
78642,46,2,2.5
78643,57,1,3.1
78644,45,1,3.0
78645,51,1,3.0
78646,57,2,3.1
78647,35,2,3.1
78648,49,1,3.0
78649,52,2,2.5
78649,76,1,3.5
78650,28,2,2.0
78651,32,2,3.0
78652,40,1,3.75
78652,65,2,0.8
78653,22,1,2.0
78654,32,2,3.0
78655,42,2,2.5
78656,32,1,3.0
78657,58,1,3.5
78657,82,1,12.0
78658,22,2,2.0
78658,73,1,3.75
78659,41,2,4.25
78659,84,1,0.8
78660,60,2,3.75
78661,27,2,3.5
78662,59,1,4.5
78663,52,2,2.5
78664,58,1,3.5
78665,47,1,3.0
78666,26,2,3.0
78667,41,2,4.25
78667,63,2,0.8
78668,31,1,2.2
78669,31,1,2.2
78670,29,2,2.5
78671,29,1,2.5
78672,34,1,2.45
78672,79,1,3.75
78673,51,2,3.0
78674,57,1,3.1
78675,49,1,3.0
78676,32,2,3.0
78676,72,1,3.25
78677,27,2,3.5
78678,54,1,2.5
78679,87,1,3.0
78680,53,2,3.0
78681,55,1,4.0
78682,87,1,2.1
78682,72,1,3.25
78683,40,2,3.75
78683,64,2,0.8
78684,40,1,3.75
78684,17,1,9.5
78685,43,2,3.0
78686,46,1,2.5
78687,61,1,4.75
78688,30,1,3.0
78689,39,1,4.25
78689,63,2,0.8
78689,78,1,4.5
78690,44,1,2.5
78691,60,2,3.75
78691,75,1,3.5
78692,41,2,4.25
78693,48,1,2.5
78694,44,1,2.5
78695,40,1,3.75
78695,63,2,0.8
78696,60,2,3.75
78697,56,1,2.55
78698,37,1,3.0
78699,37,1,3.0
78700,44,1,2.5
78701,46,1,2.5
78702,23,1,2.5
78703,24,2,3.0
78704,87,1,2.1
78704,72,1,3.25
78705,33,2,3.5
78705,76,1,3.5
78706,53,1,3.0
78707,51,2,3.0
78708,58,2,3.5
78709,49,1,3.0
78710,36,1,3.75
78711,48,1,2.5
78712,24,1,3.0
78713,61,2,4.75
78714,29,1,2.5
78715,34,1,2.45
78716,28,1,2.0
78717,60,1,3.75
78718,22,2,2.0
78719,87,2,3.0
78720,28,2,2.0
78720,79,1,3.75
78721,37,1,3.0
78721,64,1,0.8
78722,38,1,3.75
78722,84,1,0.8
78723,22,1,2.0
78724,33,1,3.5
78725,28,2,2.0
78725,69,1,3.25
78725,81,1,28.0
78726,31,1,2.2
78727,87,1,3.0
78728,32,2,3.0
78729,52,2,2.5
78729,78,1,4.5
78730,29,1,2.5
78730,17,1,9.5
78731,48,1,2.5
78732,60,2,3.75
78733,32,1,3.0
78733,4,1,20.45
78734,46,1,2.5
78735,28,1,2.0
78735,83,1,14.0
78736,56,1,2.55
78736,76,1,3.5
78737,33,2,3.5
78737,71,1,3.75
78738,51,2,3.0
78739,56,1,2.55
78740,61,2,4.75
78741,22,1,2.0
78742,29,2,2.5
78743,26,2,3.0
78744,50,2,2.5
78745,54,2,2.5
78746,35,2,3.1
78747,30,1,3.0
78748,57,1,3.1
78749,50,2,2.5
78750,57,1,3.1
78751,45,1,3.0
78752,45,2,3.0
78753,38,2,3.75
78754,57,2,3.1
78755,55,1,4.0
78756,43,2,3.0
78757,30,2,3.0
78758,49,1,3.0
78758,76,1,3.5
78759,50,1,2.5
78760,49,1,3.0
78761,25,2,2.2
78762,24,2,3.0
78763,36,1,3.75
78764,25,2,2.2
78765,45,1,3.0
78766,34,2,2.45
78767,25,2,2.2
78768,29,1,2.5
78769,49,1,3.0
78770,30,2,3.0
78770,82,1,12.0
78771,52,1,2.5
78772,41,2,4.25
78772,63,1,0.8
78773,28,2,2.0
78774,50,1,2.5
78775,36,1,3.75
78776,33,1,3.5
78776,6,1,21.0
78777,57,2,3.1
78778,59,2,4.5
78779,45,2,3.0
78780,54,2,2.5
78781,47,2,3.0
78782,47,1,3.0
78783,26,1,3.0
78784,28,1,2.0
78785,34,1,2.45
78786,40,1,3.75
78786,65,2,0.8
78787,32,1,3.0
78788,43,2,3.0
78789,27,1,3.5
78790,48,2,2.5
78791,31,1,2.2
78792,23,1,2.5
78793,27,1,3.5
78794,33,2,3.5
78795,54,2,2.5
78796,37,1,3.0
78796,84,2,0.8
78797,26,1,3.0
78798,51,1,3.0
78799,55,1,4.0
78800,42,1,2.5
78801,29,1,2.5
78802,42,1,2.5
78803,56,2,2.55
78804,46,2,2.5
78805,57,2,3.1
78805,76,1,3.5
78806,52,1,2.5
78807,36,2,3.75
78808,42,2,2.5
78808,71,1,3.75
78809,87,2,3.0
78809,9,1,22.5
78810,42,1,2.5
78811,61,1,4.75
78812,24,2,3.0
78813,48,2,2.5
78814,33,1,3.5
78815,24,1,3.0
78816,45,2,3.0
78817,31,1,2.2
78818,41,1,4.25
78818,63,2,0.8
78819,34,1,2.45
78819,16,1,8.95
78820,35,2,3.1
78821,28,2,2.0
78822,23,2,2.5
78823,30,2,3.0
78823,77,1,3.0
78823,10,1,10.0
78824,61,1,4.75
78825,32,2,3.0
78826,43,2,3.0
78826,77,1,3.0
78827,60,1,3.75
78827,83,1,14.0
78828,56,2,2.55
78829,35,1,3.1
78830,50,1,2.5
78830,69,1,3.25
78831,57,1,3.1
78832,57,1,3.1
78833,22,2,2.0
78834,42,1,2.5
78835,55,1,4.0
78836,46,2,2.5
78836,81,1,28.0
78837,25,1,2.2
78838,47,1,3.0
78839,39,1,4.25
78839,63,2,0.8
78840,58,2,3.5
78840,75,1,3.5
78841,87,1,3.0
78842,43,1,3.0
78843,32,2,3.0
78844,52,2,2.5
78845,58,2,3.5
78846,29,1,2.5
78847,47,1,3.0
78848,23,2,2.5
78849,52,1,2.5
78850,59,2,4.5
78850,75,1,3.5
78851,61,2,4.75
78852,39,2,4.25
78852,65,2,0.8
78853,48,1,2.5
78853,72,1,3.25
78854,56,2,2.55
78855,39,1,4.25
78855,84,1,0.8
78856,51,1,3.0
78857,24,1,3.0
78858,42,2,2.5
78859,47,1,3.0
78860,22,2,2.0
78860,74,1,3.5
78861,22,1,2.0
78862,28,2,2.0
78863,23,1,2.5
78864,22,1,2.0
78865,32,1,3.0
78866,56,1,2.55
78867,55,2,4.0
78867,73,1,3.75
78868,60,1,3.75
78868,4,1,20.45
78869,54,1,2.5
78870,43,1,3.0
78871,47,2,3.0
78872,61,1,4.75
78873,23,1,2.5
78874,31,2,2.2
78874,69,1,3.25
78875,37,2,3.0
78875,73,1,3.75
78876,38,1,3.75
78876,65,2,0.8
78877,27,1,3.5
78878,57,2,3.1
78879,54,2,2.5
78880,37,1,3.0
78880,84,1,0.8
78881,43,1,3.0
78881,4,1,20.45
78882,31,2,2.2
78883,59,1,4.5
78884,32,2,3.0
78885,37,2,3.0
78886,56,1,2.55
78887,44,2,2.5
78888,39,1,4.25
78888,76,1,3.5
78889,57,1,3.1
78890,35,2,3.1
78891,42,1,2.5
78892,44,2,2.5
78893,33,1,3.5
78894,51,1,3.0
78895,44,2,2.5
78895,4,1,20.45
78896,33,2,3.5
78897,61,1,4.75
78898,54,1,2.5
78899,39,1,4.25
78900,61,2,4.75
78901,23,1,2.5
78902,41,1,4.25
78903,31,3,2.2
78904,35,3,3.1
78904,69,1,3.25
78905,28,2,2.0
78906,22,2,2.0
78907,71,1,3.75
78907,71,1,3.75
78908,52,1,2.5
78908,69,1,3.25
78909,45,3,3.0
78909,73,1,3.75
78910,42,3,2.5
78911,53,2,3.0
78912,55,1,4.0
78912,70,1,3.25
78913,30,3,3.0
78914,61,2,4.75
78915,53,1,3.0
78915,74,1,3.5
78916,87,1,3.0
78917,29,1,2.5
78918,53,2,3.0
78918,72,1,3.25
78919,34,3,2.45
78919,79,1,3.75
78920,36,2,3.75
78921,56,1,2.55
78921,75,1,3.5
78922,35,3,3.1
78923,44,1,2.5
78924,61,1,4.75
78925,52,1,2.5
78926,31,1,2.2
78927,34,1,2.45
78928,52,1,2.5
78929,38,1,3.75
78929,65,2,0.8
78930,22,1,2.0
78930,75,1,3.5
78931,37,2,3.0
78931,65,2,0.8
78931,72,1,3.25
78932,87,1,2.1
78932,72,1,2.65
78932,69,1,3.25
78933,25,3,2.2
78934,36,1,3.75
78935,51,1,3.0
78935,74,1,3.5
78936,58,2,3.5
78937,36,2,3.75
78938,51,3,3.0
78939,40,1,3.75
78939,64,2,0.8
78939,76,1,3.5
78940,26,2,3.0
78940,69,1,3.25
78941,52,1,2.5
78941,76,1,3.5
78942,40,2,3.75
78942,63,2,0.8
78942,76,1,3.5
78942,77,1,3.0
78943,36,1,3.75
78943,74,1,3.5
78944,52,3,2.5
78944,77,1,3.0
78945,54,3,2.5
78946,30,1,3.0
78947,47,2,3.0
78948,60,3,3.75
78949,29,1,2.5
78949,77,1,3.0
78950,35,1,3.1
78950,71,1,3.75
78950,8,1,45.0
78951,24,1,3.0
78951,14,1,8.95
78952,24,1,3.0
78952,72,1,3.25
78952,16,1,8.95
78953,28,1,2.0
78953,78,1,4.5
78954,44,2,2.5
78955,50,1,2.5
78956,48,1,2.5
78957,45,1,3.0
78958,41,3,4.25
78958,63,2,0.8
78958,70,1,3.25
78959,41,3,4.25
78959,65,1,0.8
78959,78,1,4.5
78960,56,1,2.55
78960,69,1,3.25
78960,3,1,14.75
78961,44,1,2.5
78962,37,3,3.0
78962,84,2,0.8
78963,47,2,3.0
78963,79,1,3.75
78964,61,1,4.75
78965,71,1,3.75
78966,38,1,3.75
78966,65,1,0.8
78967,41,3,4.25
78967,65,2,0.8
78968,55,1,4.0
78969,55,1,4.0
78970,55,1,4.0
78971,61,2,4.75
78972,52,1,2.5
78973,41,1,4.25
78973,65,2,0.8
78973,75,1,3.5
78973,20,1,7.6
78974,23,1,2.5
78975,28,1,2.0
78976,61,1,4.75
78977,22,3,2.0
78978,24,1,3.0
78979,35,1,3.1
78980,37,2,3.0
78980,63,2,0.8
78981,38,2,3.75
78981,64,2,0.8
78982,52,2,2.5
78983,41,2,4.25
78983,63,1,0.8
78983,73,1,3.75
78984,87,2,3.0
78985,41,1,4.25
78985,65,1,0.8
78986,27,1,3.5
78987,49,1,3.0
78988,44,1,2.5
78989,59,2,4.5
78990,29,1,2.5
78991,25,1,2.2
78992,28,2,2.0
78993,25,1,2.2
78993,78,1,4.5
78994,22,2,2.0
78995,50,1,2.5
78996,51,2,3.0
78997,61,1,4.75
78998,57,1,3.1
78999,61,1,4.75
78999,71,1,3.75
79000,38,1,3.75
79000,65,2,0.8
79001,33,1,3.5
79002,43,1,3.0
79003,29,1,2.5
79004,59,1,4.5
79004,1,1,18.0
79005,59,1,4.5
79006,26,1,3.0
79007,30,2,3.0
79008,45,2,3.0
79008,78,1,4.5
79009,27,1,3.5
79010,29,2,2.5
79011,45,2,3.0
79011,81,1,28.0
79012,33,1,3.5
79013,30,2,3.0
79014,50,2,2.5
79015,38,1,3.75
79015,65,2,0.8
79016,46,1,2.5
79017,60,2,3.75
79018,44,2,2.5
79019,45,1,3.0
79019,1,1,18.0
79020,61,1,4.75
79021,52,2,2.5
79022,39,1,4.25
79022,64,1,0.8
79023,26,1,3.0
79024,23,1,2.5
79025,32,2,3.0
79026,38,1,3.75
79026,64,1,0.8
79027,60,2,3.75
79027,6,1,21.0
79028,55,2,4.0
79029,52,1,2.5
79030,56,1,2.55
79030,69,1,3.25
79031,44,2,2.5
79031,79,1,3.75
79032,22,2,2.0
79033,24,1,3.0
79033,79,1,3.75
79034,54,1,2.5
79035,35,1,3.1
79035,11,1,8.95
79036,51,2,3.0
79037,35,1,3.1
79038,44,2,2.5
79039,34,3,2.45
79040,59,1,4.5
79041,25,1,2.2
79042,42,1,2.5
79043,27,1,3.5
79043,74,1,3.5
79044,34,1,2.45
79045,24,1,3.0
79046,38,3,3.75
79046,84,2,0.8
79046,73,1,3.75
79047,50,1,2.5
79047,71,1,3.75
79047,2,1,18.0
79048,28,1,2.0
79049,31,1,2.2
79050,60,1,3.75
79051,56,1,2.55
79051,74,1,3.5
79052,87,3,3.0
79053,57,2,3.1
79053,77,1,3.0
79054,43,1,3.0
79055,49,1,3.0
79056,71,1,3.75
79057,26,1,3.0
79058,22,2,2.0
79058,79,1,3.75
79059,51,1,3.0
79060,45,1,3.0
79061,55,2,4.0
79062,33,1,3.5
79063,27,2,3.5
79064,23,2,2.5
79064,73,1,3.75
79065,48,1,2.5
79066,87,2,3.0
79067,87,3,3.0
79068,55,1,4.0
79069,22,1,2.0
79070,42,1,2.5
79070,75,1,3.5
79071,46,1,2.5
79072,57,1,3.1
79073,42,2,2.5
79074,22,2,2.0
79075,41,1,4.25
79075,84,2,0.8
79076,33,1,3.5
79077,54,2,2.5
79077,75,1,3.5
79078,39,2,4.25
79078,84,1,0.8
79079,33,1,3.5
79080,33,1,3.5
79081,45,2,3.0
79082,28,2,2.0
79083,59,2,4.5
79084,60,1,3.75
79085,43,1,3.0
79086,56,1,2.55
79086,78,1,4.5
79087,23,2,2.5
79088,32,2,3.0
79089,59,1,4.5
79089,79,1,3.75
79089,9,1,22.5
79090,30,2,3.0
79091,29,1,2.5
79091,76,1,3.5
79091,15,1,9.25
79092,60,2,3.75
79093,23,1,2.5
79094,49,2,3.0
79095,54,1,2.5
79096,59,1,4.5
79096,75,1,3.5
79096,8,1,45.0
79097,38,2,3.75
79097,65,1,0.8
79097,73,1,3.75
79098,48,2,2.5
79099,36,2,3.75
79100,29,1,2.5
79101,45,2,3.0
79102,22,1,2.0
79103,55,3,4.0
79104,35,1,3.1
79105,33,1,3.5
79105,78,1,4.5
79105,7,1,19.75
79106,24,1,3.0
79107,61,2,4.75
79108,57,1,3.1
79109,33,1,3.5
79110,38,1,3.75
79110,63,2,0.8
79110,70,1,3.25
79111,48,1,2.5
79112,40,1,3.75
79112,84,2,0.8
79113,29,1,2.5
79113,74,1,3.5
79114,30,2,3.0
79115,58,1,3.5
79115,11,1,8.95
79116,43,1,3.0
79117,47,2,3.0
79117,83,1,14.0
79118,48,2,2.5
79119,24,1,3.0
79120,41,3,4.25
79120,64,2,0.8
79120,70,1,3.25
79121,39,1,4.25
79121,64,2,0.8
79121,77,1,3.0
79122,25,1,2.2
79123,51,1,3.0
79123,76,1,3.5
79124,54,3,2.5
79125,71,1,3.75
79126,59,1,4.5
79127,43,1,3.0
79128,36,1,3.75
79129,45,1,3.0
79130,32,2,3.0
79130,70,1,3.25
79131,55,1,4.0
79131,7,1,19.75
79132,26,2,3.0
79133,36,2,3.75
79134,31,3,2.2
79135,34,1,2.45
79136,35,1,3.1
79136,17,1,9.5
79137,38,1,3.75
79137,63,1,0.8
79137,4,1,20.45
79138,50,2,2.5
79139,51,1,3.0
79140,25,1,2.2
79140,76,1,3.5
79140,11,1,8.95
79141,39,1,4.25
79141,63,2,0.8
79142,40,2,3.75
79142,84,1,0.8
79142,70,1,3.25
79143,45,1,3.0
79144,40,1,3.75
79144,63,2,0.8
79144,69,1,3.25
79145,28,2,2.0
79146,25,1,2.2
79147,24,1,3.0
79148,44,1,2.5
79148,75,1,3.5
79149,71,1,3.75
79149,71,1,3.75
79150,36,2,3.75
79150,76,1,3.5
79151,36,2,3.75
79152,40,1,3.75
79152,65,1,0.8
79152,74,1,3.5
79153,45,1,3.0
79153,87,1,3.0
79154,54,2,2.5
79154,76,1,3.5
79155,47,1,3.0
79156,34,1,2.45
79157,32,1,3.0
79158,41,3,4.25
79158,63,1,0.8
79159,71,1,3.75
79159,71,1,3.75
79160,52,1,2.5
79160,74,1,3.5
79161,59,2,4.5
79162,48,1,2.5
79162,6,1,21.0
79163,50,2,2.5
79164,60,1,3.75
79165,61,1,4.75
79166,54,1,2.5
79166,16,1,8.95
79167,48,1,2.5
79168,51,1,3.0
79168,70,1,3.25
79169,39,2,4.25
79169,63,2,0.8
79170,32,1,3.0
79170,77,1,3.0
79171,44,3,2.5
79172,24,1,3.0
79172,74,1,3.5
79173,40,2,3.75
79173,65,2,0.8
79174,25,1,2.2
79175,56,3,2.55
79175,74,1,3.5
79176,26,1,3.0
79176,70,1,3.25
79177,45,1,3.0
79178,53,2,3.0
79179,54,2,2.5
79180,45,1,3.0
79181,52,1,2.5
79182,42,1,2.5
79183,25,2,2.2
79183,3,1,14.75
79184,31,1,2.2
79184,69,1,3.25
79185,42,2,2.5
79185,72,1,3.25
79186,44,3,2.5
79186,72,1,3.25
79187,53,1,3.0
79188,71,1,3.75
79189,59,1,4.5
79189,76,1,3.5
79190,42,1,2.5
79190,77,1,3.0
79191,25,1,2.2
79191,69,1,3.25
79192,47,2,3.0
79193,30,1,3.0
79193,78,1,4.5
79194,38,2,3.75
79194,65,1,0.8
79195,43,1,3.0
79196,48,1,2.5
79197,71,1,3.75
79198,35,1,3.1
79198,79,1,3.75
79199,50,1,2.5
79200,47,1,3.0
79201,40,1,3.75
79201,84,2,0.8
79201,69,1,3.25
79202,56,1,2.55
79203,49,2,3.0
79204,44,1,2.5
79205,51,1,3.0
79206,45,1,3.0
79206,76,1,3.5
79207,47,1,3.0
79208,45,3,3.0
79208,37,2,3.0
79208,84,1,0.8
79209,33,1,3.5
79209,71,1,3.75
79210,61,1,4.75
79211,23,1,2.5
79212,44,1,2.5
79213,71,1,3.75
79213,71,1,3.75
79214,29,2,2.5
79215,54,1,2.5
79215,79,1,3.75
79216,30,1,3.0
79217,37,3,3.0
79217,84,1,0.8
79218,56,3,2.55
79219,39,1,4.25
79219,84,1,0.8
79220,71,1,3.75
79220,71,1,3.75
79221,58,2,3.5
79222,87,1,2.1
79222,72,1,2.65
79223,45,1,3.0
79224,28,1,2.0
79224,78,1,4.5
79225,60,1,3.75
79225,75,1,3.5
79225,17,1,9.5
79226,25,1,2.2
79227,55,2,4.0
79227,15,1,9.25
79228,25,2,2.2
79229,1,1,18.0
79230,46,1,2.5
79230,78,1,4.5
79231,61,1,4.75
79232,33,1,3.5
79232,75,1,3.5
79233,42,2,2.5
79233,82,1,12.0
79234,36,1,3.75
79235,50,2,2.5
79236,24,2,3.0
79237,48,2,2.5
79237,70,1,3.25
79238,71,1,3.75
79239,56,2,2.55
79240,37,1,3.0
79240,64,1,0.8
79241,60,2,3.75
79242,31,1,2.2
79243,57,1,3.1
79244,25,1,2.2
79245,22,2,2.0
79246,28,1,2.0
79247,22,2,2.0
79248,57,1,3.1
79249,40,3,3.75
79249,64,2,0.8
79249,72,1,3.25
79250,60,1,3.75
79251,71,1,3.75
79252,55,2,4.0
79252,73,1,3.75
79253,39,1,4.25
79253,84,2,0.8
79254,55,2,4.0
79254,78,1,4.5
79255,40,1,3.75
79255,63,2,0.8
79255,70,1,3.25
79256,45,1,3.0
79257,43,2,3.0
79257,78,1,4.5
79257,29,1,2.5
79258,24,2,3.0
79259,61,1,4.75
79259,77,1,3.0
79260,33,3,3.5
79261,36,2,3.75
79262,58,1,3.5
79263,49,1,3.0
79263,69,1,3.25
79263,82,1,12.0
79264,61,3,4.75
79265,53,1,3.0
79265,18,1,10.95
79266,41,1,4.25
79266,84,2,0.8
79267,39,1,4.25
79267,84,2,0.8
79267,73,1,3.75
79268,42,1,2.5
79268,20,1,7.6
79269,33,2,3.5
79270,27,1,3.5
79270,71,1,3.75
79271,57,1,3.1
79272,45,2,3.0
79272,79,1,3.75
79273,30,1,3.0
79274,60,2,3.75
79275,48,2,2.5
79276,28,2,2.0
79277,40,2,3.75
79277,64,1,0.8
79278,41,1,4.25
79278,84,2,0.8
79279,41,1,4.25
79279,84,1,0.8
79280,87,2,3.0
79281,48,1,2.5
79282,26,1,3.0
79282,69,1,3.25
79283,40,2,3.75
79283,84,1,0.8
79284,40,1,3.75
79284,64,1,0.8
79285,54,1,2.5
79286,61,1,4.75
79287,71,1,3.75
79287,71,1,3.75
79288,56,1,2.55
79288,77,1,3.0
79289,22,2,2.0
79290,60,1,3.75
79290,75,1,3.5
79291,27,1,3.5
79292,32,2,3.0
79293,29,1,2.5
79293,71,1,3.75
79294,42,2,2.5
79295,53,2,3.0
79295,74,1,3.5
79295,2,1,18.0
79296,48,1,2.5
79297,43,3,3.0
79297,79,1,3.75
79298,27,1,3.5
79299,57,1,3.1
79300,57,1,3.1
79301,38,2,3.75
79301,84,2,0.8
79302,36,2,3.75
79303,43,1,3.0
79304,26,1,3.0
79305,47,2,3.0
79306,61,1,4.75
79306,77,1,3.0
79306,6,1,21.0
79307,33,2,3.5
79308,54,2,2.5
79309,87,2,3.0
79309,77,1,3.0
79310,43,2,3.0
79311,40,2,3.75
79311,84,2,0.8
79312,50,1,2.5
79313,39,1,4.25
79313,64,1,0.8
79314,30,3,3.0
79314,70,1,3.25
79315,54,1,2.5
79315,70,1,3.25
79316,43,2,3.0
79316,70,1,3.25
79317,26,1,3.0
79318,44,2,2.5
79319,60,3,3.75
79319,77,1,3.0
79320,23,2,2.5
79321,48,2,2.5
79322,26,1,3.0
79323,45,1,3.0
79323,4,1,20.45
79324,26,3,3.0
79325,53,2,3.0
79326,40,2,3.75
79326,84,2,0.8
79327,34,1,2.45
79328,39,2,4.25
79328,63,2,0.8
79329,53,1,3.0
79330,87,2,3.0
79331,25,2,2.2
79331,83,1,14.0
79332,23,1,2.5
79333,52,1,2.5
79334,23,2,2.5
79334,71,1,3.75
79335,26,1,3.0
79336,36,2,3.75
79336,81,1,28.0
79337,46,3,2.5
79338,37,1,3.0
79338,77,1,3.0
79339,29,3,2.5
79340,30,1,3.0
79340,72,1,3.25
79340,3,1,14.75
79341,58,2,3.5
79342,52,2,2.5
79343,40,3,3.75
79343,84,2,0.8
79343,76,1,3.5
79344,27,1,3.5
79344,72,1,3.25
79345,40,1,3.75
79346,32,3,3.0
79347,42,1,2.5
79348,45,1,3.0
79349,26,1,3.0
79350,27,2,3.5
79350,13,1,8.95
79351,47,3,3.0
79352,32,2,3.0
79352,49,1,3.0
79352,69,1,3.25
79353,44,1,2.5
79354,55,3,4.0
79354,71,1,3.75
79355,61,1,4.75
79356,30,1,3.0
79357,23,1,2.5
79358,60,1,3.75
79359,57,1,3.1
79360,25,2,2.2
79361,22,1,2.0
79362,54,1,2.5
79363,40,1,3.75
79363,65,1,0.8
79364,61,1,4.75
79365,31,1,2.2
79366,40,2,3.75
79366,84,2,0.8
79366,77,1,3.0
79367,60,1,3.75
79368,47,1,3.0
79369,57,1,3.1
79370,54,1,2.5
79371,34,1,2.45
79372,36,2,3.75
79373,57,2,3.1
79373,76,1,3.5
79374,33,2,3.5
79375,30,1,3.0
79375,70,1,3.25
79375,20,1,7.6
79376,56,1,2.55
79376,78,1,4.5
79377,25,1,2.2
79378,61,1,4.75
79378,78,1,4.5
79379,55,1,4.0
79379,73,1,3.75
79380,53,1,3.0
79381,45,1,3.0
79382,44,2,2.5
79383,45,1,3.0
79384,26,1,3.0
79385,87,1,2.1
79385,72,1,2.65
79386,87,1,2.1
79386,72,1,2.65
79387,36,1,3.75
79388,46,1,2.5
79389,45,1,3.0
79389,73,1,3.75
79390,52,1,2.5
79391,33,1,3.5
79392,39,2,4.25
79392,65,1,0.8
79393,23,1,2.5
79394,31,1,2.2
79395,44,2,2.5
79396,23,1,2.5
79397,31,3,2.2
79398,46,3,2.5
79398,7,1,19.75
79399,45,1,3.0
79399,70,1,3.25
79400,45,1,3.0
79401,22,1,2.0
79402,37,1,3.0
79402,69,1,3.25
79403,23,1,2.5
79404,27,1,3.5
79405,54,1,2.5
79405,76,1,3.5
79406,49,2,3.0
79407,39,2,4.25
79407,84,2,0.8
79407,69,1,3.25
79408,58,1,3.5
79408,74,1,3.5
79409,47,1,3.0
79409,69,1,3.25
79410,30,2,3.0
79411,50,2,2.5
79412,28,1,2.0
79413,30,2,3.0
79413,74,1,3.5
79414,47,1,3.0
79415,42,1,2.5
79415,76,1,3.5
79416,49,3,3.0
79416,74,1,3.5
79417,50,1,2.5
79417,11,1,8.95
79418,46,1,2.5
79419,51,1,3.0
79420,31,1,2.2
79421,42,2,2.5
79422,46,2,2.5
79423,41,3,4.25
79423,63,2,0.8
79423,71,1,3.75
79424,49,2,3.0
79425,61,1,4.75
79426,58,1,3.5
79426,70,1,3.25
79427,87,1,3.0
79428,32,1,3.0
79429,25,1,2.2
79430,42,1,2.5
79430,16,1,8.95
79431,42,2,2.5
79432,28,3,2.0
79432,72,1,3.25
79432,83,1,14.0
79433,24,2,3.0
79434,55,1,4.0
79434,73,1,3.75
79435,44,3,2.5
79435,79,1,3.75
79436,87,2,3.0
79437,40,1,3.75
79437,72,1,3.25
79438,57,1,3.1
79438,74,1,3.5
79439,43,1,3.0
79440,24,2,3.0
79441,63,2,0.8
79441,70,1,3.25
79442,36,1,3.75
79443,39,1,4.25
79443,84,1,0.8
79444,27,2,3.5
79444,72,1,3.25
79445,57,1,3.1
79445,77,1,3.0
79446,49,1,3.0
79446,18,1,10.95
79447,30,1,3.0
79447,76,1,3.5
79448,29,2,2.5
79449,57,1,3.1
79450,40,1,3.75
79451,54,1,2.5
79452,39,1,4.25
79452,65,1,0.8
79453,24,2,3.0
79453,74,1,3.5
79454,41,3,4.25
79454,63,2,0.8
79455,39,1,4.25
79455,65,1,0.8
79455,9,1,22.5
79456,50,1,2.5
79457,60,1,3.75
79458,56,1,2.55
79459,51,1,3.0
79459,72,1,3.25
79460,27,1,3.5
79460,77,1,3.0
79461,61,1,4.75
79461,71,1,3.75
79462,46,2,2.5
79463,52,1,2.5
79463,74,1,3.5
79464,55,1,4.0
79464,76,1,3.5
79465,33,1,3.5
79465,71,1,3.75
79466,39,3,4.25
79466,63,1,0.8
79467,50,1,2.5
79468,55,1,4.0
79468,71,1,3.75
79469,45,2,3.0
79470,46,1,2.5
79470,70,1,3.25
79471,52,1,2.5
79472,60,2,3.75
79473,30,3,3.0
79474,46,2,2.5
79475,42,1,2.5
79476,26,1,3.0
79477,37,1,3.0
79477,63,2,0.8
79478,55,2,4.0
79479,37,1,3.0
79479,84,1,0.8
79479,73,1,3.75
79480,42,1,2.5
79480,76,1,3.5
79481,36,2,3.75
79482,34,1,2.45
79482,74,1,3.5
79483,58,1,3.5
79484,33,2,3.5
79485,28,2,2.0
79486,50,1,2.5
79487,54,1,2.5
79487,72,1,3.25
79488,28,2,2.0
79489,32,3,3.0
79489,79,1,3.75
79490,61,1,4.75
79491,36,1,3.75
79492,39,2,4.25
79492,84,1,0.8
79493,36,1,3.75
79494,38,2,3.75
79494,63,2,0.8
79495,52,1,2.5
79495,78,1,4.5
79496,37,1,3.0
79496,74,1,3.5
79497,29,1,2.5
79498,22,1,2.0
79499,44,2,2.5
79499,72,1,3.25
79500,58,2,3.5
79501,54,2,2.5
79501,78,1,4.5
79502,49,1,3.0
79502,15,1,9.25
79503,55,1,4.0
79503,79,1,3.75
79504,45,1,3.0
79504,12,1,8.95
79505,57,3,3.1
79506,60,1,3.75
79506,78,1,4.5
79507,53,1,3.0
79507,77,1,3.0
79507,5,1,15.0
79508,44,3,2.5
79509,44,2,2.5
79509,79,1,3.75
79509,18,1,10.95
79510,55,2,4.0
79511,36,2,3.75
79512,54,1,2.5
79513,23,1,2.5
79514,52,1,2.5
79515,48,3,2.5
79515,70,1,3.25
79516,56,1,2.55
79517,36,1,3.75
79518,36,1,3.75
79518,78,1,4.5
79519,61,1,4.75
79519,69,1,3.25
79520,26,2,3.0
79520,78,1,4.5
79521,47,2,3.0
79522,53,2,3.0
79522,77,1,3.0
79523,45,3,3.0
79524,31,3,2.2
79525,53,2,3.0
79526,38,2,3.75
79526,63,1,0.8
79527,35,1,3.1
79527,77,1,3.0
79528,27,1,3.5
79529,55,1,4.0
79530,24,1,3.0
79530,70,1,3.25
79531,23,1,2.5
79532,44,3,2.5
79532,69,1,3.25
79533,22,2,2.0
79534,57,1,3.1
79535,22,3,2.0
79536,26,1,3.0
79537,60,1,3.75
79538,46,1,2.5
79539,25,2,2.2
79540,59,1,4.5
79540,8,1,45.0
79541,28,1,2.0
79541,20,1,7.6
79542,57,2,3.1
79543,37,1,3.0
79544,34,3,2.45
79545,31,1,2.2
79546,57,1,3.1
79547,60,2,3.75
79548,41,1,4.25
79548,63,1,0.8
79549,26,1,3.0
79549,77,1,3.0
79550,32,2,3.0
79550,75,1,3.5
79551,52,2,2.5
79552,23,1,2.5
79552,70,1,3.25
79553,54,1,2.5
79554,46,1,2.5
79554,79,1,3.75
79555,49,1,3.0
79556,30,1,3.0
79557,30,2,3.0
79558,27,1,3.5
79558,73,1,3.75
79559,46,2,2.5
79560,48,3,2.5
79561,43,1,3.0
79562,57,2,3.1
79563,48,1,2.5
79564,59,2,4.5
79564,74,1,3.5
79565,31,1,2.2
79565,69,1,3.25
79566,45,3,3.0
79567,32,1,3.0
79568,50,2,2.5
79569,52,2,2.5
79570,27,1,3.5
79570,72,1,3.25
79571,52,1,2.5
79571,79,1,3.75
79572,52,1,2.5
79573,32,2,3.0
79574,55,3,4.0
79575,28,1,2.0
79576,51,1,3.0
79577,33,3,3.5
79578,47,1,3.0
79578,79,1,3.75
79579,49,1,3.0
79580,22,1,2.0
79581,42,1,2.5
79581,78,1,4.5
79581,9,1,22.5
79582,42,3,2.5
79582,70,1,3.25
79583,44,2,2.5
79583,75,1,3.5
79584,61,2,4.75
79585,29,1,2.5
79585,8,1,45.0
79586,46,1,2.5
79587,34,1,2.45
79587,69,1,3.25
79588,36,1,3.75
79589,39,1,4.25
79589,64,1,0.8
79590,28,1,2.0
79591,26,2,3.0
79592,41,1,4.25
79592,65,2,0.8
79592,76,1,3.5
79593,36,1,3.75
79593,70,1,3.25
79594,60,1,3.75
79595,46,1,2.5
79596,36,2,3.75
79597,50,1,2.5
79598,31,1,2.2
79599,26,3,3.0
79600,49,2,3.0
79601,37,2,3.0
79601,84,2,0.8
79602,27,1,3.5
79602,74,1,3.5
79603,53,1,3.0
79604,45,1,3.0
79605,53,1,3.0
79605,79,1,3.75
79606,22,1,2.0
79607,28,2,2.0
79608,56,2,2.55
79609,36,3,3.75
79610,36,2,3.75
79611,36,2,3.75
79612,58,1,3.5
79612,70,1,3.25
79613,43,1,3.0
79614,59,3,4.5
79615,36,1,3.75
79615,79,1,3.75
79616,54,3,2.5
79617,37,1,3.0
79618,50,2,2.5
79619,61,1,4.75
79620,38,1,3.75
79620,64,2,0.8
79621,43,1,3.0
79621,72,1,3.25
79622,31,2,2.2
79623,36,1,3.75
79624,50,1,2.5
79624,73,1,3.75
79625,29,1,2.5
79625,77,1,3.0
79626,29,1,2.5
79627,37,1,3.0
79627,63,1,0.8
79627,82,1,12.0
79628,42,1,2.5
79629,33,2,3.5
79630,28,1,2.0
79631,27,2,3.5
79632,47,2,3.0
79633,24,2,3.0
79634,26,2,3.0
79635,42,1,2.5
79635,72,1,3.25
79636,36,1,3.75
79637,33,1,3.5
79638,26,1,3.0
79639,47,1,3.0
79640,29,1,2.5
79641,59,1,4.5
79641,69,1,3.25
79642,40,1,3.75
79642,84,1,0.8
79643,44,1,2.5
79643,75,1,3.5
79643,8,1,45.0
79644,29,2,2.5
79645,54,1,2.5
79645,72,1,3.25
79646,53,1,3.0
79647,56,1,2.55
79648,50,2,2.5
79649,57,1,3.1
79650,30,1,3.0
79650,78,1,4.5
79651,56,1,2.55
79651,15,1,9.25
79652,29,1,2.5
79653,34,2,2.45
79654,42,1,2.5
79655,23,1,2.5
79656,57,1,3.1
79656,71,1,3.75
79657,45,1,3.0
79657,70,1,3.25
79658,36,1,3.75
79658,69,1,3.25
79658,21,1,13.33
79659,50,1,2.5
79659,77,1,3.0
79660,26,1,3.0
79661,28,2,2.0
79662,32,2,3.0
79663,25,1,2.2
79663,71,1,3.75
79664,26,2,3.0
79665,57,2,3.1
79666,44,1,2.5
79666,78,1,4.5
79667,54,2,2.5
79668,46,2,2.5
79669,38,1,3.75
79669,64,2,0.8
79669,54,2,2.5
79670,42,1,2.5
79670,73,1,3.75
79671,23,1,2.5
79671,18,1,6.4
79672,53,2,3.0
79673,42,1,2.5
79674,38,2,3.75
79674,64,2,0.8
79675,51,1,3.0
79676,57,1,3.1
79676,73,1,3.75
79677,55,1,4.0
79678,28,1,2.0
79679,58,1,3.5
79679,15,1,9.25
79680,39,1,4.25
79680,65,1,0.8
79680,74,1,3.5
79681,26,1,3.0
79682,22,2,2.0
79683,49,1,3.0
79684,48,1,2.5
79685,35,1,3.1
79685,17,1,9.5
79686,37,2,3.0
79686,63,2,0.8
79686,77,1,3.0
79687,84,2,0.8
79688,38,1,3.75
79688,63,1,0.8
79689,60,2,3.75
79690,58,2,3.5
79691,39,2,4.25
79691,84,1,0.8
79691,71,1,3.75
79692,24,2,3.0
79693,28,1,2.0
79694,58,2,3.5
79694,83,1,14.0
79695,57,2,3.1
79696,45,1,3.0
79697,52,2,2.5
79697,9,1,22.5
79698,32,1,3.0
79699,26,3,3.0
79700,24,3,3.0
79701,23,3,2.5
79701,73,1,3.75
79702,23,1,2.5
79703,23,2,2.5
79704,61,3,4.75
79705,50,2,2.5
79705,79,1,3.75
79706,47,1,3.0
79707,56,2,2.55
79708,40,3,3.75
79708,64,2,0.8
79709,87,3,3.0
79709,69,1,3.25
79709,81,1,28.0
79710,24,3,3.0
79711,22,1,2.0
79712,46,1,2.5
79713,57,2,3.1
79714,32,1,3.0
79714,14,1,8.95
79715,60,1,3.75
79716,61,3,4.75
79717,56,1,2.55
79718,28,3,2.0
79718,71,1,3.75
79719,41,2,4.25
79719,64,2,0.8
79720,61,3,4.75
79721,31,2,2.2
79722,34,3,2.45
79723,87,3,2.1
79723,72,3,2.65
79723,2,1,18.0
79724,54,2,2.5
79725,47,2,3.0
79725,79,1,3.75
79726,26,1,3.0
79727,30,1,3.0
79727,71,1,3.75
79728,60,1,3.75
79729,34,3,2.45
79730,37,3,3.0
79730,84,1,0.8
79731,32,1,3.0
79732,26,1,3.0
79733,50,3,2.5
79734,49,2,3.0
79734,74,1,3.5
79735,43,2,3.0
79736,60,2,3.75
79737,24,3,3.0
79737,75,1,3.5
79738,54,1,2.5
79739,50,3,2.5
79740,24,1,3.0
79740,75,1,3.5
79741,27,2,3.5
79741,74,1,3.5
79742,45,2,3.0
79743,30,2,3.0
79744,55,2,4.0
79744,71,1,3.75
79745,31,3,2.2
79746,61,1,4.75
79747,54,1,2.5
79748,55,1,4.0
79748,82,1,12.0
79749,54,1,2.5
79750,22,1,2.0
79750,21,1,13.33
79751,49,1,3.0
79752,29,2,2.5
79753,34,3,2.45
79753,71,1,3.75
79754,29,2,2.5
79754,74,1,3.5
79755,22,1,2.0
79756,64,2,0.8
79756,72,1,3.25
79757,25,3,2.2
79758,44,2,2.5
79758,70,1,3.25
79759,28,1,2.0
79760,32,1,3.0
79761,42,2,2.5
79762,61,2,4.75
79763,29,1,2.5
79763,74,1,3.5
79764,53,2,3.0
79765,50,2,2.5
79766,46,1,2.5
79766,76,1,3.5
79767,28,2,2.0
79768,30,1,3.0
79768,76,1,3.5
79769,38,2,3.75
79769,63,1,0.8
79769,79,1,3.75
79770,46,1,2.5
79771,31,1,2.2
79771,69,1,3.25
79771,5,1,15.0
79772,46,2,2.5
79773,33,1,3.5
79774,45,1,3.0
79775,41,2,4.25
79775,65,1,0.8
79776,59,1,4.5
79777,28,2,2.0
79777,74,1,3.5
79778,56,2,2.55
79778,77,1,3.0
79779,50,1,2.5
79780,30,1,3.0
79781,61,2,4.75
79781,73,1,3.75
79782,34,2,2.45
79783,26,1,3.0
79784,26,1,3.0
79785,45,2,3.0
79785,74,1,3.5
79786,71,1,3.75
79787,41,1,4.25
79787,64,2,0.8
79788,26,1,3.0
79788,76,1,3.5
79789,60,2,3.75
79790,26,1,3.0
79791,34,2,2.45
79792,52,1,2.5
79792,81,1,28.0
79793,59,2,4.5
79793,76,1,3.5
79794,50,2,2.5
79794,8,1,45.0
79795,61,1,4.75
79796,37,1,3.0
79796,65,2,0.8
79797,49,1,3.0
79797,9,1,22.5
79798,26,1,3.0
79799,53,2,3.0
79800,46,2,2.5
79800,79,1,3.75
79801,34,1,2.45
79802,41,2,4.25
79802,63,1,0.8
79802,70,1,3.25
79803,58,1,3.5
79803,78,1,4.5
79804,55,1,4.0
79805,57,2,3.1
79806,71,1,3.75
79807,34,1,2.45
79808,56,2,2.55
79809,71,1,3.75
79809,71,1,3.75
79810,53,1,3.0
79811,55,1,4.0
79812,55,3,4.0
79813,40,2,3.75
79813,84,1,0.8
79814,55,1,4.0
79815,31,2,2.2
79816,59,1,4.5
79817,26,1,3.0
79818,52,1,2.5
79819,53,1,3.0
79820,25,2,2.2
79820,71,1,3.75
79821,60,2,3.75
79822,60,3,3.75
79822,75,1,3.5
79823,44,2,2.5
79824,45,2,3.0
79825,29,1,2.5
79826,31,1,2.2
79827,48,2,2.5
79827,81,1,28.0
79828,29,1,2.5
79829,57,2,3.1
79830,22,1,2.0
79831,22,1,2.0
79831,75,1,3.5
79832,29,2,2.5
79832,71,1,3.75
79833,45,2,3.0
79834,52,2,2.5
79835,23,1,2.5
79836,24,2,3.0
79837,53,1,3.0
79837,76,1,3.5
79838,26,2,3.0
79839,32,1,3.0
79840,57,2,3.1
79841,33,1,3.5
79842,51,2,3.0
79843,51,2,3.0
79844,30,2,3.0
79845,59,1,4.5
79846,41,2,4.25
79846,63,2,0.8
79846,73,1,3.75
79847,34,1,2.45
79848,26,3,3.0
79849,59,1,4.5
79850,59,1,4.5
79851,48,2,2.5
79852,40,1,3.75
79852,63,2,0.8
79853,24,1,3.0
79854,60,2,3.75
79855,87,1,3.0
79856,22,2,2.0
79857,48,2,2.5
79858,38,1,3.75
79858,65,2,0.8
79858,76,1,3.5
79859,53,2,3.0
79860,43,1,3.0
79861,30,1,3.0
79862,22,1,2.0
79862,79,1,3.75
79863,47,2,3.0
79863,79,1,3.75
79864,60,1,3.75
79864,72,1,3.25
79864,20,1,7.6
79865,40,2,3.75
79865,64,2,0.8
79866,35,2,3.1
79867,32,2,3.0
79868,58,2,3.5
79869,61,1,4.75
79870,57,2,3.1
79871,59,1,4.5
79871,71,1,3.75
79872,47,1,3.0
79873,59,1,4.5
79874,38,3,3.75
79874,65,1,0.8
79875,30,2,3.0
79876,27,1,3.5
79877,24,2,3.0
79878,48,1,2.5
79879,42,3,2.5
79879,72,1,3.25
79880,35,3,3.1
79881,24,1,3.0
79882,45,2,3.0
79882,74,1,3.5
79883,26,1,3.0
79884,25,1,2.2
79885,27,1,3.5
79886,39,1,4.25
79886,64,1,0.8
79887,39,2,4.25
79887,65,2,0.8
79888,61,1,4.75
79888,74,1,3.5
79889,41,2,4.25
79889,84,2,0.8
79890,57,1,3.1
79891,42,1,2.5
79892,43,1,3.0
79892,76,1,3.5
79893,58,1,3.5
79894,43,1,3.0
79895,45,1,3.0
79896,59,3,4.5
79897,53,2,3.0
79898,55,2,4.0
79899,37,1,3.0
79899,84,2,0.8
79900,46,2,2.5
79900,10,1,10.0
79901,46,2,2.5
79901,21,1,13.33
79902,55,2,4.0
79903,71,1,3.75
79904,27,2,3.5
79905,59,2,4.5
79906,33,1,3.5
79906,75,1,3.5
79907,38,1,3.75
79907,63,1,0.8
79908,23,3,2.5
79909,43,1,3.0
79910,29,2,2.5
79911,30,2,3.0
79912,39,1,4.25
79912,63,1,0.8
79913,47,2,3.0
79914,41,2,4.25
79914,64,1,0.8
79915,22,1,2.0
79916,50,3,2.5
79916,71,1,3.75
79917,34,2,2.45
79918,52,2,2.5
79919,55,2,4.0
79920,49,1,3.0
79921,55,2,4.0
79922,33,2,3.5
79923,58,3,3.5
79924,47,1,3.0
79924,81,1,28.0
79925,27,2,3.5
79925,79,1,3.75
79926,40,1,3.75
79926,63,1,0.8
79926,74,1,3.5
79927,23,1,2.5
79928,23,2,2.5
79929,57,1,3.1
79929,77,1,3.0
79930,39,1,4.25
79930,65,2,0.8
79931,32,2,3.0
79931,18,1,6.4
79932,22,1,2.0
79932,69,1,3.25
79933,60,2,3.75
79933,5,1,15.0
79934,29,1,2.5
79935,22,1,2.0
79936,40,3,3.75
79936,84,2,0.8
79937,59,2,4.5
79937,72,1,3.25
79938,55,1,4.0
79938,75,1,3.5
79939,42,2,2.5
79940,52,2,2.5
79941,50,2,2.5
79942,61,2,4.75
79943,46,2,2.5
79944,39,2,4.25
79944,84,1,0.8
79945,37,2,3.0
79945,64,2,0.8
79945,7,1,19.75
79946,26,2,3.0
79947,41,2,4.25
79947,63,1,0.8
79947,76,1,3.5
79948,42,2,2.5
79949,87,1,3.0
79950,42,1,2.5
79951,57,2,3.1
79952,47,2,3.0
79953,24,2,3.0
79954,54,2,2.5
79955,60,1,3.75
79956,26,1,3.0
79957,25,2,2.2
79958,56,2,2.55
79959,38,1,3.75
79959,64,2,0.8
79960,44,2,2.5
79961,40,2,3.75
79961,64,2,0.8
79962,42,2,2.5
79963,54,1,2.5
79963,24,1,3.0
79964,24,1,3.0
79965,57,1,3.1
79965,71,1,3.75
79966,87,1,3.0
79967,52,1,2.5
79967,76,1,3.5
79968,61,1,4.75
79968,81,1,28.0
79969,36,2,3.75
79970,46,2,2.5
79970,72,1,3.25
79970,82,1,23.0
79971,30,1,3.0
79972,57,1,3.1
79973,57,2,3.1
79974,46,3,2.5
79974,78,1,4.5
79975,26,2,3.0
79976,33,2,3.5
79977,24,2,3.0
79978,61,2,4.75
79979,23,2,2.5
79980,49,1,3.0
79981,52,1,2.5
79982,27,2,3.5
79983,56,2,2.55
79984,27,1,3.5
79985,52,1,2.5
79986,25,1,2.2
79986,72,1,3.25
79987,48,1,2.5
79988,38,2,3.75
79988,84,1,0.8
79988,76,1,3.5
79989,56,1,2.55
79990,49,2,3.0
79991,50,2,2.5
79992,30,1,3.0
79992,10,1,10.0
79993,55,1,4.0
79994,41,2,4.25
79994,84,1,0.8
79995,71,1,3.75
79995,71,1,3.75
79996,48,3,2.5
79996,3,1,14.75
79997,23,1,2.5
79997,14,1,8.95
79998,51,1,3.0
79999,57,3,3.1
79999,75,1,3.5
80000,28,2,2.0
80001,27,2,3.5
80001,2,1,18.0
80002,48,1,2.5
80003,61,1,4.75
80004,47,1,3.0
80004,75,1,3.5
80005,50,1,2.5
80006,40,1,3.75
80006,84,1,0.8
80007,23,1,2.5
80008,42,2,2.5
80009,47,3,3.0
80010,30,2,3.0
80011,27,1,3.5
80012,49,2,3.0
80013,43,2,3.0
80013,82,1,12.0
80014,44,1,2.5
80015,42,3,2.5
80016,42,1,2.5
80017,43,2,3.0
80018,55,2,4.0
80018,71,1,3.75
80018,2,1,18.0
80019,48,3,2.5
80019,69,1,3.25
80020,52,1,2.5
80021,44,2,2.5
80022,41,1,4.25
80022,65,1,0.8
80023,55,1,4.0
80023,78,1,4.5
80024,61,1,4.75
80024,71,1,3.75
80025,25,2,2.2
80026,48,2,2.5
80027,57,2,3.1
80027,44,1,2.5
80028,47,1,3.0
80029,30,1,3.0
80030,28,1,2.0
80031,47,1,3.0
80032,23,1,2.5
80033,29,1,2.5
80034,36,2,3.75
80034,79,1,3.75
80035,59,2,4.5
80036,26,2,3.0
80037,32,1,3.0
80038,26,2,3.0
80039,57,1,3.1
80040,44,1,2.5
80041,41,2,4.25
80041,64,2,0.8
80041,5,1,15.0
80042,53,1,3.0
80042,76,1,3.5
80042,83,1,14.0
80043,55,1,4.0
80044,42,1,2.5
80045,35,1,3.1
80046,23,2,2.5
80046,81,1,28.0
80047,49,2,3.0
80048,50,1,2.5
80049,26,1,3.0
80050,30,2,3.0
80051,29,2,2.5
80052,40,1,3.75
80052,84,2,0.8
80053,59,2,4.5
80054,61,2,4.75
80054,77,1,3.0
80055,43,1,3.0
80056,31,1,2.2
80057,87,2,3.0
80058,33,1,3.5
80059,53,1,3.0
80060,87,1,2.1
80060,72,1,3.25
80061,45,1,3.0
80062,49,1,3.0
80063,45,1,3.0
80064,53,2,3.0
80065,26,2,3.0
80066,47,1,3.0
80066,70,1,3.25
80067,44,2,2.5
80068,46,2,2.5
80069,36,1,3.75
80070,34,2,2.45
80071,43,1,3.0
80071,75,1,3.5
80072,47,2,3.0
80073,24,2,3.0
80074,87,2,3.0
80075,87,1,3.0
80076,51,2,3.0
80077,54,1,2.5
80077,4,1,20.45
80078,61,1,4.75
80079,44,1,2.5
80080,47,1,3.0
80081,51,1,3.0
80081,82,1,12.0
80082,27,2,3.5
80082,69,1,3.25
80083,38,1,3.75
80083,84,1,0.8
80084,55,1,4.0
80085,34,1,2.45
80085,71,1,3.75
80086,23,1,2.5
80087,39,2,4.25
80087,65,1,0.8
80088,30,1,3.0
80089,52,1,2.5
80090,39,2,4.25
80090,65,1,0.8
80091,31,1,2.2
80091,60,2,3.75
80092,52,2,2.5
80093,53,2,3.0
80094,53,2,3.0
80095,26,1,3.0
80096,26,2,3.0
80097,22,2,2.0
80098,31,1,2.2
80098,79,1,3.75
80099,59,1,4.5
80100,56,2,2.55
80101,44,1,2.5
80102,60,2,3.75
80103,42,2,2.5
80104,56,1,2.55
80104,76,1,3.5
80105,24,1,3.0
80106,57,2,3.1
80107,26,2,3.0
80108,41,2,4.25
80108,84,1,0.8
80109,44,3,2.5
80110,48,1,2.5
80111,50,2,2.5
80112,23,2,2.5
80112,76,1,3.5
80113,59,1,4.5
80114,33,1,3.5
80114,81,1,23.0
80115,48,1,2.5
80116,58,2,3.5
80117,27,2,3.5
80118,32,1,3.0
80119,52,2,2.5
80120,52,2,2.5
80121,22,2,2.0
80122,55,1,4.0
80123,27,2,3.5
80124,55,2,4.0
80125,53,1,3.0
80126,87,1,2.1
80126,72,1,3.25
80126,79,1,3.75
80127,51,3,3.0
80128,27,1,3.5
80129,55,1,4.0
80130,61,1,4.75
80131,57,2,3.1
80132,44,1,2.5
80132,72,1,3.25
80133,36,1,3.75
80134,25,2,2.2
80135,57,2,3.1
80136,41,2,4.25
80136,84,2,0.8
80137,37,2,3.0
80137,64,1,0.8
80137,60,1,3.75
80138,53,1,3.0
80139,32,1,3.0
80140,52,2,2.5
80141,35,1,3.1
80142,33,2,3.5
80143,47,1,3.0
80144,71,1,3.75
80144,71,1,3.75
80145,57,1,3.1
80145,70,1,3.25
80146,28,1,2.0
80146,11,1,8.95
80147,25,2,2.2
80148,29,2,2.5
80149,50,2,2.5
80150,38,2,3.75
80150,64,2,0.8
80151,41,1,4.25
80151,84,2,0.8
80152,59,3,4.5
80153,32,2,3.0
80153,72,1,3.25
80154,26,1,3.0
80154,71,1,3.75
80155,42,3,2.5
80156,27,1,3.5
80157,25,3,2.2
80158,34,1,2.45
80159,50,2,2.5
80160,32,2,3.0
80161,29,3,2.5
80162,41,2,4.25
80162,63,2,0.8
80163,35,1,3.1
80164,61,1,4.75
80165,87,2,3.0
80166,22,2,2.0
80167,54,1,2.5
80168,47,1,3.0
80169,40,3,3.75
80169,65,2,0.8
80170,30,3,3.0
80170,75,1,3.5
80171,50,1,2.5
80172,42,2,2.5
80173,52,1,2.5
80174,22,1,2.0
80175,31,1,2.2
80176,26,1,3.0
80176,72,1,3.25
80177,87,1,2.1
80177,72,1,2.65
80178,61,1,4.75
80179,26,1,3.0
80180,38,2,3.75
80180,64,1,0.8
80181,30,1,3.0
80182,40,1,3.75
80182,63,2,0.8
80183,44,3,2.5
80184,48,1,2.5
80185,29,3,2.5
80186,61,2,4.75
80187,58,1,3.5
80188,57,2,3.1
80189,26,2,3.0
80190,22,2,2.0
80191,25,2,2.2
80192,43,1,3.0
80192,8,1,45.0
80192,59,1,4.5
80192,79,1,3.75
80193,61,2,4.75
80194,42,1,2.5
80195,59,2,4.5
80196,43,2,3.0
80196,71,1,3.75
80197,38,2,3.75
80197,64,2,0.8
80198,32,1,3.0
80199,51,2,3.0
80199,70,1,3.25
80200,26,1,3.0
80200,73,1,3.75
80201,55,1,4.0
80202,41,2,4.25
80202,63,2,0.8
80203,50,2,2.5
80204,25,1,2.2
80205,37,2,3.0
80205,63,1,0.8
80206,31,1,2.2
80207,51,2,3.0
80207,76,1,3.5
80208,24,1,3.0
80209,27,2,3.5
80210,57,2,3.1
80211,44,1,2.5
80212,49,2,3.0
80213,27,1,3.5
80213,79,1,3.75
80214,22,3,2.0
80214,70,1,3.25
80215,57,2,3.1
80215,9,1,22.5
80216,34,1,2.45
80217,41,1,4.25
80217,65,2,0.8
80218,28,2,2.0
80219,46,2,2.5
80220,28,1,2.0
80221,45,2,3.0
80222,33,2,3.5
80223,26,2,3.0
80224,30,2,3.0
80225,58,1,3.5
80226,27,2,3.5
80227,59,1,4.5
80228,29,2,2.5
80229,59,1,4.5
80230,34,1,2.45
80231,50,2,2.5
80231,75,1,3.5
80232,46,2,2.5
80232,79,1,3.75
80233,33,1,3.5
80233,20,1,7.6
80234,32,2,3.0
80235,27,1,3.5
80236,42,1,2.5
80236,18,1,10.95
80237,22,1,2.0
80238,47,1,3.0
80238,71,1,3.75
80239,49,3,3.0
80239,75,1,3.5
80240,58,1,3.5
80241,38,1,3.75
80241,63,2,0.8
80242,36,1,3.75
80243,22,2,2.0
80243,82,1,12.0
80244,87,2,3.0
80244,71,1,3.75
80244,9,1,22.5
80245,55,1,4.0
80245,73,1,3.75
80246,34,2,2.45
80247,54,1,2.5
80247,7,1,19.75
80248,58,1,3.5
80249,87,2,3.0
80249,72,1,3.25
80250,49,2,3.0
80251,34,2,2.45
80252,31,2,2.2
80253,30,2,3.0
80254,87,1,2.1
80254,72,1,2.65
80255,51,3,3.0
80256,52,1,2.5
80256,79,1,3.75
80257,41,2,4.25
80257,65,2,0.8
80258,58,1,3.5
80259,47,2,3.0
80259,9,1,22.5
80260,55,1,4.0
80260,79,1,3.75
80261,22,2,2.0
80261,79,1,3.75
80262,30,2,3.0
80263,55,1,4.0
80263,73,1,3.75
80264,31,1,2.2
80264,77,1,3.0
80265,47,1,3.0
80265,69,1,3.25
80266,47,1,3.0
80267,56,2,2.55
80268,42,2,2.5
80268,74,1,3.5
80269,87,2,3.0
80270,87,1,2.1
80270,72,1,2.65
80270,70,1,3.25
80271,49,1,3.0
80272,47,2,3.0
80273,55,2,4.0
80273,7,1,19.75
80274,51,2,3.0
80275,25,2,2.2
80275,74,1,3.5
80276,41,1,4.25
80276,64,2,0.8
80276,79,1,3.75
80277,46,1,2.5
80278,23,2,2.5
80279,41,1,4.25
80279,65,1,0.8
80280,60,2,3.75
80280,71,1,3.75
80281,52,3,2.5
80282,42,2,2.5
80283,87,1,3.0
80284,44,2,2.5
80284,75,1,3.5
80285,45,2,3.0
80286,30,2,3.0
80287,25,3,2.2
80288,22,1,2.0
80289,50,1,2.5
80290,87,1,3.0
80291,87,2,3.0
80291,77,1,3.0
80291,13,1,8.95
80292,52,1,2.5
80293,87,1,3.0
80294,27,1,3.5
80294,69,1,3.25
80295,32,1,3.0
80296,50,1,2.5
80296,75,1,3.5
80297,46,2,2.5
80298,56,1,2.55
80299,30,1,3.0
80300,53,2,3.0
80300,71,1,3.75
80301,28,1,2.0
80301,69,1,3.25
80302,57,2,3.1
80303,61,1,4.75
80304,87,1,3.0
80305,35,1,3.1
80306,37,2,3.0
80306,65,1,0.8
80307,23,1,2.5
80308,25,2,2.2
80308,79,1,3.75
80309,27,1,3.5
80310,24,2,3.0
80311,45,3,3.0
80311,79,1,3.75
80311,15,1,9.25
80312,52,1,2.5
80312,74,1,3.5
80313,40,1,3.75
80313,84,2,0.8
80313,71,1,3.75
80314,39,2,4.25
80314,65,1,0.8
80315,58,1,3.5
80315,6,1,21.0
80315,81,1,28.0
80316,59,2,4.5
80316,20,1,7.6
80317,38,3,3.75
80317,84,1,0.8
80317,70,1,3.25
80318,56,1,2.55
80319,38,1,3.75
80319,64,1,0.8
80320,58,1,3.5
80321,48,2,2.5
80322,37,2,3.0
80322,65,2,0.8
80323,26,1,3.0
80324,53,1,3.0
80325,49,2,3.0
80326,44,1,2.5
80326,73,1,3.75
80327,36,2,3.75
80327,74,1,3.5
80328,35,3,3.1
80328,69,1,3.25
80329,38,3,3.75
80329,64,2,0.8
80330,49,1,3.0
80331,28,2,2.0
80332,30,3,3.0
80332,79,1,3.75
80333,48,1,2.5
80333,77,1,3.0
80333,11,1,8.95
80334,33,2,3.5
80335,38,1,3.75
80335,64,2,0.8
80336,45,2,3.0
80337,46,3,2.5
80338,32,2,3.0
80339,28,2,2.0
80340,29,1,2.5
80340,77,1,3.0
80341,28,1,2.0
80342,51,1,3.0
80343,52,1,2.5
80344,38,1,3.75
80344,63,2,0.8
80345,30,2,3.0
80345,69,1,3.25
80346,40,2,3.75
80346,84,2,0.8
80347,44,2,2.5
80348,48,2,2.5
80349,37,1,3.0
80349,69,1,3.25
80350,44,1,2.5
80350,78,1,4.5
80351,26,2,3.0
80352,61,2,4.75
80353,40,2,3.75
80353,64,1,0.8
80354,57,2,3.1
80355,35,1,3.1
80356,31,2,2.2
80357,34,3,2.45
80358,28,2,2.0
80359,54,2,2.5
80360,28,2,2.0
80361,34,2,2.45
80362,57,1,3.1
80363,28,1,2.0
80363,72,1,3.25
80364,39,1,4.25
80364,64,2,0.8
80365,49,2,3.0
80366,56,1,2.55
80367,35,2,3.1
80368,43,2,3.0
80369,23,2,2.5
80370,41,2,4.25
80371,44,1,2.5
80372,52,3,2.5
80373,59,1,4.5
80374,61,2,4.75
80375,42,2,2.5
80375,79,1,3.75
80376,24,1,3.0
80377,87,2,3.0
80378,64,2,0.8
80378,72,1,3.25
80379,23,1,2.5
80380,43,1,3.0
80381,26,1,3.0
80382,36,1,3.75
80383,60,1,3.75
80384,39,3,4.25
80384,63,2,0.8
80384,78,1,4.5
80385,37,3,3.0
80385,84,2,0.8
80386,44,1,2.5
80387,38,1,3.75
80387,65,1,0.8
80388,50,2,2.5
80389,56,1,2.55
80389,69,1,3.25
80390,50,1,2.5
80391,49,1,3.0
80392,47,3,3.0
80393,26,1,3.0
80394,26,2,3.0
80394,71,1,3.75
80395,23,1,2.5
80396,25,1,2.2
80396,75,1,3.5
80397,41,2,4.25
80397,63,2,0.8
80398,58,2,3.5
80398,13,1,8.95
80399,27,3,3.5
80399,77,1,3.0
80400,47,2,3.0
80401,87,3,3.0
80401,77,1,3.0
80402,30,2,3.0
80403,46,2,2.5
80404,48,2,2.5
80404,73,1,3.75
80405,40,2,3.75
80405,64,2,0.8
80406,23,2,2.5
80407,46,1,2.5
80407,75,1,3.5
80408,47,1,3.0
80409,45,1,3.0
80410,31,2,2.2
80411,50,1,2.5
80412,53,2,3.0
80412,72,1,3.25
80413,87,1,2.1
80413,72,1,3.25
80414,32,2,3.0
80414,79,1,3.75
80414,3,1,14.75
80415,59,2,4.5
80416,28,2,2.0
80417,27,1,3.5
80418,36,1,3.75
80419,31,2,2.2
80420,32,1,3.0
80421,54,2,2.5
80422,26,2,3.0
80423,43,1,3.0
80424,53,1,3.0
80424,77,1,3.0
80425,53,1,3.0
80426,41,1,4.25
80426,63,2,0.8
80427,26,1,3.0
80428,40,2,3.75
80428,65,2,0.8
80428,81,1,28.0
80429,43,2,3.0
80430,45,2,3.0
80431,38,1,3.75
80431,84,2,0.8
80431,83,1,14.0
80432,56,1,2.55
80433,48,2,2.5
80434,37,2,3.0
80434,84,1,0.8
80435,61,2,4.75
80436,49,1,3.0
80436,69,1,3.25
80437,55,2,4.0
80438,87,2,3.0
80439,40,1,3.75
80439,84,2,0.8
80439,74,1,3.5
80440,47,2,3.0
80441,47,1,3.0
80442,31,2,2.2
80443,23,2,2.5
80444,46,1,2.5
80445,43,1,3.0
80446,61,2,4.75
80447,36,2,3.75
80448,52,1,2.5
80448,78,1,4.5
80449,35,2,3.1
80449,75,1,3.5
80450,54,2,2.5
80451,22,2,2.0
80451,75,1,3.5
80452,42,1,2.5
80453,58,2,3.5
80454,59,1,4.5
80455,24,1,3.0
80455,8,1,45.0
80456,87,1,3.0
80457,48,1,2.5
80458,27,2,3.5
80459,39,2,4.25
80459,65,2,0.8
80460,40,2,3.75
80460,65,2,0.8
80461,45,1,3.0
80462,22,2,2.0
80463,54,1,2.5
80463,73,1,3.75
80464,44,1,2.5
80464,70,1,3.25
80465,24,1,3.0
80466,41,1,4.25
80466,65,1,0.8
80467,87,3,3.0
80468,31,2,2.2
80469,87,1,3.0
80469,77,1,3.0
80470,40,3,3.75
80470,84,2,0.8
80471,23,1,2.5
80472,57,1,3.1
80472,73,1,3.75
80473,55,2,4.0
80474,43,3,3.0
80474,76,1,3.5
80475,87,2,3.0
80475,75,1,3.5
80476,52,2,2.5
80477,24,1,3.0
80478,30,2,3.0
80478,18,1,6.4
80479,58,1,3.5
80480,26,1,3.0
80481,27,2,3.5
80482,58,2,3.5
80482,73,1,3.75
80483,44,2,2.5
80484,44,3,2.5
80485,59,1,4.5
80485,76,1,3.5
80486,61,2,4.75
80487,87,2,2.1
80487,72,2,2.65
80488,49,2,3.0
80488,73,1,3.75
80489,29,2,2.5
80490,31,1,2.2
80491,30,2,3.0
80492,27,1,3.5
80493,41,2,4.25
80493,84,2,0.8
80494,28,1,2.0
80495,39,1,4.25
80495,63,1,0.8
80496,32,1,3.0
80497,39,3,4.25
80497,84,2,0.8
80498,23,1,2.5
80499,30,2,3.0
80500,23,3,2.5
80501,26,1,3.0
80502,70,1,3.25
80503,24,1,3.0
80504,37,1,3.0
80504,64,1,0.8
80504,75,1,3.5
80505,37,2,3.0
80506,33,1,3.5
80507,52,1,2.5
80508,30,2,3.0
80509,57,2,3.1
80510,31,1,2.2
80511,47,3,3.0
80512,53,2,3.0
80513,30,2,3.0
80514,60,2,3.75
80515,53,3,3.0
80516,47,2,3.0
80517,48,3,2.5
80518,28,1,2.0
80519,38,1,3.75
80520,43,2,3.0
80521,46,2,2.5
80522,53,1,3.0
80523,54,2,2.5
80524,38,1,3.75
80525,39,2,4.25
80526,31,3,2.2
80527,43,1,3.0
80528,52,3,2.5
80529,41,1,4.25
80530,32,1,3.0
80531,53,2,3.0
80532,33,1,3.5
80533,31,2,2.2
80534,35,2,3.1
80535,51,1,3.0
80535,72,1,3.25
80536,47,2,3.0
80537,35,1,3.1
80537,76,1,3.5
80538,56,3,2.55
80538,72,1,3.25
80539,46,1,2.5
80540,29,2,2.5
80541,59,1,4.5
80542,48,1,2.5
80543,52,2,2.5
80543,21,1,13.33
80544,58,2,3.5
80544,83,1,14.0
80545,26,1,3.0
80546,27,2,3.5
80547,57,2,3.1
80548,32,1,3.0
80549,22,1,2.0
80550,46,1,2.5
80551,70,1,3.25
80552,28,2,2.0
80553,53,3,3.0
80554,46,2,2.5
80555,23,3,2.5
80556,48,2,2.5
80557,44,2,2.5
80558,45,1,3.0
80559,44,2,2.5
80560,60,1,3.75
80561,42,2,2.5
80561,15,1,9.25
80562,50,3,2.5
80563,36,1,3.75
80564,36,3,3.75
80565,51,2,3.0
80566,56,2,2.55
80567,46,2,2.5
80568,22,1,2.0
80569,48,2,2.5
80570,78,1,4.5
80571,50,2,2.5
80572,47,1,3.0
80573,43,1,3.0
80574,41,2,4.25
80575,30,2,3.0
80576,22,2,2.0
80576,70,1,3.25
80577,40,2,3.75
80578,53,1,3.0
80579,39,1,4.25
80580,29,2,2.5
80581,56,1,2.55
80582,61,2,4.75
80582,74,1,3.5
80583,69,1,3.25
80584,74,1,3.5
80585,72,1,3.25
80585,87,1,2.1
80586,35,2,3.1
80587,73,1,3.75
80588,39,2,4.25
80589,40,3,3.75
80589,84,1,0.8
80590,34,2,2.45
80591,40,2,3.75
80592,39,3,4.25
80592,64,2,0.8
80592,75,1,3.5
80593,36,2,3.75
80594,45,2,3.0
80595,38,2,3.75
80596,44,2,2.5
80596,74,1,3.5
80597,58,3,3.5
80598,26,1,3.0
80599,61,2,4.75
80600,87,2,3.0
80601,50,3,2.5
80602,39,2,4.25
80603,29,2,2.5
80604,24,1,3.0
80605,76,1,3.5
80606,87,1,3.0
80607,51,1,3.0
80608,57,1,3.1
80609,56,2,2.55
80610,33,2,3.5
80611,72,1,3.25
80611,87,1,2.1
80612,48,2,2.5
80613,9,1,22.5
80614,59,1,4.5
80615,22,2,2.0
80616,36,2,3.75
80617,47,3,3.0
80617,69,1,3.25
80618,71,1,3.75
80619,79,1,3.75
80620,38,2,3.75
80620,64,1,0.8
80621,45,2,3.0
80622,46,2,2.5
80623,30,3,3.0
80624,71,1,3.75
80625,24,1,3.0
80626,87,1,2.1
80626,72,1,2.65
80626,77,1,3.0
80627,53,2,3.0
80627,69,1,3.25
80628,30,3,3.0
80628,9,1,22.5
80629,32,2,3.0
80630,37,3,3.0
80630,65,2,0.8
80630,77,1,3.0
80630,10,1,10.0
80631,31,2,2.2
80632,57,1,3.1
80633,38,1,3.75
80633,64,1,0.8
80634,45,1,3.0
80634,76,1,3.5
80635,42,3,2.5
80635,8,1,45.0
80636,56,1,2.55
80636,77,1,3.0
80637,28,3,2.0
80638,28,1,2.0
80639,69,1,3.25
80640,30,2,3.0
80640,71,1,3.75
80641,46,2,2.5
80641,1,1,18.0
80642,51,1,3.0
80643,61,2,4.75
80644,29,2,2.5
80645,27,1,3.5
80646,32,2,3.0
80647,35,2,3.1
80648,38,3,3.75
80648,64,2,0.8
80649,48,1,2.5
80650,43,2,3.0
80651,56,2,2.55
80652,51,2,3.0
80652,75,1,3.5
80653,25,1,2.2
80654,53,3,3.0
80655,55,2,4.0
80656,56,1,2.55
80657,22,2,2.0
80658,34,2,2.45
80659,30,3,3.0
80660,34,2,2.45
80661,39,2,4.25
80661,64,1,0.8
80662,32,2,3.0
80663,27,2,3.5
80664,73,1,3.75
80665,34,1,2.45
80666,25,2,2.2
80667,57,1,3.1
80668,70,1,3.25
80669,47,1,3.0
80670,41,3,4.25
80670,65,1,0.8
80671,58,2,3.5
80672,22,1,2.0
80673,35,3,3.1
80673,73,1,3.75
80674,61,2,4.75
80674,71,1,3.75
80675,33,1,3.5
80676,23,1,2.5
80677,36,1,3.75
80678,39,2,4.25
80678,63,1,0.8
80679,44,2,2.5
80680,27,1,3.5
80681,87,1,2.1
80681,72,1,2.65
80682,28,2,2.0
80683,29,2,2.5
80684,42,1,2.5
80685,58,3,3.5
80686,37,1,3.0
80687,58,2,3.5
80688,60,2,3.75
80689,27,2,3.5
80690,50,2,2.5
80691,23,2,2.5
80691,78,1,4.5
80692,74,1,3.5
80693,45,2,3.0
80694,51,1,3.0
80695,31,2,2.2
80696,34,2,2.45
80696,79,1,3.75
80697,27,1,3.5
80698,56,2,2.55
80699,60,1,3.75
80700,61,2,4.75
80701,49,1,3.0
80702,7,1,19.75
80703,23,1,2.5
80704,39,3,4.25
80704,63,1,0.8
80705,33,2,3.5
80706,73,1,3.75
80707,58,3,3.5
80708,39,1,4.25
80709,61,1,4.75
80710,23,3,2.5
80711,17,1,9.5
80712,2,1,18.0
80713,42,2,2.5
80714,39,1,4.25
80715,50,3,2.5
80716,42,1,2.5
80717,34,3,2.45
80718,54,3,2.5
80718,76,1,3.5
80719,35,2,3.1
80720,39,2,4.25
80720,73,1,3.75
80721,46,1,2.5
80722,56,1,2.55
80723,87,3,2.1
80723,72,3,2.65
80724,26,1,3.0
80725,27,2,3.5
80726,78,1,4.5
80727,23,1,2.5
80728,52,2,2.5
80729,58,2,3.5
80730,23,1,2.5
80731,44,2,2.5
80731,78,1,4.5
80732,41,1,4.25
80732,65,2,0.8
80733,50,2,2.5
80733,75,1,3.5
80734,71,1,3.75
80734,71,1,3.75
80734,27,1,3.5
80735,39,1,4.25
80735,63,1,0.8
80736,25,3,2.2
80737,23,2,2.5
80738,48,3,2.5
80738,72,1,3.25
80739,60,1,3.75
80740,53,3,3.0
80741,46,3,2.5
80742,44,2,2.5
80743,70,1,3.25
80744,61,1,4.75
80745,60,1,3.75
80746,55,2,4.0
80747,36,2,3.75
80748,73,1,3.75
80749,22,1,2.0
80750,77,1,3.0
80751,22,2,2.0
80752,24,2,3.0
80753,46,1,2.5
80754,38,1,3.75
80754,63,2,0.8
80755,33,2,3.5
80756,27,3,3.5
80757,46,1,2.5
80757,74,1,3.5
80758,28,1,2.0
80759,50,2,2.5
80760,56,2,2.55
80761,38,1,3.75
80761,75,1,3.5
80762,43,2,3.0
80763,69,1,3.25
80764,40,2,3.75
80765,49,1,3.0
80766,53,1,3.0
80767,51,2,3.0
80768,42,2,2.5
80769,57,1,3.1
80770,30,1,3.0
80771,53,2,3.0
80772,36,2,3.75
80773,27,2,3.5
80774,52,2,2.5
80775,55,1,4.0
80776,36,3,3.75
80777,48,2,2.5
80778,23,1,2.5
80778,70,1,3.25
80779,50,1,2.5
80779,76,1,3.5
80780,47,1,3.0
80781,47,1,3.0
80782,52,1,2.5
80783,56,1,2.55
80784,61,1,4.75
80785,30,2,3.0
80786,47,2,3.0
80787,57,2,3.1
80788,31,3,2.2
80789,76,1,3.5
80790,24,1,3.0
80791,22,1,2.0
80792,46,1,2.5
80793,43,3,3.0
80794,33,2,3.5
80795,56,1,2.55
80796,46,2,2.5
80797,25,2,2.2
80798,42,2,2.5
80799,56,1,2.55
80800,33,2,3.5
80801,56,2,2.55
80802,23,2,2.5
80803,48,3,2.5
80804,38,1,3.75
80805,43,2,3.0
80806,22,2,2.0
80807,57,2,3.1
80808,70,1,3.25
80809,46,1,2.5
80810,72,1,3.25
80810,87,1,2.1
80811,60,2,3.75
80811,78,1,4.5
80812,46,1,2.5
80813,42,2,2.5
80813,79,1,3.75
80813,1,1,18.0
80814,42,3,2.5
80814,79,1,3.75
80815,22,3,2.0
80816,29,1,2.5
80817,29,1,2.5
80818,34,1,2.45
80819,59,2,4.5
80820,54,2,2.5
80821,58,1,3.5
80821,75,1,3.5
80822,58,1,3.5
80823,60,1,3.75
80824,22,1,2.0
80824,73,1,3.75
80825,47,2,3.0
80826,42,1,2.5
80827,50,3,2.5
80827,76,1,3.5
80828,25,1,2.2
80829,46,1,2.5
80829,79,1,3.75
80830,59,2,4.5
80831,4,1,20.45
80832,25,3,2.2
80833,30,1,3.0
80834,45,2,3.0
80835,46,1,2.5
80836,28,2,2.0
80837,59,1,4.5
80838,28,1,2.0
80839,35,1,3.1
80840,71,1,3.75
80841,71,1,3.75
80842,30,1,3.0
80843,33,2,3.5
80844,46,1,2.5
80845,59,2,4.5
80845,79,1,3.75
80846,42,2,2.5
80847,51,3,3.0
80848,33,1,3.5
80849,28,1,2.0
80850,61,2,4.75
80851,24,1,3.0
80852,58,2,3.5
80853,48,3,2.5
80854,45,2,3.0
80855,37,1,3.0
80855,64,1,0.8
80855,76,1,3.5
80856,56,2,2.55
80857,45,1,3.0
80857,78,1,4.5
80858,31,1,2.2
80859,51,2,3.0
80860,37,1,3.0
80861,37,2,3.0
80862,22,1,2.0
80863,60,2,3.75
80864,33,2,3.5
80865,49,1,3.0
80866,49,2,3.0
80867,34,1,2.45
80868,44,2,2.5
80869,3,1,14.75
80870,50,2,2.5
80870,69,1,3.25
80871,54,3,2.5
80872,58,2,3.5
80873,35,2,3.1
80874,27,1,3.5
80875,22,2,2.0
80876,59,1,4.5
80876,70,1,3.25
80876,8,1,45.0
80877,71,1,3.75
80877,71,1,3.75
80878,55,2,4.0
80879,33,1,3.5
80879,78,1,4.5
80879,6,1,21.0
80880,40,1,3.75
80881,52,3,2.5
80881,1,1,18.0
80882,39,2,4.25
80882,63,1,0.8
80883,73,1,3.75
80884,22,1,2.0
80885,30,3,3.0
80886,69,1,3.25
80887,57,2,3.1
80888,87,3,2.1
80888,72,3,2.65
80888,71,1,3.75
80889,51,2,3.0
80890,41,1,4.25
80891,75,1,3.5
80892,59,1,4.5
80893,51,1,3.0
80894,72,1,3.25
80894,87,1,2.1
80895,44,2,2.5
80896,45,1,3.0
80897,40,1,3.75
80897,65,1,0.8
80898,53,2,3.0
80899,24,2,3.0
80900,29,1,2.5
80901,39,1,4.25
80902,26,1,3.0
80903,45,1,3.0
80904,39,2,4.25
80905,52,2,2.5
80906,23,2,2.5
80907,45,1,3.0
80907,73,1,3.75
80908,31,2,2.2
80909,59,2,4.5
80909,78,1,4.5
80910,55,2,4.0
80911,27,1,3.5
80912,57,2,3.1
80913,44,1,2.5
80914,49,2,3.0
80915,35,1,3.1
80916,39,2,4.25
80917,38,1,3.75
80918,73,1,3.75
80919,49,1,3.0
80920,75,1,3.5
80921,45,2,3.0
80922,50,1,2.5
80923,40,1,3.75
80924,28,1,2.0
80925,36,2,3.75
80926,77,1,3.0
80927,25,1,2.2
80928,24,2,3.0
80929,41,2,4.25
80930,32,1,3.0
80931,35,2,3.1
80932,50,1,2.5
80933,22,2,2.0
80934,61,1,4.75
80935,47,2,3.0
80935,78,1,4.5
80936,38,1,3.75
80936,65,2,0.8
80937,39,1,4.25
80938,49,2,3.0
80939,51,1,3.0
80940,45,1,3.0
80941,57,2,3.1
80942,72,1,3.25
80942,87,1,2.1
80943,39,3,4.25
80943,64,2,0.8
80944,32,2,3.0
80945,56,2,2.55
80946,54,1,2.5
80947,52,1,2.5
80947,79,1,3.75
80948,57,1,3.1
80948,76,1,3.5
80949,51,2,3.0
80950,46,1,2.5
80951,75,1,3.5
80952,56,3,2.55
80953,46,1,2.5
80954,26,2,3.0
80954,74,1,3.5
80954,3,1,14.75
80955,23,1,2.5
80956,49,2,3.0
80957,33,3,3.5
80958,33,1,3.5
80959,22,2,2.0
80960,44,1,2.5
80961,24,2,3.0
80962,43,2,3.0
80962,79,1,3.75
80963,26,2,3.0
80964,36,1,3.75
80965,54,1,2.5
80965,71,1,3.75
80966,31,2,2.2
80967,28,2,2.0
80968,56,1,2.55
80969,59,2,4.5
80970,57,2,3.1
80971,29,2,2.5
80972,37,1,3.0
80973,54,2,2.5
80974,48,2,2.5
80975,35,3,3.1
80976,31,1,2.2
80977,87,2,2.1
80977,72,2,2.65
80977,15,1,9.25
80978,30,1,3.0
80979,29,1,2.5
80979,76,1,3.5
80980,54,1,2.5
80981,44,1,2.5
80982,52,1,2.5
80983,52,1,2.5
80984,41,2,4.25
80984,65,1,0.8
80985,23,1,2.5
80986,56,2,2.55
80986,69,1,3.25
80987,43,1,3.0
80987,70,1,3.25
80988,52,2,2.5
80989,38,2,3.75
80990,41,1,4.25
80991,51,1,3.0
80992,40,1,3.75
80993,31,1,2.2
80994,53,2,3.0
80995,43,2,3.0
80996,47,2,3.0
80997,58,2,3.5
80997,70,1,3.25
80998,77,1,3.0
80999,30,1,3.0
81000,70,1,3.25
81001,59,1,4.5
81002,42,2,2.5
81003,22,2,2.0
81004,42,1,2.5
81005,48,2,2.5
81006,35,1,3.1
81007,33,1,3.5
81008,87,1,2.1
81008,72,1,3.25
81009,49,2,3.0
81010,57,2,3.1
81011,24,2,3.0
81012,59,1,4.5
81013,49,1,3.0
81014,39,3,4.25
81014,84,1,0.8
81015,54,1,2.5
81016,26,2,3.0
81017,41,2,4.25
81017,64,1,0.8
81018,49,2,3.0
81019,51,2,3.0
81020,40,2,3.75
81021,27,2,3.5
81022,29,3,2.5
81023,50,2,2.5
81024,54,1,2.5
81025,51,1,3.0
81026,54,2,2.5
81027,31,1,2.2
81028,23,1,2.5
81029,34,1,2.45
81030,35,2,3.1
81031,41,1,4.25
81032,23,1,2.5
81033,27,2,3.5
81034,28,2,2.0
81035,87,1,3.0
81036,56,2,2.55
81037,49,2,3.0
81038,27,3,3.5
81039,58,2,3.5
81040,45,2,3.0
81041,50,1,2.5
81042,54,2,2.5
81043,36,2,3.75
81044,35,1,3.1
81045,54,2,2.5
81046,34,2,2.45
81047,26,1,3.0
81047,79,1,3.75
81048,50,2,2.5
81049,51,2,3.0
81049,69,1,3.25
81050,61,2,4.75
81051,31,3,2.2
81052,36,2,3.75
81053,52,1,2.5
81054,25,1,2.2
81055,25,2,2.2
81056,51,1,3.0
81057,25,1,2.2
81058,27,2,3.5
81059,54,2,2.5
81060,51,2,3.0
81061,25,2,2.2
81061,71,1,3.75
81062,59,1,4.5
81063,57,2,3.1
81064,48,1,2.5
81064,77,1,3.0
81065,43,1,3.0
81066,30,2,3.0
81067,38,2,3.75
81068,49,2,3.0
81069,55,2,4.0
81070,50,1,2.5
81070,69,1,3.25
81071,43,3,3.0
81071,73,1,3.75
81072,55,2,4.0
81072,77,1,3.0
81073,40,2,3.75
81074,51,2,3.0
81075,59,2,4.5
81076,26,2,3.0
81076,73,1,3.75
81077,47,2,3.0
81078,25,1,2.2
81078,74,1,3.5
81079,50,2,2.5
81079,74,1,3.5
81080,47,1,3.0
81081,61,1,4.75
81082,56,1,2.55
81083,57,2,3.1
81083,69,1,3.25
81084,23,2,2.5
81085,37,2,3.0
81085,63,1,0.8
81086,55,1,4.0
81087,40,1,3.75
81087,65,2,0.8
81088,27,1,3.5
81089,50,2,2.5
81090,33,1,3.5
81091,29,3,2.5
81092,57,1,3.1
81093,29,1,2.5
81094,42,2,2.5
81095,42,1,2.5
81096,22,2,2.0
81097,60,2,3.75
81098,52,3,2.5
81099,52,2,2.5
81100,69,1,3.25
81101,26,2,3.0
81102,60,2,3.75
81102,71,1,3.75
81103,45,3,3.0
81103,21,1,13.33
81104,29,2,2.5
81105,33,2,3.5
81106,41,1,4.25
81106,84,1,0.8
81107,60,2,3.75
81108,29,1,2.5
81109,52,2,2.5
81110,41,2,4.25
81110,63,2,0.8
81111,28,1,2.0
81111,70,1,3.25
81112,23,2,2.5
81112,74,1,3.5
81113,49,1,3.0
81114,28,1,2.0
81115,53,1,3.0
81116,49,1,3.0
81117,45,2,3.0
81118,36,1,3.75
81118,75,1,3.5
81119,60,2,3.75
81119,75,1,3.5
81120,51,2,3.0
81121,87,1,3.0
81122,27,1,3.5
81123,50,1,2.5
81123,76,1,3.5
81124,57,2,3.1
81125,39,2,4.25
81126,47,1,3.0
81127,23,2,2.5
81128,61,2,4.75
81129,44,2,2.5
81130,51,2,3.0
81131,45,2,3.0
81132,47,2,3.0
81133,40,2,3.75
81133,63,1,0.8
81134,34,1,2.45
81134,5,1,15.0
81135,23,2,2.5
81136,27,1,3.5
81137,51,1,3.0
81138,56,2,2.55
81139,40,3,3.75
81139,63,1,0.8
81140,34,1,2.45
81140,72,1,3.25
81141,30,2,3.0
81142,22,2,2.0
81143,47,2,3.0
81144,56,2,2.55
81145,61,1,4.75
81145,3,1,14.75
81146,33,1,3.5
81147,27,2,3.5
81148,22,2,2.0
81149,30,2,3.0
81149,23,2,2.5
81150,29,1,2.5
81151,25,1,2.2
81152,41,1,4.25
81153,70,1,3.25
81154,31,2,2.2
81155,30,2,3.0
81156,87,2,3.0
81157,50,2,2.5
81158,33,1,3.5
81159,45,1,3.0
81160,49,1,3.0
81161,39,3,4.25
81161,64,1,0.8
81161,70,1,3.25
81162,23,1,2.5
81163,40,1,3.75
81164,52,1,2.5
81165,38,2,3.75
81165,78,1,4.5
81166,30,2,3.0
81167,53,1,3.0
81167,71,1,3.75
81168,23,1,2.5
81169,47,1,3.0
81170,58,1,3.5
81171,56,2,2.55
81172,52,2,2.5
81173,53,2,3.0
81174,26,2,3.0
81175,69,1,3.25
81175,16,1,8.95
81176,48,3,2.5
81176,78,1,4.5
81177,41,1,4.25
81178,48,2,2.5
81179,38,1,3.75
81180,35,1,3.1
81181,59,2,4.5
81182,48,1,2.5
81183,44,2,2.5
81184,48,2,2.5
81185,44,2,2.5
81186,28,1,2.0
81187,29,2,2.5
81188,37,2,3.0
81189,25,2,2.2
81189,71,1,3.75
81190,27,1,3.5
81191,54,1,2.5
81191,70,1,3.25
81192,33,1,3.5
81192,76,1,3.5
81193,22,3,2.0
81194,42,1,2.5
81195,57,2,3.1
81196,34,3,2.45
81197,49,3,3.0
81197,75,1,3.5
81198,42,1,2.5
81199,48,2,2.5
81200,36,3,3.75
81201,41,1,4.25
81201,64,2,0.8
81202,35,2,3.1
81203,22,1,2.0
81203,77,1,3.0
81204,70,1,3.25
81205,34,1,2.45
81206,45,1,3.0
81207,31,2,2.2
81208,36,2,3.75
81209,59,1,4.5
81210,55,1,4.0
81211,44,1,2.5
81212,39,1,4.25
81212,64,2,0.8
81213,29,3,2.5
81213,75,1,3.5
81214,32,1,3.0
81215,24,1,3.0
81216,45,1,3.0
81216,77,1,3.0
81217,52,2,2.5
81218,41,2,4.25
81219,36,2,3.75
81220,45,2,3.0
81221,75,1,3.5
81222,39,2,4.25
81223,24,1,3.0
81224,60,1,3.75
81225,30,1,3.0
81226,56,1,2.55
81227,33,1,3.5
81228,49,1,3.0
81229,44,2,2.5
81230,56,1,2.55
81231,55,3,4.0
81232,51,1,3.0
81233,55,2,4.0
81234,59,1,4.5
81235,38,2,3.75
81236,27,2,3.5
81237,22,2,2.0
81238,52,1,2.5
81239,32,1,3.0
81239,71,1,3.75
81240,31,1,2.2
81240,75,1,3.5
81241,38,1,3.75
81242,87,2,3.0
81243,49,2,3.0
81244,69,1,3.25
81245,22,2,2.0
81245,78,1,4.5
81246,39,1,4.25
81247,28,1,2.0
81248,43,2,3.0
81249,51,1,3.0
81250,29,2,2.5
81251,39,2,4.25
81251,64,2,0.8
81251,73,1,3.75
81252,32,2,3.0
81252,77,1,3.0
81253,69,1,3.25
81254,25,1,2.2
81255,44,2,2.5
81256,23,2,2.5
81257,74,1,3.5
81258,30,1,3.0
81259,37,3,3.0
81259,65,2,0.8
81260,31,1,2.2
81261,57,1,3.1
81262,31,3,2.2
81262,76,1,3.5
81263,46,2,2.5
81263,78,1,4.5
81264,40,1,3.75
81265,25,2,2.2
81266,51,3,3.0
81267,43,1,3.0
81268,45,2,3.0
81269,52,2,2.5
81270,32,1,3.0
81271,53,2,3.0
81272,57,3,3.1
81273,37,1,3.0
81273,84,1,0.8
81274,43,1,3.0
81275,40,2,3.75
81275,65,2,0.8
81275,18,1,10.95
81276,30,1,3.0
81277,50,1,2.5
81277,20,1,7.6
81278,87,2,3.0
81279,23,2,2.5
81280,31,2,2.2
81280,79,1,3.75
81281,74,1,3.5
81282,29,1,2.5
81283,39,1,4.25
81283,64,1,0.8
81284,47,2,3.0
81285,28,1,2.0
81286,61,2,4.75
81287,57,1,3.1
81288,41,2,4.25
81289,57,1,3.1
81290,61,1,4.75
81291,51,1,3.0
81291,74,1,3.5
81292,25,1,2.2
81293,25,3,2.2
81294,33,2,3.5
81295,58,2,3.5
81296,43,2,3.0
81296,71,1,3.75
81297,27,2,3.5
81298,61,2,4.75
81299,39,2,4.25
81299,64,2,0.8
81300,27,1,3.5
81301,51,2,3.0
81302,34,2,2.45
81303,50,1,2.5
81304,24,1,3.0
81305,36,2,3.75
81306,25,1,2.2
81306,69,1,3.25
81307,53,1,3.0
81308,53,2,3.0
81309,26,1,3.0
81310,32,1,3.0
81311,53,1,3.0
81312,41,3,4.25
81312,65,2,0.8
81313,58,2,3.5
81314,32,2,3.0
81315,34,2,2.45
81316,60,1,3.75
81317,44,1,2.5
81318,29,1,2.5
81319,57,1,3.1
81320,48,2,2.5
81321,22,2,2.0
81322,59,2,4.5
81323,51,2,3.0
81324,50,2,2.5
81325,73,1,3.75
81326,26,2,3.0
81327,40,2,3.75
81328,49,1,3.0
81329,24,1,3.0
81329,76,1,3.5
81330,28,2,2.0
81331,50,1,2.5
81332,26,2,3.0
81333,56,2,2.55
81334,52,2,2.5
81335,52,2,2.5
81336,28,2,2.0
81337,59,1,4.5
81338,42,1,2.5
81339,54,2,2.5
81340,33,1,3.5
81341,60,2,3.75
81342,69,1,3.25
81343,38,1,3.75
81344,22,1,2.0
81345,56,2,2.55
81346,51,2,3.0
81347,46,2,2.5
81348,37,2,3.0
81349,56,2,2.55
81350,31,2,2.2
81351,28,2,2.0
81352,61,2,4.75
81353,35,2,3.1
81354,61,1,4.75
81355,35,1,3.1
81356,57,1,3.1
81357,42,2,2.5
81358,38,2,3.75
81359,29,1,2.5
81360,29,1,2.5
81361,39,1,4.25
81362,37,1,3.0
81363,25,2,2.2
81364,54,2,2.5
81365,37,1,3.0
81366,58,1,3.5
81367,29,1,2.5
81368,41,2,4.25
81368,70,1,3.25
81369,28,1,2.0
81370,45,2,3.0
81371,13,1,8.95
81372,6,1,21.0
81373,69,1,3.25
81374,79,1,3.75
81375,35,1,3.1
81376,55,1,4.0
81377,38,2,3.75
81377,63,1,0.8
81378,58,2,3.5
81379,31,1,2.2
81380,38,2,3.75
81381,53,2,3.0
81382,55,2,4.0
81383,42,2,2.5
81384,31,2,2.2
81385,30,2,3.0
81386,51,2,3.0
81386,71,1,3.75
81387,37,2,3.0
81388,36,1,3.75
81389,47,1,3.0
81390,45,2,3.0
81390,79,1,3.75
81391,55,2,4.0
81392,33,1,3.5
81393,34,2,2.45
81394,26,2,3.0
81394,69,1,3.25
81395,60,2,3.75
81396,60,2,3.75
81396,77,1,3.0
81397,60,3,3.75
81398,32,2,3.0
81399,44,2,2.5
81400,51,1,3.0
81401,26,2,3.0
81402,23,1,2.5
81403,78,1,4.5
81404,72,1,3.25
81405,56,2,2.55
81406,53,2,3.0
81407,32,1,3.0
81408,51,3,3.0
81409,52,1,2.5
81410,59,1,4.5
81411,22,3,2.0
81412,36,3,3.75
81413,35,1,3.1
81414,31,1,2.2
81415,58,2,3.5
81416,25,1,2.2
81417,31,1,2.2
81418,59,3,4.5
81419,52,3,2.5
81420,44,1,2.5
81421,24,1,3.0
81422,74,1,3.5
81423,45,1,3.0
81424,40,3,3.75
81424,64,1,0.8
81425,28,1,2.0
81425,77,1,3.0
81426,16,1,8.95
81427,49,2,3.0
81428,38,1,3.75
81428,64,2,0.8
81429,23,1,2.5
81429,69,1,3.25
81430,58,2,3.5
81431,37,3,3.0
81431,64,2,0.8
81432,49,2,3.0
81433,27,1,3.5
81434,49,2,3.0
81435,36,2,3.75
81436,46,3,2.5
81436,76,1,3.5
81437,30,2,3.0
81438,50,2,2.5
81439,49,2,3.0
81440,58,3,3.5
81440,83,1,14.0
81441,51,1,3.0
81442,52,2,2.5
81443,36,2,3.75
81444,23,1,2.5
81445,28,1,2.0
81446,49,3,3.0
81447,22,2,2.0
81447,74,1,3.5
81448,46,3,2.5
81448,15,1,9.25
81449,33,2,3.5
81450,24,1,3.0
81451,79,1,3.75
81452,58,3,3.5
81453,24,1,3.0
81454,47,1,3.0
81455,27,1,3.5
81456,25,3,2.2
81457,26,2,3.0
81457,79,1,3.75
81458,56,2,2.55
81458,78,1,4.5
81459,79,1,3.75
81460,48,2,2.5
81461,60,1,3.75
81462,23,3,2.5
81463,54,2,2.5
81464,52,2,2.5
81464,74,1,3.5
81465,50,2,2.5
81466,43,3,3.0
81467,45,1,3.0
81468,46,1,2.5
81468,5,1,15.0
81469,44,1,2.5
81470,60,2,3.75
81471,61,1,4.75
81472,53,2,3.0
81473,46,1,2.5
81474,76,1,3.5
81475,46,1,2.5
81476,54,1,2.5
81477,32,2,3.0
81478,47,1,3.0
81479,74,1,3.5
81480,39,2,4.25
81480,63,2,0.8
81481,87,1,2.1
81481,72,1,2.65
81481,16,1,8.95
81482,71,1,3.75
81483,28,2,2.0
81484,35,3,3.1
81485,77,1,3.0
81486,31,1,2.2
81487,47,3,3.0
81488,25,1,2.2
81489,40,2,3.75
81490,26,3,3.0
81491,79,1,3.75
81492,39,1,4.25
81493,22,1,2.0
81494,61,2,4.75
81494,71,1,3.75
81495,54,1,2.5
81496,50,2,2.5
81496,69,1,3.25
81497,57,2,3.1
81498,51,2,3.0
81499,37,1,3.0
81500,60,1,3.75
81501,38,1,3.75
81501,64,2,0.8
81502,53,2,3.0
81502,77,1,3.0
81503,29,1,2.5
81504,43,2,3.0
81505,70,1,3.25
81506,36,1,3.75
81507,60,1,3.75
81508,60,1,3.75
81509,59,2,4.5
81510,28,1,2.0
81510,78,1,4.5
81511,39,1,4.25
81512,24,2,3.0
81512,75,1,3.5
81513,45,2,3.0
81514,25,2,2.2
81514,72,1,3.25
81515,27,2,3.5
81516,57,1,3.1
81517,60,1,3.75
81518,43,1,3.0
81519,79,1,3.75
81520,39,2,4.25
81520,65,2,0.8
81521,23,2,2.5
81522,23,2,2.5
81523,59,1,4.5
81523,70,1,3.25
81524,41,1,4.25
81525,48,3,2.5
81526,59,1,4.5
81526,69,1,3.25
81527,33,2,3.5
81528,51,1,3.0
81529,24,1,3.0
81530,59,2,4.5
81531,33,2,3.5
81532,87,2,3.0
81533,60,2,3.75
81533,72,1,3.25
81534,53,2,3.0
81534,72,1,3.25
81535,73,1,3.75
81536,45,3,3.0
81537,57,2,3.1
81538,33,2,3.5
81539,49,2,3.0
81540,60,1,3.75
81541,34,1,2.45
81542,57,2,3.1
81543,43,2,3.0
81544,46,1,2.5
81545,87,2,2.1
81545,72,2,3.25
81546,69,1,3.25
81547,58,1,3.5
81548,40,2,3.75
81548,84,1,0.8
81548,16,1,8.95
81549,55,3,4.0
81550,31,3,2.2
81551,38,2,3.75
81552,47,1,3.0
81553,32,2,3.0
81554,58,3,3.5
81555,61,1,4.75
81556,28,2,2.0
81557,27,1,3.5
81558,60,2,3.75
81559,32,1,3.0
81560,53,1,3.0
81561,47,2,3.0
81562,33,3,3.5
81563,24,2,3.0
81564,43,2,3.0
81565,29,1,2.5
81566,58,2,3.5
81567,39,3,4.25
81567,65,2,0.8
81568,59,2,4.5
81568,70,1,3.25
81568,14,1,8.95
81569,42,2,2.5
81569,72,1,3.25
81570,26,1,3.0
81571,45,1,3.0
81572,40,2,3.75
81572,84,1,0.8
81573,42,2,2.5
81574,53,2,3.0
81575,57,1,3.1
81576,41,2,4.25
81576,65,1,0.8
81577,52,2,2.5
81578,44,2,2.5
81579,47,3,3.0
81580,71,1,3.75
81581,44,1,2.5
81582,46,2,2.5
81583,40,2,3.75
81584,43,1,3.0
81584,69,1,3.25
81585,34,1,2.45
81586,28,1,2.0
81587,53,2,3.0
81588,44,2,2.5
81589,48,3,2.5
81590,34,1,2.45
81591,40,1,3.75
81592,37,1,3.0
81593,34,2,2.45
81594,60,2,3.75
81594,78,1,4.5
81594,1,1,18.0
81595,71,1,3.75
81596,49,1,3.0
81596,76,1,3.5
81597,37,3,3.0
81597,84,1,0.8
81598,36,1,3.75
81599,41,2,4.25
81600,23,1,2.5
81601,33,1,3.5
81602,71,1,3.75
81603,54,2,2.5
81604,70,1,3.25
81605,35,2,3.1
81605,75,1,3.5
81606,51,1,3.0
81607,34,2,2.45
81608,23,1,2.5
81609,50,3,2.5
81610,35,1,3.1
81611,48,1,2.5
81612,33,1,3.5
81613,43,2,3.0
81614,38,1,3.75
81615,28,1,2.0
81616,31,2,2.2
81617,58,2,3.5
81618,54,2,2.5
81619,56,2,2.55
81620,56,1,2.55
81621,38,3,3.75
81621,63,2,0.8
81622,51,1,3.0
81623,55,1,4.0
81624,30,1,3.0
81625,57,2,3.1
81625,73,1,3.75
81626,87,3,2.1
81626,72,3,2.65
81626,32,1,3.0
81627,29,1,2.5
81627,71,1,3.75
81628,23,1,2.5
81629,54,3,2.5
81630,43,3,3.0
81630,81,1,28.0
81631,87,1,2.1
81631,72,1,2.65
81632,44,1,2.5
81633,37,1,3.0
81634,76,1,3.5
81635,75,1,3.5
81636,59,1,4.5
81636,71,1,3.75
81637,32,1,3.0
81638,53,2,3.0
81639,30,2,3.0
81640,24,2,3.0
81641,39,1,4.25
81642,35,1,3.1
81643,72,1,3.25
81644,25,1,2.2
81645,37,3,3.0
81645,65,2,0.8
81646,33,2,3.5
81647,24,2,3.0
81648,30,2,3.0
81649,60,2,3.75
81650,47,2,3.0
81651,39,2,4.25
81651,64,1,0.8
81651,10,1,10.0
81652,26,1,3.0
81653,24,1,3.0
81654,52,1,2.5
81655,35,2,3.1
81656,59,2,4.5
81657,47,1,3.0
81658,38,1,3.75
81658,84,1,0.8
81658,77,1,3.0
81659,59,1,4.5
81660,29,2,2.5
81661,34,2,2.45
81662,32,2,3.0
81663,41,3,4.25
81663,84,1,0.8
81664,29,1,2.5
81665,59,1,4.5
81666,39,2,4.25
81667,31,1,2.2
81668,51,2,3.0
81669,23,3,2.5
81670,87,1,2.1
81670,72,1,3.25
81671,26,2,3.0
81671,76,1,3.5
81672,30,2,3.0
81673,39,2,4.25
81674,44,1,2.5
81675,34,2,2.45
81676,22,1,2.0
81677,61,1,4.75
81678,56,1,2.55
81679,39,2,4.25
81680,79,1,3.75
81681,87,2,2.1
81681,72,2,3.25
81682,24,1,3.0
81682,73,1,3.75
81683,34,1,2.45
81684,8,1,45.0
81685,30,3,3.0
81686,87,1,2.1
81686,72,1,3.25
81687,34,3,2.45
81688,49,2,3.0
81689,60,2,3.75
81690,31,2,2.2
81691,32,2,3.0
81692,37,2,3.0
81693,32,3,3.0
81694,46,1,2.5
81694,71,1,3.75
81695,70,1,3.25
81696,34,2,2.45
81696,71,1,3.75
81697,31,3,2.2
81698,56,3,2.55
81699,2,1,18.0
81700,43,1,3.0
81700,74,1,3.5
81701,46,1,2.5
81702,36,1,3.75
81703,24,2,3.0
81704,34,1,2.45
81705,87,1,2.1
81705,72,1,3.25
81706,30,2,3.0
81707,50,1,2.5
81708,34,2,2.45
81709,48,1,2.5
81709,75,1,3.5
81710,47,2,3.0
81711,28,2,2.0
81712,23,2,2.5
81713,53,2,3.0
81714,47,1,3.0
81714,70,1,3.25
81715,57,1,3.1
81716,34,3,2.45
81716,69,1,3.25
81716,21,1,13.33
81717,55,2,4.0
81718,53,2,3.0
81719,39,1,4.25
81719,84,1,0.8
81720,54,2,2.5
81721,87,1,2.1
81721,72,1,3.25
81722,26,1,3.0
81723,60,2,3.75
81724,40,2,3.75
81725,40,1,3.75
81725,79,1,3.75
81726,55,2,4.0
81727,30,2,3.0
81728,37,1,3.0
81729,52,3,2.5
81729,78,1,4.5
81730,60,3,3.75
81731,47,2,3.0
81732,50,2,2.5
81733,43,3,3.0
81734,61,2,4.75
81734,79,1,3.75
81735,36,2,3.75
81736,27,1,3.5
81736,78,1,4.5
81737,27,1,3.5
81738,27,2,3.5
81739,79,1,3.75
81740,33,2,3.5
81741,69,1,3.25
81742,26,1,3.0
81743,50,2,2.5
81743,77,1,3.0
81744,37,3,3.0
81744,84,2,0.8
81745,38,2,3.75
81746,25,1,2.2
81746,73,1,3.75
81747,24,3,3.0
81748,60,1,3.75
81749,55,2,4.0
81750,87,1,2.1
81750,72,1,3.25
81750,5,1,15.0
81751,87,3,3.0
81752,33,2,3.5
81753,39,3,4.25
81753,64,1,0.8
81754,48,1,2.5
81755,37,3,3.0
81755,65,1,0.8
81756,30,1,3.0
81757,69,1,3.25
81758,47,1,3.0
81759,46,2,2.5
81760,42,2,2.5
81761,54,1,2.5
81761,75,1,3.5
81762,39,1,4.25
81763,50,1,2.5
81764,27,1,3.5
81764,71,1,3.75
81765,56,1,2.55
81766,23,1,2.5
81767,87,1,2.1
81767,72,1,3.25
81767,79,1,3.75
81767,28,2,2.0
81768,31,1,2.2
81769,45,1,3.0
81770,59,3,4.5
81771,36,2,3.75
81772,57,2,3.1
81772,71,1,3.75
81773,43,1,3.0
81774,75,1,3.5
81775,33,2,3.5
81776,46,1,2.5
81777,37,2,3.0
81778,34,2,2.45
81779,56,1,2.55
81780,74,1,3.5
81781,24,1,3.0
81781,70,1,3.25
81782,33,1,3.5
81783,38,1,3.75
81784,42,2,2.5
81785,53,2,3.0
81786,49,1,3.0
81787,36,1,3.75
81788,31,1,2.2
81788,21,1,13.33
81788,3,1,14.75
81789,38,2,3.75
81790,53,1,3.0
81791,61,1,4.75
81792,71,1,3.75
81793,55,2,4.0
81794,37,2,3.0
81794,84,1,0.8
81794,17,1,9.5
81795,37,1,3.0
81796,24,2,3.0
81797,39,1,4.25
81797,63,1,0.8
81798,53,1,3.0
81799,29,1,2.5
81800,41,1,4.25
81800,64,2,0.8
81800,73,1,3.75
81801,55,1,4.0
81801,55,2,4.0
81802,41,3,4.25
81802,65,1,0.8
81803,45,2,3.0
81804,24,2,3.0
81805,34,2,2.45
81806,49,1,3.0
81807,43,1,3.0
81808,43,2,3.0
81809,27,2,3.5
81810,40,1,3.75
81810,64,2,0.8
81811,45,2,3.0
81812,77,1,3.0
81813,33,2,3.5
81814,57,3,3.1
81815,30,2,3.0
81816,33,2,3.5
81816,73,1,3.75
81817,61,1,4.75
81818,30,1,3.0
81819,60,2,3.75
81820,69,1,3.25
81821,43,3,3.0
81822,59,3,4.5
81822,71,1,3.75
81823,59,3,4.5
81824,56,3,2.55
81825,31,2,2.2
81826,38,3,3.75
81826,65,1,0.8
81827,32,1,3.0
81828,47,2,3.0
81829,40,2,3.75
81830,47,2,3.0
81831,58,2,3.5
81832,49,2,3.0
81833,35,1,3.1
81833,7,1,19.75
81833,28,2,2.0
81834,32,2,3.0
81835,32,2,3.0
81836,52,2,2.5
81837,23,1,2.5
81838,56,1,2.55
81839,39,2,4.25
81840,22,3,2.0
81841,54,2,2.5
81842,22,1,2.0
81843,71,1,3.75
81844,43,1,3.0
81845,56,1,2.55
81846,70,1,3.25
81847,41,1,4.25
81848,32,1,3.0
81849,32,1,3.0
81850,25,1,2.2
81851,51,2,3.0
81852,53,2,3.0
81852,73,1,3.75
81853,44,1,2.5
81854,32,1,3.0
81855,45,2,3.0
81856,59,2,4.5
81857,25,2,2.2
81858,44,2,2.5
81859,33,2,3.5
81860,30,2,3.0
81861,26,1,3.0
81862,31,1,2.2
81863,59,2,4.5
81864,38,2,3.75
81865,59,1,4.5
81866,51,1,3.0
81866,75,1,3.5
81867,33,1,3.5
81868,40,3,3.75
81868,65,2,0.8
81869,51,3,3.0
81870,40,1,3.75
81871,45,1,3.0
81872,28,1,2.0
81873,87,1,2.1
81873,72,1,3.25
81874,30,2,3.0
81875,25,2,2.2
81876,46,2,2.5
81877,39,1,4.25
81877,65,2,0.8
81878,57,2,3.1
81878,78,1,4.5
81879,30,1,3.0
81880,35,1,3.1
81881,52,2,2.5
81881,14,1,8.95
81882,31,2,2.2
81883,55,1,4.0
81884,60,2,3.75
81885,33,2,3.5
81886,43,2,3.0
81887,57,1,3.1
81888,28,2,2.0
81889,53,2,3.0
81890,38,1,3.75
81891,41,1,4.25
81891,79,1,3.75
81892,22,2,2.0
81893,48,3,2.5
81894,44,1,2.5
81895,5,1,15.0
81896,48,1,2.5
81897,27,2,3.5
81898,45,1,3.0
81899,33,2,3.5
81900,51,1,3.0
81901,54,2,2.5
81902,35,2,3.1
81903,37,2,3.0
81904,46,1,2.5
81905,28,1,2.0
81906,41,1,4.25
81907,49,2,3.0
81908,46,2,2.5
81909,57,2,3.1
81910,32,2,3.0
81911,51,1,3.0
81912,47,2,3.0
81912,69,1,3.25
81913,59,2,4.5
81914,28,2,2.0
81915,25,1,2.2
81916,51,3,3.0
81917,24,1,3.0
81918,45,1,3.0
81919,43,2,3.0
81920,30,2,3.0
81921,45,1,3.0
81922,42,1,2.5
81923,47,1,3.0
81924,60,1,3.75
81925,26,2,3.0
81926,47,2,3.0
81927,27,1,3.5
81928,46,2,2.5
81929,53,1,3.0
81930,50,1,2.5
81931,43,2,3.0
81932,23,3,2.5
81933,26,1,3.0
81934,60,1,3.75
81935,58,2,3.5
81936,87,3,3.0
81937,52,2,2.5
81938,43,1,3.0
81939,35,2,3.1
81940,29,2,2.5
81941,61,1,4.75
81942,54,2,2.5
81943,35,1,3.1
81944,33,1,3.5
81945,40,1,3.75
81945,64,1,0.8
81946,33,1,3.5
81947,22,2,2.0
81948,56,1,2.55
81949,53,2,3.0
81950,40,2,3.75
81950,63,1,0.8
81951,55,1,4.0
81952,55,1,4.0
81953,44,2,2.5
81953,69,1,3.25
81954,33,1,3.5
81955,22,2,2.0
81956,46,1,2.5
81957,33,3,3.5
81958,53,1,3.0
81959,43,2,3.0
81960,55,2,4.0
81960,70,1,3.25
81961,59,1,4.5
81962,37,1,3.0
81962,63,1,0.8
81963,28,1,2.0
81964,2,1,18.0
81965,34,2,2.45
81965,77,1,3.0
81966,38,1,3.75
81967,30,2,3.0
81968,38,2,3.75
81969,52,2,2.5
81970,33,1,3.5
81971,39,1,4.25
81972,55,2,4.0
81973,40,1,3.75
81974,38,2,3.75
81975,49,2,3.0
81976,22,3,2.0
81977,26,1,3.0
81978,49,2,3.0
81979,27,2,3.5
81980,87,1,2.1
81980,72,1,2.65
81980,73,1,3.75
81980,1,1,18.0
81981,60,2,3.75
81982,23,1,2.5
81982,78,1,4.5
81983,41,1,4.25
81984,27,2,3.5
81985,29,1,2.5
81986,22,1,2.0
81987,22,2,2.0
81988,45,1,3.0
81988,76,1,3.5
81989,34,1,2.45
81990,31,1,2.2
81990,79,1,3.75
81991,38,1,3.75
81992,47,2,3.0
81993,54,2,2.5
81994,28,1,2.0
81995,32,3,3.0
81996,22,1,2.0
81997,27,1,3.5
81998,23,1,2.5
81999,61,1,4.75
82000,49,1,3.0
82001,41,1,4.25
82002,54,1,2.5
82003,32,2,3.0
82004,31,1,2.2
82004,76,1,3.5
82005,48,1,2.5
82006,31,1,2.2
82007,2,1,18.0
82008,46,1,2.5
82009,55,2,4.0
82010,58,1,3.5
82011,47,1,3.0
82012,22,1,2.0
82013,45,2,3.0
82014,60,1,3.75
82014,69,1,3.25
82015,23,1,2.5
82016,23,1,2.5
82017,25,2,2.2
82018,50,1,2.5
82019,26,1,3.0
82020,61,1,4.75
82021,46,2,2.5
82021,70,1,3.25
82022,56,2,2.55
82023,38,1,3.75
82024,28,1,2.0
82025,54,1,2.5
82026,70,1,3.25
82027,27,2,3.5
82028,46,2,2.5
82029,57,1,3.1
82030,56,1,2.55
82031,60,3,3.75
82032,25,2,2.2
82033,44,2,2.5
82034,43,1,3.0
82035,43,1,3.0
82036,30,1,3.0
82037,41,1,4.25
82037,65,2,0.8
82037,79,1,3.75
82038,34,1,2.45
82039,23,2,2.5
82040,37,1,3.0
82041,50,1,2.5
82042,52,1,2.5
82043,36,1,3.75
82044,56,1,2.55
82045,47,1,3.0
82046,75,1,3.5
82047,33,2,3.5
82048,29,1,2.5
82049,57,2,3.1
82050,38,1,3.75
82051,41,1,4.25
82052,38,1,3.75
82053,57,1,3.1
82054,42,2,2.5
82055,45,1,3.0
82056,39,1,4.25
82057,46,2,2.5
82058,51,1,3.0
82058,79,1,3.75
82059,33,2,3.5
82060,30,2,3.0
82061,87,2,3.0
82062,42,1,2.5
82063,36,1,3.75
82064,33,2,3.5
82065,25,1,2.2
82066,46,1,2.5
82067,39,1,4.25
82067,84,1,0.8
82068,46,1,2.5
82069,32,2,3.0
82070,52,1,2.5
82071,44,1,2.5
82072,34,2,2.45
82073,42,2,2.5
82074,31,2,2.2
82075,42,2,2.5
82076,46,2,2.5
82077,52,1,2.5
82077,79,1,3.75
82078,52,1,2.5
82079,41,1,4.25
82079,77,1,3.0
82080,39,2,4.25
82080,63,1,0.8
82081,50,1,2.5
82082,26,1,3.0
82083,42,1,2.5
82084,53,1,3.0
82085,41,1,4.25
82085,70,1,3.25
82086,38,2,3.75
82087,47,1,3.0
82088,38,1,3.75
82088,63,2,0.8
82089,56,1,2.55
82090,33,2,3.5
82091,54,3,2.5
82092,54,1,2.5
82092,69,1,3.25
82093,56,2,2.55
82094,57,2,3.1
82095,27,1,3.5
82096,87,1,3.0
82097,46,1,2.5
82098,35,1,3.1
82098,70,1,3.25
82099,46,2,2.5
82100,42,2,2.5
82101,53,2,3.0
82102,58,2,3.5
82103,22,2,2.0
82103,70,1,3.25
82104,30,1,3.0
82105,61,1,4.75
82105,79,1,3.75
82106,32,2,3.0
82107,52,3,2.5
82108,25,3,2.2
82109,32,2,3.0
82110,57,2,3.1
82111,52,2,2.5
82112,35,1,3.1
82113,50,3,2.5
82114,57,1,3.1
82115,50,2,2.5
82116,34,2,2.45
82117,26,2,3.0
82118,34,1,2.45
82119,46,1,2.5
82120,51,2,3.0
82121,22,1,2.0
82121,78,1,4.5
82122,27,3,3.5
82123,53,2,3.0
82124,45,1,3.0
82125,47,1,3.0
82126,28,1,2.0
82127,31,1,2.2
82127,73,1,3.75
82128,45,1,3.0
82128,70,1,3.25
82129,51,2,3.0
82130,45,1,3.0
82131,27,2,3.5
82132,46,2,2.5
82133,59,2,4.5
82134,31,2,2.2
82135,69,1,3.25
82136,57,2,3.1
82137,47,1,3.0
82138,44,2,2.5
82139,37,2,3.0
82139,63,2,0.8
82140,55,1,4.0
82141,37,3,3.0
82141,63,1,0.8
82142,60,1,3.75
82143,32,3,3.0
82144,45,1,3.0
82145,33,2,3.5
82146,23,2,2.5
82147,69,1,3.25
82148,40,2,3.75
82149,54,2,2.5
82149,74,1,3.5
82150,26,2,3.0
82151,23,1,2.5
82152,23,2,2.5
82153,55,2,4.0
82154,69,1,3.25
82155,52,1,2.5
82156,38,2,3.75
82157,34,2,2.45
82158,55,1,4.0
82159,47,2,3.0
82160,50,2,2.5
82161,31,1,2.2
82162,41,2,4.25
82162,84,1,0.8
82163,50,2,2.5
82164,41,2,4.25
82164,65,2,0.8
82165,30,1,3.0
82166,41,2,4.25
82167,38,1,3.75
82168,87,2,3.0
82169,58,2,3.5
82170,23,2,2.5
82171,59,2,4.5
82172,50,2,2.5
82173,45,1,3.0
82174,27,2,3.5
82175,39,2,4.25
82175,64,2,0.8
82175,72,1,3.25
82176,70,1,3.25
82177,49,1,3.0
82177,70,1,3.25
82178,52,2,2.5
82179,61,2,4.75
82180,39,1,4.25
82180,79,1,3.75
82181,60,2,3.75
82182,52,3,2.5
82183,30,1,3.0
82184,59,2,4.5
82185,29,1,2.5
82185,72,1,3.25
82186,22,2,2.0
82187,36,2,3.75
82188,50,2,2.5
82189,27,1,3.5
82189,75,1,3.5
82190,37,1,3.0
82190,64,1,0.8
82191,48,1,2.5
82192,61,1,4.75
82193,50,1,2.5
82194,42,1,2.5
82195,55,1,4.0
82196,87,2,3.0
82197,45,3,3.0
82198,45,1,3.0
82199,44,2,2.5
82200,29,2,2.5
82201,39,2,4.25
82201,64,2,0.8
82201,69,1,3.25
82202,23,2,2.5
82203,36,2,3.75
82204,36,2,3.75
82204,79,1,3.75
82205,25,2,2.2
82206,41,1,4.25
82207,36,1,3.75
82208,37,2,3.0
82209,58,2,3.5
82209,73,1,3.75
82210,36,1,3.75
82211,38,2,3.75
82212,52,1,2.5
82213,57,2,3.1
82214,45,2,3.0
82215,34,3,2.45
82216,31,1,2.2
82217,55,2,4.0
82218,25,1,2.2
82219,33,2,3.5
82220,35,2,3.1
82221,59,2,4.5
82222,32,2,3.0
82223,36,2,3.75
82224,51,2,3.0
82225,51,1,3.0
82226,77,1,3.0
82227,24,2,3.0
82228,32,2,3.0
82229,40,2,3.75
82229,76,1,3.5
82230,31,2,2.2
82231,61,2,4.75
82232,24,2,3.0
82233,34,1,2.45
82234,57,1,3.1
82235,47,1,3.0
82236,76,1,3.5
82237,35,2,3.1
82238,23,2,2.5
82239,79,1,3.75
82240,33,2,3.5
82241,28,1,2.0
82242,78,1,4.5
82243,22,2,2.0
82244,32,1,3.0
82245,79,1,3.75
82246,28,1,2.0
82247,32,1,3.0
82248,52,1,2.5
82249,54,1,2.5
82250,52,2,2.5
82251,52,2,2.5
82252,58,1,3.5
82253,26,1,3.0
82254,22,2,2.0
82255,23,1,2.5
82256,53,2,3.0
82257,54,2,2.5
82258,43,1,3.0
82259,40,2,3.75
82260,24,2,3.0
82261,29,1,2.5
82262,54,2,2.5
82263,28,2,2.0
82263,74,1,3.5
82264,56,1,2.55
82265,60,2,3.75
82266,36,2,3.75
82267,28,1,2.0
82268,56,2,2.55
82269,45,2,3.0
82270,75,1,3.5
82271,26,2,3.0
82272,34,2,2.45
82273,31,1,2.2
82274,57,2,3.1
82275,58,1,3.5
82276,31,2,2.2
82276,74,1,3.5
82277,36,2,3.75
82278,44,1,2.5
82279,60,1,3.75
82280,33,2,3.5
82280,70,1,3.25
82281,35,1,3.1
82281,78,1,4.5
82282,38,2,3.75
82283,59,1,4.5
82284,26,1,3.0
82285,35,2,3.1
82286,77,1,3.0
82287,43,1,3.0
82288,51,1,3.0
82289,41,1,4.25
82290,42,1,2.5
82291,30,1,3.0
82292,38,2,3.75
82292,70,1,3.25
82293,59,1,4.5
82294,25,1,2.2
82295,31,1,2.2
82296,24,3,3.0
82297,48,3,2.5
82298,44,2,2.5
82298,79,1,3.75
82298,2,1,18.0
82299,23,1,2.5
82300,50,1,2.5
82301,40,2,3.75
82301,65,2,0.8
82302,71,1,3.75
82303,87,2,2.1
82303,72,2,2.65
82304,27,1,3.5
82305,51,3,3.0
82306,61,3,4.75
82306,81,1,28.0
82307,22,3,2.0
82308,42,2,2.5
82309,24,2,3.0
82310,87,2,3.0
82311,58,3,3.5
82311,20,1,7.6
82312,44,2,2.5
82313,42,1,2.5
82314,61,3,4.75
82315,23,2,2.5
82316,74,1,3.5
82317,30,1,3.0
82318,22,2,2.0
82319,52,1,2.5
82320,48,2,2.5
82321,55,3,4.0
82322,50,2,2.5
82323,44,1,2.5
82324,69,1,3.25
82325,44,1,2.5
82326,29,1,2.5
82327,47,1,3.0
82328,47,1,3.0
82329,59,2,4.5
82330,50,2,2.5
82331,52,2,2.5
82332,59,3,4.5
82332,70,1,3.25
82333,29,2,2.5
82334,56,1,2.55
82334,75,1,3.5
82335,22,1,2.0
82336,60,2,3.75
82337,58,1,3.5
82338,25,3,2.2
82339,32,2,3.0
82339,78,1,4.5
82340,22,1,2.0
82341,26,1,3.0
82342,55,3,4.0
82343,22,1,2.0
82344,28,1,2.0
82344,77,1,3.0
82345,48,1,2.5
82346,4,1,20.45
82347,42,1,2.5
82347,74,1,3.5
82348,25,1,2.2
82349,25,1,2.2
82350,61,1,4.75
82351,87,3,2.1
82351,72,3,2.65
82352,58,2,3.5
82352,79,1,3.75
82353,36,1,3.75
82354,46,2,2.5
82355,61,1,4.75
82356,36,2,3.75
82357,22,1,2.0
82358,2,1,18.0
82359,56,1,2.55
82360,32,1,3.0
82361,54,1,2.5
82362,87,1,3.0
82363,23,3,2.5
82364,50,3,2.5
82365,57,1,3.1
82366,47,2,3.0
82367,52,1,2.5
82368,46,2,2.5
82369,78,1,4.5
82370,56,1,2.55
82370,79,1,3.75
82371,25,1,2.2
82372,48,3,2.5
82373,58,2,3.5
82374,43,2,3.0
82375,71,1,3.75
82376,59,2,4.5
82377,39,1,4.25
82378,25,2,2.2
82379,45,2,3.0
82379,78,1,4.5
82380,33,1,3.5
82381,24,1,3.0
82382,41,2,4.25
82383,45,3,3.0
82384,48,1,2.5
82385,36,1,3.75
82386,41,2,4.25
82387,52,1,2.5
82388,45,1,3.0
82389,27,1,3.5
82390,56,1,2.55
82391,51,1,3.0
82391,79,1,3.75
82392,51,2,3.0
82392,78,1,4.5
82393,72,1,3.25
82394,53,1,3.0
82394,73,1,3.75
82395,27,2,3.5
82396,29,2,2.5
82397,52,1,2.5
82398,24,1,3.0
82399,40,2,3.75
82399,65,2,0.8
82399,71,1,3.75
82400,1,1,18.0
82401,59,3,4.5
82402,23,1,2.5
82403,23,2,2.5
82404,54,2,2.5
82405,59,1,4.5
82406,77,1,3.0
82407,31,1,2.2
82408,47,1,3.0
82409,53,1,3.0
82410,40,1,3.75
82411,72,1,3.25
82412,39,3,4.25
82412,63,2,0.8
82413,38,3,3.75
82413,84,2,0.8
82413,75,1,3.5
82414,51,2,3.0
82415,25,3,2.2
82416,34,1,2.45
82417,22,1,2.0
82417,77,1,3.0
82418,87,2,2.1
82418,72,2,3.25
82419,28,1,2.0
82420,56,1,2.55
82421,87,1,3.0
82422,49,1,3.0
82423,43,3,3.0
82424,75,1,3.5
82425,25,1,2.2
82426,87,1,2.1
82426,87,1,2.1
82426,72,1,2.65
82426,77,1,3.0
82427,73,1,3.75
82428,45,1,3.0
82428,76,1,3.5
82429,4,1,20.45
82430,27,2,3.5
82431,57,2,3.1
82431,71,1,3.75
82432,43,1,3.0
82433,25,2,2.2
82434,35,1,3.1
82435,33,2,3.5
82436,38,1,3.75
82437,49,3,3.0
82438,45,1,3.0
82439,7,1,19.75
82440,46,1,2.5
82441,43,1,3.0
82441,70,1,3.25
82442,38,1,3.75
82442,70,1,3.25
82443,31,1,2.2
82444,30,2,3.0
82444,73,1,3.75
82444,9,1,22.5
82445,31,1,2.2
82446,54,1,2.5
82447,54,2,2.5
82448,24,1,3.0
82449,45,2,3.0
82450,49,2,3.0
82451,79,1,3.75
82452,70,1,3.25
82453,32,3,3.0
82454,27,2,3.5
82455,44,3,2.5
82456,44,2,2.5
82456,72,1,3.25
82457,28,1,2.0
82458,32,2,3.0
82459,57,2,3.1
82460,48,2,2.5
82461,38,1,3.75
82462,50,1,2.5
82463,50,1,2.5
82464,29,2,2.5
82465,52,1,2.5
82465,70,1,3.25
82466,51,1,3.0
82466,76,1,3.5
82467,51,1,3.0
82468,59,1,4.5
82469,51,2,3.0
82469,71,1,3.75
82470,59,1,4.5
82470,79,1,3.75
82471,25,1,2.2
82472,25,1,2.2
82473,56,1,2.55
82474,23,2,2.5
82475,38,2,3.75
82476,47,2,3.0
82477,57,2,3.1
82478,54,2,2.5
82479,43,1,3.0
82480,57,2,3.1
82481,25,1,2.2
82482,34,3,2.45
82483,44,1,2.5
82484,46,2,2.5
82485,40,1,3.75
82485,84,2,0.8
82486,40,2,3.75
82486,65,1,0.8
82486,77,1,3.0
82487,78,1,4.5
82488,72,1,3.25
82489,46,1,2.5
82490,72,1,3.25
82491,27,1,3.5
82492,32,2,3.0
82493,47,2,3.0
82494,47,1,3.0
82494,79,1,3.75
82495,47,2,3.0
82496,50,3,2.5
82497,54,2,2.5
82498,30,1,3.0
82499,87,2,3.0
82500,31,1,2.2
82501,41,1,4.25
82502,48,1,2.5
82502,76,1,3.5
82503,31,2,2.2
82504,34,1,2.45
82505,38,1,3.75
82505,64,2,0.8
82506,42,1,2.5
82507,50,1,2.5
82508,22,2,2.0
82508,78,1,4.5
82509,55,3,4.0
82510,36,2,3.75
82511,32,3,3.0
82512,34,3,2.45
82512,81,1,28.0
82513,72,1,3.25
82514,57,1,3.1
82515,54,3,2.5
82516,46,3,2.5
82517,36,1,3.75
82518,58,1,3.5
82519,28,2,2.0
82520,58,2,3.5
82521,47,1,3.0
82522,39,1,4.25
82523,50,1,2.5
82524,71,1,3.75
82525,49,1,3.0
82526,55,1,4.0
82527,35,2,3.1
82528,59,2,4.5
82529,43,1,3.0
82530,35,1,3.1
82531,57,2,3.1
82532,56,2,2.55
82533,41,1,4.25
82534,31,1,2.2
82534,78,1,4.5
82535,41,1,4.25
82536,69,1,3.25
82537,49,2,3.0
82538,34,1,2.45
82538,79,1,3.75
82539,39,3,4.25
82539,65,2,0.8
82540,41,2,4.25
82541,60,1,3.75
82542,22,2,2.0
82543,42,2,2.5
82544,47,3,3.0
82544,16,1,8.95
82545,87,1,2.1
82545,87,1,2.1
82545,72,1,2.65
82546,46,2,2.5
82547,42,2,2.5
82548,49,1,3.0
82549,69,1,3.25
82550,27,3,3.5
82551,40,1,3.75
82551,64,1,0.8
82551,71,1,3.75
82552,57,1,3.1
82553,49,1,3.0
82553,71,1,3.75
82554,35,2,3.1
82555,87,1,2.1
82555,87,1,2.1
82555,72,1,2.65
82555,11,1,8.95
82556,52,1,2.5
82556,71,1,3.75
82557,61,2,4.75
82558,37,1,3.0
82559,32,1,3.0
82560,58,1,3.5
82560,70,1,3.25
82561,29,1,2.5
82562,50,2,2.5
82562,70,1,3.25
82563,55,2,4.0
82564,59,2,4.5
82565,28,1,2.0
82565,76,1,3.5
82566,79,1,3.75
82567,34,2,2.45
82568,77,1,3.0
82569,28,1,2.0
82570,72,1,3.25
82571,25,1,2.2
82572,44,1,2.5
82573,40,2,3.75
82574,35,3,3.1
82575,59,1,4.5
82575,76,1,3.5
82576,54,2,2.5
82577,50,1,2.5
82578,34,1,2.45
82579,53,1,3.0
82580,36,2,3.75
82581,44,2,2.5
82582,72,1,3.25
82583,32,3,3.0
82584,60,1,3.75
82585,61,1,4.75
82585,69,1,3.25
82586,46,1,2.5
82587,40,2,3.75
82587,63,1,0.8
82588,36,2,3.75
82589,39,2,4.25
82590,52,1,2.5
82590,77,1,3.0
82591,44,2,2.5
82592,25,1,2.2
82593,47,2,3.0
82594,87,1,3.0
82594,79,1,3.75
82595,56,3,2.55
82596,33,2,3.5
82597,37,2,3.0
82597,73,1,3.75
82598,33,1,3.5
82599,47,2,3.0
82600,23,2,2.5
82601,55,1,4.0
82602,47,1,3.0
82602,72,1,3.25
82603,46,1,2.5
82604,70,1,3.25
82604,3,1,14.75
82605,55,1,4.0
82606,49,2,3.0
82607,22,2,2.0
82608,51,3,3.0
82609,61,2,4.75
82610,57,3,3.1
82610,69,1,3.25
82611,7,1,19.75
82612,43,2,3.0
82613,29,2,2.5
82614,52,2,2.5
82615,27,3,3.5
82616,58,2,3.5
82617,42,1,2.5
82618,23,2,2.5
82619,32,1,3.0
82620,30,3,3.0
82621,54,1,2.5
82622,61,1,4.75
82623,44,1,2.5
82623,71,1,3.75
82624,26,1,3.0
82625,61,1,4.75
82626,25,3,2.2
82627,25,2,2.2
82628,31,1,2.2
82629,71,1,3.75
82630,23,1,2.5
82631,40,1,3.75
82631,64,2,0.8
82632,59,1,4.5
82633,53,2,3.0
82634,37,3,3.0
82634,64,2,0.8
82635,57,1,3.1
82636,45,1,3.0
82637,31,1,2.2
82638,60,3,3.75
82639,40,1,3.75
82639,65,1,0.8
82640,56,1,2.55
82640,72,1,3.25
82641,53,2,3.0
82641,69,1,3.25
82642,38,1,3.75
82643,28,2,2.0
82644,71,1,3.75
82645,37,2,3.0
82645,78,1,4.5
82646,25,2,2.2
82647,6,1,21.0
82648,59,2,4.5
82649,24,2,3.0
82649,72,1,3.25
82650,42,2,2.5
82651,42,1,2.5
82652,47,2,3.0
82653,33,3,3.5
82654,61,2,4.75
82655,34,1,2.45
82656,33,1,3.5
82656,83,1,14.0
82657,30,1,3.0
82658,34,2,2.45
82659,48,2,2.5
82660,23,1,2.5
82661,43,2,3.0
82662,42,2,2.5
82663,57,2,3.1
82664,27,1,3.5
82665,35,3,3.1
82666,29,2,2.5
82667,58,2,3.5
82667,69,1,3.25
82668,30,1,3.0
82669,33,1,3.5
82670,54,2,2.5
82671,58,1,3.5
82672,42,2,2.5
82673,50,3,2.5
82674,39,3,4.25
82674,64,2,0.8
82675,25,2,2.2
82676,35,1,3.1
82676,72,1,3.25
82677,50,2,2.5
82678,34,1,2.45
82679,22,3,2.0
82680,31,2,2.2
82681,87,2,2.1
82681,72,2,3.25
82682,52,1,2.5
82683,35,2,3.1
82684,61,1,4.75
82685,56,2,2.55
82686,39,2,4.25
82687,58,1,3.5
82688,44,2,2.5
82689,49,1,3.0
82690,33,2,3.5
82691,37,2,3.0
82692,40,1,3.75
82692,84,2,0.8
82692,12,1,8.95
82693,25,2,2.2
82694,53,1,3.0
82695,27,2,3.5
82696,26,1,3.0
82697,30,1,3.0
82698,32,1,3.0
82699,60,2,3.75
82700,75,1,3.5
82701,22,2,2.0
82702,39,2,4.25
82703,39,1,4.25
82704,36,1,3.75
82705,45,2,3.0
82706,71,1,3.75
82707,60,2,3.75
82708,47,1,3.0
82709,45,2,3.0
82710,28,2,2.0
82711,32,1,3.0
82712,78,1,4.5
82713,54,2,2.5
82714,52,2,2.5
82715,24,2,3.0
82716,26,3,3.0
82717,55,1,4.0
82718,23,2,2.5
82719,22,2,2.0
82720,30,1,3.0
82721,44,2,2.5
82722,59,1,4.5
82723,59,1,4.5
82724,35,1,3.1
82725,31,1,2.2
82726,37,2,3.0
82727,79,1,3.75
82728,54,1,2.5
82729,38,2,3.75
82729,64,2,0.8
82729,13,1,8.95
82730,44,2,2.5
82731,45,1,3.0
82732,23,2,2.5
82733,26,2,3.0
82734,47,2,3.0
82734,72,1,3.25
82735,59,1,4.5
82736,28,1,2.0
82737,52,1,2.5
82737,70,1,3.25
82738,52,3,2.5
82738,70,1,3.25
82739,56,2,2.55
82740,53,2,3.0
82740,10,1,10.0
82741,39,2,4.25
82742,30,2,3.0
82743,75,1,3.5
82744,38,2,3.75
82745,28,2,2.0
82746,59,2,4.5
82747,35,2,3.1
82747,79,1,3.75
82748,42,1,2.5
82749,41,1,4.25
82750,29,2,2.5
82751,27,2,3.5
82752,28,1,2.0
82753,53,1,3.0
82754,48,1,2.5
82755,51,1,3.0
82756,87,2,3.0
82757,34,1,2.45
82757,77,1,3.0
82758,49,3,3.0
82759,50,2,2.5
82760,33,2,3.5
82761,61,2,4.75
82761,1,1,18.0
82762,33,1,3.5
82763,49,1,3.0
82764,56,2,2.55
82765,38,1,3.75
82766,49,1,3.0
82767,28,2,2.0
82768,57,1,3.1
82769,87,2,2.1
82769,72,2,2.65
82769,71,1,3.75
82770,38,1,3.75
82770,64,1,0.8
82771,48,2,2.5
82772,30,1,3.0
82772,73,1,3.75
82773,41,2,4.25
82774,35,2,3.1
82775,30,1,3.0
82776,23,2,2.5
82776,78,1,4.5
82777,49,1,3.0
82778,55,1,4.0
82779,60,2,3.75
82780,26,1,3.0
82780,71,1,3.75
82781,39,2,4.25
82782,39,2,4.25
82782,84,1,0.8
82782,76,1,3.5
82783,56,1,2.55
82784,60,2,3.75
82785,58,1,3.5
82786,60,2,3.75
82787,51,2,3.0
82788,53,1,3.0
82789,31,1,2.2
82790,34,2,2.45
82791,69,1,3.25
82792,35,1,3.1
82793,26,1,3.0
82794,42,2,2.5
82795,50,2,2.5
82796,60,1,3.75
82796,77,1,3.0
82797,87,1,2.1
82797,87,1,2.1
82797,72,1,2.65
82798,28,2,2.0
82799,59,2,4.5
82800,30,1,3.0
82801,29,2,2.5
82802,35,2,3.1
82803,87,1,2.1
82803,87,1,2.1
82803,72,1,2.65
82804,57,1,3.1
82805,43,2,3.0
82806,37,1,3.0
82806,70,1,3.25
82807,43,3,3.0
82808,40,2,3.75
82809,57,1,3.1
82810,29,1,2.5
82811,51,2,3.0
82812,47,1,3.0
82813,43,1,3.0
82814,33,1,3.5
82814,74,1,3.5
82815,87,2,2.1
82815,72,2,2.65
82816,23,2,2.5
82817,27,2,3.5
82818,45,1,3.0
82819,22,1,2.0
82820,57,2,3.1
82821,39,1,4.25
82822,36,1,3.75
82823,29,2,2.5
82823,77,1,3.0
82824,48,2,2.5
82825,54,2,2.5
82826,36,2,3.75
82827,33,2,3.5
82828,30,1,3.0
82829,32,2,3.0
82830,43,1,3.0
82831,38,2,3.75
82832,55,2,4.0
82833,38,2,3.75
82834,34,2,2.45
82835,54,2,2.5
82835,77,1,3.0
82836,52,1,2.5
82837,55,2,4.0
82838,43,2,3.0
82838,73,1,3.75
82839,41,2,4.25
82839,74,1,3.5
82840,51,2,3.0
82841,42,1,2.5
82842,23,2,2.5
82842,73,1,3.75
82843,73,1,3.75
82844,27,1,3.5
82845,31,2,2.2
82845,75,1,3.5
82846,53,3,3.0
82847,43,1,3.0
82848,42,3,2.5
82849,36,2,3.75
82850,43,1,3.0
82851,42,2,2.5
82852,49,2,3.0
82853,43,3,3.0
82854,41,3,4.25
82854,84,2,0.8
82855,39,2,4.25
82856,35,2,3.1
82857,27,1,3.5
82858,33,1,3.5
82859,28,2,2.0
82860,40,1,3.75
82860,65,2,0.8
82861,26,2,3.0
82861,77,1,3.0
82862,59,2,4.5
82862,73,1,3.75
82863,46,1,2.5
82864,41,2,4.25
82865,30,2,3.0
82865,70,1,3.25
82866,57,1,3.1
82867,27,2,3.5
82868,35,2,3.1
82869,34,2,2.45
82870,52,2,2.5
82871,32,1,3.0
82872,36,1,3.75
82873,47,2,3.0
82874,36,1,3.75
82875,43,1,3.0
82876,49,2,3.0
82877,34,2,2.45
82878,36,2,3.75
82878,71,1,3.75
82879,54,1,2.5
82879,79,1,3.75
82880,37,2,3.0
82881,57,2,3.1
82882,57,2,3.1
82883,56,1,2.55
82883,75,1,3.5
82884,41,1,4.25
82885,33,1,3.5
82885,71,1,3.75
82886,45,1,3.0
82887,55,1,4.0
82888,59,1,4.5
82888,9,1,22.5
82889,59,2,4.5
82890,49,2,3.0
82891,31,1,2.2
82892,56,1,2.55
82893,30,2,3.0
82894,87,2,2.1
82894,72,2,2.65
82895,53,1,3.0
82895,72,1,3.25
82896,58,1,3.5
82897,40,2,3.75
82898,87,1,2.1
82898,72,1,2.65
82899,44,1,2.5
82900,61,1,4.75
82901,34,1,2.45
82902,46,1,2.5
82902,79,1,3.75
82903,33,2,3.5
82903,69,1,3.25
82904,48,2,2.5
82905,30,1,3.0
82906,35,1,3.1
82907,47,1,3.0
82908,36,2,3.75
82909,58,1,3.5
82910,56,1,2.55
82911,34,3,2.45
82911,76,1,3.5
82912,46,2,2.5
82913,39,1,4.25
82913,63,2,0.8
82914,52,2,2.5
82915,26,1,3.0
82915,78,1,4.5
82916,40,2,3.75
82916,72,1,3.25
82917,46,3,2.5
82918,51,1,3.0
82919,30,2,3.0
82920,46,2,2.5
82921,47,1,3.0
82922,51,2,3.0
82923,26,2,3.0
82924,55,1,4.0
82925,22,3,2.0
82926,58,1,3.5
82927,43,1,3.0
82928,58,1,3.5
82928,73,1,3.75
82929,26,1,3.0
82930,35,2,3.1
82931,53,1,3.0
82932,35,1,3.1
82933,46,1,2.5
82934,87,2,2.1
82934,72,2,2.65
82935,26,2,3.0
82935,77,1,3.0
82936,33,2,3.5
82937,27,1,3.5
82938,26,2,3.0
82939,60,2,3.75
82940,33,3,3.5
82941,59,1,4.5
82942,30,2,3.0
82943,61,3,4.75
82944,39,1,4.25
82945,29,1,2.5
82946,38,2,3.75
82947,47,2,3.0
82948,59,1,4.5
82949,29,1,2.5
82950,31,1,2.2
82951,23,2,2.5
82952,57,1,3.1
82952,74,1,3.5
82953,54,2,2.5
82954,48,2,2.5
82955,60,1,3.75
82956,34,2,2.45
82957,39,2,4.25
82958,29,2,2.5
82959,55,1,4.0
82959,76,1,3.5
82960,29,1,2.5
82961,31,1,2.2
82961,75,1,3.5
82962,61,2,4.75
82963,41,2,4.25
82963,84,2,0.8
82964,42,3,2.5
82965,34,2,2.45
82966,44,3,2.5
82967,47,2,3.0
82968,44,2,2.5
82969,55,3,4.0
82970,50,2,2.5
82971,50,1,2.5
82972,42,2,2.5
82973,61,3,4.75
82974,35,1,3.1
82975,22,2,2.0
82976,31,2,2.2
82977,50,2,2.5
82978,37,2,3.0
82979,35,1,3.1
82980,28,1,2.0
82981,59,2,4.5
82982,23,3,2.5
82983,46,3,2.5
82984,28,1,2.0
82985,59,2,4.5
82986,38,2,3.75
82986,84,2,0.8
82987,29,1,2.5
82988,36,2,3.75
82989,54,2,2.5
82990,30,1,3.0
82990,73,1,3.75
82991,38,1,3.75
82992,57,3,3.1
82993,58,2,3.5
82994,44,2,2.5
82995,23,1,2.5
82996,39,2,4.25
82997,49,2,3.0
82997,77,1,3.0
82998,47,1,3.0
82999,59,1,4.5
83000,87,2,2.1
83000,72,2,3.25
83001,30,1,3.0
83002,48,2,2.5
83003,43,3,3.0
83004,38,1,3.75
83004,65,2,0.8
83005,29,1,2.5
83006,23,2,2.5
83007,42,3,2.5
83008,50,2,2.5
83009,47,1,3.0
83010,24,2,3.0
83011,54,1,2.5
83012,58,1,3.5
83013,39,1,4.25
83014,57,2,3.1
83015,24,1,3.0
83016,51,1,3.0
83017,42,2,2.5
83018,48,1,2.5
83019,39,1,4.25
83020,31,1,2.2
83021,45,1,3.0
83022,51,1,3.0
83023,55,1,4.0
83024,41,3,4.25
83024,63,1,0.8
83025,30,1,3.0
83026,56,2,2.55
83027,28,1,2.0
83028,53,1,3.0
83029,51,1,3.0
83030,60,1,3.75
83031,30,1,3.0
83032,49,1,3.0
83033,40,1,3.75
83034,38,1,3.75
83035,70,1,3.25
83035,5,1,15.0
83036,22,2,2.0
83037,56,1,2.55
83037,69,1,3.25
83038,35,2,3.1
83039,59,2,4.5
83040,54,1,2.5
83041,38,2,3.75
83042,45,2,3.0
83043,22,2,2.0
83043,73,1,3.75
83044,26,1,3.0
83045,27,1,3.5
83046,45,1,3.0
83047,30,1,3.0
83048,78,1,4.5
83049,55,2,4.0
83050,28,3,2.0
83051,26,1,3.0
83052,40,2,3.75
83053,40,2,3.75
83053,65,1,0.8
83054,44,1,2.5
83055,48,1,2.5
83055,70,1,3.25
83056,23,1,2.5
83057,53,2,3.0
83058,25,1,2.2
83059,87,1,2.1
83059,72,1,2.65
83060,56,1,2.55
83061,49,2,3.0
83061,70,1,3.25
83062,60,1,3.75
83063,29,2,2.5
83064,56,2,2.55
83064,70,1,3.25
83065,48,1,2.5
83066,45,1,3.0
83066,69,1,3.25
83067,29,2,2.5
83068,29,1,2.5
83069,51,1,3.0
83070,22,1,2.0
83071,40,2,3.75
83072,38,1,3.75
83073,39,2,4.25
83073,65,2,0.8
83074,41,1,4.25
83075,22,1,2.0
83076,35,1,3.1
83077,39,1,4.25
83078,56,1,2.55
83079,58,1,3.5
83080,48,2,2.5
83081,59,2,4.5
83082,22,1,2.0
83083,33,2,3.5
83084,59,2,4.5
83085,28,1,2.0
83086,43,3,3.0
83087,54,1,2.5
83088,47,2,3.0
83089,34,1,2.45
83090,47,1,3.0
83091,52,2,2.5
83092,37,1,3.0
83093,43,1,3.0
83094,37,1,3.0
83095,42,2,2.5
83095,76,1,3.5
83096,49,2,3.0
83096,70,1,3.25
83097,47,1,3.0
83098,31,2,2.2
83099,30,2,3.0
83100,42,1,2.5
83101,37,2,3.0
83102,44,1,2.5
83102,77,1,3.0
83103,25,2,2.2
83104,22,1,2.0
83105,40,2,3.75
83106,52,2,2.5
83107,70,1,3.25
83108,34,2,2.45
83109,59,2,4.5
83109,73,1,3.75
83110,23,2,2.5
83111,58,2,3.5
83112,37,3,3.0
83112,63,2,0.8
83113,58,1,3.5
83114,30,2,3.0
83115,22,1,2.0
83116,43,1,3.0
83117,36,1,3.75
83118,70,1,3.25
83119,27,2,3.5
83120,42,3,2.5
83121,25,1,2.2
83122,36,2,3.75
83122,76,1,3.5
83123,55,2,4.0
83124,56,2,2.55
83125,56,2,2.55
83125,70,1,3.25
83126,57,2,3.1
83127,34,2,2.45
83128,29,3,2.5
83129,71,1,3.75
83130,23,2,2.5
83131,53,1,3.0
83131,73,1,3.75
83132,27,2,3.5
83133,32,2,3.0
83134,45,1,3.0
83135,52,2,2.5
83136,52,3,2.5
83136,20,1,7.6
83137,60,2,3.75
83138,37,1,3.0
83138,64,2,0.8
83139,39,2,4.25
83140,61,2,4.75
83141,31,1,2.2
83142,37,2,3.0
83142,65,2,0.8
83143,26,1,3.0
83144,28,1,2.0
83145,28,1,2.0
83146,54,1,2.5
83147,43,1,3.0
83147,71,1,3.75
83148,33,2,3.5
83149,39,1,4.25
83149,65,2,0.8
83150,33,2,3.5
83151,39,2,4.25
83152,61,2,4.75
83153,34,1,2.45
83154,53,1,3.0
83155,30,2,3.0
83156,56,2,2.55
83157,9,1,22.5
83158,36,2,3.75
83159,51,3,3.0
83160,39,2,4.25
83161,57,2,3.1
83162,29,1,2.5
83163,28,1,2.0
83164,61,1,4.75
83165,44,2,2.5
83166,79,1,3.75
83167,54,2,2.5
83168,36,1,3.75
83169,56,1,2.55
83170,48,2,2.5
83171,57,2,3.1
83172,22,2,2.0
83172,74,1,3.5
83173,37,2,3.0
83174,34,1,2.45
83174,77,1,3.0
83175,61,2,4.75
83176,49,2,3.0
83177,58,1,3.5
83178,69,1,3.25
83179,36,2,3.75
83180,60,2,3.75
83181,46,1,2.5
83181,76,1,3.5
83182,24,2,3.0
83183,36,2,3.75
83184,38,2,3.75
83185,26,2,3.0
83186,39,2,4.25
83186,70,1,3.25
83187,22,2,2.0
83188,60,2,3.75
83189,41,2,4.25
83190,53,1,3.0
83191,28,1,2.0
83192,28,2,2.0
83193,49,2,3.0
83194,52,1,2.5
83195,57,1,3.1
83196,45,2,3.0
83197,38,1,3.75
83198,40,2,3.75
83199,37,2,3.0
83200,58,2,3.5
83201,50,1,2.5
83202,54,1,2.5
83203,54,2,2.5
83204,24,1,3.0
83205,24,2,3.0
83206,24,1,3.0
83207,42,2,2.5
83208,23,2,2.5
83209,25,1,2.2
83210,22,1,2.0
83211,26,1,3.0
83212,61,2,4.75
83213,56,2,2.55
83214,38,2,3.75
83215,23,2,2.5
83215,76,1,3.5
83216,22,1,2.0
83217,56,2,2.55
83218,46,1,2.5
83219,47,1,3.0
83220,36,2,3.75
83221,33,1,3.5
83222,87,3,3.0
83223,59,1,4.5
83224,23,1,2.5
83225,37,1,3.0
83225,65,2,0.8
83226,35,3,3.1
83227,87,2,2.1
83227,72,2,2.65
83227,73,1,3.75
83228,55,3,4.0
83229,45,1,3.0
83230,47,3,3.0
83231,61,3,4.75
83232,58,3,3.5
83233,36,2,3.75
83234,38,1,3.75
83234,63,1,0.8
83235,27,1,3.5
83235,10,1,10.0
83236,55,1,4.0
83237,71,1,3.75
83238,47,1,3.0
83239,58,2,3.5
83240,50,3,2.5
83240,10,1,10.0
83241,46,1,2.5
83242,26,2,3.0
83243,40,3,3.75
83243,65,2,0.8
83244,36,2,3.75
83245,35,1,3.1
83246,61,2,4.75
83247,48,1,2.5
83247,76,1,3.5
83248,47,3,3.0
83249,26,3,3.0
83249,73,1,3.75
83250,53,1,3.0
83251,43,2,3.0
83252,39,1,4.25
83253,30,2,3.0
83254,29,1,2.5
83254,77,1,3.0
83255,25,2,2.2
83256,30,2,3.0
83256,16,1,8.95
83257,25,2,2.2
83258,87,1,2.1
83258,72,1,3.25
83259,25,1,2.2
83260,42,1,2.5
83261,52,1,2.5
83262,25,3,2.2
83262,77,1,3.0
83263,50,1,2.5
83264,39,1,4.25
83264,84,1,0.8
83265,41,2,4.25
83266,52,2,2.5
83267,46,3,2.5
83268,50,3,2.5
83269,73,1,3.75
83270,31,1,2.2
83271,38,1,3.75
83272,48,1,2.5
83273,36,2,3.75
83274,30,2,3.0
83275,30,1,3.0
83276,29,2,2.5
83277,34,1,2.45
83278,71,1,3.75
83279,52,2,2.5
83280,50,2,2.5
83281,32,2,3.0
83282,78,1,4.5
83283,14,1,8.95
83284,38,3,3.75
83284,63,1,0.8
83285,44,1,2.5
83286,37,1,3.0
83286,63,2,0.8
83287,27,2,3.5
83287,77,1,3.0
83288,47,2,3.0
83289,28,2,2.0
83290,37,1,3.0
83291,25,2,2.2
83292,29,3,2.5
83293,23,2,2.5
83294,87,2,3.0
83295,46,2,2.5
83296,60,3,3.75
83297,51,2,3.0
83298,38,1,3.75
83298,63,1,0.8
83299,31,1,2.2
83300,87,1,2.1
83300,72,1,2.65
83300,15,1,9.25
83301,51,2,3.0
83302,74,1,3.5
83303,61,1,4.75
83304,38,1,3.75
83304,64,2,0.8
83305,25,2,2.2
83306,25,2,2.2
83307,54,2,2.5
83307,72,1,3.25
83308,53,2,3.0
83309,27,2,3.5
83310,40,2,3.75
83310,64,2,0.8
83311,43,2,3.0
83312,51,2,3.0
83312,69,1,3.25
83312,1,1,18.0
83313,44,1,2.5
83314,34,2,2.45
83315,36,1,3.75
83316,38,1,3.75
83316,73,1,3.75
83317,40,1,3.75
83318,57,1,3.1
83319,45,1,3.0
83320,52,1,2.5
83321,78,1,4.5
83322,87,1,2.1
83322,72,1,3.25
83323,53,2,3.0
83324,44,1,2.5
83325,48,1,2.5
83326,56,1,2.55
83327,33,2,3.5
83328,40,2,3.75
83329,42,1,2.5
83330,45,2,3.0
83330,77,1,3.0
83331,50,1,2.5
83332,50,1,2.5
83333,30,2,3.0
83334,58,1,3.5
83334,71,1,3.75
83335,59,3,4.5
83335,71,1,3.75
83336,30,3,3.0
83337,73,1,3.75
83338,45,3,3.0
83338,4,1,20.45
83339,28,2,2.0
83340,37,2,3.0
83341,43,1,3.0
83342,49,1,3.0
83343,26,2,3.0
83344,69,1,3.25
83345,30,3,3.0
83346,23,2,2.5
83347,26,1,3.0
83348,45,2,3.0
83349,22,1,2.0
83350,54,2,2.5
83351,55,1,4.0
83352,27,1,3.5
83353,36,1,3.75
83354,43,1,3.0
83355,50,1,2.5
83356,58,2,3.5
83357,26,2,3.0
83358,31,2,2.2
83359,53,2,3.0
83360,73,1,3.75
83361,56,2,2.55
83362,87,2,2.1
83362,72,2,3.25
83363,46,2,2.5
83363,72,1,3.25
83364,53,1,3.0
83365,30,2,3.0
83366,29,1,2.5
83367,48,2,2.5
83368,57,2,3.1
83368,70,1,3.25
83369,32,1,3.0
83370,38,2,3.75
83371,29,2,2.5
83372,38,2,3.75
83372,64,1,0.8
83373,73,1,3.75
83374,32,2,3.0
83374,77,1,3.0
83375,60,2,3.75
83376,37,1,3.0
83377,52,2,2.5
83377,76,1,3.5
83378,42,1,2.5
83379,46,2,2.5
83380,45,1,3.0
83381,47,2,3.0
83382,42,2,2.5
83383,46,2,2.5
83384,44,3,2.5
83385,44,2,2.5
83385,75,1,3.5
83386,40,1,3.75
83386,76,1,3.5
83387,45,1,3.0
83388,40,1,3.75
83388,64,1,0.8
83389,34,1,2.45
83390,40,1,3.75
83391,53,2,3.0
83392,34,1,2.45
83393,59,2,4.5
83393,79,1,3.75
83394,59,2,4.5
83395,57,1,3.1
83396,32,2,3.0
83397,54,2,2.5
83397,81,1,28.0
83398,34,2,2.45
83399,38,1,3.75
83400,58,1,3.5
83401,38,1,3.75
83401,65,1,0.8
83402,31,3,2.2
83403,59,1,4.5
83404,52,1,2.5
83405,55,2,4.0
83406,48,3,2.5
83407,16,1,8.95
83408,28,2,2.0
83409,37,1,3.0
83410,87,1,2.1
83410,72,1,3.25
83411,36,2,3.75
83412,40,1,3.75
83412,63,1,0.8
83413,45,1,3.0
83414,52,1,2.5
83414,61,2,4.75
83415,23,3,2.5
83416,57,1,3.1
83416,81,1,28.0
83417,37,3,3.0
83417,84,2,0.8
83418,57,3,3.1
83419,45,1,3.0
83420,58,2,3.5
83421,24,3,3.0
83422,56,1,2.55
83423,45,1,3.0
83424,53,2,3.0
83425,53,2,3.0
83426,27,2,3.5
83426,75,1,3.5
83426,2,1,18.0
83427,45,1,3.0
83428,58,1,3.5
83429,71,1,3.75
83430,52,2,2.5
83431,58,1,3.5
83432,42,2,2.5
83433,55,2,4.0
83434,47,1,3.0
83434,6,1,21.0
83435,49,3,3.0
83436,41,1,4.25
83437,8,1,45.0
83438,39,1,4.25
83439,61,1,4.75
83440,28,2,2.0
83441,57,3,3.1
83441,70,1,3.25
83442,31,2,2.2
83443,61,2,4.75
83444,38,1,3.75
83445,23,1,2.5
83446,55,2,4.0
83447,53,2,3.0
83447,79,1,3.75
83448,72,1,3.25
83449,52,2,2.5
83450,28,1,2.0
83450,70,1,3.25
83451,42,2,2.5
83452,52,3,2.5
83453,59,1,4.5
83454,33,2,3.5
83455,42,2,2.5
83456,31,1,2.2
83457,54,2,2.5
83457,81,1,28.0
83458,61,2,4.75
83459,26,2,3.0
83460,43,2,3.0
83461,33,2,3.5
83462,47,3,3.0
83463,39,1,4.25
83463,63,1,0.8
83463,74,1,3.5
83464,58,2,3.5
83465,53,3,3.0
83466,51,1,3.0
83467,57,3,3.1
83468,51,2,3.0
83469,52,1,2.5
83470,29,2,2.5
83471,34,2,2.45
83471,73,1,3.75
83472,53,2,3.0
83473,53,1,3.0
83474,48,2,2.5
83475,32,2,3.0
83476,53,3,3.0
83477,50,1,2.5
83478,60,2,3.75
83478,75,1,3.5
83479,50,2,2.5
83480,22,1,2.0
83481,23,2,2.5
83482,46,3,2.5
83483,46,3,2.5
83483,71,1,3.75
83484,40,2,3.75
83485,46,3,2.5
83486,41,2,4.25
83486,65,1,0.8
83487,22,1,2.0
83488,53,2,3.0
83489,12,1,8.95
83490,36,2,3.75
83491,77,1,3.0
83492,25,1,2.2
83493,50,1,2.5
83494,35,2,3.1
83495,32,1,3.0
83496,52,1,2.5
83497,74,1,3.5
83498,51,2,3.0
83499,55,1,4.0
83500,61,1,4.75
83501,25,2,2.2
83502,32,2,3.0
83503,29,1,2.5
83504,24,2,3.0
83505,27,1,3.5
83506,52,1,2.5
83507,28,2,2.0
83507,79,1,3.75
83508,29,2,2.5
83509,50,1,2.5
83510,34,3,2.45
83511,77,1,3.0
83512,51,1,3.0
83513,31,1,2.2
83514,27,2,3.5
83515,59,3,4.5
83516,33,1,3.5
83517,31,1,2.2
83518,87,1,2.1
83518,72,1,2.65
83519,54,1,2.5
83520,23,2,2.5
83521,49,3,3.0
83522,32,2,3.0
83523,30,2,3.0
83524,70,1,3.25
83525,18,1,6.4
83526,22,1,2.0
83527,31,2,2.2
83527,75,1,3.5
83528,38,2,3.75
83529,55,2,4.0
83530,32,2,3.0
83531,44,1,2.5
83531,72,1,3.25
83532,87,1,2.1
83532,72,1,3.25
83533,71,1,3.75
83534,46,2,2.5
83535,76,1,3.5
83536,36,2,3.75
83537,36,1,3.75
83538,60,2,3.75
83539,44,2,2.5
83540,32,2,3.0
83540,69,1,3.25
83541,22,1,2.0
83542,56,2,2.55
83543,42,1,2.5
83544,31,3,2.2
83545,27,2,3.5
83545,76,1,3.5
83546,73,1,3.75
83547,29,2,2.5
83548,43,3,3.0
83548,73,1,3.75
83549,28,2,2.0
83550,57,2,3.1
83551,54,2,2.5
83552,44,1,2.5
83553,47,2,3.0
83554,40,1,3.75
83554,63,1,0.8
83554,69,1,3.25
83555,46,2,2.5
83556,53,1,3.0
83557,46,1,2.5
83558,69,1,3.25
83559,58,1,3.5
83560,61,2,4.75
83561,34,2,2.45
83562,87,1,2.1
83562,72,1,3.25
83563,25,2,2.2
83564,40,1,3.75
83565,44,1,2.5
83566,25,3,2.2
83566,78,1,4.5
83567,61,2,4.75
83568,34,1,2.45
83568,74,1,3.5
83569,46,2,2.5
83570,36,1,3.75
83571,35,3,3.1
83572,58,2,3.5
83573,45,2,3.0
83573,72,1,3.25
83574,30,1,3.0
83575,31,2,2.2
83576,36,1,3.75
83577,37,2,3.0
83578,39,2,4.25
83579,47,2,3.0
83580,48,2,2.5
83581,35,2,3.1
83582,47,1,3.0
83583,23,3,2.5
83584,46,2,2.5
83585,28,2,2.0
83586,27,1,3.5
83586,9,1,22.5
83587,40,1,3.75
83588,30,3,3.0
83589,38,1,3.75
83590,24,1,3.0
83591,45,2,3.0
83592,78,1,4.5
83593,55,1,4.0
83594,87,1,3.0
83595,25,1,2.2
83596,46,1,2.5
83597,60,3,3.75
83598,61,1,4.75
83599,36,1,3.75
83600,44,3,2.5
83601,26,2,3.0
83602,75,1,3.5
83603,25,3,2.2
83604,35,3,3.1
83605,31,2,2.2
83606,29,2,2.5
83607,25,2,2.2
83608,42,2,2.5
83609,28,2,2.0
83610,34,1,2.45
83611,25,3,2.2
83612,42,1,2.5
83613,40,2,3.75
83614,33,2,3.5
83615,70,1,3.25
83616,38,3,3.75
83616,84,2,0.8
83616,18,1,6.4
83617,41,1,4.25
83618,45,2,3.0
83618,72,1,3.25
83619,43,2,3.0
83620,61,1,4.75
83621,34,2,2.45
83622,42,2,2.5
83623,32,1,3.0
83623,71,1,3.75
83624,32,3,3.0
83625,49,2,3.0
83626,31,1,2.2
83627,53,3,3.0
83628,61,2,4.75
83628,77,1,3.0
83629,7,1,19.75
83630,56,1,2.55
83631,45,2,3.0
83631,11,1,8.95
83632,57,2,3.1
83633,61,2,4.75
83634,46,2,2.5
83634,77,1,3.0
83635,26,2,3.0
83636,29,1,2.5
83637,22,1,2.0
83637,70,1,3.25
83638,76,1,3.5
83639,54,2,2.5
83640,23,1,2.5
83641,45,3,3.0
83642,50,2,2.5
83643,36,3,3.75
83644,54,1,2.5
83645,23,2,2.5
83645,71,1,3.75
83646,61,1,4.75
83647,31,2,2.2
83648,69,1,3.25
83649,47,2,3.0
83650,47,1,3.0
83651,44,2,2.5
83652,52,1,2.5
83653,87,1,3.0
83654,56,2,2.55
83655,38,2,3.75
83655,65,1,0.8
83656,37,1,3.0
83657,60,1,3.75
83657,73,1,3.75
83658,23,1,2.5
83659,40,2,3.75
83660,24,2,3.0
83660,75,1,3.5
83661,71,1,3.75
83662,78,1,4.5
83663,56,2,2.55
83664,40,1,3.75
83664,64,1,0.8
83665,58,2,3.5
83666,87,1,2.1
83666,72,1,3.25
83667,60,1,3.75
83668,55,2,4.0
83669,42,2,2.5
83670,56,3,2.55
83671,87,1,2.1
83671,72,1,3.25
83672,40,1,3.75
83673,60,2,3.75
83674,53,2,3.0
83675,52,2,2.5
83675,79,1,3.75
83676,38,2,3.75
83677,52,1,2.5
83678,76,1,3.5
83679,44,2,2.5
83680,50,1,2.5
83680,71,1,3.75
83681,50,1,2.5
83682,23,1,2.5
83683,24,2,3.0
83684,75,1,3.5
83685,23,1,2.5
83686,57,3,3.1
83687,38,2,3.75
83688,51,3,3.0
83689,52,1,2.5
83690,32,2,3.0
83691,54,1,2.5
83692,69,1,3.25
83693,56,2,2.55
83694,36,1,3.75
83695,1,1,18.0
83696,30,1,3.0
83697,57,2,3.1
83697,78,1,4.5
83698,45,2,3.0
83699,27,1,3.5
83700,61,1,4.75
83701,22,2,2.0
83702,49,2,3.0
83703,46,1,2.5
83704,58,2,3.5
83705,27,3,3.5
83705,71,1,3.75
83706,45,1,3.0
83707,59,1,4.5
83708,54,1,2.5
83709,52,2,2.5
83710,45,2,3.0
83711,56,1,2.55
83712,41,2,4.25
83712,63,1,0.8
83713,26,1,3.0
83714,45,1,3.0
83715,54,3,2.5
83716,35,1,3.1
83716,76,1,3.5
83717,49,2,3.0
83718,58,2,3.5
83719,39,2,4.25
83720,59,2,4.5
83721,56,2,2.55
83722,49,1,3.0
83723,49,1,3.0
83723,79,1,3.75
83724,60,2,3.75
83725,49,3,3.0
83726,25,1,2.2
83727,9,1,22.5
83728,50,1,2.5
83729,27,1,3.5
83729,79,1,3.75
83730,22,2,2.0
83730,75,1,3.5
83731,31,2,2.2
83732,26,2,3.0
83733,41,2,4.25
83734,56,2,2.55
83734,78,1,4.5
83735,44,2,2.5
83736,35,2,3.1
83737,44,1,2.5
83738,48,2,2.5
83739,25,2,2.2
83740,57,3,3.1
83741,31,1,2.2
83742,61,2,4.75
83743,35,1,3.1
83744,59,2,4.5
83745,38,1,3.75
83746,30,2,3.0
83746,71,1,3.75
83747,33,1,3.5
83748,53,2,3.0
83749,87,2,2.1
83749,72,2,3.25
83750,37,2,3.0
83751,37,2,3.0
83752,53,1,3.0
83753,29,1,2.5
83753,83,1,14.0
83754,49,1,3.0
83755,45,1,3.0
83756,36,2,3.75
83756,72,1,3.25
83757,38,2,3.75
83757,65,1,0.8
83758,52,2,2.5
83759,32,2,3.0
83759,75,1,3.5
83760,56,2,2.55
83761,52,3,2.5
83761,78,1,4.5
83762,38,2,3.75
83762,64,1,0.8
83762,76,1,3.5
83763,30,2,3.0
83763,71,1,3.75
83764,53,2,3.0
83764,70,1,3.25
83765,45,1,3.0
83766,43,2,3.0
83767,51,1,3.0
83768,40,2,3.75
83769,30,1,3.0
83770,53,2,3.0
83771,45,2,3.0
83772,32,1,3.0
83772,75,1,3.5
83773,71,1,3.75
83774,27,1,3.5
83775,58,2,3.5
83776,54,2,2.5
83777,58,1,3.5
83778,50,1,2.5
83779,25,1,2.2
83779,69,1,3.25
83780,38,1,3.75
83781,52,1,2.5
83782,37,1,3.0
83783,60,2,3.75
83784,40,1,3.75
83785,54,1,2.5
83786,42,1,2.5
83787,22,1,2.0
83788,43,1,3.0
83789,22,1,2.0
83790,73,1,3.75
83791,48,1,2.5
83792,50,1,2.5
83793,50,1,2.5
83794,27,2,3.5
83795,43,2,3.0
83796,41,2,4.25
83797,87,2,2.1
83797,72,2,3.25
83798,31,2,2.2
83799,24,1,3.0
83800,39,2,4.25
83801,29,1,2.5
83802,54,2,2.5
83803,52,1,2.5
83803,78,1,4.5
83804,55,1,4.0
83804,76,1,3.5
83805,57,1,3.1
83806,60,2,3.75
83806,79,1,3.75
83807,32,1,3.0
83808,25,2,2.2
83808,71,1,3.75
83809,50,3,2.5
83810,27,2,3.5
83811,56,2,2.55
83812,29,2,2.5
83813,24,1,3.0
83813,77,1,3.0
83814,60,1,3.75
83815,46,3,2.5
83816,53,1,3.0
83817,59,2,4.5
83818,52,2,2.5
83819,28,2,2.0
83820,58,2,3.5
83821,6,1,21.0
83822,46,2,2.5
83823,55,2,4.0
83824,50,3,2.5
83825,46,2,2.5
83826,34,1,2.45
83827,58,1,3.5
83828,28,2,2.0
83829,43,2,3.0
83830,44,1,2.5
83831,46,1,2.5
83832,29,2,2.5
83833,54,2,2.5
83833,79,1,3.75
83834,52,1,2.5
83835,41,2,4.25
83836,44,2,2.5
83837,87,1,3.0
83838,44,1,2.5
83839,30,1,3.0
83840,48,1,2.5
83841,22,1,2.0
83842,45,2,3.0
83843,11,1,8.95
83844,24,2,3.0
83845,22,1,2.0
83846,57,1,3.1
83847,54,1,2.5
83848,41,2,4.25
83849,54,2,2.5
83850,47,1,3.0
83851,47,1,3.0
83852,57,2,3.1
83852,74,1,3.5
83853,33,2,3.5
83854,56,3,2.55
83855,38,1,3.75
83856,59,1,4.5
83857,38,1,3.75
83858,43,1,3.0
83859,22,2,2.0
83860,52,2,2.5
83861,42,1,2.5
83862,32,1,3.0
83863,40,1,3.75
83864,55,3,4.0
83865,54,1,2.5
83866,25,2,2.2
83867,45,2,3.0
83868,31,2,2.2
83868,78,1,4.5
83869,42,1,2.5
83869,70,1,3.25
83870,46,2,2.5
83871,35,1,3.1
83872,59,2,4.5
83873,57,1,3.1
83874,29,2,2.5
83875,23,3,2.5
83876,25,3,2.2
83877,33,3,3.5
83878,78,1,4.5
83878,15,1,9.25
83879,59,1,4.5
83879,71,1,3.75
83880,51,2,3.0
83881,37,2,3.0
83881,72,1,3.25
83881,34,1,2.45
83881,73,1,3.75
83882,32,1,3.0
83883,31,2,2.2
83884,27,1,3.5
83885,26,1,3.0
83886,87,1,2.1
83886,72,1,3.25
83887,49,1,3.0
83887,69,1,3.25
83888,30,1,3.0
83889,57,1,3.1
83890,44,3,2.5
83890,76,1,3.5
83890,10,1,10.0
83891,44,2,2.5
83892,28,1,2.0
83893,43,2,3.0
83894,51,1,3.0
83895,34,2,2.45
83896,30,1,3.0
83897,31,1,2.2
83898,45,2,3.0
83899,41,1,4.25
83900,37,1,3.0
83901,49,1,3.0
83901,75,1,3.5
83902,32,3,3.0
83903,7,1,19.75
83904,52,2,2.5
83905,48,1,2.5
83906,46,1,2.5
83907,25,1,2.2
83907,70,1,3.25
83908,36,1,3.75
83909,22,1,2.0
83910,49,3,3.0
83911,40,2,3.75
83912,57,2,3.1
83913,26,2,3.0
83914,24,1,3.0
83915,54,1,2.5
83916,47,2,3.0
83916,72,1,3.25
83917,46,1,2.5
83918,22,1,2.0
83919,59,1,4.5
83920,59,1,4.5
83921,37,2,3.0
83922,54,1,2.5
83923,55,1,4.0
83924,36,2,3.75
83924,74,1,3.5
83925,44,1,2.5
83926,45,2,3.0
83926,70,1,3.25
83927,53,2,3.0
83928,34,2,2.45
83929,42,1,2.5
83930,38,2,3.75
83930,63,1,0.8
83931,36,2,3.75
83932,30,1,3.0
83933,40,2,3.75
83934,23,1,2.5
83935,46,2,2.5
83936,45,2,3.0
83937,29,1,2.5
83938,28,2,2.0
83939,34,3,2.45
83940,51,3,3.0
83941,40,1,3.75
83941,84,2,0.8
83942,23,1,2.5
83942,76,1,3.5
83943,47,1,3.0
83944,50,1,2.5
83945,61,2,4.75
83946,53,1,3.0
83947,25,2,2.2
83948,42,1,2.5
83949,27,1,3.5
83950,28,1,2.0
83951,76,1,3.5
83952,29,2,2.5
83953,27,3,3.5
83954,26,1,3.0
83955,25,1,2.2
83956,39,2,4.25
83957,31,1,2.2
83958,38,3,3.75
83958,65,2,0.8
83959,57,1,3.1
83960,45,3,3.0
83961,29,2,2.5
83962,58,2,3.5
83963,33,2,3.5
83964,57,2,3.1
83965,38,2,3.75
83966,26,2,3.0
83967,37,1,3.0
83968,23,1,2.5
83968,73,1,3.75
83969,58,1,3.5
83970,54,3,2.5
83971,23,2,2.5
83972,30,2,3.0
83973,42,2,2.5
83974,59,1,4.5
83975,27,1,3.5
83976,54,1,2.5
83977,35,1,3.1
83978,36,1,3.75
83978,79,1,3.75
83979,46,2,2.5
83980,34,3,2.45
83981,24,2,3.0
83982,31,1,2.2
83983,58,2,3.5
83984,71,1,3.75
83985,36,2,3.75
83986,35,1,3.1
83987,61,1,4.75
83988,57,2,3.1
83988,69,1,3.25
83989,60,1,3.75
83990,61,2,4.75
83991,61,1,4.75
83992,46,2,2.5
83993,47,2,3.0
83994,36,1,3.75
83995,40,3,3.75
83995,65,1,0.8
83996,31,1,2.2
83997,36,1,3.75
83998,41,2,4.25
83998,70,1,3.25
83999,60,2,3.75
84000,22,1,2.0
84001,55,2,4.0
84002,61,2,4.75
84003,28,2,2.0
84004,57,2,3.1
84005,54,1,2.5
84006,50,1,2.5
84007,59,2,4.5
84008,27,1,3.5
84009,57,1,3.1
84009,79,1,3.75
84010,28,1,2.0
84011,23,2,2.5
84012,79,1,3.75
84013,52,2,2.5
84014,42,2,2.5
84015,57,2,3.1
84016,61,2,4.75
84017,24,2,3.0
84018,23,2,2.5
84019,37,1,3.0
84019,84,2,0.8
84020,24,1,3.0
84021,55,2,4.0
84022,24,1,3.0
84023,48,2,2.5
84024,54,1,2.5
84025,55,1,4.0
84026,74,1,3.5
84027,60,2,3.75
84028,40,1,3.75
84029,71,1,3.75
84030,41,2,4.25
84030,65,1,0.8
84031,87,2,3.0
84032,56,1,2.55
84033,24,2,3.0
84034,39,1,4.25
84035,27,1,3.5
84036,53,1,3.0
84037,54,2,2.5
84038,44,1,2.5
84039,36,2,3.75
84039,41,2,4.25
84040,22,1,2.0
84040,71,1,3.75
84041,71,1,3.75
84042,38,1,3.75
84043,22,2,2.0
84044,32,3,3.0
84044,69,1,3.25
84045,33,2,3.5
84046,23,2,2.5
84046,75,1,3.5
84047,47,2,3.0
84047,72,1,3.25
84048,44,2,2.5
84049,51,1,3.0
84050,33,2,3.5
84051,57,2,3.1
84052,58,2,3.5
84052,73,1,3.75
84053,24,1,3.0
84054,33,2,3.5
84055,52,1,2.5
84056,56,2,2.55
84057,56,2,2.55
84057,71,1,3.75
84058,33,1,3.5
84059,57,2,3.1
84060,46,1,2.5
84061,24,2,3.0
84062,54,1,2.5
84063,54,1,2.5
84064,27,1,3.5
84065,25,2,2.2
84066,53,1,3.0
84067,35,1,3.1
84068,60,2,3.75
84068,73,1,3.75
84069,59,1,4.5
84070,43,2,3.0
84071,53,2,3.0
84072,48,1,2.5
84073,47,2,3.0
84074,29,1,2.5
84075,57,2,3.1
84076,47,2,3.0
84077,58,1,3.5
84078,61,2,4.75
84079,52,2,2.5
84080,30,2,3.0
84081,59,1,4.5
84082,23,2,2.5
84083,43,1,3.0
84084,37,2,3.0
84085,30,2,3.0
84086,59,2,4.5
84087,26,1,3.0
84088,50,1,2.5
84089,34,2,2.45
84090,25,1,2.2
84091,27,2,3.5
84092,22,1,2.0
84092,77,1,3.0
84093,52,2,2.5
84094,49,2,3.0
84095,22,1,2.0
84096,53,1,3.0
84097,47,1,3.0
84098,60,2,3.75
84099,87,2,2.1
84099,72,2,3.25
84100,26,2,3.0
84101,31,2,2.2
84101,70,1,3.25
84102,53,1,3.0
84103,32,3,3.0
84104,45,1,3.0
84104,51,1,3.0
84105,59,2,4.5
84106,61,3,4.75
84106,78,1,4.5
84107,59,3,4.5
84108,46,1,2.5
84109,51,3,3.0
84110,26,3,3.0
84110,75,1,3.5
84111,52,1,2.5
84112,29,3,2.5
84112,72,1,3.25
84113,43,2,3.0
84114,36,1,3.75
84115,44,1,2.5
84116,49,1,3.0
84117,39,1,4.25
84118,55,1,4.0
84119,53,1,3.0
84120,72,1,3.25
84121,49,1,3.0
84122,33,3,3.5
84122,75,1,3.5
84123,60,2,3.75
84124,43,1,3.0
84125,56,1,2.55
84126,29,2,2.5
84127,4,1,20.45
84128,41,3,4.25
84128,64,2,0.8
84129,61,2,4.75
84130,87,1,3.0
84131,57,1,3.1
84132,58,3,3.5
84133,36,1,3.75
84134,42,3,2.5
84134,9,1,22.5
84135,70,1,3.25
84136,52,1,2.5
84137,24,2,3.0
84137,70,1,3.25
84137,17,1,9.5
84138,39,2,4.25
84138,63,2,0.8
84139,87,1,3.0
84140,43,3,3.0
84141,39,1,4.25
84142,31,2,2.2
84143,34,3,2.45
84144,47,1,3.0
84145,70,1,3.25
84146,29,1,2.5
84147,59,3,4.5
84147,70,1,3.25
84148,38,3,3.75
84148,63,1,0.8
84148,77,1,3.0
84149,34,2,2.45
84150,74,1,3.5
84151,72,1,3.25
84152,37,1,3.0
84153,23,3,2.5
84153,70,1,3.25
84154,33,2,3.5
84155,16,1,8.95
84156,24,2,3.0
84157,46,3,2.5
84158,36,3,3.75
84158,83,1,14.0
84159,45,1,3.0
84160,29,2,2.5
84161,40,1,3.75
84162,24,1,3.0
84163,44,3,2.5
84164,51,2,3.0
84165,61,1,4.75
84166,27,1,3.5
84167,29,2,2.5
84167,73,1,3.75
84168,45,2,3.0
84169,23,1,2.5
84170,39,2,4.25
84171,55,1,4.0
84172,26,2,3.0
84173,56,1,2.55
84173,72,1,3.25
84174,55,1,4.0
84175,45,3,3.0
84175,74,1,3.5
84176,57,2,3.1
84176,69,1,3.25
84177,32,1,3.0
84178,27,2,3.5
84179,34,2,2.45
84180,39,2,4.25
84181,71,1,3.75
84182,28,1,2.0
84183,45,1,3.0
84183,70,1,3.25
84184,44,3,2.5
84185,29,3,2.5
84186,47,1,3.0
84187,58,2,3.5
84188,48,2,2.5
84189,47,1,3.0
84190,41,2,4.25
84191,45,2,3.0
84191,75,1,3.5
84192,52,2,2.5
84192,79,1,3.75
84193,4,1,20.45
84194,79,1,3.75
84195,59,1,4.5
84196,57,2,3.1
84197,28,1,2.0
84198,35,2,3.1
84199,47,1,3.0
84200,54,2,2.5
84201,51,3,3.0
84202,43,3,3.0
84203,58,1,3.5
84204,41,1,4.25
84204,69,1,3.25
84205,45,2,3.0
84206,31,1,2.2
84207,32,1,3.0
84208,37,2,3.0
84208,64,1,0.8
84209,58,3,3.5
84210,45,3,3.0
84210,77,1,3.0
84210,83,1,14.0
84211,24,2,3.0
84212,48,2,2.5
84213,40,2,3.75
84213,64,1,0.8
84214,26,2,3.0
84214,76,1,3.5
84215,34,1,2.45
84216,30,1,3.0
84217,22,1,2.0
84218,38,2,3.75
84218,63,2,0.8
84219,43,2,3.0
84219,79,1,3.75
84220,25,1,2.2
84221,60,1,3.75
84222,47,1,3.0
84223,31,1,2.2
84223,69,1,3.25
84224,73,1,3.75
84225,61,1,4.75
84226,59,2,4.5
84227,48,2,2.5
84227,5,1,15.0
84228,31,3,2.2
84229,52,1,2.5
84230,29,2,2.5
84231,22,3,2.0
84231,76,1,3.5
84232,36,1,3.75
84233,38,2,3.75
84234,38,2,3.75
84235,87,1,3.0
84236,33,1,3.5
84237,46,1,2.5
84237,70,1,3.25
84237,3,1,14.75
84238,26,1,3.0
84238,20,1,7.6
84239,32,2,3.0
84240,34,2,2.45
84241,49,1,3.0
84242,31,2,2.2
84243,50,1,2.5
84244,54,2,2.5
84245,46,1,2.5
84246,43,1,3.0
84247,39,2,4.25
84248,39,1,4.25
84249,50,2,2.5
84250,58,3,3.5
84251,61,1,4.75
84252,52,1,2.5
84253,44,2,2.5
84254,30,1,3.0
84254,72,1,3.25
84255,31,1,2.2
84256,59,3,4.5
84256,7,1,19.75
84257,47,3,3.0
84258,54,1,2.5
84259,43,1,3.0
84260,30,2,3.0
84261,38,2,3.75
84262,40,3,3.75
84262,65,1,0.8
84263,30,2,3.0
84264,30,1,3.0
84265,25,2,2.2
84266,25,3,2.2
84267,25,2,2.2
84268,51,2,3.0
84269,42,1,2.5
84270,42,2,2.5
84271,31,1,2.2
84272,49,2,3.0
84273,47,2,3.0
84274,58,2,3.5
84275,74,1,3.5
84276,32,1,3.0
84277,53,2,3.0
84277,70,1,3.25
84278,24,1,3.0
84278,73,1,3.75
84279,50,2,2.5
84280,27,2,3.5
84280,78,1,4.5
84281,50,2,2.5
84281,79,1,3.75
84282,32,2,3.0
84283,27,2,3.5
84284,24,1,3.0
84285,26,3,3.0
84286,45,1,3.0
84286,76,1,3.5
84287,75,1,3.5
84288,54,2,2.5
84289,26,1,3.0
84290,78,1,4.5
84291,50,1,2.5
84292,31,2,2.2
84293,54,1,2.5
84294,46,2,2.5
84295,28,2,2.0
84296,59,2,4.5
84297,22,1,2.0
84298,49,1,3.0
84299,49,1,3.0
84300,27,2,3.5
84300,72,1,3.25
84301,39,2,4.25
84301,84,1,0.8
84302,52,1,2.5
84302,74,1,3.5
84303,44,2,2.5
84304,39,3,4.25
84304,84,2,0.8
84304,69,1,3.25
84305,44,1,2.5
84306,61,1,4.75
84307,79,1,3.75
84308,46,1,2.5
84309,41,1,4.25
84310,43,2,3.0
84311,25,1,2.2
84312,40,1,3.75
84312,64,2,0.8
84313,43,2,3.0
84314,42,1,2.5
84315,27,2,3.5
84316,57,2,3.1
84317,79,1,3.75
84318,56,2,2.55
84319,43,1,3.0
84320,32,2,3.0
84321,35,1,3.1
84322,28,1,2.0
84323,52,2,2.5
84324,50,2,2.5
84325,27,3,3.5
84325,72,1,3.25
84326,36,1,3.75
84326,70,1,3.25
84327,39,1,4.25
84328,22,2,2.0
84329,24,1,3.0
84330,87,1,3.0
84331,55,1,4.0
84332,39,2,4.25
84332,84,1,0.8
84333,50,3,2.5
84334,32,3,3.0
84335,87,2,3.0
84336,32,2,3.0
84337,55,1,4.0
84337,76,1,3.5
84338,56,2,2.55
84339,43,3,3.0
84340,56,1,2.55
84340,75,1,3.5
84341,44,1,2.5
84341,75,1,3.5
84342,38,1,3.75
84342,64,2,0.8
84343,23,2,2.5
84344,87,1,2.1
84344,72,1,3.25
84345,46,2,2.5
84346,22,2,2.0
84346,77,1,3.0
84347,59,1,4.5
84347,78,1,4.5
84348,61,2,4.75
84349,60,1,3.75
84350,47,2,3.0
84351,29,2,2.5
84352,75,1,3.5
84353,51,2,3.0
84353,74,1,3.5
84354,40,1,3.75
84355,31,1,2.2
84356,40,1,3.75
84356,63,1,0.8
84356,73,1,3.75
84357,53,2,3.0
84358,42,2,2.5
84359,38,2,3.75
84360,34,2,2.45
84361,29,2,2.5
84361,74,1,3.5
84362,20,1,7.6
84363,33,1,3.5
84364,55,2,4.0
84365,36,2,3.75
84365,76,1,3.5
84366,47,3,3.0
84366,18,1,10.95
84367,40,2,3.75
84368,44,3,2.5
84368,69,1,3.25
84369,78,1,4.5
84370,61,3,4.75
84371,22,2,2.0
84372,50,1,2.5
84373,28,3,2.0
84374,41,1,4.25
84374,63,2,0.8
84375,29,3,2.5
84375,81,1,28.0
84376,27,1,3.5
84377,36,3,3.75
84378,29,2,2.5
84379,35,1,3.1
84380,29,2,2.5
84381,27,1,3.5
84382,48,1,2.5
84383,40,1,3.75
84384,47,2,3.0
84385,40,2,3.75
84386,79,1,3.75
84387,27,2,3.5
84388,48,1,2.5
84389,69,1,3.25
84389,14,1,8.95
84390,39,1,4.25
84391,48,2,2.5
84392,25,3,2.2
84393,57,2,3.1
84394,29,1,2.5
84394,78,1,4.5
84395,50,1,2.5
84396,43,1,3.0
84397,36,1,3.75
84398,78,1,4.5
84399,15,1,9.25
84400,54,2,2.5
84401,46,2,2.5
84402,45,2,3.0
84403,60,1,3.75
84404,25,1,2.2
84405,57,2,3.1
84405,73,1,3.75
84406,53,1,3.0
84407,47,2,3.0
84408,57,2,3.1
84408,73,1,3.75
84409,31,2,2.2
84410,33,1,3.5
84411,22,1,2.0
84412,70,1,3.25
84413,50,2,2.5
84414,38,2,3.75
84414,84,1,0.8
84415,43,1,3.0
84416,56,2,2.55
84417,24,2,3.0
84418,58,1,3.5
84418,78,1,4.5
84419,23,3,2.5
84420,41,1,4.25
84420,65,2,0.8
84421,79,1,3.75
84422,59,2,4.5
84423,59,2,4.5
84424,30,1,3.0
84425,46,3,2.5
84426,59,1,4.5
84427,26,1,3.0
84428,61,2,4.75
84429,61,1,4.75
84430,60,1,3.75
84431,87,2,2.1
84431,72,2,3.25
84432,50,3,2.5
84433,49,3,3.0
84433,75,1,3.5
84434,25,2,2.2
84435,48,1,2.5
84436,33,2,3.5
84437,46,3,2.5
84438,43,1,3.0
84439,29,2,2.5
84440,57,1,3.1
84441,58,1,3.5
84442,31,2,2.2
84443,39,1,4.25
84444,60,1,3.75
84444,78,1,4.5
84445,51,1,3.0
84446,35,1,3.1
84446,72,1,3.25
84447,29,1,2.5
84448,44,1,2.5
84449,37,3,3.0
84449,63,2,0.8
84450,42,1,2.5
84450,72,1,3.25
84451,28,3,2.0
84452,45,2,3.0
84453,28,2,2.0
84454,23,3,2.5
84455,53,2,3.0
84456,41,1,4.25
84457,55,2,4.0
84458,49,3,3.0
84459,31,1,2.2
84460,79,1,3.75
84461,46,2,2.5
84462,76,1,3.5
84463,53,1,3.0
84464,87,1,3.0
84465,29,1,2.5
84466,41,1,4.25
84466,84,1,0.8
84466,69,1,3.25
84467,33,1,3.5
84467,74,1,3.5
84468,33,2,3.5
84468,75,1,3.5
84469,31,2,2.2
84470,59,2,4.5
84470,70,1,3.25
84471,87,2,3.0
84471,75,1,3.5
84472,36,3,3.75
84473,38,3,3.75
84473,64,2,0.8
84473,73,1,3.75
84474,55,1,4.0
84475,75,1,3.5
84476,25,1,2.2
84477,24,1,3.0
84477,70,1,3.25
84478,24,2,3.0
84479,24,2,3.0
84480,48,3,2.5
84481,51,2,3.0
84482,69,1,3.25
84483,77,1,3.0
84484,23,2,2.5
84485,30,2,3.0
84486,28,1,2.0
84487,36,2,3.75
84488,35,1,3.1
84489,48,2,2.5
84490,57,1,3.1
84491,49,2,3.0
84492,29,1,2.5
84493,53,2,3.0
84494,73,1,3.75
84495,39,2,4.25
84496,42,1,2.5
84497,36,1,3.75
84498,49,3,3.0
84498,74,1,3.5
84499,56,1,2.55
84500,40,1,3.75
84500,65,2,0.8
84501,87,1,3.0
84502,47,2,3.0
84503,59,1,4.5
84504,27,2,3.5
84504,70,1,3.25
84505,61,1,4.75
84506,25,1,2.2
84507,22,1,2.0
84508,78,1,4.5
84509,31,2,2.2
84509,77,1,3.0
84510,49,1,3.0
84511,31,3,2.2
84512,15,1,9.25
84513,56,3,2.55
84514,55,2,4.0
84515,78,1,4.5
84516,48,2,2.5
84517,27,1,3.5
84518,31,2,2.2
84519,45,3,3.0
84519,72,1,3.25
84520,51,2,3.0
84521,23,2,2.5
84522,22,1,2.0
84523,49,2,3.0
84524,24,2,3.0
84525,23,3,2.5
84526,45,1,3.0
84527,60,1,3.75
84528,60,1,3.75
84529,61,1,4.75
84529,71,1,3.75
84530,27,1,3.5
84531,44,1,2.5
84532,22,2,2.0
84533,44,3,2.5
84533,79,1,3.75
84534,77,1,3.0
84535,16,1,8.95
84536,61,2,4.75
84537,34,1,2.45
84538,60,2,3.75
84539,58,1,3.5
84540,31,2,2.2
84541,30,2,3.0
84542,54,1,2.5
84543,50,1,2.5
84544,38,2,3.75
84545,54,2,2.5
84546,45,2,3.0
84547,40,2,3.75
84547,72,1,3.25
84548,23,1,2.5
84549,41,3,4.25
84549,64,1,0.8
84550,53,1,3.0
84551,39,2,4.25
84551,65,2,0.8
84551,73,1,3.75
84552,56,1,2.55
84553,23,2,2.5
84554,40,2,3.75
84555,2,1,18.0
84556,38,1,3.75
84557,33,2,3.5
84558,48,2,2.5
84559,87,1,2.1
84559,72,1,3.25
84560,44,3,2.5
84561,30,1,3.0
84562,32,1,3.0
84563,44,2,2.5
84564,34,1,2.45
84565,34,1,2.45
84566,36,2,3.75
84567,39,1,4.25
84568,24,2,3.0
84569,29,2,2.5
84570,50,1,2.5
84571,56,1,2.55
84572,59,2,4.5
84572,6,1,21.0
84573,39,1,4.25
84573,65,2,0.8
84574,41,1,4.25
84575,24,1,3.0
84576,57,2,3.1
84576,78,1,4.5
84577,40,1,3.75
84578,73,1,3.75
84579,26,2,3.0
84580,24,1,3.0
84580,70,1,3.25
84581,25,2,2.2
84582,58,2,3.5
84583,35,1,3.1
84584,52,1,2.5
84585,52,1,2.5
84586,38,2,3.75
84587,22,2,2.0
84588,34,2,2.45
84589,42,1,2.5
84590,58,1,3.5
84591,24,1,3.0
84592,61,1,4.75
84593,30,2,3.0
84594,47,3,3.0
84595,40,1,3.75
84596,38,1,3.75
84597,38,3,3.75
84597,65,1,0.8
84598,35,1,3.1
84599,49,2,3.0
84600,51,2,3.0
84601,33,2,3.5
84602,43,2,3.0
84603,54,1,2.5
84604,39,1,4.25
84604,84,2,0.8
84605,22,2,2.0
84606,46,1,2.5
84607,87,1,3.0
84608,26,1,3.0
84608,70,1,3.25
84609,26,2,3.0
84610,29,1,2.5
84611,69,1,3.25
84612,22,3,2.0
84613,32,2,3.0
84614,28,2,2.0
84615,33,1,3.5
84616,28,2,2.0
84617,54,3,2.5
84618,25,2,2.2
84619,50,2,2.5
84620,46,1,2.5
84621,54,1,2.5
84622,54,2,2.5
84623,49,2,3.0
84624,30,2,3.0
84625,44,2,2.5
84626,49,1,3.0
84627,55,2,4.0
84628,54,2,2.5
84629,31,2,2.2
84630,42,1,2.5
84631,39,2,4.25
84632,25,1,2.2
84633,56,1,2.55
84634,25,1,2.2
84635,44,2,2.5
84636,54,3,2.5
84637,36,1,3.75
84638,87,1,3.0
84639,42,2,2.5
84640,37,2,3.0
84641,36,2,3.75
84642,36,1,3.75
84643,37,2,3.0
84644,57,2,3.1
84645,52,1,2.5
84646,5,1,15.0
84647,45,3,3.0
84647,75,1,3.5
84648,56,2,2.55
84648,77,1,3.0
84649,46,2,2.5
84650,61,2,4.75
84651,57,1,3.1
84652,60,1,3.75
84653,35,1,3.1
84654,46,1,2.5
84655,26,1,3.0
84656,32,1,3.0
84656,71,1,3.75
84657,43,3,3.0
84658,45,3,3.0
84659,37,1,3.0
84660,73,1,3.75
84661,28,3,2.0
84661,69,1,3.25
84662,29,2,2.5
84663,39,1,4.25
84663,79,1,3.75
84664,30,2,3.0
84665,36,1,3.75
84665,78,1,4.5
84666,57,1,3.1
84667,60,1,3.75
84668,34,1,2.45
84669,32,1,3.0
84670,36,1,3.75
84671,40,2,3.75
84672,47,1,3.0
84673,27,1,3.5
84673,76,1,3.5
84674,26,2,3.0
84675,45,1,3.0
84676,31,3,2.2
84677,39,1,4.25
84678,28,2,2.0
84679,52,1,2.5
84680,61,1,4.75
84680,72,1,3.25
84681,71,1,3.75
84682,61,3,4.75
84682,72,1,3.25
84683,30,2,3.0
84684,60,1,3.75
84685,23,1,2.5
84686,87,3,3.0
84687,59,2,4.5
84688,40,1,3.75
84688,84,1,0.8
84688,76,1,3.5
84689,26,2,3.0
84690,29,1,2.5
84691,29,1,2.5
84692,50,2,2.5
84692,70,1,3.25
84693,57,3,3.1
84694,36,1,3.75
84695,36,2,3.75
84696,39,2,4.25
84697,36,2,3.75
84698,54,2,2.5
84699,37,2,3.0
84700,52,2,2.5
84700,1,1,18.0
84701,55,1,4.0
84702,57,1,3.1
84703,43,1,3.0
84703,77,1,3.0
84704,56,2,2.55
84704,48,1,2.5
84705,43,2,3.0
84706,42,1,2.5
84706,78,1,4.5
84707,28,2,2.0
84708,36,1,3.75
84709,42,1,2.5
84710,59,2,4.5
84711,47,2,3.0
84712,26,2,3.0
84713,39,2,4.25
84714,22,2,2.0
84715,24,1,3.0
84716,54,1,2.5
84717,29,3,2.5
84717,71,1,3.75
84718,37,1,3.0
84718,63,1,0.8
84718,79,1,3.75
84719,30,2,3.0
84720,23,2,2.5
84721,59,1,4.5
84722,27,2,3.5
84723,58,1,3.5
84724,42,2,2.5
84725,44,1,2.5
84726,55,1,4.0
84727,87,1,3.0
84727,71,1,3.75
84728,72,1,3.25
84729,39,1,4.25
84729,63,1,0.8
84730,46,1,2.5
84731,41,2,4.25
84731,64,2,0.8
84732,23,3,2.5
84733,52,2,2.5
84734,60,1,3.75
84735,40,1,3.75
84736,48,2,2.5
84737,28,1,2.0
84738,26,2,3.0
84739,36,1,3.75
84740,34,2,2.45
84741,42,1,2.5
84742,27,1,3.5
84743,39,2,4.25
84743,74,1,3.5
84744,33,2,3.5
84745,49,3,3.0
84746,25,2,2.2
84746,71,1,3.75
84747,61,3,4.75
84748,35,2,3.1
84749,59,1,4.5
84750,53,2,3.0
84751,57,2,3.1
84752,38,2,3.75
84753,27,2,3.5
84754,44,1,2.5
84755,48,2,2.5
84756,51,1,3.0
84756,74,1,3.5
84757,24,2,3.0
84758,45,2,3.0
84759,32,2,3.0
84760,34,1,2.45
84760,77,1,3.0
84761,38,1,3.75
84762,38,3,3.75
84762,63,1,0.8
84763,53,1,3.0
84764,36,3,3.75
84765,28,2,2.0
84766,87,2,2.1
84766,72,2,3.25
84767,35,1,3.1
84768,36,1,3.75
84769,44,1,2.5
84770,45,1,3.0
84771,48,1,2.5
84772,22,2,2.0
84773,27,1,3.5
84773,77,1,3.0
84774,35,1,3.1
84775,47,2,3.0
84776,44,2,2.5
84777,25,1,2.2
84778,43,1,3.0
84779,61,1,4.75
84780,40,2,3.75
84781,38,1,3.75
84782,33,2,3.5
84783,25,1,2.2
84784,44,1,2.5
84784,71,1,3.75
84785,39,2,4.25
84786,26,2,3.0
84787,50,1,2.5
84788,25,1,2.2
84789,59,2,4.5
84790,54,2,2.5
84790,79,1,3.75
84791,57,1,3.1
84792,45,1,3.0
84793,51,3,3.0
84794,23,2,2.5
84795,26,2,3.0
84796,60,1,3.75
84797,25,2,2.2
84798,46,1,2.5
84799,52,3,2.5
84799,78,1,4.5
84800,87,2,3.0
84801,49,1,3.0
84802,40,2,3.75
84802,63,2,0.8
84802,69,1,3.25
84803,51,2,3.0
84804,57,1,3.1
84804,74,1,3.5
84805,37,2,3.0
84806,52,2,2.5
84807,33,3,3.5
84807,7,1,19.75
84808,43,1,3.0
84809,45,1,3.0
84810,55,2,4.0
84811,34,1,2.45
84812,36,2,3.75
84813,44,1,2.5
84814,28,2,2.0
84815,41,2,4.25
84816,22,1,2.0
84817,32,1,3.0
84818,23,2,2.5
84819,46,1,2.5
84820,37,1,3.0
84821,29,2,2.5
84822,55,1,4.0
84823,55,1,4.0
84824,52,1,2.5
84825,40,2,3.75
84826,22,2,2.0
84827,55,1,4.0
84828,36,2,3.75
84828,77,1,3.0
84829,60,1,3.75
84830,30,1,3.0
84831,60,1,3.75
84832,40,2,3.75
84833,60,1,3.75
84833,78,1,4.5
84834,22,2,2.0
84835,61,1,4.75
84836,25,1,2.2
84837,44,1,2.5
84838,57,2,3.1
84839,55,2,4.0
84839,56,2,2.55
84840,49,1,3.0
84840,72,1,3.25
84841,36,2,3.75
84842,37,2,3.0
84843,47,3,3.0
84844,30,1,3.0
84845,87,1,2.1
84845,72,1,3.25
84846,24,1,3.0
84847,26,1,3.0
84847,74,1,3.5
84848,35,2,3.1
84849,22,2,2.0
84849,74,1,3.5
84850,25,2,2.2
84850,78,1,4.5
84851,50,1,2.5
84851,70,1,3.25
84852,40,1,3.75
84853,39,1,4.25
84854,43,1,3.0
84855,32,2,3.0
84856,39,1,4.25
84857,55,1,4.0
84857,77,1,3.0
84858,30,3,3.0
84859,45,2,3.0
84860,30,1,3.0
84861,38,2,3.75
84862,27,2,3.5
84863,29,1,2.5
84864,25,1,2.2
84865,32,1,3.0
84865,78,1,4.5
84866,49,2,3.0
84867,25,1,2.2
84868,26,1,3.0
84869,51,2,3.0
84870,57,1,3.1
84871,24,1,3.0
84872,49,1,3.0
84873,27,1,3.5
84874,25,1,2.2
84875,53,3,3.0
84875,71,1,3.75
84876,42,2,2.5
84877,54,1,2.5
84878,45,2,3.0
84879,38,2,3.75
84880,36,1,3.75
84881,56,2,2.55
84882,32,2,3.0
84883,27,2,3.5
84884,73,1,3.75
84885,54,1,2.5
84886,38,2,3.75
84886,84,2,0.8
84887,35,2,3.1
84888,60,1,3.75
84889,58,1,3.5
84890,54,1,2.5
84891,56,1,2.55
84892,39,1,4.25
84892,84,2,0.8
84893,70,1,3.25
84894,50,1,2.5
84895,48,2,2.5
84896,48,2,2.5
84897,49,2,3.0
84898,29,1,2.5
84899,58,2,3.5
84900,26,1,3.0
84901,61,1,4.75
84902,51,1,3.0
84903,45,1,3.0
84904,26,2,3.0
84905,48,1,2.5
84906,59,2,4.5
84907,42,2,2.5
84908,50,1,2.5
84909,23,2,2.5
84910,44,2,2.5
84911,59,3,4.5
84912,25,2,2.2
84913,46,2,2.5
84914,22,2,2.0
84915,44,2,2.5
84916,55,2,4.0
84917,34,2,2.45
84918,59,1,4.5
84919,41,2,4.25
84920,35,2,3.1
84921,35,2,3.1
84922,42,2,2.5
84922,74,1,3.5
84923,50,2,2.5
84924,22,1,2.0
84925,38,2,3.75
84925,75,1,3.5
84926,28,1,2.0
84927,31,2,2.2
84928,36,2,3.75
84928,74,1,3.5
84929,32,1,3.0
84930,56,1,2.55
84931,48,1,2.5
84932,25,1,2.2
84933,30,1,3.0
84934,27,1,3.5
84935,76,1,3.5
84936,45,1,3.0
84937,40,2,3.75
84938,30,3,3.0
84938,77,1,3.0
84939,49,1,3.0
84940,25,1,2.2
84940,74,1,3.5
84941,38,1,3.75
84942,61,2,4.75
84943,45,1,3.0
84944,49,1,3.0
84944,73,1,3.75
84945,57,2,3.1
84946,58,2,3.5
84947,56,1,2.55
84948,26,1,3.0
84948,77,1,3.0
84949,39,2,4.25
84949,65,2,0.8
84950,23,1,2.5
84951,31,2,2.2
84952,22,2,2.0
84953,45,1,3.0
84953,77,1,3.0
84954,23,2,2.5
84955,37,2,3.0
84956,24,1,3.0
84957,53,1,3.0
84958,41,1,4.25
84958,71,1,3.75
84959,39,1,4.25
84960,27,1,3.5
84961,56,2,2.55
84962,42,1,2.5
84963,44,1,2.5
84964,43,1,3.0
84965,48,2,2.5
84965,74,1,3.5
84966,34,1,2.45
84967,23,1,2.5
84967,77,1,3.0
84968,33,2,3.5
84969,41,1,4.25
84969,64,2,0.8
84970,61,1,4.75
84971,52,1,2.5
84972,51,1,3.0
84973,50,1,2.5
84974,56,2,2.55
84975,14,1,8.95
84976,22,1,2.0
84976,72,1,3.25
84977,26,1,3.0
84978,28,2,2.0
84979,48,2,2.5
84980,47,2,3.0
84981,41,1,4.25
84982,25,2,2.2
84983,39,2,4.25
84984,38,1,3.75
84984,84,1,0.8
84985,56,1,2.55
84986,45,1,3.0
84987,60,2,3.75
84988,26,2,3.0
84989,47,2,3.0
84990,28,2,2.0
84991,57,2,3.1
84992,26,2,3.0
84992,72,1,3.25
84993,49,2,3.0
84994,58,1,3.5
84995,39,2,4.25
84995,84,2,0.8
84995,70,1,3.25
84996,42,2,2.5
84996,79,1,3.75
84997,30,1,3.0
84998,53,1,3.0
84999,27,1,3.5
85000,52,1,2.5
85000,79,1,3.75
85001,37,2,3.0
85002,53,2,3.0
85002,73,1,3.75
85003,55,1,4.0
85004,45,2,3.0
85005,29,2,2.5
85006,43,2,3.0
85007,26,2,3.0
85008,69,1,3.25
85009,48,2,2.5
85010,42,2,2.5
85011,32,2,3.0
85012,23,1,2.5
85013,46,2,2.5
85014,26,2,3.0
85014,70,1,3.25
85015,27,3,3.5
85016,61,2,4.75
85017,87,1,2.1
85017,72,1,2.65
85018,61,2,4.75
85019,58,3,3.5
85019,42,2,2.5
85020,24,1,3.0
85021,32,1,3.0
85022,34,1,2.45
85023,37,2,3.0
85023,63,2,0.8
85023,81,1,28.0
85024,52,1,2.5
85025,27,2,3.5
85026,29,1,2.5
85027,23,2,2.5
85027,78,1,4.5
85028,24,2,3.0
85029,30,1,3.0
85030,44,1,2.5
85031,57,2,3.1
85032,26,3,3.0
85032,79,1,3.75
85033,31,2,2.2
85034,24,3,3.0
85035,36,1,3.75
85036,41,1,4.25
85036,63,2,0.8
85037,46,1,2.5
85038,54,2,2.5
85039,25,1,2.2
85040,59,2,4.5
85041,46,2,2.5
85042,57,1,3.1
85043,56,1,2.55
85043,78,1,4.5
85044,44,2,2.5
85045,56,2,2.55
85045,75,1,3.5
85046,41,1,4.25
85047,49,3,3.0
85048,51,1,3.0
85049,53,1,3.0
85050,28,3,2.0
85051,30,1,3.0
85052,29,1,2.5
85053,45,2,3.0
85054,42,1,2.5
85055,32,2,3.0
85056,50,1,2.5
85057,56,3,2.55
85058,35,1,3.1
85058,2,1,18.0
85059,57,3,3.1
85060,40,2,3.75
85060,63,2,0.8
85061,48,1,2.5
85061,75,1,3.5
85062,33,1,3.5
85063,59,1,4.5
85063,79,1,3.75
85064,87,1,2.1
85064,72,1,2.65
85064,76,1,3.5
85065,38,1,3.75
85065,72,1,3.25
85066,35,2,3.1
85066,8,1,45.0
85066,33,1,3.5
85067,44,1,2.5
85068,36,1,3.75
85069,87,2,2.1
85069,72,2,2.65
85069,75,1,3.5
85070,61,2,4.75
85071,29,3,2.5
85071,73,1,3.75
85072,33,1,3.5
85073,48,2,2.5
85074,48,1,2.5
85075,22,2,2.0
85076,44,2,2.5
85077,51,2,3.0
85078,47,1,3.0
85079,23,1,2.5
85080,87,1,2.1
85080,72,1,2.65
85081,30,2,3.0
85082,25,1,2.2
85083,41,1,4.25
85084,45,1,3.0
85085,22,1,2.0
85086,39,2,4.25
85086,84,1,0.8
85087,40,2,3.75
85087,84,2,0.8
85088,49,3,3.0
85088,74,1,3.5
85089,31,1,2.2
85090,35,2,3.1
85091,52,3,2.5
85092,23,1,2.5
85093,52,2,2.5
85094,46,2,2.5
85095,24,2,3.0
85096,41,1,4.25
85096,63,1,0.8
85097,41,1,4.25
85097,84,2,0.8
85098,45,1,3.0
85099,31,1,2.2
85100,27,1,3.5
85101,53,2,3.0
85102,46,1,2.5
85103,56,3,2.55
85104,87,1,3.0
85105,54,2,2.5
85106,58,2,3.5
85107,47,1,3.0
85108,60,1,3.75
85108,70,1,3.25
85109,45,1,3.0
85110,55,1,4.0
85111,60,1,3.75
85112,43,2,3.0
85113,87,1,3.0
85114,40,2,3.75
85114,84,2,0.8
85115,25,2,2.2
85116,29,2,2.5
85117,54,1,2.5
85118,47,2,3.0
85119,50,1,2.5
85119,73,1,3.75
85120,26,1,3.0
85121,60,2,3.75
85122,55,3,4.0
85122,74,1,3.5
85123,47,2,3.0
85123,72,1,3.25
85124,26,1,3.0
85125,51,3,3.0
85126,45,2,3.0
85127,55,1,4.0
85128,26,1,3.0
85129,71,1,3.75
85130,71,1,3.75
85131,58,1,3.5
85132,35,1,3.1
85132,76,1,3.5
85133,71,1,3.75
85134,37,2,3.0
85135,37,1,3.0
85135,65,2,0.8
85136,41,1,4.25
85136,84,1,0.8
85137,61,2,4.75
85138,55,2,4.0
85139,52,2,2.5
85140,87,1,2.1
85140,72,1,3.25
85141,25,1,2.2
85142,32,1,3.0
85143,26,1,3.0
85144,55,1,4.0
85145,40,2,3.75
85145,64,2,0.8
85146,57,1,3.1
85146,28,1,2.0
85147,29,2,2.5
85148,55,2,4.0
85149,43,1,3.0
85150,33,2,3.5
85151,87,1,2.1
85151,72,1,3.25
85152,46,1,2.5
85153,47,1,3.0
85154,40,2,3.75
85154,84,1,0.8
85155,46,2,2.5
85156,47,2,3.0
85156,12,1,8.95
85157,32,2,3.0
85158,59,1,4.5
85159,54,1,2.5
85160,30,2,3.0
85161,61,1,4.75
85162,71,1,3.75
85163,22,2,2.0
85164,49,1,3.0
85165,87,2,3.0
85166,49,1,3.0
85167,48,1,2.5
85168,87,1,2.1
85168,72,1,3.25
85169,24,2,3.0
85170,29,2,2.5
85171,28,3,2.0
85172,55,1,4.0
85173,54,1,2.5
85174,57,2,3.1
85174,75,1,3.5
85175,56,1,2.55
85176,71,1,3.75
85177,27,1,3.5
85178,49,1,3.0
85179,49,2,3.0
85180,34,1,2.45
85180,71,1,3.75
85181,57,1,3.1
85182,23,1,2.5
85183,35,1,3.1
85184,43,1,3.0
85184,73,1,3.75
85185,39,2,4.25
85185,65,1,0.8
85186,23,2,2.5
85187,26,2,3.0
85188,57,2,3.1
85189,71,1,3.75
85190,50,1,2.5
85191,71,1,3.75
85191,71,1,3.75
85191,71,1,3.75
85192,26,3,3.0
85193,42,3,2.5
85194,26,3,3.0
85195,23,2,2.5
85196,71,1,3.75
85197,25,2,2.2
85198,58,2,3.5
85199,44,2,2.5
85200,30,1,3.0
85201,32,1,3.0
85202,48,1,2.5
85203,50,1,2.5
85203,73,1,3.75
85204,26,1,3.0
85205,30,2,3.0
85206,31,3,2.2
85207,41,2,4.25
85207,64,1,0.8
85208,30,2,3.0
85209,56,2,2.55
85210,33,1,3.5
85211,53,1,3.0
85212,38,3,3.75
85212,65,2,0.8
85212,75,1,3.5
85213,47,1,3.0
85214,87,1,2.1
85214,72,1,3.25
85215,71,1,3.75
85215,71,1,3.75
85216,56,2,2.55
85217,45,1,3.0
85218,48,1,2.5
85218,72,1,3.25
85219,32,1,3.0
85220,59,1,4.5
85221,23,2,2.5
85222,49,2,3.0
85223,46,2,2.5
85223,71,1,3.75
85224,55,2,4.0
85225,36,1,3.75
85226,33,2,3.5
85226,74,1,3.5
85227,47,1,3.0
85228,46,1,2.5
85228,73,1,3.75
85229,33,1,3.5
85230,25,2,2.2
85231,87,1,3.0
85232,56,2,2.55
85233,59,1,4.5
85234,51,1,3.0
85235,26,1,3.0
85236,24,1,3.0
85237,42,2,2.5
85238,71,1,3.75
85239,59,1,4.5
85240,37,1,3.0
85240,64,1,0.8
85241,56,2,2.55
85242,35,2,3.1
85243,37,1,3.0
85243,65,2,0.8
85244,44,1,2.5
85245,40,1,3.75
85246,33,1,3.5
85247,26,1,3.0
85248,51,1,3.0
85249,51,2,3.0
85250,36,1,3.75
85251,51,2,3.0
85252,43,1,3.0
85253,23,3,2.5
85254,29,1,2.5
85255,33,1,3.5
85256,57,1,3.1
85257,23,2,2.5
85258,44,1,2.5
85259,61,2,4.75
85260,87,1,2.1
85260,72,1,2.65
85260,70,1,3.25
85261,37,1,3.0
85261,64,1,0.8
85262,87,1,3.0
85262,70,1,3.25
85263,35,3,3.1
85264,59,1,4.5
85265,61,2,4.75
85265,77,1,3.0
85266,57,2,3.1
85267,34,2,2.45
85268,33,1,3.5
85269,33,1,3.5
85269,58,1,3.5
85270,47,1,3.0
85271,42,1,2.5
85272,50,1,2.5
85273,23,2,2.5
85274,71,1,3.75
85275,57,2,3.1
85276,26,2,3.0
85277,52,1,2.5
85278,37,2,3.0
85278,63,2,0.8
85279,87,3,3.0
85280,40,2,3.75
85281,22,1,2.0
85282,58,1,3.5
85283,58,1,3.5
85284,57,3,3.1
85284,15,1,9.25
85285,29,1,2.5
85286,51,2,3.0
85287,40,2,3.75
85288,28,3,2.0
85289,47,2,3.0
85290,49,1,3.0
85291,44,2,2.5
85292,30,2,3.0
85293,28,2,2.0
85294,24,1,3.0
85295,34,2,2.45
85296,61,1,4.75
85297,58,1,3.5
85297,73,1,3.75
85298,33,2,3.5
85299,38,2,3.75
85299,84,1,0.8
85300,45,2,3.0
85301,26,1,3.0
85302,59,1,4.5
85303,52,1,2.5
85304,52,1,2.5
85305,38,1,3.75
85305,64,1,0.8
85306,32,2,3.0
85307,47,2,3.0
85308,44,2,2.5
85309,44,2,2.5
85310,35,1,3.1
85311,56,1,2.55
85312,28,1,2.0
85312,78,1,4.5
85313,34,2,2.45
85313,70,1,3.25
85314,34,1,2.45
85315,23,2,2.5
85316,33,1,3.5
85317,37,1,3.0
85317,65,1,0.8
85318,60,2,3.75
85319,50,1,2.5
85320,71,1,3.75
85320,71,1,3.75
85321,37,1,3.0
85321,65,2,0.8
85321,75,1,3.5
85322,42,2,2.5
85323,50,2,2.5
85324,38,2,3.75
85324,84,1,0.8
85325,71,1,3.75
85326,54,3,2.5
85327,53,3,3.0
85328,42,3,2.5
85328,78,1,4.5
85329,29,2,2.5
85330,61,2,4.75
85331,58,2,3.5
85332,48,1,2.5
85333,25,1,2.2
85334,51,1,3.0
85334,75,1,3.5
85335,41,3,4.25
85335,64,2,0.8
85335,75,1,3.5
85336,60,3,3.75
85337,52,1,2.5
85338,31,3,2.2
85339,25,2,2.2
85340,29,2,2.5
85341,39,1,4.25
85341,84,2,0.8
85342,49,1,3.0
85343,87,1,2.1
85343,72,1,3.25
85343,73,1,3.75
85344,87,1,3.0
85345,34,2,2.45
85346,27,1,3.5
85347,23,1,2.5
85348,28,1,2.0
85349,54,1,2.5
85350,48,3,2.5
85351,58,1,3.5
85351,74,1,3.5
85352,48,1,2.5
85353,87,2,3.0
85354,22,2,2.0
85355,71,1,3.75
85356,23,1,2.5
85357,23,2,2.5
85357,5,1,15.0
85358,31,3,2.2
85359,23,3,2.5
85360,54,2,2.5
85361,24,1,3.0
85361,76,1,3.5
85362,39,2,4.25
85362,64,1,0.8
85363,36,1,3.75
85364,23,1,2.5
85365,60,2,3.75
85366,29,1,2.5
85366,38,2,3.75
85366,64,2,0.8
85367,45,1,3.0
85368,22,3,2.0
85369,27,2,3.5
85370,30,2,3.0
85371,71,1,3.75
85372,31,1,2.2
85373,52,3,2.5
85374,37,3,3.0
85374,63,1,0.8
85374,83,1,14.0
85375,33,1,3.5
85376,32,1,3.0
85377,37,2,3.0
85377,84,2,0.8
85378,61,2,4.75
85378,73,1,3.75
85379,25,2,2.2
85379,71,1,3.75
85380,57,2,3.1
85381,50,1,2.5
85382,45,1,3.0
85382,69,1,3.25
85383,22,1,2.0
85384,37,2,3.0
85384,79,1,3.75
85385,50,2,2.5
85386,61,1,4.75
85387,51,2,3.0
85388,56,2,2.55
85389,87,3,3.0
85390,54,2,2.5
85391,29,1,2.5
85392,58,2,3.5
85393,87,1,2.1
85393,72,1,2.65
85393,73,1,3.75
85393,52,3,2.5
85394,61,1,4.75
85395,33,2,3.5
85396,49,1,3.0
85397,57,3,3.1
85398,44,2,2.5
85399,27,2,3.5
85400,51,2,3.0
85401,38,1,3.75
85402,55,2,4.0
85403,58,2,3.5
85403,76,1,3.5
85404,28,2,2.0
85405,51,1,3.0
85406,54,1,2.5
85407,44,2,2.5
85407,77,1,3.0
85408,41,2,4.25
85408,84,2,0.8
85409,25,1,2.2
85410,30,1,3.0
85411,39,1,4.25
85412,61,2,4.75
85413,47,1,3.0
85414,33,2,3.5
85415,45,2,3.0
85415,49,1,3.0
85416,35,3,3.1
85417,29,2,2.5
85418,26,2,3.0
85418,76,1,3.5
85419,27,1,3.5
85420,22,1,2.0
85421,57,1,3.1
85422,58,1,3.5
85423,30,2,3.0
85424,57,2,3.1
85425,34,2,2.45
85426,40,2,3.75
85427,48,3,2.5
85428,58,2,3.5
85429,51,1,3.0
85430,45,2,3.0
85431,53,2,3.0
85432,32,2,3.0
85433,51,1,3.0
85433,6,1,21.0
85434,57,1,3.1
85435,38,2,3.75
85436,28,2,2.0
85437,48,2,2.5
85438,42,2,2.5
85439,50,3,2.5
85439,76,1,3.5
85440,39,2,4.25
85440,64,2,0.8
85441,59,1,4.5
85442,38,1,3.75
85442,84,1,0.8
85442,71,1,3.75
85443,29,2,2.5
85444,49,2,3.0
85445,54,1,2.5
85446,29,2,2.5
85447,37,2,3.0
85447,65,2,0.8
85448,34,2,2.45
85449,48,3,2.5
85450,23,2,2.5
85451,45,1,3.0
85452,53,2,3.0
85453,46,1,2.5
85454,46,3,2.5
85455,30,1,3.0
85456,39,1,4.25
85457,87,1,2.1
85457,72,1,3.25
85458,53,1,3.0
85459,41,2,4.25
85459,63,2,0.8
85460,53,3,3.0
85461,48,1,2.5
85462,37,2,3.0
85462,64,2,0.8
85463,46,1,2.5
85464,39,1,4.25
85464,65,1,0.8
85465,61,1,4.75
85466,34,3,2.45
85467,27,1,3.5
85468,35,1,3.1
85469,41,3,4.25
85469,84,2,0.8
85470,51,3,3.0
85471,87,1,2.1
85471,72,1,3.25
85472,61,2,4.75
85473,59,2,4.5
85474,60,3,3.75
85475,54,2,2.5
85476,54,2,2.5
85477,56,1,2.55
85478,46,2,2.5
85479,45,2,3.0
85480,24,1,3.0
85481,43,1,3.0
85481,77,1,3.0
85482,87,1,3.0
85483,59,1,4.5
85484,36,1,3.75
85485,54,1,2.5
85486,51,1,3.0
85487,52,1,2.5
85487,79,1,3.75
85488,35,3,3.1
85489,35,3,3.1
85489,69,1,3.25
85490,30,2,3.0
85490,74,1,3.5
85491,43,2,3.0
85492,27,3,3.5
85492,76,1,3.5
85493,61,1,4.75
85494,52,2,2.5
85495,51,3,3.0
85496,60,1,3.75
85497,28,1,2.0
85498,28,1,2.0
85499,44,1,2.5
85500,50,3,2.5
85501,44,2,2.5
85502,57,1,3.1
85503,32,1,3.0
85504,32,1,3.0
85505,44,1,2.5
85506,60,3,3.75
85507,40,2,3.75
85508,56,2,2.55
85508,71,1,3.75
85509,26,1,3.0
85510,34,2,2.45
85511,58,2,3.5
85512,50,2,2.5
85513,54,2,2.5
85514,31,2,2.2
85515,49,3,3.0
85516,61,1,4.75
85517,54,1,2.5
85518,45,1,3.0
85519,29,1,2.5
85520,26,1,3.0
85521,41,1,4.25
85522,25,2,2.2
85523,33,2,3.5
85524,26,1,3.0
85525,42,1,2.5
85525,70,1,3.25
85526,87,1,2.1
85526,72,1,3.25
85527,28,1,2.0
85528,41,1,4.25
85529,55,1,4.0
85529,79,1,3.75
85530,23,2,2.5
85531,24,1,3.0
85531,77,1,3.0
85532,60,2,3.75
85532,77,1,3.0
85533,32,2,3.0
85534,46,2,2.5
85535,34,1,2.45
85536,45,1,3.0
85537,55,2,4.0
85538,60,2,3.75
85538,70,1,3.25
85539,51,1,3.0
85540,43,2,3.0
85541,44,2,2.5
85542,43,2,3.0
85543,47,2,3.0
85543,78,1,4.5
85544,39,1,4.25
85544,74,1,3.5
85545,54,1,2.5
85546,38,2,3.75
85546,84,2,0.8
85547,51,1,3.0
85548,44,2,2.5
85549,22,2,2.0
85550,38,2,3.75
85550,65,2,0.8
85551,43,1,3.0
85552,32,2,3.0
85553,56,2,2.55
85554,87,1,2.1
85554,72,1,2.65
85554,8,1,45.0
85555,29,2,2.5
85555,76,1,3.5
85556,58,1,3.5
85557,31,2,2.2
85558,55,1,4.0
85559,46,2,2.5
85560,44,2,2.5
85561,38,2,3.75
85561,84,1,0.8
85562,42,1,2.5
85563,34,1,2.45
85564,49,2,3.0
85565,31,1,2.2
85565,76,1,3.5
85566,22,2,2.0
85567,25,2,2.2
85568,23,1,2.5
85569,42,2,2.5
85570,60,2,3.75
85570,77,1,3.0
85571,54,1,2.5
85572,24,2,3.0
85573,30,2,3.0
85574,39,2,4.25
85575,27,1,3.5
85576,54,2,2.5
85577,55,2,4.0
85578,30,2,3.0
85579,37,3,3.0
85579,63,2,0.8
85580,51,3,3.0
85580,82,1,12.0
85581,52,1,2.5
85582,43,2,3.0
85583,45,2,3.0
85584,27,2,3.5
85585,54,3,2.5
85586,42,2,2.5
85586,71,1,3.75
85587,59,1,4.5
85588,22,1,2.0
85589,56,2,2.55
85590,34,2,2.45
85591,60,1,3.75
85592,50,1,2.5
85592,73,1,3.75
85593,30,2,3.0
85594,29,1,2.5
85594,75,1,3.5
85595,41,1,4.25
85595,84,1,0.8
85596,24,1,3.0
85597,59,1,4.5
85598,51,1,3.0
85598,71,1,3.75
85599,29,1,2.5
85600,57,3,3.1
85601,58,2,3.5
85602,54,1,2.5
85603,42,1,2.5
85604,48,1,2.5
85604,72,1,3.25
85605,50,1,2.5
85606,46,3,2.5
85606,3,1,14.75
85607,38,2,3.75
85608,29,1,2.5
85609,44,2,2.5
85610,52,3,2.5
85610,75,1,3.5
85611,54,3,2.5
85611,73,1,3.75
85612,87,1,3.0
85613,61,1,4.75
85614,27,2,3.5
85615,23,1,2.5
85616,59,2,4.5
85617,50,1,2.5
85618,43,2,3.0
85619,44,1,2.5
85620,32,2,3.0
85621,53,2,3.0
85622,22,1,2.0
85623,35,1,3.1
85623,72,1,3.25
85624,87,1,2.1
85624,72,1,3.25
85625,45,1,3.0
85626,39,2,4.25
85626,63,1,0.8
85627,55,2,4.0
85628,55,1,4.0
85629,54,2,2.5
85630,43,1,3.0
85631,57,1,3.1
85632,30,2,3.0
85633,43,1,3.0
85634,48,1,2.5
85635,34,2,2.45
85636,27,2,3.5
85636,70,1,3.25
85637,23,2,2.5
85638,59,2,4.5
85639,51,2,3.0
85639,76,1,3.5
85640,31,3,2.2
85641,47,1,3.0
85642,28,1,2.0
85643,57,2,3.1
85644,40,1,3.75
85644,65,2,0.8
85645,37,2,3.0
85645,84,2,0.8
85646,87,1,2.1
85646,72,1,3.25
85647,43,3,3.0
85648,43,1,3.0
85648,72,1,3.25
85649,25,1,2.2
85650,49,1,3.0
85651,47,2,3.0
85651,16,1,8.95
85652,29,1,2.5
85653,59,1,4.5
85654,27,1,3.5
85655,44,1,2.5
85656,41,2,4.25
85656,65,1,0.8
85657,32,1,3.0
85658,33,3,3.5
85659,34,1,2.45
85660,57,1,3.1
85660,72,1,3.25
85661,40,1,3.75
85662,28,2,2.0
85662,77,1,3.0
85663,35,1,3.1
85664,33,2,3.5
85665,54,2,2.5
85666,25,1,2.2
85667,36,1,3.75
85668,29,2,2.5
85669,55,3,4.0
85670,55,2,4.0
85671,47,1,3.0
85672,50,1,2.5
85673,56,1,2.55
85674,44,1,2.5
85675,34,1,2.45
85675,73,1,3.75
85676,52,1,2.5
85677,29,3,2.5
85678,46,2,2.5
85679,59,2,4.5
85680,44,1,2.5
85681,51,2,3.0
85682,60,2,3.75
85683,53,2,3.0
85684,30,1,3.0
85684,72,1,3.25
85685,27,1,3.5
85686,31,2,2.2
85687,37,1,3.0
85688,43,2,3.0
85689,26,2,3.0
85690,50,3,2.5
85691,52,1,2.5
85692,26,1,3.0
85693,25,2,2.2
85694,26,3,3.0
85695,43,1,3.0
85696,60,2,3.75
85697,87,3,3.0
85698,58,1,3.5
85698,78,1,4.5
85699,60,1,3.75
85700,40,1,3.75
85701,35,1,3.1
85702,53,1,3.0
85703,30,1,3.0
85704,48,1,2.5
85705,22,2,2.0
85706,59,2,4.5
85707,24,1,3.0
85708,35,2,3.1
85709,61,2,4.75
85710,42,1,2.5
85710,78,1,4.5
85711,37,2,3.0
85711,63,1,0.8
85712,51,1,3.0
85712,78,1,4.5
85713,39,3,4.25
85713,84,1,0.8
85714,28,2,2.0
85715,45,2,3.0
85715,78,1,4.5
85716,39,1,4.25
85716,65,2,0.8
85717,55,3,4.0
85717,7,1,19.75
85718,38,3,3.75
85718,84,1,0.8
85719,38,1,3.75
85720,35,2,3.1
85720,78,1,4.5
85721,57,2,3.1
85722,58,3,3.5
85723,47,2,3.0
85724,24,2,3.0
85725,60,2,3.75
85725,73,1,3.75
85726,25,1,2.2
85727,40,2,3.75
85727,64,2,0.8
85728,49,2,3.0
85729,61,1,4.75
85730,56,2,2.55
85731,40,1,3.75
85731,65,2,0.8
85732,87,1,2.1
85732,72,1,2.65
85733,24,1,3.0
85734,57,1,3.1
85735,24,2,3.0
85736,47,3,3.0
85737,24,1,3.0
85738,46,2,2.5
85739,48,1,2.5
85740,61,3,4.75
85741,36,1,3.75
85742,39,3,4.25
85742,65,1,0.8
85742,77,1,3.0
85743,55,1,4.0
85744,87,2,2.1
85744,72,2,2.65
85745,42,1,2.5
85746,44,2,2.5
85747,48,1,2.5
85748,48,1,2.5
85749,87,1,3.0
85750,43,2,3.0
85751,29,3,2.5
85751,72,1,3.25
85752,61,1,4.75
85752,72,1,3.25
85753,52,2,2.5
85754,23,2,2.5
85755,45,2,3.0
85756,61,2,4.75
85757,47,2,3.0
85758,58,1,3.5
85759,32,2,3.0
85760,36,3,3.75
85760,18,1,6.4
85761,34,2,2.45
85762,25,2,2.2
85763,49,1,3.0
85764,60,2,3.75
85765,45,2,3.0
85766,57,1,3.1
85767,34,2,2.45
85768,43,2,3.0
85769,87,1,3.0
85770,23,2,2.5
85771,29,2,2.5
85771,72,1,3.25
85772,60,1,3.75
85773,58,2,3.5
85774,55,2,4.0
85775,48,1,2.5
85776,23,3,2.5
85777,36,2,3.75
85778,25,3,2.2
85779,29,2,2.5
85780,37,1,3.0
85780,63,2,0.8
85781,36,1,3.75
85782,31,1,2.2
85783,34,1,2.45
85784,36,3,3.75
85784,6,1,21.0
85785,23,2,2.5
85786,34,1,2.45
85787,45,1,3.0
85788,58,2,3.5
85789,44,3,2.5
85789,74,1,3.5
85790,35,1,3.1
85791,45,2,3.0
85792,41,2,4.25
85792,73,1,3.75
85793,46,2,2.5
85794,45,2,3.0
85795,46,2,2.5
85796,40,2,3.75
85796,84,2,0.8
85797,41,1,4.25
85797,65,1,0.8
85798,87,3,3.0
85799,58,2,3.5
85800,61,1,4.75
85801,43,2,3.0
85802,29,3,2.5
85803,40,1,3.75
85804,57,1,3.1
85805,55,1,4.0
85806,56,2,2.55
85806,77,1,3.0
85807,44,1,2.5
85808,43,2,3.0
85809,45,1,3.0
85810,38,1,3.75
85810,84,1,0.8
85811,24,1,3.0
85812,41,2,4.25
85813,39,1,4.25
85814,27,1,3.5
85815,26,2,3.0
85816,26,2,3.0
85817,27,2,3.5
85818,38,3,3.75
85818,65,1,0.8
85819,38,2,3.75
85819,63,2,0.8
85820,33,2,3.5
85821,61,1,4.75
85822,61,1,4.75
85823,61,1,4.75
85824,46,2,2.5
85825,41,2,4.25
85826,43,3,3.0
85827,49,3,3.0
85828,54,2,2.5
85829,52,1,2.5
85830,52,2,2.5
85830,76,1,3.5
85831,46,1,2.5
85832,53,1,3.0
85833,47,2,3.0
85833,69,1,3.25
85834,44,3,2.5
85835,37,1,3.0
85835,65,1,0.8
85835,75,1,3.5
85836,32,2,3.0
85837,58,2,3.5
85837,76,1,3.5
85838,26,2,3.0
85839,56,1,2.55
85840,25,2,2.2
85841,24,1,3.0
85842,33,1,3.5
85843,25,1,2.2
85844,50,2,2.5
85845,39,1,4.25
85845,64,2,0.8
85846,46,2,2.5
85847,34,2,2.45
85848,52,3,2.5
85849,54,1,2.5
85850,59,2,4.5
85851,22,2,2.0
85852,48,1,2.5
85853,47,1,3.0
85854,48,1,2.5
85855,60,1,3.75
85856,29,1,2.5
85856,15,1,9.25
85857,56,2,2.55
85858,22,2,2.0
85859,52,2,2.5
85860,23,2,2.5
85860,77,1,3.0
85861,25,1,2.2
85862,34,2,2.45
85863,40,2,3.75
85863,63,2,0.8
85864,46,2,2.5
85865,22,1,2.0
85866,55,1,4.0
85867,60,3,3.75
85867,70,1,3.25
85868,43,1,3.0
85869,58,2,3.5
85870,50,1,2.5
85870,77,1,3.0
85871,31,1,2.2
85872,22,2,2.0
85873,59,1,4.5
85874,31,2,2.2
85875,54,1,2.5
85876,27,1,3.5
85877,34,1,2.45
85878,30,2,3.0
85879,46,2,2.5
85880,87,1,3.0
85881,38,1,3.75
85881,84,2,0.8
85882,41,1,4.25
85883,48,1,2.5
85884,87,1,2.1
85884,72,1,2.65
85884,73,1,3.75
85885,57,1,3.1
85886,46,3,2.5
85887,50,2,2.5
85888,51,2,3.0
85889,51,3,3.0
85890,52,2,2.5
85891,37,2,3.0
85892,46,2,2.5
85892,69,1,3.25
85893,27,2,3.5
85894,53,2,3.0
85894,73,1,3.75
85895,38,1,3.75
85896,55,2,4.0
85897,52,2,2.5
85898,54,2,2.5
85899,22,2,2.0
85899,79,1,3.75
85900,55,1,4.0
85901,22,2,2.0
85901,71,1,3.75
85902,55,2,4.0
85903,53,2,3.0
85904,25,2,2.2
85905,32,2,3.0
85906,23,2,2.5
85907,34,2,2.45
85908,25,2,2.2
85909,50,1,2.5
85909,79,1,3.75
85910,30,1,3.0
85910,79,1,3.75
85911,43,2,3.0
85912,60,1,3.75
85913,45,1,3.0
85914,30,2,3.0
85915,56,1,2.55
85916,54,1,2.5
85917,27,1,3.5
85918,31,1,2.2
85919,24,1,3.0
85920,45,2,3.0
85920,75,1,3.5
85921,52,1,2.5
85922,55,2,4.0
85923,87,1,2.1
85923,72,1,3.25
85923,73,1,3.75
85924,43,1,3.0
85925,33,1,3.5
85926,44,1,2.5
85926,69,1,3.25
85927,50,1,2.5
85928,55,1,4.0
85929,58,1,3.5
85930,56,2,2.55
85931,61,2,4.75
85932,58,1,3.5
85933,59,1,4.5
85934,59,2,4.5
85935,38,2,3.75
85936,44,2,2.5
85937,48,1,2.5
85938,38,2,3.75
85938,64,2,0.8
85938,71,1,3.75
85939,52,2,2.5
85940,22,2,2.0
85941,29,2,2.5
85942,52,1,2.5
85943,31,2,2.2
85943,78,1,4.5
85944,44,2,2.5
85945,29,2,2.5
85946,47,2,3.0
85947,36,1,3.75
85948,56,2,2.55
85949,23,2,2.5
85950,24,2,3.0
85951,27,1,3.5
85952,39,1,4.25
85952,63,2,0.8
85953,58,2,3.5
85954,49,2,3.0
85955,39,1,4.25
85955,63,2,0.8
85956,53,1,3.0
85957,22,1,2.0
85958,58,2,3.5
85959,87,1,2.1
85959,72,1,3.25
85959,69,1,3.25
85960,52,2,2.5
85961,43,1,3.0
85962,40,1,3.75
85962,64,2,0.8
85963,24,2,3.0
85964,26,2,3.0
85965,24,2,3.0
85966,46,2,2.5
85967,31,1,2.2
85967,77,1,3.0
85968,39,1,4.25
85969,28,2,2.0
85970,57,2,3.1
85971,36,1,3.75
85972,30,1,3.0
85973,42,1,2.5
85974,26,1,3.0
85975,50,2,2.5
85976,55,2,4.0
85977,29,2,2.5
85978,26,2,3.0
85979,35,1,3.1
85980,44,1,2.5
85981,54,1,2.5
85982,39,1,4.25
85983,60,2,3.75
85984,39,1,4.25
85985,30,2,3.0
85986,46,2,2.5
85986,76,1,3.5
85987,31,2,2.2
85987,70,1,3.25
85988,36,1,3.75
85989,22,1,2.0
85990,61,2,4.75
85990,74,1,3.5
85991,37,1,3.0
85992,46,2,2.5
85993,31,2,2.2
85994,41,1,4.25
85995,38,1,3.75
85996,33,2,3.5
85997,52,2,2.5
85998,61,1,4.75
85999,29,2,2.5
85999,75,1,3.5
86000,33,1,3.5
86001,26,2,3.0
86002,54,1,2.5
86003,48,2,2.5
86004,26,2,3.0
86005,38,2,3.75
86005,75,1,3.5
86006,43,2,3.0
86007,30,1,3.0
86007,76,1,3.5
86008,33,1,3.5
86009,60,1,3.75
86009,76,1,3.5
86010,51,1,3.0
86011,59,2,4.5
86012,29,2,2.5
86013,29,1,2.5
86013,75,1,3.5
86014,34,2,2.45
86014,74,1,3.5
86015,35,2,3.1
86016,24,1,3.0
86017,48,2,2.5
86017,77,1,3.0
86018,55,2,4.0
86019,35,2,3.1
86020,32,2,3.0
86021,57,1,3.1
86022,46,1,2.5
86023,33,1,3.5
86024,61,1,4.75
86025,43,2,3.0
86026,27,2,3.5
86027,46,2,2.5
86028,37,1,3.0
86029,57,2,3.1
86030,59,2,4.5
86031,57,1,3.1
86031,78,1,4.5
86032,41,1,4.25
86033,36,2,3.75
86034,38,1,3.75
86035,55,1,4.0
86036,60,1,3.75
86037,50,2,2.5
86038,61,2,4.75
86039,35,1,3.1
86039,74,1,3.5
86040,38,2,3.75
86041,58,2,3.5
86042,50,1,2.5
86042,74,1,3.5
86043,55,2,4.0
86044,41,1,4.25
86045,43,1,3.0
86046,57,2,3.1
86046,72,1,3.25
86047,36,1,3.75
86048,26,2,3.0
86049,61,2,4.75
86050,57,2,3.1
86050,72,1,3.25
86051,33,2,3.5
86052,47,1,3.0
86053,34,2,2.45
86054,42,2,2.5
86055,57,1,3.1
86056,40,1,3.75
86057,37,2,3.0
86057,78,1,4.5
86058,60,1,3.75
86059,47,1,3.0
86060,87,2,3.0
86061,40,2,3.75
86062,42,2,2.5
86063,51,2,3.0
86064,32,1,3.0
86065,44,2,2.5
86065,74,1,3.5
86066,40,1,3.75
86067,59,1,4.5
86068,44,2,2.5
86069,52,1,2.5
86069,79,1,3.75
86070,38,2,3.75
86071,54,1,2.5
86071,74,1,3.5
86072,52,1,2.5
86073,31,2,2.2
86074,45,1,3.0
86075,55,1,4.0
86076,41,1,4.25
86077,49,1,3.0
86078,22,1,2.0
86079,61,1,4.75
86080,22,1,2.0
86081,25,2,2.2
86082,60,2,3.75
86083,48,2,2.5
86084,45,2,3.0
86085,36,1,3.75
86086,37,2,3.0
86087,52,1,2.5
86088,54,2,2.5
86088,69,1,3.25
86089,56,1,2.55
86090,48,2,2.5
86090,40,1,3.75
86091,42,1,2.5
86091,69,1,3.25
86092,24,2,3.0
86093,47,1,3.0
86094,38,1,3.75
86095,22,1,2.0
86096,60,2,3.75
86097,24,2,3.0
86097,78,1,4.5
86098,55,2,4.0
86099,49,1,3.0
86100,57,1,3.1
86101,28,1,2.0
86101,72,1,3.25
86102,48,2,2.5
86103,50,1,2.5
86104,37,2,3.0
86105,36,1,3.75
86106,38,1,3.75
86107,44,1,2.5
86108,42,1,2.5
86108,75,1,3.5
86109,54,2,2.5
86110,28,2,2.0
86110,79,1,3.75
86111,45,1,3.0
86112,48,1,2.5
86113,52,2,2.5
86114,22,2,2.0
86115,27,2,3.5
86116,56,2,2.55
86117,42,2,2.5
86118,46,1,2.5
86119,24,2,3.0
86120,30,1,3.0
86121,40,2,3.75
86121,75,1,3.5
86122,32,1,3.0
86123,31,2,2.2
86124,60,1,3.75
86125,39,2,4.25
86126,36,1,3.75
86126,75,1,3.5
86127,38,1,3.75
86128,44,2,2.5
86129,29,1,2.5
86130,59,2,4.5
86130,74,1,3.5
86131,41,2,4.25
86132,36,1,3.75
86133,25,2,2.2
86134,43,2,3.0
86135,48,1,2.5
86136,59,2,4.5
86137,35,1,3.1
86138,24,1,3.0
86139,51,1,3.0
86140,33,1,3.5
86141,87,1,2.1
86141,72,1,2.65
86142,87,2,3.0
86143,33,1,3.5
86144,42,2,2.5
86145,34,2,2.45
86146,53,2,3.0
86147,38,2,3.75
86148,30,2,3.0
86149,23,2,2.5
86150,58,1,3.5
86151,26,1,3.0
86152,55,1,4.0
86153,24,1,3.0
86154,54,1,2.5
86155,33,2,3.5
86156,32,2,3.0
86157,48,2,2.5
86158,26,1,3.0
86159,59,2,4.5
86160,58,1,3.5
86160,72,1,3.25
86161,41,1,4.25
86161,79,1,3.75
86162,87,1,3.0
86163,47,1,3.0
86164,53,1,3.0
86165,31,2,2.2
86166,37,1,3.0
86167,40,1,3.75
86168,25,1,2.2
86169,28,2,2.0
86170,59,1,4.5
86171,42,2,2.5
86172,60,2,3.75
86172,77,1,3.0
86173,46,1,2.5
86174,53,1,3.0
86174,71,1,3.75
86175,30,2,3.0
86176,31,2,2.2
86177,32,2,3.0
86178,46,1,2.5
86179,45,2,3.0
86180,47,2,3.0
86181,32,1,3.0
86182,41,1,4.25
86183,44,1,2.5
86183,74,1,3.5
86184,36,1,3.75
86185,26,2,3.0
86186,54,1,2.5
86186,75,1,3.5
86187,22,2,2.0
86188,59,1,4.5
86189,45,1,3.0
86189,73,1,3.75
86190,48,1,2.5
86191,46,1,2.5
86192,25,1,2.2
86193,28,2,2.0
86194,40,2,3.75
86195,55,2,4.0
86196,43,2,3.0
86197,34,2,2.45
86197,74,1,3.5
86198,33,2,3.5
86199,26,2,3.0
86199,77,1,3.0
86200,26,1,3.0
86201,54,1,2.5
86202,48,2,2.5
86203,25,2,2.2
86204,31,1,2.2
86204,70,1,3.25
86205,42,2,2.5
86206,23,1,2.5
86207,60,1,3.75
86208,47,1,3.0
86208,76,1,3.5
86209,26,2,3.0
86210,24,2,3.0
86210,76,1,3.5
86211,56,1,2.55
86212,45,2,3.0
86213,54,1,2.5
86214,43,2,3.0
86214,69,1,3.25
86215,87,1,2.1
86216,87,1,2.1
86217,60,1,3.75
86218,40,2,3.75
86219,24,2,3.0
86220,30,2,3.0
86221,29,2,2.5
86222,36,1,3.75
86223,49,2,3.0
86224,51,1,3.0
86225,50,2,2.5
86225,72,1,3.25
86226,56,1,2.55
86226,78,1,4.5
86227,28,1,2.0
86228,48,2,2.5
86229,43,1,3.0
86230,59,1,4.5
86231,54,1,2.5
86232,87,2,3.0
86233,46,1,2.5
86234,52,2,2.5
86235,39,1,4.25
86236,35,1,3.1
86237,38,1,3.75
86238,47,1,3.0
86238,70,1,3.25
86239,30,1,3.0
86240,37,2,3.0
86241,50,1,2.5
86241,79,1,3.75
86242,46,2,2.5
86242,76,1,3.5
86243,48,2,2.5
86244,52,1,2.5
86244,71,1,3.75
86245,50,2,2.5
86246,40,2,3.75
86247,52,2,2.5
86248,40,2,3.75
86249,42,1,2.5
86250,37,2,3.0
86251,49,1,3.0
86252,56,1,2.55
86253,34,1,2.45
86254,34,1,2.45
86255,27,2,3.5
86255,69,1,3.25
86256,58,1,3.5
86257,53,2,3.0
86258,56,1,2.55
86258,50,1,2.5
86259,36,2,3.75
86260,53,2,3.0
86261,50,2,2.5
86261,71,1,3.75
86262,27,2,3.5
86263,45,2,3.0
86264,30,2,3.0
86265,26,2,3.0
86266,27,1,3.5
86266,73,1,3.75
86267,87,2,3.0
86268,30,2,3.0
86269,58,2,3.5
86270,44,1,2.5
86271,61,1,4.75
86271,70,1,3.25
86272,23,2,2.5
86273,58,1,3.5
86273,76,1,3.5
86274,41,1,4.25
86275,49,2,3.0
86276,25,2,2.2
86277,47,1,3.0
86277,79,1,3.75
86278,27,1,3.5
86279,54,1,2.5
86280,43,1,3.0
86281,44,2,2.5
86281,79,1,3.75
86282,33,2,3.5
86283,33,2,3.5
86283,78,1,4.5
86284,25,2,2.2
86285,35,1,3.1
86285,69,1,3.25
86286,58,1,3.5
86287,61,2,4.75
86288,37,1,3.0
86289,24,1,3.0
86290,29,1,2.5
86291,29,1,2.5
86292,26,1,3.0
86292,71,1,3.75
86293,87,1,3.0
86294,57,2,3.1
86295,55,2,4.0
86296,59,2,4.5
86297,37,2,3.0
86298,33,2,3.5
86299,37,1,3.0
86300,43,1,3.0
86301,44,1,2.5
86301,70,1,3.25
86302,59,1,4.5
86303,32,2,3.0
86304,31,1,2.2
86305,24,2,3.0
86306,23,1,2.5
86307,26,1,3.0
86308,60,1,3.75
86308,76,1,3.5
86309,29,2,2.5
86310,38,2,3.75
86311,38,1,3.75
86312,48,1,2.5
86313,43,1,3.0
86314,48,1,2.5
86315,28,2,2.0
86316,27,2,3.5
86317,27,1,3.5
86318,43,1,3.0
86319,27,2,3.5
86320,55,2,4.0
86321,53,2,3.0
86321,70,1,3.25
86322,27,1,3.5
86323,31,2,2.2
86324,47,2,3.0
86325,32,1,3.0
86326,48,2,2.5
86326,69,1,3.25
86327,42,1,2.5
86328,32,2,3.0
86329,37,2,3.0
86329,79,1,3.75
86330,44,1,2.5
86331,23,1,2.5
86332,87,2,3.0
86333,50,2,2.5
86334,41,2,4.25
86335,46,1,2.5
86336,22,2,2.0
86337,56,2,2.55
86338,32,1,3.0
86339,38,2,3.75
86340,44,1,2.5
86341,35,1,3.1
86342,38,2,3.75
86342,72,1,3.25
86343,87,1,2.1
86343,72,1,3.25
86344,40,2,3.75
86345,27,1,3.5
86346,28,1,2.0
86347,45,2,3.0
86348,29,1,2.5
86349,24,1,3.0
86350,23,2,2.5
86351,30,1,3.0
86352,22,2,2.0
86353,53,2,3.0
86354,26,2,3.0
86355,58,1,3.5
86356,53,1,3.0
86357,49,1,3.0
86358,54,1,2.5
86359,29,2,2.5
86360,26,2,3.0
86361,54,2,2.5
86362,56,1,2.55
86363,30,2,3.0
86364,23,2,2.5
86365,26,1,3.0
86366,30,2,3.0
86367,28,2,2.0
86368,41,1,4.25
86369,27,1,3.5
86370,40,2,3.75
86371,36,1,3.75
86372,43,1,3.0
86373,40,2,3.75
86374,35,1,3.1
86375,32,1,3.0
86376,41,2,4.25
86376,70,1,3.25
86377,45,1,3.0
86378,22,2,2.0
86379,32,2,3.0
86380,35,2,3.1
86381,48,1,2.5
86382,23,1,2.5
86383,51,2,3.0
86384,40,1,3.75
86384,69,1,3.25
86385,22,1,2.0
86385,75,1,3.5
86386,33,2,3.5
86386,76,1,3.5
86387,26,2,3.0
86388,61,2,4.75
86389,45,2,3.0
86390,55,2,4.0
86391,57,2,3.1
86391,77,1,3.0
86392,26,2,3.0
86393,38,2,3.75
86394,33,2,3.5
86395,46,1,2.5
86396,53,1,3.0
86397,56,1,2.55
86398,25,2,2.2
86399,60,2,3.75
86400,29,2,2.5
86401,50,2,2.5
86402,37,2,3.0
86403,33,1,3.5
86404,38,1,3.75
86405,60,1,3.75
86406,60,2,3.75
86407,60,2,3.75
86408,42,1,2.5
86409,45,1,3.0
86410,49,1,3.0
86411,58,2,3.5
86412,54,1,2.5
86413,29,2,2.5
86414,61,1,4.75
86415,27,1,3.5
86416,58,2,3.5
86417,44,2,2.5
86418,61,1,4.75
86419,40,2,3.75
86420,49,2,3.0
86421,23,1,2.5
86422,40,1,3.75
86423,37,1,3.0
86423,74,1,3.5
86424,45,1,3.0
86425,36,1,3.75
86426,26,1,3.0
86427,44,2,2.5
86428,35,1,3.1
86429,26,2,3.0
86430,37,2,3.0
86431,58,1,3.5
86432,42,2,2.5
86433,31,2,2.2
86434,32,2,3.0
86435,45,1,3.0
86436,55,1,4.0
86437,44,1,2.5
86438,46,1,2.5
86439,55,2,4.0
86440,44,2,2.5
86441,31,2,2.2
86442,51,1,3.0
86443,57,2,3.1
86444,52,2,2.5
86445,22,2,2.0
86446,50,1,2.5
86447,45,1,3.0
86447,77,1,3.0
86448,38,2,3.75
86449,60,1,3.75
86450,61,1,4.75
86451,52,2,2.5
86452,53,1,3.0
86453,57,1,3.1
86453,70,1,3.25
86454,33,2,3.5
86455,42,2,2.5
86456,58,1,3.5
86457,30,1,3.0
86458,51,1,3.0
86459,46,1,2.5
86460,36,2,3.75
86461,56,2,2.55
86462,59,1,4.5
86463,53,2,3.0
86464,46,2,2.5
86464,78,1,4.5
86465,52,1,2.5
86466,48,1,2.5
86467,51,1,3.0
86468,26,1,3.0
86469,45,1,3.0
86469,79,1,3.75
86470,42,2,2.5
86471,26,1,3.0
86471,77,1,3.0
86472,40,1,3.75
86473,41,1,4.25
86474,27,2,3.5
86475,87,2,3.0
86475,78,1,4.5
86476,30,2,3.0
86477,26,2,3.0
86478,57,1,3.1
86479,23,2,2.5
86480,26,2,3.0
86480,69,1,3.25
86481,37,1,3.0
86482,43,1,3.0
86483,25,1,2.2
86484,39,2,4.25
86485,87,1,3.0
86486,35,2,3.1
86487,50,2,2.5
86488,87,1,2.1
86489,25,1,2.2
86489,69,1,3.25
86490,32,1,3.0
86491,44,2,2.5
86492,49,2,3.0
86492,75,1,3.5
86493,36,2,3.75
86494,51,1,3.0
86495,27,1,3.5
86496,35,1,3.1
86496,74,1,3.5
86497,41,1,4.25
86498,24,1,3.0
86498,79,1,3.75
86499,51,2,3.0
86500,55,2,4.0
86500,69,1,3.25
86501,34,1,2.45
86502,26,1,3.0
86503,40,2,3.75
86504,31,2,2.2
86505,44,2,2.5
86506,33,1,3.5
86507,61,1,4.75
86508,49,2,3.0
86508,79,1,3.75
86509,25,2,2.2
86510,56,2,2.55
86510,76,1,3.5
86511,32,1,3.0
86512,41,1,4.25
86513,32,2,3.0
86514,36,1,3.75
86515,24,2,3.0
86516,53,2,3.0
86517,53,1,3.0
86518,30,1,3.0
86519,22,2,2.0
86520,26,1,3.0
86521,58,2,3.5
86522,47,1,3.0
86523,42,2,2.5
86524,27,1,3.5
86525,34,1,2.45
86525,70,1,3.25
86526,22,2,2.0
86527,41,2,4.25
86528,27,1,3.5
86529,61,1,4.75
86529,75,1,3.5
86530,40,1,3.75
86531,27,2,3.5
86532,60,1,3.75
86533,33,2,3.5
86534,33,1,3.5
86534,40,1,3.75
86534,76,1,3.5
86535,87,1,2.1
86535,72,1,2.65
86536,44,1,2.5
86537,38,1,3.75
86538,42,1,2.5
86539,58,1,3.5
86540,31,1,2.2
86541,50,2,2.5
86542,48,2,2.5
86543,38,1,3.75
86544,31,2,2.2
86545,33,1,3.5
86546,87,2,3.0
86547,56,1,2.55
86548,46,1,2.5
86549,25,2,2.2
86550,35,2,3.1
86550,74,1,3.5
86551,27,1,3.5
86551,72,1,3.25
86552,49,2,3.0
86553,51,2,3.0
86554,36,2,3.75
86555,39,2,4.25
86556,87,1,3.0
86557,32,1,3.0
86558,46,1,2.5
86559,47,1,3.0
86560,56,1,2.55
86561,27,2,3.5
86561,76,1,3.5
86562,41,1,4.25
86563,47,1,3.0
86563,69,1,3.25
86564,57,1,3.1
86564,79,1,3.75
86565,55,2,4.0
86566,24,1,3.0
86567,53,2,3.0
86568,25,2,2.2
86568,71,1,3.75
86569,30,1,3.0
86570,61,2,4.75
86571,34,1,2.45
86572,55,2,4.0
86573,59,1,4.5
86574,52,1,2.5
86575,33,2,3.5
86576,38,2,3.75
86577,34,1,2.45
86578,45,2,3.0
86579,50,2,2.5
86580,42,2,2.5
86581,31,1,2.2
86581,72,1,3.25
86582,36,2,3.75
86583,23,2,2.5
86583,73,1,3.75
86584,52,1,2.5
86584,70,1,3.25
86585,28,2,2.0
86585,77,1,3.0
86586,52,2,2.5
86587,26,1,3.0
86588,47,2,3.0
86589,40,1,3.75
86590,54,1,2.5
86591,61,2,4.75
86592,51,2,3.0
86593,45,1,3.0
86594,29,1,2.5
86595,52,2,2.5
86596,38,2,3.75
86597,47,1,3.0
86597,72,1,3.25
86598,23,1,2.5
86599,58,1,3.5
86599,69,1,3.25
86600,31,2,2.2
86601,61,1,4.75
86601,70,1,3.25
86602,48,2,2.5
86603,36,2,3.75
86604,34,2,2.45
86605,28,1,2.0
86606,50,2,2.5
86606,77,1,3.0
86607,34,1,2.45
86608,58,2,3.5
86609,29,2,2.5
86610,56,2,2.55
86611,38,1,3.75
86612,23,2,2.5
86613,40,2,3.75
86614,53,1,3.0
86615,46,1,2.5
86616,39,2,4.25
86617,41,2,4.25
86618,31,2,2.2
86618,73,1,3.75
86619,52,1,2.5
86620,37,1,3.0
86621,87,1,2.1
86621,73,1,3.75
86622,27,2,3.5
86623,56,2,2.55
86624,33,1,3.5
86624,73,1,3.75
86625,37,1,3.0
86626,32,1,3.0
86627,29,2,2.5
86628,35,1,3.1
86629,37,2,3.0
86629,70,1,3.25
86630,32,2,3.0
86631,38,1,3.75
86632,87,2,3.0
86633,59,2,4.5
86633,76,1,3.5
86634,43,1,3.0
86635,32,1,3.0
86636,87,1,2.1
86637,42,2,2.5
86638,29,1,2.5
86639,35,2,3.1
86640,24,2,3.0
86641,46,1,2.5
86641,77,1,3.0
86642,58,2,3.5
86643,39,2,4.25
86643,78,1,4.5
86644,39,1,4.25
86645,32,1,3.0
86646,53,1,3.0
86647,29,1,2.5
86648,42,1,2.5
86649,32,1,3.0
86650,24,2,3.0
86651,58,1,3.5
86652,26,1,3.0
86653,54,1,2.5
86654,30,2,3.0
86654,79,1,3.75
86655,32,2,3.0
86656,40,2,3.75
86656,70,1,3.25
86657,61,2,4.75
86657,71,1,3.75
86658,38,2,3.75
86658,78,1,4.5
86659,50,1,2.5
86660,87,2,3.0
86660,76,1,3.5
86661,59,1,4.5
86662,50,1,2.5
86663,42,1,2.5
86664,37,2,3.0
86665,59,1,4.5
86666,31,1,2.2
86667,49,2,3.0
86667,71,1,3.75
86668,87,2,3.0
86669,59,1,4.5
86670,51,1,3.0
86671,51,1,3.0
86671,77,1,3.0
86672,51,1,3.0
86673,52,1,2.5
86674,57,1,3.1
86675,44,2,2.5
86676,41,1,4.25
86676,75,1,3.5
86677,56,2,2.55
86678,24,1,3.0
86679,24,2,3.0
86680,56,2,2.55
86681,49,1,3.0
86682,42,2,2.5
86683,23,1,2.5
86684,61,1,4.75
86685,25,2,2.2
86686,35,1,3.1
86687,27,1,3.5
86688,49,2,3.0
86689,40,2,3.75
86690,34,1,2.45
86691,54,2,2.5
86692,60,1,3.75
86693,37,2,3.0
86694,37,1,3.0
86695,34,2,2.45
86696,26,2,3.0
86697,54,1,2.5
86698,29,2,2.5
86699,58,1,3.5
86700,44,2,2.5
86701,38,2,3.75
86701,78,1,4.5
86702,42,1,2.5
86703,28,2,2.0
86704,38,1,3.75
86705,22,2,2.0
86706,52,1,2.5
86707,60,1,3.75
86708,46,2,2.5
86709,58,2,3.5
86710,45,2,3.0
86710,78,1,4.5
86711,57,1,3.1
86712,37,1,3.0
86712,79,1,3.75
86713,52,2,2.5
86714,44,2,2.5
86715,36,2,3.75
86716,38,1,3.75
86717,45,1,3.0
86718,33,1,3.5
86719,33,1,3.5
86720,48,1,2.5
86721,28,1,2.0
86721,77,1,3.0
86722,36,1,3.75
86723,47,1,3.0
86724,40,1,3.75
86725,33,1,3.5
86725,78,1,4.5
86726,47,2,3.0
86727,31,1,2.2
86728,29,1,2.5
86728,76,1,3.5
86729,43,2,3.0
86730,33,1,3.5
86730,79,1,3.75
86731,47,1,3.0
86732,58,1,3.5
86733,26,1,3.0
86734,35,1,3.1
86734,77,1,3.0
86735,36,2,3.75
86736,45,1,3.0
86736,71,1,3.75
86737,28,2,2.0
86738,87,1,3.0
86739,28,1,2.0
86740,53,2,3.0
86741,22,1,2.0
86742,38,2,3.75
86743,40,1,3.75
86744,33,2,3.5
86745,87,1,3.0
86746,32,2,3.0
86747,23,2,2.5
86748,29,1,2.5
86749,46,2,2.5
86749,78,1,4.5
86750,36,1,3.75
86751,49,1,3.0
86751,77,1,3.0
86752,31,1,2.2
86753,58,1,3.5
86754,53,2,3.0
86755,31,2,2.2
86756,24,1,3.0
86757,24,2,3.0
86758,35,2,3.1
86759,25,1,2.2
86760,33,1,3.5
86760,72,1,3.25
86761,33,2,3.5
86762,27,1,3.5
86763,50,2,2.5
86764,51,2,3.0
86765,44,1,2.5
86766,26,2,3.0
86767,33,1,3.5
86768,51,2,3.0
86768,70,1,3.25
86769,35,1,3.1
86770,36,1,3.75
86771,59,1,4.5
86772,40,1,3.75
86773,24,1,3.0
86774,35,2,3.1
86775,57,2,3.1
86776,27,1,3.5
86776,73,1,3.75
86777,87,1,2.1
86777,78,1,4.5
86778,42,1,2.5
86778,79,1,3.75
86779,28,1,2.0
86779,73,1,3.75
86780,27,1,3.5
86781,58,2,3.5
86782,42,1,2.5
86783,30,1,3.0
86784,28,1,2.0
86785,27,2,3.5
86785,72,1,3.25
86786,52,2,2.5
86787,50,1,2.5
86788,87,1,2.1
86789,28,1,2.0
86790,36,2,3.75
86791,46,1,2.5
86791,70,1,3.25
86792,22,1,2.0
86793,34,1,2.45
86794,60,1,3.75
86795,56,1,2.55
86795,79,1,3.75
86796,41,1,4.25
86797,56,2,2.55
86798,45,1,3.0
86799,50,2,2.5
86800,44,1,2.5
86801,43,1,3.0
86802,45,1,3.0
86803,47,1,3.0
86804,27,1,3.5
86805,50,2,2.5
86806,56,1,2.55
86806,73,1,3.75
86807,39,2,4.25
86808,35,1,3.1
86809,23,2,2.5
86809,79,1,3.75
86810,48,2,2.5
86811,32,2,3.0
86812,48,1,2.5
86812,70,1,3.25
86813,29,2,2.5
86814,58,1,3.5
86815,50,1,2.5
86816,30,1,3.0
86817,46,2,2.5
86818,38,1,3.75
86819,44,1,2.5
86820,44,1,2.5
86821,53,1,3.0
86821,72,1,3.25
86822,59,2,4.5
86823,51,1,3.0
86824,24,2,3.0
86825,25,1,2.2
86826,41,1,4.25
86827,31,1,2.2
86828,37,1,3.0
86828,74,1,3.5
86829,38,2,3.75
86829,73,1,3.75
86830,56,1,2.55
86831,48,2,2.5
86832,39,1,4.25
86833,53,1,3.0
86834,51,1,3.0
86835,42,1,2.5
86836,39,1,4.25
86837,87,2,2.1
86837,72,2,2.65
86838,43,1,3.0
86839,42,1,2.5
86840,46,1,2.5
86840,74,1,3.5
86841,52,2,2.5
86842,30,2,3.0
86843,34,1,2.45
86843,79,1,3.75
86844,58,1,3.5
86844,73,1,3.75
86845,35,1,3.1
86845,76,1,3.5
86846,61,1,4.75
86847,31,2,2.2
86848,44,1,2.5
86848,76,1,3.5
86849,25,2,2.2
86850,28,1,2.0
86851,37,2,3.0
86851,75,1,3.5
86852,22,1,2.0
86853,56,1,2.55
86854,35,1,3.1
86855,60,2,3.75
86856,33,2,3.5
86857,43,2,3.0
86857,70,1,3.25
86858,61,2,4.75
86859,49,1,3.0
86860,37,1,3.0
86861,61,1,4.75
86862,42,2,2.5
86863,45,2,3.0
86863,74,1,3.5
86864,34,1,2.45
86864,71,1,3.75
86865,61,2,4.75
86866,87,1,3.0
86867,23,2,2.5
86868,33,1,3.5
86869,29,1,2.5
86870,31,1,2.2
86870,79,1,3.75
86871,41,1,4.25
86872,42,1,2.5
86873,24,2,3.0
86874,26,1,3.0
86875,57,2,3.1
86876,56,2,2.55
86877,29,1,2.5
86878,45,2,3.0
86879,60,1,3.75
86880,87,2,2.1
86880,72,2,2.65
86881,41,2,4.25
86882,35,2,3.1
86883,35,2,3.1
86883,78,1,4.5
86884,27,2,3.5
86885,41,1,4.25
86886,22,1,2.0
86886,69,1,3.25
86887,87,1,3.0
86888,46,1,2.5
86889,60,2,3.75
86890,48,1,2.5
86891,45,1,3.0
86892,60,2,3.75
86892,72,1,3.25
86893,29,1,2.5
86894,40,1,3.75
86895,53,2,3.0
86896,43,2,3.0
86897,54,1,2.5
86897,72,1,3.25
86898,40,1,3.75
86899,61,1,4.75
86900,42,1,2.5
86900,76,1,3.5
86901,49,1,3.0
86902,27,1,3.5
86903,33,1,3.5
86904,61,2,4.75
86905,34,2,2.45
86906,87,2,2.1
86907,36,1,3.75
86908,34,2,2.45
86909,58,2,3.5
86910,41,1,4.25
86911,47,2,3.0
86911,69,1,3.25
86912,58,2,3.5
86912,77,1,3.0
86913,56,2,2.55
86914,50,2,2.5
86915,59,2,4.5
86916,34,2,2.45
86917,42,2,2.5
86918,44,1,2.5
86919,27,2,3.5
86919,76,1,3.5
86920,54,1,2.5
86920,74,1,3.5
86921,36,2,3.75
86921,76,1,3.5
86922,52,2,2.5
86923,45,1,3.0
86924,24,1,3.0
86925,24,1,3.0
86926,59,1,4.5
86927,22,1,2.0
86928,57,2,3.1
86929,52,2,2.5
86930,35,2,3.1
86931,44,1,2.5
86932,44,2,2.5
86933,53,2,3.0
86933,77,1,3.0
86934,54,1,2.5
86934,78,1,4.5
86935,59,2,4.5
86935,69,1,3.25
86936,54,1,2.5
86937,50,2,2.5
86938,33,2,3.5
86939,27,1,3.5
86940,26,2,3.0
86941,44,1,2.5
86942,24,2,3.0
86943,61,2,4.75
86944,40,1,3.75
86945,35,1,3.1
86946,22,2,2.0
86947,45,1,3.0
86948,50,1,2.5
86948,77,1,3.0
86949,33,2,3.5
86950,52,1,2.5
86951,38,1,3.75
86951,79,1,3.75
86952,52,1,2.5
86953,34,1,2.45
86954,49,2,3.0
86955,87,2,2.1
86956,38,1,3.75
86957,57,2,3.1
86958,40,1,3.75
86958,73,1,3.75
86959,47,1,3.0
86959,76,1,3.5
86960,29,1,2.5
86961,43,1,3.0
86962,37,2,3.0
86963,42,1,2.5
86964,41,1,4.25
86965,59,2,4.5
86966,52,1,2.5
86967,27,2,3.5
86968,22,2,2.0
86969,53,1,3.0
86970,44,1,2.5
86970,75,1,3.5
86971,42,2,2.5
86972,25,1,2.2
86972,79,1,3.75
86973,33,1,3.5
86974,26,2,3.0
86975,35,2,3.1
86976,27,2,3.5
86977,28,1,2.0
86978,30,2,3.0
86979,58,1,3.5
86980,42,2,2.5
86981,61,1,4.75
86981,79,1,3.75
86982,38,2,3.75
86982,79,1,3.75
86983,52,2,2.5
86984,38,2,3.75
86985,51,1,3.0
86986,87,2,2.1
86986,72,2,2.65
86987,57,2,3.1
86987,71,1,3.75
86988,46,1,2.5
86989,42,2,2.5
86990,48,1,2.5
86991,22,1,2.0
86992,37,1,3.0
86992,73,1,3.75
86993,27,1,3.5
86994,50,1,2.5
86995,34,2,2.45
86995,78,1,4.5
86996,40,1,3.75
86997,87,2,3.0
86998,26,2,3.0
86998,75,1,3.5
86999,60,2,3.75
86999,77,1,3.0
87000,32,2,3.0
87001,26,1,3.0
87002,52,2,2.5
87003,49,1,3.0
87004,23,2,2.5
87005,40,2,3.75
87006,44,1,2.5
87006,69,1,3.25
87007,55,1,4.0
87007,78,1,4.5
87008,58,2,3.5
87008,78,1,4.5
87009,55,1,4.0
87010,42,2,2.5
87011,41,2,4.25
87012,61,1,4.75
87013,37,1,3.0
87013,78,1,4.5
87014,54,2,2.5
87014,71,1,3.75
87015,49,1,3.0
87016,50,2,2.5
87017,39,1,4.25
87018,41,1,4.25
87019,41,2,4.25
87020,28,1,2.0
87021,35,2,3.1
87021,77,1,3.0
87022,58,1,3.5
87023,55,2,4.0
87023,75,1,3.5
87024,47,1,3.0
87025,33,2,3.5
87026,35,1,3.1
87027,51,2,3.0
87027,78,1,4.5
87028,48,1,2.5
87029,44,1,2.5
87030,52,1,2.5
87031,51,1,3.0
87031,69,1,3.25
87032,24,2,3.0
87033,44,1,2.5
87034,38,1,3.75
87035,32,2,3.0
87035,79,1,3.75
87036,39,2,4.25
87037,40,2,3.75
87038,50,1,2.5
87038,71,1,3.75
87039,35,1,3.1
87040,59,1,4.5
87040,77,1,3.0
87041,55,2,4.0
87042,25,2,2.2
87043,87,2,3.0
87044,53,1,3.0
87045,46,1,2.5
87045,78,1,4.5
87046,43,2,3.0
87047,60,1,3.75
87048,46,1,2.5
87048,73,1,3.75
87049,23,2,2.5
87050,61,1,4.75
87051,45,2,3.0
87052,27,2,3.5
87053,36,2,3.75
87054,39,2,4.25
87055,31,1,2.2
87056,48,2,2.5
87057,24,1,3.0
87058,46,1,2.5
87058,70,1,3.25
87059,34,1,2.45
87060,58,2,3.5
87060,72,1,3.25
87061,35,1,3.1
87062,29,2,2.5
87063,30,2,3.0
87064,43,1,3.0
87065,41,2,4.25
87066,29,2,2.5
87067,50,2,2.5
87068,45,2,3.0
87069,37,2,3.0
87070,35,1,3.1
87071,32,2,3.0
87072,54,1,2.5
87073,24,1,3.0
87074,31,1,2.2
87075,41,1,4.25
87076,36,1,3.75
87077,41,2,4.25
87078,58,1,3.5
87079,51,1,3.0
87080,51,1,3.0
87081,31,2,2.2
87081,77,1,3.0
87082,30,1,3.0
87083,33,2,3.5
87084,30,1,3.0
87085,34,1,2.45
87085,72,1,3.25
87086,47,2,3.0
87086,69,1,3.25
87087,50,2,2.5
87087,78,1,4.5
87088,51,2,3.0
87089,37,1,3.0
87089,73,1,3.75
87090,61,1,4.75
87091,42,2,2.5
87092,43,2,3.0
87092,78,1,4.5
87093,35,2,3.1
87094,25,2,2.2
87095,31,1,2.2
87096,40,1,3.75
87097,29,1,2.5
87097,69,1,3.25
87098,30,1,3.0
87098,50,1,2.5
87099,38,2,3.75
87099,77,1,3.0
87100,48,2,2.5
87101,57,2,3.1
87102,61,2,4.75
87103,61,2,4.75
87104,25,1,2.2
87105,87,2,2.1
87105,72,2,2.65
87106,59,1,4.5
87107,49,1,3.0
87107,71,1,3.75
87108,31,2,2.2
87109,23,1,2.5
87110,43,2,3.0
87111,53,2,3.0
87112,48,1,2.5
87113,40,1,3.75
87114,22,1,2.0
87115,42,2,2.5
87116,87,2,3.0
87116,79,1,3.75
87117,53,2,3.0
87118,38,1,3.75
87118,79,1,3.75
87119,44,2,2.5
87120,57,2,3.1
87121,42,2,2.5
87122,60,1,3.75
87123,60,1,3.75
87124,44,1,2.5
87125,34,2,2.45
87125,70,1,3.25
87126,45,2,3.0
87127,50,1,2.5
87128,47,1,3.0
87128,72,1,3.25
87129,26,2,3.0
87130,45,2,3.0
87131,27,2,3.5
87131,72,1,3.25
87132,38,2,3.75
87133,32,2,3.0
87134,33,2,3.5
87135,50,1,2.5
87136,60,1,3.75
87137,34,1,2.45
87138,47,2,3.0
87139,55,2,4.0
87140,45,1,3.0
87141,37,1,3.0
87142,28,1,2.0
87143,27,2,3.5
87144,38,1,3.75
87145,37,1,3.0
87145,75,1,3.5
87146,61,1,4.75
87146,70,1,3.25
87147,47,2,3.0
87148,25,1,2.2
87149,43,1,3.0
87149,78,1,4.5
87150,33,2,3.5
87151,24,2,3.0
87152,25,2,2.2
87153,45,1,3.0
87154,43,2,3.0
87155,52,2,2.5
87156,60,1,3.75
87157,23,1,2.5
87158,56,1,2.55
87159,35,1,3.1
87159,73,1,3.75
87160,32,2,3.0
87161,22,2,2.0
87162,40,2,3.75
87163,26,2,3.0
87163,73,1,3.75
87164,37,2,3.0
87164,77,1,3.0
87165,23,2,2.5
87165,72,1,3.25
87166,44,2,2.5
87166,75,1,3.5
87167,30,1,3.0
87168,34,1,2.45
87169,87,2,2.1
87170,38,2,3.75
87171,56,1,2.55
87172,34,2,2.45
87172,74,1,3.5
87173,52,2,2.5
87174,39,2,4.25
87175,29,2,2.5
87176,38,2,3.75
87177,26,2,3.0
87178,23,2,2.5
87178,79,1,3.75
87179,53,1,3.0
87180,61,2,4.75
87181,39,2,4.25
87182,28,2,2.0
87183,31,1,2.2
87184,34,1,2.45
87184,79,1,3.75
87185,25,2,2.2
87186,53,1,3.0
87187,56,1,2.55
87188,49,2,3.0
87189,56,1,2.55
87190,36,2,3.75
87191,48,1,2.5
87191,73,1,3.75
87192,53,2,3.0
87193,28,1,2.0
87194,52,1,2.5
87195,29,2,2.5
87196,42,1,2.5
87197,46,2,2.5
87198,36,1,3.75
87199,54,1,2.5
87200,55,1,4.0
87201,37,1,3.0
87202,58,1,3.5
87203,26,2,3.0
87204,36,1,3.75
87204,70,1,3.25
87205,61,2,4.75
87206,51,1,3.0
87207,55,1,4.0
87208,59,2,4.5
87209,55,2,4.0
87210,55,2,4.0
87211,60,2,3.75
87212,37,1,3.0
87212,71,1,3.75
87213,48,1,2.5
87214,27,2,3.5
87215,53,2,3.0
87216,56,1,2.55
87216,74,1,3.5
87217,41,1,4.25
87218,50,2,2.5
87219,56,1,2.55
87220,60,1,3.75
87221,37,1,3.0
87221,72,1,3.25
87222,32,1,3.0
87223,37,1,3.0
87224,26,2,3.0
87225,53,2,3.0
87225,73,1,3.75
87226,22,1,2.0
87227,49,1,3.0
87228,58,2,3.5
87229,38,1,3.75
87230,43,2,3.0
87230,78,1,4.5
87231,27,1,3.5
87231,79,1,3.75
87232,45,1,3.0
87232,75,1,3.5
87233,48,1,2.5
87234,42,2,2.5
87235,24,1,3.0
87236,34,2,2.45
87237,25,1,2.2
87238,48,1,2.5
87238,78,1,4.5
87239,48,1,2.5
87240,33,1,3.5
87241,27,1,3.5
87242,22,2,2.0
87243,42,2,2.5
87243,71,1,3.75
87244,54,1,2.5
87245,25,2,2.2
87245,74,1,3.5
87246,50,2,2.5
87246,74,1,3.5
87247,28,1,2.0
87247,73,1,3.75
87248,38,1,3.75
87249,38,2,3.75
87250,52,2,2.5
87251,34,1,2.45
87251,78,1,4.5
87252,61,1,4.75
87253,59,2,4.5
87254,40,1,3.75
87255,61,1,4.75
87256,51,1,3.0
87257,42,1,2.5
87257,69,1,3.25
87258,31,2,2.2
87258,76,1,3.5
87259,47,1,3.0
87260,26,1,3.0
87261,48,2,2.5
87261,76,1,3.5
87262,54,1,2.5
87263,53,2,3.0
87264,87,1,3.0
87265,56,1,2.55
87266,57,1,3.1
87267,43,2,3.0
87268,56,2,2.55
87269,31,2,2.2
87270,36,1,3.75
87271,53,1,3.0
87272,33,2,3.5
87272,75,1,3.5
87273,35,2,3.1
87274,54,2,2.5
87275,24,1,3.0
87276,57,1,3.1
87277,26,2,3.0
87278,51,1,3.0
87279,55,1,4.0
87279,73,1,3.75
87280,61,2,4.75
87281,27,2,3.5
87282,56,1,2.55
87283,36,1,3.75
87283,76,1,3.5
87284,43,2,3.0
87285,34,1,2.45
87286,47,2,3.0
87287,25,1,2.2
87288,22,2,2.0
87289,24,2,3.0
87289,78,1,4.5
87290,52,1,2.5
87291,24,2,3.0
87292,22,1,2.0
87293,31,2,2.2
87294,31,1,2.2
87295,26,1,3.0
87296,41,1,4.25
87297,54,1,2.5
87298,29,2,2.5
87298,74,1,3.5
87299,23,1,2.5
87299,70,1,3.25
87300,38,2,3.75
87301,39,2,4.25
87302,44,1,2.5
87303,59,1,4.5
87304,36,1,3.75
87305,22,2,2.0
87305,77,1,3.0
87306,87,1,3.0
87307,40,2,3.75
87308,28,2,2.0
87309,48,2,2.5
87310,45,1,3.0
87311,53,1,3.0
87312,22,2,2.0
87313,56,1,2.55
87314,25,2,2.2
87315,50,1,2.5
87316,29,1,2.5
87317,45,1,3.0
87318,43,1,3.0
87319,36,2,3.75
87320,53,2,3.0
87321,58,2,3.5
87322,31,2,2.2
87322,69,1,3.25
87323,87,2,2.1
87324,27,2,3.5
87325,40,2,3.75
87326,31,1,2.2
87327,54,2,2.5
87328,30,1,3.0
87329,42,1,2.5
87330,52,2,2.5
87331,53,2,3.0
87332,25,2,2.2
87333,47,2,3.0
87333,79,1,3.75
87334,38,1,3.75
87335,47,2,3.0
87336,56,2,2.55
87337,46,2,2.5
87338,61,2,4.75
87339,47,2,3.0
87340,53,1,3.0
87340,74,1,3.5
87341,57,1,3.1
87342,49,2,3.0
87343,45,1,3.0
87344,42,1,2.5
87345,53,2,3.0
87346,39,1,4.25
87347,59,1,4.5
87348,32,1,3.0
87348,74,1,3.5
87349,31,2,2.2
87350,55,2,4.0
87350,69,1,3.25
87351,22,2,2.0
87352,61,1,4.75
87353,32,2,3.0
87354,59,1,4.5
87354,70,1,3.25
87355,28,2,2.0
87355,74,1,3.5
87356,59,1,4.5
87356,75,1,3.5
87357,51,2,3.0
87358,50,2,2.5
87358,76,1,3.5
87359,29,1,2.5
87360,37,2,3.0
87360,70,1,3.25
87361,59,2,4.5
87362,36,1,3.75
87363,48,2,2.5
87363,73,1,3.75
87364,26,1,3.0
87365,26,2,3.0
87365,77,1,3.0
87366,29,1,2.5
87367,46,2,2.5
87368,50,1,2.5
87369,25,1,2.2
87370,51,1,3.0
87371,41,2,4.25
87372,60,2,3.75
87373,38,1,3.75
87373,75,1,3.5
87374,27,2,3.5
87375,38,1,3.75
87376,24,1,3.0
87376,78,1,4.5
87377,34,2,2.45
87377,77,1,3.0
87378,29,1,2.5
87379,57,1,3.1
87380,56,1,2.55
87381,50,2,2.5
87382,57,1,3.1
87383,87,1,3.0
87384,37,2,3.0
87385,54,1,2.5
87385,75,1,3.5
87386,37,1,3.0
87387,39,2,4.25
87388,46,2,2.5
87389,87,1,2.1
87390,35,2,3.1
87391,26,1,3.0
87391,71,1,3.75
87392,60,2,3.75
87393,37,1,3.0
87394,34,1,2.45
87394,74,1,3.5
87395,61,2,4.75
87396,50,2,2.5
87397,57,2,3.1
87397,78,1,4.5
87398,30,2,3.0
87399,37,2,3.0
87400,22,1,2.0
87401,30,2,3.0
87401,69,1,3.25
87402,25,2,2.2
87403,48,1,2.5
87404,31,2,2.2
87404,75,1,3.5
87405,30,1,3.0
87406,58,1,3.5
87407,38,1,3.75
87408,28,2,2.0
87409,61,2,4.75
87410,26,2,3.0
87410,78,1,4.5
87411,23,2,2.5
87412,31,2,2.2
87412,77,1,3.0
87413,53,2,3.0
87414,28,2,2.0
87415,50,1,2.5
87416,53,1,3.0
87417,26,1,3.0
87418,34,1,2.45
87419,52,2,2.5
87420,61,1,4.75
87420,78,1,4.5
87421,44,1,2.5
87422,59,1,4.5
87423,32,2,3.0
87424,59,2,4.5
87425,57,1,3.1
87426,44,1,2.5
87427,41,2,4.25
87428,23,1,2.5
87429,33,1,3.5
87430,39,1,4.25
87431,24,1,3.0
87432,23,2,2.5
87433,48,1,2.5
87433,72,1,3.25
87434,87,2,2.1
87434,72,2,2.65
87434,72,1,3.25
87435,22,1,2.0
87436,45,1,3.0
87437,43,1,3.0
87437,71,1,3.75
87438,54,1,2.5
87439,53,2,3.0
87439,69,1,3.25
87440,57,1,3.1
87441,56,1,2.55
87442,57,2,3.1
87442,78,1,4.5
87443,39,1,4.25
87444,40,1,3.75
87445,50,1,2.5
87446,42,2,2.5
87447,41,2,4.25
87448,50,2,2.5
87448,72,1,3.25
87449,41,1,4.25
87450,58,2,3.5
87450,77,1,3.0
87451,43,2,3.0
87452,31,2,2.2
87452,74,1,3.5
87453,45,2,3.0
87454,42,1,2.5
87455,50,1,2.5
87456,42,2,2.5
87457,57,1,3.1
87457,69,1,3.25
87458,27,2,3.5
87458,75,1,3.5
87459,24,1,3.0
87460,27,1,3.5
87460,79,1,3.75
87461,42,2,2.5
87462,47,1,3.0
87463,48,1,2.5
87463,73,1,3.75
87464,34,2,2.45
87464,75,1,3.5
87465,23,1,2.5
87466,60,2,3.75
87466,74,1,3.5
87467,49,1,3.0
87468,57,2,3.1
87468,77,1,3.0
87469,56,2,2.55
87470,40,1,3.75
87471,42,1,2.5
87471,76,1,3.5
87472,36,2,3.75
87473,60,2,3.75
87474,44,2,2.5
87475,47,1,3.0
87476,57,1,3.1
87477,48,2,2.5
87478,38,1,3.75
87479,31,2,2.2
87480,28,1,2.0
87481,57,1,3.1
87482,41,1,4.25
87483,23,1,2.5
87484,23,2,2.5
87485,44,2,2.5
87486,59,1,4.5
87487,25,1,2.2
87488,56,2,2.55
87488,74,1,3.5
87489,38,1,3.75
87490,49,1,3.0
87491,24,1,3.0
87491,75,1,3.5
87492,36,2,3.75
87493,57,2,3.1
87494,23,1,2.5
87494,78,1,4.5
87495,40,2,3.75
87496,32,2,3.0
87497,42,2,2.5
87498,34,1,2.45
87499,46,1,2.5
87500,57,2,3.1
87501,51,1,3.0
87502,24,1,3.0
87503,34,1,2.45
87504,53,2,3.0
87505,50,2,2.5
87506,60,1,3.75
87507,46,2,2.5
87507,74,1,3.5
87508,49,1,3.0
87509,57,1,3.1
87510,51,2,3.0
87511,48,1,2.5
87511,71,1,3.75
87512,42,1,2.5
87513,54,2,2.5
87514,61,1,4.75
87514,77,1,3.0
87515,35,1,3.1
87516,61,2,4.75
87517,32,2,3.0
87518,41,2,4.25
87519,41,2,4.25
87520,22,2,2.0
87521,48,2,2.5
87522,55,1,4.0
87523,38,2,3.75
87524,35,1,3.1
87525,28,2,2.0
87526,23,1,2.5
87526,74,1,3.5
87527,26,1,3.0
87528,54,2,2.5
87529,38,2,3.75
87530,55,2,4.0
87531,58,1,3.5
87532,42,1,2.5
87533,51,1,3.0
87534,61,2,4.75
87535,36,2,3.75
87536,39,2,4.25
87537,34,2,2.45
87538,50,1,2.5
87539,54,2,2.5
87540,59,2,4.5
87541,23,2,2.5
87542,34,1,2.45
87543,55,2,4.0
87544,42,1,2.5
87545,41,1,4.25
87546,31,2,2.2
87547,57,2,3.1
87547,77,1,3.0
87548,32,1,3.0
87549,39,1,4.25
87550,44,1,2.5
87550,71,1,3.75
87551,60,2,3.75
87551,72,1,3.25
87552,44,2,2.5
87552,79,1,3.75
87553,22,1,2.0
87554,36,1,3.75
87555,29,1,2.5
87556,61,2,4.75
87557,37,1,3.0
87558,40,1,3.75
87559,47,2,3.0
87560,51,2,3.0
87561,57,1,3.1
87562,47,1,3.0
87563,42,2,2.5
87563,15,1,9.25
87564,71,1,3.75
87564,71,1,3.75
87565,50,1,2.5
87566,36,2,3.75
87566,73,1,3.75
87567,41,1,4.25
87567,65,1,0.8
87568,49,2,3.0
87569,27,1,3.5
87569,10,1,10.0
87570,23,1,2.5
87570,79,1,3.75
87571,34,1,2.45
87571,73,1,3.75
87571,18,1,6.4
87572,59,1,4.5
87573,31,2,2.2
87574,61,1,4.75
87575,27,2,3.5
87576,33,1,3.5
87576,70,1,3.25
87577,40,2,3.75
87577,84,1,0.8
87578,60,1,3.75
87578,78,1,4.5
87579,43,1,3.0
87580,54,1,2.5
87581,56,2,2.55
87582,28,1,2.0
87583,40,2,3.75
87583,65,2,0.8
87584,39,1,4.25
87584,65,2,0.8
87585,48,1,2.5
87586,24,1,3.0
87587,35,1,3.1
87588,42,2,2.5
87589,48,2,2.5
87590,40,2,3.75
87590,63,1,0.8
87591,40,1,3.75
87591,63,2,0.8
87592,58,3,3.5
87592,83,1,14.0
87593,45,1,3.0
87593,74,1,3.5
87594,40,2,3.75
87595,60,2,3.75
87596,37,2,3.0
87596,63,1,0.8
87597,45,1,3.0
87598,48,1,2.5
87599,55,1,4.0
87599,6,1,21.0
87600,48,1,2.5
87600,13,1,8.95
87601,71,1,3.75
87602,58,2,3.5
87603,40,2,3.75
87604,58,1,3.5
87605,34,2,2.45
87606,22,2,2.0
87607,56,2,2.55
87608,29,2,2.5
87609,44,1,2.5
87610,28,2,2.0
87611,38,2,3.75
87612,38,2,3.75
87612,63,1,0.8
87612,79,1,3.75
87613,56,2,2.55
87614,42,1,2.5
87615,27,1,3.5
87616,55,2,4.0
87617,60,1,3.75
87618,58,2,3.5
87619,54,2,2.5
87620,56,1,2.55
87621,53,2,3.0
87621,70,1,3.25
87622,54,1,2.5
87623,59,2,4.5
87624,54,2,2.5
87625,47,1,3.0
87626,28,1,2.0
87627,31,1,2.2
87628,30,2,3.0
87629,36,2,3.75
87630,32,2,3.0
87631,51,2,3.0
87632,44,1,2.5
87632,71,1,3.75
87633,23,2,2.5
87634,37,2,3.0
87634,63,1,0.8
87635,46,2,2.5
87635,69,1,3.25
87636,42,1,2.5
87637,50,2,2.5
87638,22,1,2.0
87639,51,1,3.0
87640,56,1,2.55
87641,36,1,3.75
87642,34,2,2.45
87643,71,1,3.75
87644,31,1,2.2
87644,69,1,3.25
87645,37,2,3.0
87645,84,1,0.8
87646,32,3,3.0
87646,73,1,3.75
87647,58,1,3.5
87648,31,1,2.2
87649,27,2,3.5
87650,40,2,3.75
87650,84,1,0.8
87651,49,1,3.0
87652,42,1,2.5
87653,57,2,3.1
87654,31,2,2.2
87655,50,1,2.5
87656,31,3,2.2
87657,41,2,4.25
87657,13,1,8.95
87658,87,1,2.1
87658,72,1,2.65
87658,1,1,18.0
87659,87,1,3.0
87660,30,1,3.0
87660,71,1,3.75
87661,58,3,3.5
87662,60,2,3.75
87662,71,1,3.75
87663,50,3,2.5
87664,47,1,3.0
87665,24,1,3.0
87666,34,2,2.45
87667,30,1,3.0
87668,56,1,2.55
87668,69,1,3.25
87668,3,1,14.75
87669,59,3,4.5
87670,30,1,3.0
87670,81,1,28.0
87671,45,1,3.0
87671,78,1,4.5
87672,42,1,2.5
87673,23,1,2.5
87674,24,1,3.0
87675,44,1,2.5
87675,70,1,3.25
87676,34,1,2.45
87677,34,1,2.45
87678,42,2,2.5
87679,54,1,2.5
87680,25,2,2.2
87680,71,1,3.75
87681,45,2,3.0
87682,49,3,3.0
87682,74,1,3.5
87683,58,1,3.5
87684,56,2,2.55
87684,79,1,3.75
87685,56,2,2.55
87686,25,1,2.2
87687,50,1,2.5
87688,27,2,3.5
87689,33,1,3.5
87690,61,1,4.75
87691,20,1,7.6
87692,71,1,3.75
87693,36,2,3.75
87694,27,1,3.5
87695,38,2,3.75
87696,22,2,2.0
87696,7,1,19.75
87697,84,2,0.8
87697,75,1,3.5
87697,39,2,4.25
87698,28,2,2.0
87698,74,1,3.5
87699,25,2,2.2
87700,46,1,2.5
87701,57,2,3.1
87701,6,1,21.0
87702,46,2,2.5
87703,60,2,3.75
87704,55,1,4.0
87705,61,1,4.75
87705,78,1,4.5
87706,51,2,3.0
87707,24,1,3.0
87708,87,2,3.0
87709,26,1,3.0
87710,26,1,3.0
87710,76,1,3.5
87711,38,1,3.75
87711,64,1,0.8
87712,55,1,4.0
87713,61,2,4.75
87714,57,1,3.1
87715,57,2,3.1
87715,72,1,3.25
87716,51,1,3.0
87717,31,1,2.2
87718,71,1,3.75
87718,71,1,3.75
87719,37,2,3.0
87719,64,1,0.8
87720,44,2,2.5
87721,43,1,3.0
87722,34,2,2.45
87723,57,1,3.1
87724,49,1,3.0
87725,60,1,3.75
87726,38,1,3.75
87726,65,1,0.8
87727,59,1,4.5
87728,36,2,3.75
87728,81,1,28.0
87729,43,2,3.0
87730,22,1,2.0
87730,79,1,3.75
87731,29,1,2.5
87732,56,2,2.55
87733,49,1,3.0
87734,52,1,2.5
87735,26,1,3.0
87736,60,1,3.75
87736,69,1,3.25
87737,51,2,3.0
87737,73,1,3.75
87738,23,2,2.5
87739,31,2,2.2
87740,22,1,2.0
87740,75,1,3.5
87741,60,2,3.75
87742,43,2,3.0
87743,44,2,2.5
87743,74,1,3.5
87744,25,1,2.2
87745,44,1,2.5
87746,55,2,4.0
87747,38,1,3.75
87747,74,2,3.5
87748,48,2,2.5
87748,3,1,14.75
87749,41,2,4.25
87749,65,1,0.8
87750,32,1,3.0
87751,42,2,2.5
87752,27,2,3.5
87753,49,2,3.0
87754,51,1,3.0
87755,30,1,3.0
87755,78,1,4.5
87756,39,2,4.25
87756,84,1,0.8
87756,6,1,21.0
87757,50,1,2.5
87758,57,1,3.1
87758,74,1,3.5
87759,42,2,2.5
87760,55,2,4.0
87761,38,2,3.75
87761,64,2,0.8
87761,71,1,3.75
87762,51,2,3.0
87763,60,1,3.75
87764,44,2,2.5
87765,47,1,3.0
87766,74,1,3.5
87767,24,1,3.0
87768,22,2,2.0
87769,24,2,3.0
87769,72,1,3.25
87770,41,2,4.25
87770,84,1,0.8
87771,50,2,2.5
87772,54,2,2.5
87773,47,2,3.0
87773,83,1,14.0
87774,23,1,2.5
87774,76,1,4.38
87775,39,1,4.25
87775,64,2,0.8
87775,77,1,3.0
87776,23,2,2.5
87776,71,1,3.75
87777,42,3,2.5
87778,61,1,4.75
87778,76,1,3.5
87779,38,1,3.75
87779,38,1,3.75
87779,38,1,3.75
87780,22,2,2.0
87781,42,1,2.5
87782,30,2,3.0
87782,74,1,3.5
87783,59,1,4.5
87783,79,1,3.75
87784,28,1,2.0
87785,42,2,2.5
87786,60,1,3.75
87786,79,1,3.75
87787,24,2,3.0
87788,42,1,2.5
87789,56,2,2.55
87790,52,1,2.5
87791,34,2,2.45
87792,50,1,2.5
87793,46,1,2.5
87794,24,2,3.0
87795,35,1,3.1
87796,55,1,4.0
87797,52,1,2.5
87798,43,2,3.0
87799,47,1,3.0
87800,45,2,3.0
87801,56,2,2.55
87801,75,1,3.5
87802,49,2,3.0
87802,70,1,3.25
87803,33,1,3.5
87804,50,2,2.5
87805,50,1,2.5
87805,79,1,3.75
87806,49,2,3.0
87807,41,3,4.25
87807,84,1,0.8
87808,71,1,3.75
87809,27,2,3.5
87810,27,2,3.5
87811,40,1,3.75
87811,64,2,0.8
87811,16,1,8.95
87812,35,1,3.1
87813,25,1,2.2
87814,39,1,4.25
87814,63,1,0.8
87815,44,2,2.5
87816,39,2,4.25
87817,44,1,2.5
87818,30,1,3.0
87819,53,2,3.0
87819,8,1,45.0
87820,33,2,3.5
87820,72,1,3.25
87821,47,3,3.0
87821,16,1,8.95
87822,52,2,2.5
87823,39,1,4.25
87823,63,2,0.8
87824,40,2,3.75
87825,46,2,2.5
87826,26,2,3.0
87826,74,1,3.5
87827,45,1,3.0
87827,71,1,3.75
87828,29,1,2.5
87828,79,1,3.75
87829,87,1,3.0
87829,72,1,3.25
87830,60,1,3.75
87831,30,1,3.0
87832,40,1,3.75
87833,49,2,3.0
87834,50,2,2.5
87834,8,1,45.0
87835,30,1,3.0
87836,43,2,3.0
87836,79,1,3.75
87837,40,2,3.75
87837,63,2,0.8
87838,41,2,4.25
87838,63,1,0.8
87838,76,1,3.5
87839,42,1,2.5
87840,42,1,2.5
87840,72,1,3.25
87841,54,2,2.5
87842,59,1,4.5
87843,47,1,3.0
87844,58,2,3.5
87845,54,1,2.5
87846,87,1,2.1
87846,72,1,3.25
87847,45,1,3.0
87848,60,1,3.75
87848,75,1,3.5
87848,17,1,9.5
87849,43,2,3.0
87850,36,1,3.75
87851,38,1,3.75
87851,65,1,0.8
87852,46,1,2.5
87853,44,2,2.5
87854,31,1,2.2
87855,33,1,3.5
87856,23,1,2.5
87857,75,1,3.5
87858,42,1,2.5
87859,44,1,2.5
87860,43,2,3.0
87860,11,1,8.95
87861,33,2,3.5
87862,22,2,2.0
87863,25,2,2.2
87863,71,1,3.75
87863,1,1,18.0
87864,33,1,3.5
87865,37,1,3.0
87865,65,2,0.8
87866,42,2,2.5
87866,82,1,12.0
87867,29,2,2.5
87868,48,2,2.5
87869,52,1,2.5
87870,71,1,3.75
87871,39,2,4.25
87871,63,2,0.8
87871,8,1,45.0
87872,38,2,3.75
87873,36,3,3.75
87874,29,2,2.5
87875,27,3,3.5
87876,47,2,3.0
87876,82,1,12.0
87877,30,1,3.0
87877,10,1,10.0
87878,42,2,2.5
87879,36,1,3.75
87880,42,2,2.5
87881,31,1,2.2
87882,47,1,3.0
87882,75,1,3.5
87883,49,2,3.0
87884,61,1,4.75
87884,74,1,3.5
87885,39,1,4.25
87885,63,1,0.8
87886,32,1,3.0
87887,41,1,4.25
87887,65,1,0.8
87887,12,1,8.95
87888,29,2,2.5
87889,32,1,3.0
87890,29,1,2.5
87891,53,1,3.0
87892,53,2,3.0
87893,22,1,2.0
87894,31,3,2.2
87895,51,2,3.0
87896,59,2,4.5
87897,43,1,3.0
87898,25,1,2.2
87899,26,2,3.0
87899,70,1,3.25
87900,32,1,3.0
87900,72,1,3.25
87901,44,1,2.5
87902,53,2,3.0
87903,51,2,3.0
87904,27,1,3.5
87905,40,2,3.75
87905,63,2,0.8
87906,25,2,2.2
87907,35,1,3.1
87908,72,1,3.25
87909,25,1,2.2
87910,48,2,2.5
87911,25,2,2.2
87912,27,1,3.5
87913,32,1,3.0
87914,44,1,2.5
87915,26,2,3.0
87916,53,1,3.0
87917,53,1,3.0
87918,40,1,3.75
87918,65,2,0.8
87919,58,1,3.5
87920,29,2,2.5
87921,31,2,2.2
87921,79,1,3.75
87922,40,1,3.75
87922,84,1,0.8
87922,73,1,3.75
87923,45,2,3.0
87923,76,1,3.5
87924,45,2,3.0
87925,45,2,3.0
87926,45,1,3.0
87926,79,1,3.75
87927,30,1,3.0
87928,29,1,2.5
87929,87,2,3.0
87929,77,1,3.0
87930,61,2,4.75
87931,26,1,3.0
87931,70,1,3.25
87931,40,1,3.75
87932,50,1,2.5
87933,59,2,4.5
87934,26,1,3.0
87935,39,2,4.25
87935,84,1,0.8
87936,26,3,3.0
87937,39,1,4.25
87937,64,1,0.8
87938,54,1,2.5
87939,61,1,4.75
87940,22,2,2.0
87941,46,1,2.5
87942,58,1,3.5
87943,39,2,4.25
87943,64,2,0.8
87944,24,2,3.0
87945,31,1,2.2
87946,41,2,4.25
87946,65,2,0.8
87946,72,1,3.25
87947,52,1,2.5
87948,39,2,4.25
87948,63,1,0.8
87949,47,1,3.0
87950,48,1,2.5
87951,44,1,2.5
87952,38,2,3.75
87953,58,2,3.5
87954,59,1,4.5
87955,59,2,4.5
87955,78,1,4.5
87955,20,1,7.6
87956,23,1,2.5
87957,31,2,2.2
87958,27,1,3.5
87959,47,1,3.0
87960,61,2,4.75
87961,23,1,2.5
87962,57,2,3.1
87963,52,1,2.5
87964,45,1,3.0
87964,46,1,2.5
87964,54,1,2.5
87965,46,1,2.5
87966,38,2,3.75
87966,84,1,0.8
87967,53,1,3.0
87968,87,2,2.1
87968,72,2,3.25
87969,7,1,19.75
87970,34,1,2.45
87971,29,2,2.5
87972,31,2,2.2
87973,57,2,3.1
87974,49,1,3.0
87975,58,1,3.5
87975,73,1,3.75
87976,58,1,3.5
87977,30,1,3.0
87978,33,2,3.5
87979,53,2,3.0
87980,46,2,2.5
87981,24,2,3.0
87982,45,2,3.0
87983,31,1,2.2
87984,55,1,4.0
87985,33,2,3.5
87986,49,2,3.0
87987,33,2,3.5
87988,71,1,3.75
87988,71,1,3.75
87989,40,2,3.75
87989,63,2,0.8
87990,56,3,2.55
87991,29,2,2.5
87992,39,2,4.25
87992,65,1,0.8
87993,57,2,3.1
87994,52,2,2.5
87995,50,1,2.5
87996,33,1,3.5
87997,25,2,2.2
87998,28,2,2.0
87999,58,1,3.5
88000,32,1,3.0
88001,40,1,3.75
88002,49,1,3.0
88003,37,1,3.0
88003,64,1,0.8
88004,49,2,3.0
88005,87,1,3.0
88005,75,1,3.5
88006,25,2,2.2
88006,76,1,3.5
88007,43,2,3.0
88007,74,1,3.5
88008,53,2,3.0
88008,73,1,3.75
88009,44,1,2.5
88010,56,2,2.55
88011,87,1,2.1
88011,69,1,3.25
88011,72,1,3.25
88012,30,1,3.0
88013,36,1,3.75
88013,73,1,3.75
88014,32,2,3.0
88015,37,2,3.0
88016,41,2,4.25
88017,49,2,3.0
88018,32,2,3.0
88019,29,1,2.5
88020,48,2,2.5
88021,31,2,2.2
88022,22,2,2.0
88023,28,2,2.0
88024,58,1,3.5
88025,35,2,3.1
88025,77,1,3.0
88026,34,1,2.45
88027,23,1,2.5
88028,87,2,3.0
88029,58,2,3.5
88030,55,1,4.0
88031,45,2,3.0
88032,39,2,4.25
88033,47,2,3.0
88033,69,1,3.25
88034,38,1,3.75
88034,63,1,0.8
88035,32,2,3.0
88036,52,2,2.5
88037,22,2,2.0
88038,22,1,2.0
88039,25,2,2.2
88039,69,1,3.25
88040,61,2,4.75
88040,26,2,3.0
88040,75,1,3.5
88041,30,1,3.0
88042,47,2,3.0
88043,47,1,3.0
88043,69,1,3.25
88044,41,1,4.25
88045,55,1,4.0
88046,47,1,3.0
88047,45,2,3.0
88048,22,2,2.0
88049,38,2,3.75
88050,29,2,2.5
88051,39,1,4.25
88051,69,1,3.25
88052,34,1,2.45
88053,23,2,2.5
88053,76,1,3.5
88054,39,2,4.25
88055,53,2,3.0
88056,32,1,3.0
88056,74,1,3.5
88057,54,2,2.5
88058,55,1,4.0
88059,34,2,2.45
88060,31,2,2.2
88061,40,1,3.75
88062,32,1,3.0
88062,72,1,3.25
88063,48,1,2.5
88064,36,2,3.75
88065,24,1,3.0
88066,24,1,3.0
88067,55,2,4.0
88068,50,2,2.5
88069,22,2,2.0
88070,55,2,4.0
88071,39,2,4.25
88071,63,1,0.8
88072,39,1,4.25
88072,63,2,0.8
88073,61,1,4.75
88074,48,2,2.5
88075,49,1,3.0
88076,25,1,2.2
88077,47,1,3.0
88077,72,1,3.25
88078,59,2,4.5
88079,87,1,3.0
88080,28,2,2.0
88081,40,2,3.75
88082,61,1,4.75
88083,35,2,3.1
88084,35,1,3.1
88085,41,2,4.25
88086,51,1,3.0
88086,78,1,4.5
88087,57,2,3.1
88088,60,1,3.75
88088,73,1,3.75
88088,82,1,12.0
88089,40,2,3.75
88090,43,2,3.0
88091,61,1,4.75
88092,29,1,2.5
88093,57,2,3.1
88094,54,1,2.5
88095,23,2,2.5
88096,26,2,3.0
88097,28,2,2.0
88098,56,1,2.55
88099,36,1,3.75
88100,70,1,3.25
88101,24,2,3.0
88102,58,2,3.5
88103,35,1,3.1
88103,72,1,3.25
88104,46,2,2.5
88105,40,1,3.75
88105,63,2,0.8
88106,28,2,2.0
88107,31,2,2.2
88108,47,2,3.0
88109,58,2,3.5
88110,58,2,3.5
88111,44,2,2.5
88111,70,1,3.25
88112,39,3,4.25
88112,63,1,0.8
88113,51,2,3.0
88114,50,2,2.5
88115,61,1,4.75
88116,31,1,2.2
88116,79,1,3.75
88117,39,2,4.25
88117,64,2,0.8
88118,57,2,3.1
88118,71,1,3.75
88119,24,2,3.0
88120,33,2,3.5
88121,59,1,4.5
88122,30,1,3.0
88123,43,1,3.0
88123,73,1,3.75
88124,55,1,4.0
88125,59,2,4.5
88126,32,2,3.0
88127,43,2,3.0
88127,74,2,3.5
88128,87,1,2.1
88128,72,1,2.65
88128,70,1,3.25
88129,36,2,3.75
88130,37,1,3.0
88130,65,2,0.8
88130,82,1,12.0
88131,48,1,2.5
88132,42,2,2.5
88133,28,1,2.0
88134,38,2,3.75
88135,50,2,2.5
88136,41,2,4.25
88136,64,1,0.8
88136,77,1,3.0
88137,36,1,3.75
88137,73,1,3.75
88138,32,2,3.0
88139,23,1,2.5
88139,73,1,3.75
88140,44,2,2.5
88141,31,1,2.2
88142,49,1,3.0
88143,54,1,2.5
88143,75,1,3.5
88144,27,2,3.5
88144,75,1,3.5
88145,58,1,3.5
88146,46,1,2.5
88147,56,2,2.55
88148,29,2,2.5
88149,42,2,2.5
88150,39,2,4.25
88151,29,1,2.5
88152,47,2,3.0
88153,45,2,3.0
88154,43,2,3.0
88155,29,2,2.5
88156,30,1,3.0
88157,44,1,2.5
88158,40,1,3.75
88158,63,1,0.8
88158,72,1,3.25
88159,27,2,3.5
88159,73,1,3.75
88160,29,2,2.5
88161,40,2,3.75
88161,64,2,0.8
88162,23,2,2.5
88163,40,2,3.75
88164,44,2,2.5
88165,53,1,3.0
88166,36,2,3.75
88167,25,1,2.2
88168,48,2,2.5
88169,59,2,4.5
88169,71,1,3.75
88170,50,2,2.5
88171,57,2,3.1
88172,36,1,3.75
88173,40,2,3.75
88174,60,2,3.75
88175,32,2,3.0
88176,36,1,3.75
88177,57,2,3.1
88178,58,3,3.5
88179,33,2,3.5
88180,27,2,3.5
88181,54,2,2.5
88181,77,1,3.0
88182,28,1,2.0
88183,58,1,3.5
88184,35,2,3.1
88185,39,2,4.25
88185,65,1,0.8
88186,47,2,3.0
88187,56,2,2.55
88188,45,1,3.0
88188,73,1,3.75
88189,44,2,2.5
88189,71,1,3.75
88190,31,2,2.2
88191,50,1,2.5
88192,38,1,3.75
88192,64,1,0.8
88193,26,1,3.0
88194,44,2,2.5
88194,74,1,3.5
88195,35,2,3.1
88196,41,2,4.25
88197,52,2,2.5
88198,53,3,3.0
88199,36,2,3.75
88200,58,1,3.5
88201,32,1,3.0
88202,25,2,2.2
88203,61,2,4.75
88204,43,2,3.0
88205,61,1,4.75
88206,48,2,2.5
88207,42,1,2.5
88208,34,2,2.45
88209,49,1,3.0
88209,74,1,3.5
88210,39,1,4.25
88211,32,2,3.0
88212,53,1,3.0
88213,55,1,4.0
88214,45,2,3.0
88215,43,1,3.0
88215,75,1,3.5
88216,27,1,3.5
88217,35,1,3.1
88218,45,1,3.0
88219,27,2,3.5
88220,50,1,2.5
88220,76,1,3.5
88221,57,2,3.1
88221,69,1,3.25
88222,27,2,3.5
88223,45,1,3.0
88224,33,2,3.5
88225,30,1,3.0
88226,49,1,3.0
88227,41,1,4.25
88228,35,1,3.1
88229,46,1,2.5
88230,26,1,3.0
88230,71,1,3.75
88231,33,3,3.5
88232,29,1,2.5
88232,72,1,3.25
88233,26,2,3.0
88234,50,2,2.5
88235,51,2,3.0
88235,2,1,18.0
88236,29,1,2.5
88236,77,1,3.0
88237,22,1,2.0
88238,52,2,2.5
88238,73,1,3.75
88239,30,2,3.0
88240,23,2,2.5
88241,40,1,3.75
88242,45,2,3.0
88243,50,2,2.5
88243,74,1,3.5
88244,52,2,2.5
88245,61,2,4.75
88245,70,1,3.25
88246,60,1,3.75
88246,72,1,3.25
88247,58,2,3.5
88248,46,2,2.5
88249,22,1,2.0
88250,52,2,2.5
88251,58,1,3.5
88252,31,2,2.2
88253,87,2,3.0
88253,79,1,3.75
88254,45,1,3.0
88255,34,3,2.45
88256,34,2,2.45
88257,54,2,2.5
88257,72,1,3.25
88258,25,1,2.2
88259,60,2,3.75
88260,47,1,3.0
88261,39,1,4.25
88261,64,2,0.8
88262,36,1,3.75
88263,47,1,3.0
88264,57,1,3.1
88265,39,2,4.25
88266,43,2,3.0
88266,74,1,3.5
88267,46,1,2.5
88267,69,1,3.25
88268,51,2,3.0
88269,33,1,3.5
88270,50,1,2.5
88270,79,1,3.75
88271,23,2,2.5
88272,29,2,2.5
88273,54,1,2.5
88274,30,1,3.0
88275,30,2,3.0
88276,32,1,3.0
88277,54,1,2.5
88277,69,1,3.25
88278,61,1,4.75
88279,30,2,3.0
88279,79,1,3.75
88280,36,1,3.75
88280,73,1,3.75
88281,23,1,2.5
88282,43,1,3.0
88282,77,1,3.0
88283,58,2,3.5
88284,39,2,4.25
88285,38,1,3.75
88286,45,2,3.0
88287,42,1,2.5
88288,32,1,3.0
88288,77,1,3.0
88289,39,2,4.25
88290,45,2,3.0
88291,29,1,2.5
88291,77,1,3.0
88292,39,1,4.25
88292,65,3,0.8
88293,49,1,3.0
88294,40,3,3.75
88294,65,2,0.8
88295,52,1,2.5
88296,52,2,2.5
88297,43,1,3.0
88298,26,1,3.0
88299,37,1,3.0
88300,33,1,3.5
88301,25,1,2.2
88302,55,2,4.0
88303,53,2,3.0
88303,73,1,3.75
88304,60,1,3.75
88305,25,1,2.2
88306,60,1,3.75
88307,48,2,2.5
88308,27,2,3.5
88308,75,1,3.5
88309,22,1,2.0
88310,22,1,2.0
88311,40,1,3.75
88311,84,1,0.8
88312,51,1,3.0
88313,34,2,2.45
88313,74,1,3.5
88314,53,2,3.0
88315,29,1,2.5
88316,61,1,4.75
88317,24,1,3.0
88318,53,2,3.0
88318,79,1,3.75
88319,42,1,2.5
88320,34,2,2.45
88321,28,1,2.0
88322,41,1,4.25
88322,63,1,0.8
88323,49,2,3.0
88324,28,1,2.0
88325,41,2,4.25
88325,65,2,0.8
88325,74,1,3.5
88326,58,2,3.5
88327,22,1,2.0
88328,33,1,3.5
88329,35,2,3.1
88329,78,1,4.5
88330,61,2,4.75
88331,34,2,2.45
88332,43,1,3.0
88333,42,1,2.5
88334,50,2,2.5
88334,69,1,3.25
88335,52,2,2.5
88335,71,1,3.75
88336,32,1,3.0
88336,71,1,3.75
88337,23,1,2.5
88338,46,1,2.5
88339,33,1,3.5
88340,23,2,2.5
88341,59,2,4.5
88342,61,2,4.75
88343,52,2,2.5
88344,37,3,3.0
88344,65,2,0.8
88345,71,1,3.75
88346,48,1,2.5
88346,73,1,3.75
88347,22,2,2.0
88347,74,1,3.5
88348,33,1,3.5
88348,78,1,4.5
88349,45,2,3.0
88350,38,2,3.75
88350,84,2,0.8
88351,55,3,4.0
88352,23,2,2.5
88353,42,1,2.5
88354,47,1,3.0
88354,73,1,3.75
88355,52,1,2.5
88356,36,2,3.75
88356,77,1,3.0
88357,36,2,3.75
88357,78,1,4.5
88358,39,3,4.25
88358,84,1,0.8
88359,46,3,2.5
88360,22,2,2.0
88360,74,1,3.5
88361,40,1,3.75
88361,65,2,0.8
88361,75,1,3.5
88362,22,3,2.0
88362,71,1,3.75
88363,49,2,3.0
88364,30,1,3.0
88365,24,2,3.0
88366,52,2,2.5
88367,27,2,3.5
88368,55,3,4.0
88369,57,1,3.1
88370,45,2,3.0
88370,75,1,3.5
88371,48,1,2.5
88372,42,2,2.5
88372,78,1,4.5
88373,29,1,2.5
88374,58,1,3.5
88375,58,1,3.5
88376,58,1,3.5
88377,27,2,3.5
88378,47,2,3.0
88378,75,1,3.5
88379,35,1,3.1
88380,71,1,3.75
88381,45,1,3.0
88382,30,2,3.0
88382,75,1,3.5
88383,39,1,4.25
88384,59,2,4.5
88385,76,1,3.5
88386,45,1,3.0
88386,71,1,3.75
88387,25,2,2.2
88388,24,3,3.0
88389,36,2,3.75
88390,53,1,3.0
88390,73,1,3.75
88391,30,2,3.0
88392,22,2,2.0
88393,52,1,2.5
88394,22,1,2.0
88395,57,2,3.1
88396,36,2,3.75
88396,73,1,3.75
88397,31,1,2.2
88398,54,1,2.5
88399,23,2,2.5
88400,39,1,4.25
88400,64,1,0.8
88400,39,1,4.25
88400,1,1,18.0
88401,52,1,2.5
88402,33,2,3.5
88403,59,1,4.5
88404,36,2,3.75
88405,87,1,2.1
88405,72,1,2.65
88405,69,1,3.25
88406,61,1,4.75
88406,70,1,3.25
88406,21,1,13.33
88407,23,1,2.5
88408,45,1,3.0
88409,26,1,3.0
88409,82,1,12.0
88410,26,1,3.0
88411,48,1,2.5
88411,70,1,3.25
88412,56,3,2.55
88413,37,2,3.0
88414,39,2,4.25
88414,63,2,0.8
88414,5,1,15.0
88415,26,1,3.0
88416,33,1,3.5
88417,60,2,3.75
88418,35,2,3.1
88419,48,2,2.5
88420,54,2,2.5
88421,27,2,3.5
88422,56,1,2.55
88423,49,1,3.0
88424,44,2,2.5
88425,51,2,3.0
88426,51,2,3.0
88427,29,1,2.5
88428,36,2,3.75
88429,46,2,2.5
88430,34,1,2.45
88431,34,2,2.45
88431,70,1,4.06
88432,34,1,2.45
88433,22,1,2.0
88433,74,1,3.5
88434,54,1,2.5
88435,30,1,3.0
88436,43,2,3.0
88436,78,1,4.5
88437,49,2,3.0
88438,31,2,2.2
88439,23,1,2.5
88440,60,2,3.75
88440,69,1,3.25
88441,24,3,3.0
88441,75,1,3.5
88442,44,2,2.5
88442,75,1,3.5
88443,52,1,2.5
88443,70,1,3.25
88444,54,1,2.5
88445,41,2,4.25
88446,61,1,4.75
88447,42,2,2.5
88448,71,1,3.75
88449,45,1,3.0
88450,51,2,3.0
88450,21,1,13.33
88451,39,2,4.25
88451,84,2,0.8
88452,23,1,2.5
88453,40,2,3.75
88453,84,2,0.8
88454,51,1,3.0
88455,45,1,3.0
88455,76,1,3.5
88456,49,1,3.0
88457,26,1,3.0
88458,41,1,4.25
88458,84,1,0.8
88459,59,2,4.5
88459,70,1,3.25
88459,14,1,8.95
88460,28,2,2.0
88461,36,1,3.75
88461,75,1,3.5
88462,59,1,4.5
88462,70,1,3.25
88463,71,1,3.75
88464,35,1,3.1
88465,54,1,2.5
88466,45,2,3.0
88466,81,1,28.0
88467,28,2,2.0
88467,74,1,3.5
88468,44,3,2.5
88469,35,2,3.1
88470,56,2,2.55
88471,55,3,4.0
88471,74,1,3.5
88472,71,1,3.75
88473,36,2,3.75
88473,74,1,3.5
88474,30,1,3.0
88475,23,1,2.5
88476,32,1,3.0
88477,38,2,3.75
88478,22,1,2.0
88479,44,1,2.5
88479,83,1,14.0
88480,55,2,4.0
88481,48,2,2.5
88482,50,1,2.5
88483,34,1,2.45
88484,53,1,3.0
88485,46,2,2.5
88485,79,1,3.75
88486,47,1,3.0
88486,71,1,3.75
88487,27,1,3.5
88487,74,1,3.5
88488,36,1,3.75
88488,78,1,4.5
88489,59,1,4.5
88490,40,2,3.75
88491,44,2,2.5
88492,24,1,3.0
88493,60,2,3.75
88494,47,1,3.0
88495,44,2,2.5
88496,56,2,2.55
88496,76,1,3.5
88496,2,1,18.0
88497,42,2,2.5
88498,57,1,3.1
88499,46,1,2.5
88500,56,2,2.55
88500,6,1,21.0
88501,55,1,4.0
88502,43,2,3.0
88503,35,1,3.1
88504,52,1,2.5
88505,22,2,2.0
88506,32,2,3.0
88506,70,1,3.25
88507,61,1,4.75
88507,79,1,3.75
88508,60,2,3.75
88509,57,1,3.1
88510,36,1,3.75
88510,77,1,3.0
88511,45,2,3.0
88512,26,2,3.0
88513,28,2,2.0
88514,49,1,3.0
88515,55,2,4.0
88516,33,1,3.5
88517,44,1,2.5
88518,31,1,2.2
88519,38,1,3.75
88519,74,2,3.5
88520,40,1,3.75
88520,64,2,0.8
88521,30,1,3.0
88522,29,1,2.5
88523,28,2,2.0
88524,58,3,3.5
88525,28,3,2.0
88526,51,1,3.0
88526,69,1,3.25
88527,54,1,2.5
88528,49,2,3.0
88529,71,1,3.75
88530,28,2,2.0
88530,73,1,3.75
88531,24,2,3.0
88532,43,2,3.0
88532,73,1,3.75
88533,42,2,2.5
88533,77,1,3.0
88534,24,1,3.0
88535,24,2,3.0
88535,72,1,3.25
88536,56,2,2.55
88537,47,2,3.0
88538,29,1,2.5
88538,2,1,18.0
88539,36,2,3.75
88539,78,1,4.5
88540,30,2,3.0
88541,58,2,3.5
88542,50,2,2.5
88543,35,2,3.1
88543,72,1,3.25
88543,6,1,21.0
88544,38,3,3.75
88544,65,1,0.8
88545,39,3,4.25
88545,63,1,0.8
88546,23,2,2.5
88547,52,1,2.5
88548,51,2,3.0
88549,84,2,0.8
88549,39,1,4.25
88550,27,2,3.5
88551,55,1,4.0
88552,43,1,3.0
88553,60,1,3.75
88554,47,2,3.0
88555,28,1,2.0
88556,49,1,3.0
88556,71,1,3.75
88557,49,1,3.0
88558,32,2,3.0
88559,28,1,2.0
88559,76,1,3.5
88560,28,1,2.0
88561,42,2,2.5
88562,33,2,3.5
88563,59,1,4.5
88564,51,1,3.0
88565,30,1,3.0
88566,60,2,3.75
88567,48,1,2.5
88568,44,1,2.5
88569,46,2,2.5
88570,35,1,3.1
88571,47,2,3.0
88572,28,2,2.0
88572,79,1,3.75
88573,31,2,2.2
88573,13,1,8.95
88574,35,1,3.1
88575,40,2,3.75
88575,65,2,0.8
88575,69,1,3.25
88576,58,2,3.5
88576,73,1,3.75
88577,50,2,2.5
88578,54,2,2.5
88579,29,2,2.5
88580,52,2,2.5
88581,55,2,4.0
88582,46,2,2.5
88583,51,2,3.0
88583,75,1,3.5
88584,52,2,2.5
88585,28,2,2.0
88586,23,2,2.5
88587,37,1,3.0
88587,37,1,3.0
88588,29,2,2.5
88588,72,1,3.25
88589,45,2,3.0
88589,70,1,3.25
88590,56,1,2.55
88590,79,1,3.75
88591,30,1,3.0
88592,53,1,3.0
88593,51,1,3.0
88593,72,1,3.25
88594,25,1,2.2
88594,18,1,10.95
88595,37,2,3.0
88595,64,2,0.8
88595,7,1,19.75
88596,34,2,2.45
88596,72,1,3.25
88597,56,1,2.55
88598,57,3,3.1
88598,15,1,9.25
88599,52,1,2.5
88599,71,1,3.75
88600,41,1,4.25
88600,37,1,3.0
88600,65,1,0.8
88601,37,1,3.0
88601,65,1,0.8
88602,41,2,4.25
88603,49,1,3.0
88604,56,2,2.55
88605,54,1,2.5
88606,54,2,2.5
88607,54,2,2.5
88608,49,1,3.0
88609,50,2,2.5
88609,73,1,3.75
88610,47,1,3.0
88611,29,2,2.5
88612,29,2,2.5
88612,76,1,3.5
88613,42,1,2.5
88614,27,2,3.5
88615,58,2,3.5
88615,78,1,4.5
88616,52,2,2.5
88617,25,1,2.2
88618,42,1,2.5
88618,78,1,4.5
88619,71,1,3.75
88619,71,1,3.75
88620,25,2,2.2
88620,71,1,3.75
88620,1,1,18.0
88620,57,2,3.1
88620,12,1,8.95
88621,27,1,3.5
88622,49,1,3.0
88623,23,3,2.5
88624,36,2,3.75
88625,34,2,2.45
88626,59,1,4.5
88627,31,2,2.2
88627,70,1,3.25
88628,48,1,2.5
88629,50,2,2.5
88630,57,1,3.1
88631,42,2,2.5
88632,22,2,2.0
88633,32,2,3.0
88634,30,1,3.0
88635,61,2,4.75
88635,79,1,3.75
88636,36,2,3.75
88636,77,1,3.0
88637,32,1,3.0
88638,43,2,3.0
88638,82,1,12.0
88639,71,1,3.75
88640,49,1,3.0
88641,35,2,3.1
88642,87,2,3.0
88643,29,1,2.5
88643,69,1,3.25
88644,48,2,2.5
88645,41,2,4.25
88645,13,1,8.95
88646,44,1,2.5
88647,30,1,3.0
88648,37,1,3.0
88648,63,2,0.8
88649,48,2,2.5
88649,20,1,7.6
88650,47,2,3.0
88651,60,1,3.75
88652,58,2,3.5
88653,39,3,4.25
88653,64,1,0.8
88654,57,2,3.1
88655,41,1,4.25
88655,84,1,0.8
88656,37,2,3.0
88656,65,2,0.8
88657,33,1,3.5
88658,76,1,3.5
88659,55,1,4.0
88660,51,2,3.0
88661,42,1,2.5
88661,82,1,12.0
88662,29,1,2.5
88662,71,1,3.75
88663,35,1,3.1
88664,59,2,4.5
88665,55,1,4.0
88665,76,1,3.5
88666,32,2,3.0
88667,28,2,2.0
88668,25,2,2.2
88669,31,1,2.2
88670,45,1,3.0
88670,72,1,3.25
88671,25,3,2.2
88672,39,2,4.25
88673,22,1,2.0
88673,73,1,3.75
88674,26,2,3.0
88675,52,2,2.5
88676,24,2,3.0
88676,79,1,3.75
88676,10,1,10.0
88677,59,2,4.5
88678,24,1,3.0
88678,79,1,3.75
88678,70,1,3.25
88678,24,1,3.0
88678,24,1,3.0
88679,26,2,3.0
88680,36,1,3.75
88681,50,1,2.5
88682,49,1,3.0
88682,78,1,4.5
88682,11,1,8.95
88683,56,1,2.55
88684,35,1,3.1
88685,44,1,2.5
88686,27,2,3.5
88687,38,1,3.75
88687,64,1,0.8
88687,4,1,20.45
88688,87,1,3.0
88689,36,2,3.75
88690,38,2,3.75
88690,63,2,0.8
88691,41,2,4.25
88691,84,2,0.8
88692,31,2,2.2
88693,44,2,2.5
88693,79,1,3.75
88694,29,2,2.5
88695,24,2,3.0
88696,49,2,3.0
88696,1,1,18.0
88697,55,3,4.0
88698,36,2,3.75
88699,49,2,3.0
88699,76,1,3.5
88700,38,1,3.75
88700,75,1,3.5
88701,50,1,2.5
88702,47,2,3.0
88702,78,1,4.5
88703,26,2,3.0
88703,18,1,6.4
88704,48,2,2.5
88705,40,1,3.75
88706,61,2,4.75
88707,45,2,3.0
88708,28,1,2.0
88709,36,1,3.75
88709,77,1,3.0
88710,47,3,3.0
88711,22,1,2.0
88712,54,1,2.5
88713,27,2,3.5
88714,57,1,3.1
88714,69,1,3.25
88715,44,1,2.5
88715,75,1,3.5
88716,22,1,2.0
88716,79,1,3.75
88717,58,2,3.5
88718,39,1,4.25
88718,84,1,0.8
88719,54,1,2.5
88720,40,2,3.75
88720,63,2,0.8
88720,75,1,3.5
88721,28,2,2.0
88722,61,1,4.75
88723,46,1,2.5
88723,79,1,3.75
88724,22,2,2.0
88725,39,2,4.25
88725,65,1,0.8
88726,26,2,3.0
88726,77,1,3.0
88727,15,1,9.25
88728,54,1,2.5
88729,52,2,2.5
88730,36,2,3.75
88731,59,2,4.5
88732,52,2,2.5
88733,34,2,2.45
88734,57,2,3.1
88735,53,1,3.0
88735,78,1,4.5
88736,22,2,2.0
88737,43,1,3.0
88737,73,1,3.75
88738,32,2,3.0
88739,30,1,3.0
88739,70,1,3.25
88739,20,1,7.6
88740,25,1,2.2
88741,54,1,2.5
88742,44,2,2.5
88743,30,1,3.0
88744,58,2,3.5
88745,61,2,4.75
88745,71,1,3.75
88746,42,2,2.5
88747,50,1,2.5
88748,33,1,3.5
88749,35,1,3.1
88750,29,2,2.5
88751,24,1,3.0
88751,78,1,4.5
88752,39,2,4.25
88752,84,2,0.8
88752,76,1,3.5
88753,36,2,3.75
88754,38,2,3.75
88754,64,1,0.8
88755,29,1,2.5
88755,75,1,3.5
88756,41,1,4.25
88757,25,2,2.2
88758,44,1,2.5
88759,61,1,4.75
88759,79,1,3.75
88760,28,1,2.0
88761,22,2,2.0
88762,56,2,2.55
88763,48,2,2.5
88764,32,1,3.0
88765,43,2,3.0
88766,50,3,2.5
88767,28,2,2.0
88768,50,1,2.5
88769,28,1,2.0
88770,47,2,3.0
88771,51,1,3.0
88772,41,1,4.25
88773,32,2,3.0
88774,52,1,2.5
88774,75,1,3.5
88775,27,2,3.5
88776,26,2,3.0
88777,40,2,3.75
88778,34,1,2.45
88778,73,1,3.75
88778,54,1,2.5
88779,53,2,3.0
88779,73,1,3.75
88780,27,1,3.5
88781,43,1,3.0
88781,74,1,3.5
88782,30,1,3.0
88783,40,2,3.75
88784,51,1,3.0
88785,33,1,3.5
88786,23,1,2.5
88787,61,1,4.75
88788,35,2,3.1
88788,79,1,3.75
88789,37,1,3.0
88790,58,1,3.5
88791,23,1,2.5
88792,57,2,3.1
88793,44,1,2.5
88794,37,2,3.0
88795,55,1,4.0
88796,28,2,2.0
88797,28,1,2.0
88798,36,1,3.75
88799,25,2,2.2
88800,50,2,2.5
88800,78,1,4.5
88801,55,2,4.0
88802,43,2,3.0
88803,47,1,3.0
88803,79,1,3.75
88804,24,1,3.0
88805,37,2,3.0
88806,35,1,3.1
88807,58,2,3.5
88808,44,2,2.5
88808,79,1,3.75
88809,53,2,3.0
88810,40,2,3.75
88810,64,2,0.8
88811,36,2,3.75
88812,38,2,3.75
88812,65,2,0.8
88812,72,1,3.25
88813,29,2,2.5
88813,76,1,3.5
88814,44,2,2.5
88815,38,2,3.75
88815,64,2,0.8
88816,44,2,2.5
88816,69,1,3.25
88817,35,2,3.1
88818,32,2,3.0
88819,29,1,2.5
88820,44,2,2.5
88820,71,1,3.75
88821,53,2,3.0
88822,42,2,2.5
88823,35,2,3.1
88824,50,1,2.5
88825,49,1,3.0
88826,25,1,2.2
88827,40,1,3.75
88827,70,1,3.25
88828,28,2,2.0
88829,40,2,3.75
88829,73,1,3.75
88830,37,2,3.0
88831,37,2,3.0
88831,65,2,0.8
88832,47,2,3.0
88833,36,1,3.75
88834,26,1,3.0
88835,31,1,2.2
88836,57,2,3.1
88837,25,2,2.2
88838,57,2,3.1
88839,37,1,3.0
88839,75,1,3.5
88840,30,1,3.0
88841,23,3,2.5
88842,41,1,4.25
88843,58,1,3.5
88844,33,1,3.5
88845,52,1,2.5
88846,33,1,3.5
88846,20,1,7.6
88847,30,1,3.0
88848,35,2,3.1
88848,5,1,15.0
88849,32,2,3.0
88850,46,2,2.5
88850,79,1,3.75
88851,46,2,2.5
88852,53,1,3.0
88853,26,1,3.0
88854,60,1,3.75
88855,31,1,2.2
88855,6,1,21.0
88856,58,1,3.5
88857,47,1,3.0
88858,37,1,3.0
88858,65,2,0.8
88859,48,2,2.5
88860,48,1,2.5
88861,34,1,2.45
88861,79,1,3.75
88862,24,2,3.0
88863,28,1,2.0
88864,44,2,2.5
88864,70,1,3.25
88865,50,1,2.5
88866,48,1,2.5
88866,70,1,3.25
88867,34,2,2.45
88868,28,2,2.0
88869,57,1,3.1
88870,46,2,2.5
88871,31,3,2.2
88872,50,1,2.5
88873,32,2,3.0
88874,24,2,3.0
88875,35,2,3.1
88876,47,2,3.0
88877,33,1,3.5
88878,49,1,3.0
88879,59,1,4.5
88880,24,2,3.0
88881,43,2,3.0
88882,57,1,3.1
88883,23,2,2.5
88884,40,1,3.75
88884,72,1,3.25
88885,46,2,2.5
88886,28,1,2.0
88887,32,1,3.0
88888,48,2,2.5
88889,57,2,3.1
88889,8,1,45.0
88890,41,2,4.25
88890,65,2,0.8
88891,22,2,2.0
88892,56,2,2.55
88892,82,1,12.0
88893,52,2,2.5
88894,58,1,3.5
88895,60,1,3.75
88896,59,1,4.5
88897,24,2,3.0
88897,76,1,3.5
88898,60,2,3.75
88899,51,1,3.0
88900,50,1,2.5
88901,52,3,2.5
88902,44,2,2.5
88903,59,2,4.5
88904,33,1,3.5
88905,34,1,2.45
88906,60,1,3.75
88907,47,1,3.0
88907,79,1,3.75
88908,41,2,4.25
88908,65,1,0.8
88908,69,1,3.25
88909,53,2,3.0
88909,16,1,8.95
88910,47,1,3.0
88911,29,1,2.5
88912,49,2,3.0
88912,75,1,3.5
88913,36,1,3.75
88914,37,2,3.0
88914,63,1,0.8
88915,42,1,2.5
88916,44,2,2.5
88916,78,1,4.5
88917,54,2,2.5
88918,35,1,3.1
88918,72,1,3.25
88919,23,1,2.5
88920,26,1,3.0
88920,77,1,3.0
88921,38,2,3.75
88921,63,2,0.8
88922,33,2,3.5
88923,24,1,3.0
88924,57,1,3.1
88925,54,2,2.5
88925,77,1,3.0
88926,35,2,3.1
88926,72,1,4.06
88927,44,2,2.5
88928,32,1,3.0
88929,39,2,4.25
88930,44,2,2.5
88930,71,1,3.75
88931,35,2,3.1
88932,37,1,3.0
88933,42,1,2.5
88934,50,2,2.5
88935,22,1,2.0
88936,32,1,3.0
88937,60,2,3.75
88938,56,2,2.55
88939,37,2,3.0
88940,46,1,2.5
88941,36,3,3.75
88941,18,1,6.4
88942,61,2,4.75
88943,41,1,4.25
88943,64,2,0.8
88944,49,1,3.0
88944,79,1,3.75
88945,24,2,3.0
88946,39,1,4.25
88947,59,1,4.5
88948,46,1,2.5
88949,43,1,3.0
88949,75,1,3.5
88950,52,2,2.5
88951,42,2,2.5
88952,28,2,2.0
88953,55,2,4.0
88954,40,1,3.75
88954,63,2,0.8
88954,71,1,3.75
88955,45,1,3.0
88956,38,2,3.75
88957,46,2,2.5
88958,30,1,3.0
88959,36,2,3.75
88960,30,1,3.0
88961,61,1,4.75
88962,34,1,2.45
88963,58,1,3.5
88964,61,1,4.75
88965,39,2,4.25
88966,51,2,3.0
88967,50,2,2.5
88967,77,1,3.0
88968,30,1,3.0
88969,45,1,3.0
88969,69,1,3.25
88970,28,1,2.0
88971,59,1,4.5
88972,29,3,2.5
88973,37,1,3.0
88974,24,2,3.0
88975,22,1,2.0
88976,53,1,3.0
88977,28,2,2.0
88978,44,1,2.5
88978,71,1,3.75
88979,59,1,4.5
88980,23,1,2.5
88981,53,1,3.0
88982,25,1,2.2
88983,39,1,4.25
88983,63,1,0.8
88984,41,2,4.25
88984,63,2,0.8
88985,52,1,2.5
88986,46,2,2.5
88987,84,1,0.8
88987,39,1,4.25
88988,55,2,4.0
88989,41,1,4.25
88990,23,1,2.5
88991,55,1,4.0
88992,53,1,3.0
88993,43,2,3.0
88994,39,1,4.25
88995,49,2,3.0
88996,46,2,2.5
88997,24,2,3.0
88998,49,3,3.0
88999,48,1,2.5
89000,22,1,2.0
89001,38,1,3.75
89002,39,2,4.25
89003,50,1,2.5
89004,36,1,3.75
89004,78,1,4.5
89005,23,2,2.5
89006,45,2,3.0
89007,32,1,3.0
89008,27,2,3.5
89009,29,2,2.5
89010,34,1,2.45
89011,37,2,3.0
89011,63,2,0.8
89012,26,1,3.0
89013,35,2,3.1
89014,46,2,2.5
89014,5,1,15.0
89015,46,2,2.5
89016,48,2,2.5
89017,25,1,2.2
89018,34,2,2.45
89019,27,1,3.5
89020,42,2,2.5
89021,40,1,3.75
89021,84,2,0.8
89022,38,1,3.75
89023,87,2,3.0
89024,48,2,2.5
89025,41,1,4.25
89026,23,1,2.5
89027,59,2,4.5
89027,17,1,9.5
89027,82,1,12.0
89028,37,1,3.0
89028,63,1,0.8
89028,82,1,12.0
89029,61,1,4.75
89030,23,2,2.5
89030,17,1,9.5
89031,50,2,2.5
89032,49,1,3.0
89033,22,2,2.0
89034,43,2,3.0
89035,37,1,3.0
89036,57,2,3.1
89037,34,2,2.45
89038,52,1,2.5
89039,55,1,4.0
89039,77,1,3.0
89040,52,2,2.5
89041,52,1,2.5
89042,48,2,2.5
89042,73,1,3.75
89043,35,2,3.1
89044,29,2,2.5
89044,78,1,4.5
89045,42,2,2.5
89046,56,2,2.55
89047,49,2,3.0
89048,55,2,4.0
89049,26,1,3.0
89050,34,2,2.45
89051,28,2,2.0
89052,22,1,2.0
89053,27,2,3.5
89054,37,2,3.0
89055,32,1,3.0
89056,43,2,3.0
89057,34,1,2.45
89057,78,1,4.5
89058,35,2,3.1
89059,45,1,3.0
89060,31,1,2.2
89061,61,2,4.75
89062,51,1,3.0
89062,74,1,3.5
89063,30,1,3.0
89063,71,1,3.75
89063,12,1,8.95
89064,54,2,2.5
89065,29,1,2.5
89066,31,2,2.2
89067,50,2,2.5
89068,31,2,2.2
89069,27,1,3.5
89069,75,1,3.5
89070,37,2,3.0
89070,64,1,0.8
89071,32,1,3.0
89072,34,1,2.45
89072,35,1,3.1
89073,50,1,2.5
89074,47,1,3.0
89075,47,2,3.0
89076,35,2,3.1
89077,49,2,3.0
89078,50,2,2.5
89078,79,1,3.75
89079,39,1,4.25
89079,63,2,0.8
89080,48,1,2.5
89081,22,2,2.0
89082,30,2,3.0
89083,22,2,2.0
89084,37,1,3.0
89085,32,2,3.0
89086,46,1,2.5
89087,22,1,2.0
89088,61,1,4.75
89089,57,2,3.1
89090,61,2,4.75
89091,45,1,3.0
89092,59,2,4.5
89093,44,1,2.5
89094,39,1,4.25
89094,77,1,3.0
89095,22,1,2.0
89096,50,2,2.5
89097,54,2,2.5
89098,56,2,2.55
89098,74,1,3.5
89099,47,2,3.0
89100,27,2,3.5
89101,53,2,3.0
89102,61,2,4.75
89103,28,2,2.0
89104,39,1,4.25
89105,58,2,3.5
89106,34,2,2.45
89107,22,1,2.0
89108,24,2,3.0
89108,72,1,3.25
89109,47,2,3.0
89110,57,1,3.1
89111,50,2,2.5
89112,25,2,2.2
89113,87,2,3.0
89114,25,1,2.2
89115,41,2,4.25
89116,47,2,3.0
89116,79,1,3.75
89117,45,1,3.0
89118,23,1,2.5
89119,45,1,3.0
89120,41,1,4.25
89120,74,1,3.5
89121,31,1,2.2
89122,61,1,4.75
89123,47,1,3.0
89124,54,2,2.5
89125,37,2,3.0
89126,28,1,2.0
89127,33,2,3.5
89128,53,2,3.0
89129,24,1,3.0
89130,51,1,3.0
89131,40,2,3.75
89132,44,1,2.5
89133,87,2,3.0
89134,30,2,3.0
89135,44,1,2.5
89135,74,1,3.5
89136,56,1,2.55
89137,47,1,3.0
89138,40,1,3.75
89139,57,1,3.1
89140,43,1,3.0
89140,76,1,3.5
89141,30,2,3.0
89141,74,1,3.5
89142,45,2,3.0
89142,71,1,3.75
89143,22,2,2.0
89144,87,1,3.0
89144,70,1,3.25
89145,39,1,4.25
89145,75,1,3.5
89146,45,2,3.0
89147,40,2,3.75
89148,54,1,2.5
89149,53,2,3.0
89150,38,1,3.75
89150,75,1,3.5
89151,34,1,2.45
89152,57,2,3.1
89153,38,1,3.75
89154,25,2,2.2
89155,26,1,3.0
89156,27,2,3.5
89157,39,2,4.25
89158,29,2,2.5
89159,50,1,2.5
89160,54,1,2.5
89161,26,1,3.0
89162,22,2,2.0
89163,55,1,4.0
89164,34,2,2.45
89165,55,2,4.0
89166,36,2,3.75
89166,76,1,3.5
89167,42,1,2.5
89168,36,1,3.75
89169,45,2,3.0
89170,24,1,3.0
89171,42,2,2.5
89172,53,2,3.0
89173,54,1,2.5
89174,56,1,2.55
89174,77,1,3.0
89175,33,2,3.5
89176,56,2,2.55
89177,48,1,2.5
89178,23,1,2.5
89179,32,1,3.0
89180,47,2,3.0
89181,43,2,3.0
89182,36,2,3.75
89183,54,1,2.5
89184,25,2,2.2
89185,59,1,4.5
89186,37,2,3.0
89187,26,2,3.0
89188,59,1,4.5
89189,54,2,2.5
89190,40,2,3.75
89191,34,1,2.45
89192,34,2,2.45
89193,34,2,2.45
89194,44,2,2.5
89195,36,2,3.75
89195,74,1,3.5
89196,27,1,3.5
89197,45,2,3.0
89198,57,2,3.1
89199,60,2,3.75
89200,61,2,4.75
89201,41,1,4.25
89202,23,1,2.5
89203,61,1,4.75
89204,55,1,4.0
89205,34,1,2.45
89206,47,1,3.0
89207,50,2,2.5
89208,56,2,2.55
89209,54,2,2.5
89210,24,1,3.0
89211,50,1,2.5
89212,37,2,3.0
89213,30,1,3.0
89214,26,2,3.0
89214,72,1,3.25
89215,29,2,2.5
89216,37,2,3.0
89216,69,1,3.25
89217,26,2,3.0
89218,50,1,2.5
89219,47,1,3.0
89220,40,2,3.75
89220,72,1,3.25
89221,23,1,2.5
89222,43,2,3.0
89223,58,1,3.5
89224,33,2,3.5
89225,46,2,2.5
89226,36,2,3.75
89227,61,2,4.75
89228,27,2,3.5
89228,71,1,3.75
89229,61,1,4.75
89230,54,1,2.5
89231,32,2,3.0
89232,41,2,4.25
89233,33,2,3.5
89234,25,2,2.2
89235,23,2,2.5
89236,31,1,2.2
89237,40,1,3.75
89238,22,1,2.0
89238,77,1,3.0
89239,48,2,2.5
89240,36,2,3.75
89241,55,1,4.0
89242,24,1,3.0
89243,58,2,3.5
89243,74,1,3.5
89244,47,2,3.0
89245,47,1,3.0
89246,40,1,3.75
89246,79,1,3.75
89247,32,1,3.0
89248,48,2,2.5
89249,41,2,4.25
89250,43,2,3.0
89251,39,1,4.25
89252,57,1,3.1
89252,69,1,3.25
89253,60,2,3.75
89254,34,2,2.45
89255,26,1,3.0
89255,69,1,3.25
89256,46,2,2.5
89257,52,2,2.5
89258,49,1,3.0
89259,36,1,3.75
89260,52,1,2.5
89261,36,2,3.75
89262,51,2,3.0
89263,61,2,4.75
89264,47,1,3.0
89265,23,2,2.5
89265,73,1,3.75
89266,32,1,3.0
89266,73,1,3.75
89267,38,1,3.75
89267,76,1,3.5
89268,48,1,2.5
89269,22,1,2.0
89270,38,1,3.75
89270,75,1,3.5
89271,55,2,4.0
89272,47,2,3.0
89272,75,1,3.5
89273,39,2,4.25
89274,31,2,2.2
89275,57,1,3.1
89275,71,1,3.75
89276,23,1,2.5
89277,59,1,4.5
89278,51,2,3.0
89279,59,1,4.5
89280,40,1,3.75
89281,47,1,3.0
89281,79,1,3.75
89282,22,1,2.0
89282,70,1,3.25
89283,46,1,2.5
89284,43,1,3.0
89285,22,2,2.0
89286,52,1,2.5
89287,52,2,2.5
89288,54,2,2.5
89289,54,1,2.5
89290,52,1,2.5
89291,87,1,3.0
89292,47,2,3.0
89293,25,2,2.2
89294,54,2,2.5
89295,47,1,3.0
89296,40,1,3.75
89297,38,2,3.75
89298,31,1,2.2
89299,59,2,4.5
89299,76,1,3.5
89300,60,2,3.75
89300,77,1,3.0
89301,38,2,3.75
89302,49,2,3.0
89303,40,2,3.75
89304,31,2,2.2
89305,44,2,2.5
89306,32,2,3.0
89307,42,2,2.5
89308,57,2,3.1
89309,35,2,3.1
89309,78,1,4.5
89310,30,2,3.0
89311,23,1,2.5
89312,24,2,3.0
89313,24,1,3.0
89314,51,2,3.0
89314,72,1,3.25
89315,54,2,2.5
89315,75,1,3.5
89316,31,2,2.2
89317,45,2,3.0
89318,50,1,2.5
89319,45,1,3.0
89319,74,1,3.5
89320,57,2,3.1
89320,74,1,3.5
89321,31,1,2.2
89322,40,2,3.75
89323,55,1,4.0
89324,60,1,3.75
89324,71,1,3.75
89325,33,2,3.5
89326,27,2,3.5
89326,74,1,3.5
89327,55,1,4.0
89328,47,1,3.0
89328,61,1,4.75
89329,52,2,2.5
89330,32,1,3.0
89331,40,2,3.75
89332,57,2,3.1
89333,46,1,2.5
89334,25,2,2.2
89335,38,1,3.75
89336,58,2,3.5
89337,33,2,3.5
89338,51,2,3.0
89339,27,2,3.5
89340,47,2,3.0
89341,30,1,3.0
89342,48,2,2.5
89343,23,1,2.5
89343,69,1,3.25
89344,35,2,3.1
89344,79,1,3.75
89345,50,2,2.5
89346,38,2,3.75
89347,54,1,2.5
89348,54,1,2.5
89348,72,1,3.25
89349,26,2,3.0
89350,36,2,3.75
89351,45,2,3.0
89352,33,2,3.5
89353,48,2,2.5
89354,58,1,3.5
89355,53,2,3.0
89356,37,2,3.0
89356,69,1,3.25
89357,58,2,3.5
89358,34,1,2.45
89359,23,1,2.5
89360,49,1,3.0
89361,56,2,2.55
89362,59,2,4.5
89363,39,2,4.25
89364,51,2,3.0
89365,52,2,2.5
89366,60,2,3.75
89367,29,1,2.5
89368,34,2,2.45
89368,73,1,3.75
89369,49,2,3.0
89370,30,2,3.0
89371,36,1,3.75
89372,47,1,3.0
89373,44,1,2.5
89374,43,2,3.0
89375,29,2,2.5
89375,70,1,3.25
89376,27,2,3.5
89377,46,1,2.5
89378,39,2,4.25
89379,24,1,3.0
89380,58,1,3.5
89381,52,1,2.5
89381,69,1,3.25
89382,87,1,3.0
89383,28,2,2.0
89384,50,2,2.5
89385,26,2,3.0
89386,49,2,3.0
89387,33,2,3.5
89388,27,1,3.5
89388,69,1,3.25
89389,34,2,2.45
89389,71,1,3.75
89390,42,1,2.5
89391,59,1,4.5
89392,36,1,3.75
89393,35,2,3.1
89394,50,2,2.5
89395,50,2,2.5
89396,25,2,2.2
89397,38,1,3.75
89398,49,2,3.0
89399,61,2,4.75
89400,54,2,2.5
89401,60,2,3.75
89402,25,1,2.2
89403,51,1,3.0
89404,24,1,3.0
89405,39,2,4.25
89406,48,2,2.5
89407,39,1,4.25
89408,59,1,4.5
89409,43,1,3.0
89410,34,1,2.45
89410,77,1,3.0
89411,48,2,2.5
89412,44,2,2.5
89413,38,1,3.75
89414,35,2,3.1
89415,54,2,2.5
89416,29,2,2.5
89417,37,1,3.0
89418,47,1,3.0
89419,29,2,2.5
89420,34,2,2.45
89420,74,1,3.5
89421,31,2,2.2
89422,60,1,3.75
89423,49,2,3.0
89424,42,2,2.5
89425,60,1,3.75
89426,53,1,3.0
89427,29,1,2.5
89428,60,1,3.75
89429,28,2,2.0
89430,52,1,2.5
89431,33,1,3.5
89432,56,1,2.55
89433,23,1,2.5
89434,33,1,3.5
89434,75,1,3.5
89435,54,1,2.5
89436,38,2,3.75
89437,40,2,3.75
89437,72,1,3.25
89438,44,1,2.5
89439,32,2,3.0
89440,48,1,2.5
89441,30,1,3.0
89442,59,1,4.5
89443,31,2,2.2
89443,73,1,3.75
89444,53,1,3.0
89445,61,1,4.75
89445,72,1,3.25
89446,29,2,2.5
89447,54,2,2.5
89448,35,2,3.1
89449,37,1,3.0
89450,57,1,3.1
89450,75,1,3.5
89451,27,1,3.5
89451,70,1,3.25
89452,45,1,3.0
89453,26,2,3.0
89454,47,1,3.0
89454,78,1,4.5
89455,61,1,4.75
89456,28,1,2.0
89457,34,1,2.45
89457,77,1,3.0
89458,33,1,3.5
89459,43,2,3.0
89460,49,2,3.0
89461,41,1,4.25
89462,57,2,3.1
89463,44,2,2.5
89464,30,2,3.0
89465,28,2,2.0
89466,49,1,3.0
89466,78,1,4.5
89467,45,1,3.0
89468,26,1,3.0
89469,37,2,3.0
89470,25,2,2.2
89470,72,1,3.25
89471,28,1,2.0
89471,71,1,3.75
89472,54,2,2.5
89473,33,2,3.5
89474,49,1,3.0
89475,58,1,3.5
89476,58,1,3.5
89477,52,2,2.5
89478,59,2,4.5
89479,60,2,3.75
89480,57,2,3.1
89481,24,1,3.0
89482,35,1,3.1
89483,26,1,3.0
89484,58,2,3.5
89485,61,2,4.75
89486,59,2,4.5
89487,22,2,2.0
89487,69,1,3.25
89488,54,2,2.5
89489,59,1,4.5
89490,39,1,4.25
89491,53,1,3.0
89491,73,1,3.75
89492,55,2,4.0
89493,47,2,3.0
89493,74,1,3.5
89494,55,1,4.0
89494,75,1,3.5
89495,33,1,3.5
89496,35,2,3.1
89497,59,2,4.5
89498,33,2,3.5
89499,46,2,2.5
89500,58,2,3.5
89501,28,2,2.0
89502,47,2,3.0
89503,60,2,3.75
89504,31,2,2.2
89505,57,1,3.1
89505,77,1,3.0
89506,60,1,3.75
89507,44,2,2.5
89508,25,2,2.2
89509,39,1,4.25
89509,72,1,3.25
89510,87,1,3.0
89511,59,1,4.5
89512,28,2,2.0
89513,32,2,3.0
89514,44,2,2.5
89515,30,2,3.0
89516,51,2,3.0
89517,44,2,2.5
89518,27,1,3.5
89519,40,2,3.75
89520,54,2,2.5
89521,87,1,3.0
89521,73,1,3.75
89522,42,2,2.5
89523,43,1,3.0
89524,38,2,3.75
89525,36,1,3.75
89526,54,2,2.5
89526,69,1,3.25
89527,32,2,3.0
89528,57,1,3.1
89529,56,1,2.55
89530,37,1,3.0
89531,40,1,3.75
89532,40,1,3.75
89533,22,2,2.0
89534,53,1,3.0
89535,54,2,2.5
89536,39,2,4.25
89536,76,1,3.5
89537,32,2,3.0
89538,45,2,3.0
89539,35,1,3.1
89539,70,1,3.25
89540,33,1,3.5
89541,22,2,2.0
89542,49,1,3.0
89543,57,1,3.1
89544,45,2,3.0
89545,48,2,2.5
89546,53,1,3.0
89547,54,1,2.5
89548,27,2,3.5
89548,71,1,3.75
89549,46,2,2.5
89550,34,1,2.45
89551,41,2,4.25
89552,39,2,4.25
89553,25,1,2.2
89554,36,2,3.75
89555,49,1,3.0
89556,26,1,3.0
89557,44,2,2.5
89558,32,1,3.0
89559,22,1,2.0
89559,73,1,3.75
89560,34,1,2.45
89560,69,1,3.25
89561,32,2,3.0
89561,78,1,4.5
89562,24,2,3.0
89563,25,1,2.2
89564,41,2,4.25
89565,24,1,3.0
89565,71,1,3.75
89566,55,1,4.0
89566,78,1,4.5
89567,60,2,3.75
89568,61,1,4.75
89569,33,2,3.5
89570,61,1,4.75
89570,77,1,3.0
89571,26,1,3.0
89572,25,1,2.2
89573,57,1,3.1
89574,27,1,3.5
89575,26,1,3.0
89576,34,2,2.45
89577,32,1,3.0
89577,78,1,4.5
89578,35,2,3.1
89579,42,2,2.5
89580,49,2,3.0
89581,39,2,4.25
89582,55,2,4.0
89583,55,1,4.0
89583,71,1,3.75
89584,41,2,4.25
89584,79,1,3.75
89585,58,2,3.5
89586,24,2,3.0
89587,26,2,3.0
89588,22,2,2.0
89589,45,2,3.0
89590,35,1,3.1
89591,32,2,3.0
89592,48,1,2.5
89593,29,1,2.5
89594,42,1,2.5
89595,59,1,4.5
89596,33,2,3.5
89597,41,2,4.25
89598,39,2,4.25
89599,37,2,3.0
89600,28,1,2.0
89601,35,1,3.1
89602,52,2,2.5
89602,75,1,3.5
89603,61,2,4.75
89604,34,2,2.45
89605,24,1,3.0
89605,71,1,3.75
89606,44,1,2.5
89606,69,1,3.25
89607,51,1,3.0
89608,87,1,3.0
89609,34,2,2.45
89610,32,2,3.0
89611,25,1,2.2
89612,44,2,2.5
89613,61,2,4.75
89614,44,2,2.5
89614,77,1,3.0
89615,48,1,2.5
89616,60,2,3.75
89616,73,1,3.75
89617,24,1,3.0
89617,75,1,3.5
89618,43,2,3.0
89619,30,1,3.0
89620,42,1,2.5
89621,43,1,3.0
89622,35,2,3.1
89623,34,2,2.45
89624,44,1,2.5
89625,38,2,3.75
89626,54,2,2.5
89627,34,2,2.45
89628,60,1,3.75
89629,56,1,2.55
89630,23,2,2.5
89631,59,1,4.5
89632,30,2,3.0
89633,43,1,3.0
89634,22,2,2.0
89635,61,2,4.75
89635,72,1,3.25
89636,48,2,2.5
89637,34,2,2.45
89638,38,1,3.75
89639,37,2,3.0
89640,59,2,4.5
89640,71,1,3.75
89641,41,1,4.25
89642,24,2,3.0
89643,23,2,2.5
89644,46,1,2.5
89645,37,1,3.0
89646,25,2,2.2
89647,87,1,3.0
89648,61,1,4.75
89649,40,1,3.75
89649,75,1,3.5
89650,42,1,2.5
89651,42,2,2.5
89652,55,2,4.0
89653,24,1,3.0
89654,52,2,2.5
89655,57,1,3.1
89656,61,2,4.75
89657,58,2,3.5
89658,26,2,3.0
89659,42,1,2.5
89660,52,1,2.5
89661,53,1,3.0
89661,75,1,3.5
89662,60,2,3.75
89663,39,2,4.25
89664,43,1,3.0
89665,29,1,2.5
89666,30,2,3.0
89667,33,2,3.5
89668,39,2,4.25
89669,26,1,3.0
89670,50,2,2.5
89671,55,2,4.0
89672,41,2,4.25
89673,46,2,2.5
89674,54,2,2.5
89675,57,2,3.1
89676,58,2,3.5
89677,56,1,2.55
89678,58,1,3.5
89679,43,1,3.0
89680,30,2,3.0
89681,31,2,2.2
89682,87,2,3.0
89683,38,2,3.75
89684,34,1,2.45
89685,29,2,2.5
89686,44,2,2.5
89687,54,2,2.5
89688,27,2,3.5
89688,71,1,3.75
89689,31,2,2.2
89690,57,1,3.1
89691,28,2,2.0
89691,74,1,3.5
89692,41,2,4.25
89692,76,1,3.5
89693,60,2,3.75
89693,70,1,3.25
89694,52,1,2.5
89694,79,1,3.75
89695,31,1,2.2
89696,37,2,3.0
89697,39,1,4.25
89697,73,1,3.75
89698,50,1,2.5
89699,36,1,3.75
89699,71,1,3.75
89700,54,1,2.5
89701,52,1,2.5
89702,38,2,3.75
89703,45,1,3.0
89704,44,2,2.5
89704,78,1,4.5
89705,46,2,2.5
89706,24,1,3.0
89707,29,1,2.5
89708,40,2,3.75
89709,31,2,2.2
89709,76,1,3.5
89710,56,1,2.55
89711,41,1,4.25
89712,47,2,3.0
89713,46,2,2.5
89714,23,2,2.5
89715,35,1,3.1
89716,35,2,3.1
89717,53,2,3.0
89718,29,2,2.5
89718,36,2,3.75
89719,33,1,3.5
89720,46,1,2.5
89721,42,1,2.5
89721,71,1,3.75
89722,33,2,3.5
89723,27,2,3.5
89724,49,2,3.0
89724,77,1,3.0
89725,31,2,2.2
89726,38,2,3.75
89727,44,2,2.5
89728,31,2,2.2
89729,42,2,2.5
89729,79,1,3.75
89729,50,2,2.5
89729,75,1,3.5
89730,57,2,3.1
89731,61,1,4.75
89732,48,1,2.5
89733,50,2,2.5
89734,61,2,4.75
89735,41,1,4.25
89736,43,2,3.0
89736,71,1,3.75
89737,34,2,2.45
89738,31,1,2.2
89738,76,1,3.5
89739,46,1,2.5
89740,32,2,3.0
89741,42,2,2.5
89742,30,1,3.0
89742,48,2,2.5
89742,73,1,3.75
89743,23,2,2.5
89744,23,2,2.5
89745,32,2,3.0
89746,60,1,3.75
89747,27,1,3.5
89748,42,2,2.5
89749,29,1,2.5
89750,47,1,3.0
89750,69,1,3.25
89751,54,1,2.5
89752,42,2,2.5
89753,87,1,3.0
89754,54,1,2.5
89754,76,1,3.5
89755,34,2,2.45
89755,78,1,4.5
89756,42,2,2.5
89757,49,2,3.0
89758,55,1,4.0
89759,43,1,3.0
89760,39,1,4.25
89761,87,1,3.0
89762,29,2,2.5
89763,61,1,4.75
89764,56,1,2.55
89765,40,2,3.75
89766,48,2,2.5
89767,34,2,2.45
89768,41,1,4.25
89769,22,1,2.0
89770,30,2,3.0
89771,57,1,3.1
89771,77,1,3.0
89772,32,2,3.0
89773,35,1,3.1
89773,23,2,2.5
89774,47,2,3.0
89774,74,1,3.5
89775,32,1,3.0
89776,44,1,2.5
89777,37,1,3.0
89778,33,2,3.5
89779,56,1,2.55
89780,53,2,3.0
89781,35,1,3.1
89781,72,1,3.25
89782,42,1,2.5
89783,31,2,2.2
89784,87,1,3.0
89784,77,1,3.0
89785,33,2,3.5
89786,32,1,3.0
89787,35,1,3.1
89788,33,2,3.5
89789,55,1,4.0
89789,76,1,3.5
89790,28,1,2.0
89791,59,2,4.5
89792,37,2,3.0
89793,26,2,3.0
89794,36,1,3.75
89795,58,1,3.5
89796,33,1,3.5
89797,46,1,2.5
89798,23,1,2.5
89799,27,1,3.5
89800,36,2,3.75
89801,37,2,3.0
89802,50,2,2.5
89803,54,2,2.5
89804,42,1,2.5
89805,38,1,3.75
89806,44,2,2.5
89807,23,2,2.5
89808,52,1,2.5
89809,29,1,2.5
89810,29,2,2.5
89811,46,2,2.5
89811,74,1,3.5
89812,42,2,2.5
89813,45,2,3.0
89814,87,2,3.0
89815,29,1,2.5
89815,73,1,3.75
89816,28,1,2.0
89817,45,2,3.0
89817,70,1,3.25
89818,58,1,3.5
89818,69,1,3.25
89819,29,1,2.5
89820,36,2,3.75
89821,40,1,3.75
89822,22,1,2.0
89823,38,2,3.75
89824,50,1,2.5
89825,49,2,3.0
89826,31,2,2.2
89827,36,2,3.75
89828,52,2,2.5
89828,78,1,4.5
89829,49,1,3.0
89830,54,2,2.5
89831,52,1,2.5
89832,59,2,4.5
89833,32,2,3.0
89834,56,1,2.55
89835,59,1,4.5
89836,49,1,3.0
89836,74,1,3.5
89837,55,2,4.0
89838,36,2,3.75
89839,31,2,2.2
89840,37,1,3.0
89840,75,1,3.5
89841,35,1,3.1
89842,57,1,3.1
89842,73,1,3.75
89843,23,1,2.5
89844,24,1,3.0
89844,75,1,3.5
89845,34,2,2.45
89845,75,1,3.5
89846,25,1,2.2
89847,28,2,2.0
89848,87,2,3.0
89848,78,1,4.5
89849,46,2,2.5
89849,77,1,3.0
89850,43,2,3.0
89850,78,1,4.5
89851,58,1,3.5
89852,34,1,2.45
89853,57,2,3.1
89854,38,2,3.75
89855,36,1,3.75
89856,30,1,3.0
89857,43,1,3.0
89858,30,1,3.0
89859,58,2,3.5
89860,45,1,3.0
89861,35,1,3.1
89861,76,1,3.5
89862,31,1,2.2
89863,26,2,3.0
89864,37,2,3.0
89865,41,1,4.25
89866,37,1,3.0
89866,70,1,3.25
89867,46,1,2.5
89867,75,1,3.5
89868,57,1,3.1
89869,42,2,2.5
89870,32,1,3.0
89871,60,1,3.75
89872,38,2,3.75
89873,29,1,2.5
89874,35,1,3.1
89874,73,1,3.75
89875,47,1,3.0
89875,69,1,3.25
89876,23,2,2.5
89877,42,1,2.5
89878,31,2,2.2
89879,25,1,2.2
89879,77,1,3.0
89880,55,1,4.0
89881,55,2,4.0
89881,71,1,3.75
89882,51,2,3.0
89883,26,1,3.0
89884,27,2,3.5
89884,74,1,3.5
89885,34,1,2.45
89886,26,2,3.0
89887,27,1,3.5
89888,42,2,2.5
89889,24,1,3.0
89890,60,2,3.75
89891,45,1,3.0
89892,38,2,3.75
89893,60,2,3.75
89894,53,1,3.0
89895,47,2,3.0
89896,56,2,2.55
89897,40,2,3.75
89898,30,1,3.0
89899,54,2,2.5
89900,43,1,3.0
89901,39,1,4.25
89902,48,1,2.5
89903,53,2,3.0
89903,76,1,3.5
89904,32,1,3.0
89905,53,1,3.0
89906,50,2,2.5
89907,52,1,2.5
89908,49,2,3.0
89909,28,1,2.0
89909,78,1,4.5
89910,28,1,2.0
89911,38,2,3.75
89911,73,1,3.75
89912,33,2,3.5
89912,79,1,3.75
89913,41,2,4.25
89914,30,2,3.0
89914,79,1,3.75
89915,26,2,3.0
89916,54,2,2.5
89917,39,2,4.25
89918,54,1,2.5
89919,35,1,3.1
89920,47,2,3.0
89921,45,2,3.0
89922,57,1,3.1
89922,75,1,3.5
89923,25,2,2.2
89924,59,1,4.5
89925,59,1,4.5
89926,23,2,2.5
89927,57,2,3.1
89928,39,2,4.25
89929,26,2,3.0
89930,61,2,4.75
89931,37,2,3.0
89932,33,2,3.5
89933,27,1,3.5
89934,43,2,3.0
89935,54,2,2.5
89936,56,1,2.55
89937,59,1,4.5
89938,52,1,2.5
89938,76,1,3.5
89939,33,1,3.5
89940,33,2,3.5
89941,46,1,2.5
89942,53,1,3.0
89943,60,2,3.75
89944,61,2,4.75
89945,37,2,3.0
89946,32,2,3.0
89947,61,1,4.75
89948,43,1,3.0
89949,59,1,4.5
89950,54,2,2.5
89951,31,2,2.2
89952,55,2,4.0
89953,52,2,2.5
89954,36,1,3.75
89955,25,2,2.2
89955,77,1,3.0
89956,60,2,3.75
89957,57,2,3.1
89958,22,1,2.0
89959,41,1,4.25
89960,22,1,2.0
89961,22,2,2.0
89962,24,1,3.0
89963,34,2,2.45
89964,24,1,3.0
89965,49,2,3.0
89966,60,2,3.75
89967,54,1,2.5
89968,23,2,2.5
89969,29,1,2.5
89969,75,1,3.5
89970,51,2,3.0
89971,57,1,3.1
89972,36,1,3.75
89973,56,2,2.55
89974,38,2,3.75
89975,22,2,2.0
89976,38,2,3.75
89977,25,1,2.2
89978,28,2,2.0
89979,28,1,2.0
89979,71,1,3.75
89980,55,2,4.0
89981,23,2,2.5
89982,27,1,3.5
89983,51,2,3.0
89984,40,2,3.75
89984,74,1,3.5
89985,43,2,3.0
89986,35,2,3.1
89986,78,1,4.5
89987,24,2,3.0
89988,28,1,2.0
89989,22,1,2.0
89990,59,2,4.5
89991,28,2,2.0
89992,46,2,2.5
89993,32,1,3.0
89994,53,2,3.0
89995,39,2,4.25
89995,73,1,3.75
89996,29,1,2.5
89997,43,1,3.0
89998,60,2,3.75
89998,69,1,3.25
89999,32,1,3.0
89999,73,1,3.75
90000,45,1,3.0
90001,26,1,3.0
90002,43,2,3.0
90003,23,1,2.5
90004,35,2,3.1
90005,33,2,3.5
90006,59,2,4.5
90007,54,1,2.5
90008,38,1,3.75
90009,40,1,3.75
90010,46,1,2.5
90010,78,1,4.5
90011,24,2,3.0
90012,55,1,4.0
90013,41,1,4.25
90014,55,2,4.0
90015,22,1,2.0
90016,40,2,3.75
90017,32,2,3.0
90018,55,1,4.0
90019,36,1,3.75
90020,52,2,2.5
90021,36,2,3.75
90021,69,1,3.25
90022,34,1,2.45
90023,37,2,3.0
90024,51,2,3.0
90025,40,1,3.75
90026,39,2,4.25
90027,46,1,2.5
90027,77,1,3.0
90028,53,1,3.0
90029,51,1,3.0
90029,70,1,3.25
90030,50,2,2.5
90030,69,1,3.25
90031,45,2,3.0
90032,44,1,2.5
90033,55,1,4.0
90034,44,2,2.5
90035,51,2,3.0
90036,26,2,3.0
90037,43,1,3.0
90038,48,1,2.5
90038,70,1,3.25
90039,61,2,4.75
90040,27,2,3.5
90041,30,2,3.0
90041,76,1,3.5
90042,26,1,3.0
90043,56,1,2.55
90044,60,1,3.75
90045,33,1,3.5
90046,47,2,3.0
90047,37,1,3.0
90048,49,1,3.0
90049,22,1,2.0
90050,44,2,2.5
90051,51,1,3.0
90052,35,2,3.1
90053,54,1,2.5
90054,35,1,3.1
90055,26,1,3.0
90056,30,1,3.0
90057,40,1,3.75
90057,78,1,4.5
90058,32,1,3.0
90059,35,1,3.1
90060,56,1,2.55
90061,27,1,3.5
90062,48,1,2.5
90063,35,1,3.1
90064,55,1,4.0
90065,31,2,2.2
90065,78,1,4.5
90066,87,1,3.0
90067,61,2,4.75
90068,31,1,2.2
90069,60,2,3.75
90069,71,1,3.75
90070,51,1,3.0
90071,60,2,3.75
90072,28,2,2.0
90073,57,1,3.1
90073,70,1,3.25
90074,52,1,2.5
90075,47,1,3.0
90076,61,2,4.75
90077,42,1,2.5
90078,24,1,3.0
90079,53,2,3.0
90080,60,1,3.75
90081,53,1,3.0
90082,33,1,3.5
90082,70,1,3.25
90083,32,2,3.0
90083,79,1,3.75
90084,41,1,4.25
90084,75,1,3.5
90085,27,2,3.5
90086,53,2,3.0
90087,22,2,2.0
90088,45,1,3.0
90089,48,1,2.5
90089,75,1,3.5
90090,54,2,2.5
90091,42,2,2.5
90092,25,1,2.2
90093,25,1,2.2
90094,31,1,2.2
90095,24,1,3.0
90096,55,2,4.0
90097,48,1,2.5
90098,61,1,4.75
90099,48,2,2.5
90100,38,2,3.75
90100,77,1,3.0
90101,27,1,3.5
90102,55,1,4.0
90103,47,1,3.0
90104,49,1,3.0
90105,36,1,3.75
90106,55,2,4.0
90107,33,1,3.5
90108,44,1,2.5
90109,38,2,3.75
90110,26,1,3.0
90111,44,2,2.5
90112,39,1,4.25
90112,76,1,3.5
90113,58,1,3.5
90114,52,2,2.5
90115,25,1,2.2
90116,61,2,4.75
90116,75,1,3.5
90117,31,2,2.2
90118,47,1,3.0
90119,46,2,2.5
90119,69,1,3.25
90120,41,1,4.25
90121,29,1,2.5
90122,54,1,2.5
90123,47,2,3.0
90123,69,1,3.25
90124,42,1,2.5
90125,43,1,3.0
90125,75,1,3.5
90126,25,2,2.2
90127,53,2,3.0
90128,59,2,4.5
90129,54,2,2.5
90130,27,1,3.5
90130,78,1,4.5
90131,56,2,2.55
90132,56,1,2.55
90133,44,1,2.5
90134,25,2,2.2
90135,34,1,2.45
90136,51,2,3.0
90137,32,1,3.0
90138,46,2,2.5
90139,26,2,3.0
90140,34,1,2.45
90141,51,2,3.0
90142,32,2,3.0
90143,44,2,2.5
90144,22,2,2.0
90144,55,2,4.0
90145,40,2,3.75
90146,53,2,3.0
90147,53,1,3.0
90148,22,2,2.0
90149,33,2,3.5
90150,23,2,2.5
90151,22,1,2.0
90152,46,1,2.5
90153,54,1,2.5
90154,33,1,3.5
90155,51,2,3.0
90155,69,1,3.25
90156,37,2,3.0
90157,30,2,3.0
90158,41,1,4.25
90159,57,1,3.1
90160,39,1,4.25
90161,40,2,3.75
90162,55,2,4.0
90163,46,1,2.5
90164,38,2,3.75
90165,43,1,3.0
90166,50,2,2.5
90167,40,1,3.75
90168,23,1,2.5
90169,29,1,2.5
90170,46,2,2.5
90171,28,2,2.0
90172,25,2,2.2
90172,77,1,3.0
90173,55,1,4.0
90174,29,1,2.5
90175,50,2,2.5
90176,22,2,2.0
90176,70,1,3.25
90177,46,2,2.5
90178,54,1,2.5
90179,87,1,3.0
90180,87,2,3.0
90181,42,2,2.5
90182,48,1,2.5
90183,47,1,3.0
90184,47,1,3.0
90185,55,2,4.0
90186,44,1,2.5
90186,71,1,3.75
90187,30,1,3.0
90188,48,2,2.5
90189,33,2,3.5
90190,32,2,3.0
90191,27,1,3.5
90192,23,1,2.5
90193,50,1,2.5
90194,26,1,3.0
90195,43,1,3.0
90196,41,2,4.25
90197,37,1,3.0
90198,61,1,4.75
90199,30,1,3.0
90199,76,1,3.5
90200,58,1,3.5
90201,42,2,2.5
90202,55,1,4.0
90203,26,1,3.0
90204,43,1,3.0
90205,54,2,2.5
90206,26,2,3.0
90206,79,1,3.75
90207,25,2,2.2
90207,77,1,3.0
90208,61,1,4.75
90209,26,2,3.0
90209,73,1,3.75
90210,42,2,2.5
90211,23,1,2.5
90212,51,1,3.0
90213,23,1,2.5
90214,25,1,2.2
90215,25,2,2.2
90216,87,1,3.0
90217,44,2,2.5
90218,25,2,2.2
90219,46,1,2.5
90220,35,1,3.1
90221,50,1,2.5
90222,48,1,2.5
90222,76,1,3.5
90223,24,2,3.0
90224,58,2,3.5
90225,50,2,2.5
90226,51,1,3.0
90227,29,2,2.5
90228,25,1,2.2
90229,51,2,3.0
90230,51,2,3.0
90231,51,1,3.0
90232,56,1,2.55
90233,40,2,3.75
90234,55,2,4.0
90235,57,2,3.1
90236,27,2,3.5
90237,53,1,3.0
90238,56,1,2.55
90239,55,1,4.0
90240,61,2,4.75
90240,69,1,3.25
90241,32,1,3.0
90242,36,1,3.75
90243,48,2,2.5
90244,41,1,4.25
90245,33,1,3.5
90246,30,1,3.0
90247,56,1,2.55
90248,27,1,3.5
90248,70,1,3.25
90249,60,1,3.75
90250,41,2,4.25
90251,26,1,3.0
90251,77,1,3.0
90252,32,2,3.0
90253,25,1,2.2
90254,53,2,3.0
90255,28,1,2.0
90256,58,2,3.5
90257,46,1,2.5
90258,22,2,2.0
90259,50,1,2.5
90260,46,1,2.5
90261,30,1,3.0
90262,42,1,2.5
90263,53,2,3.0
90264,31,2,2.2
90264,75,1,3.5
90265,54,2,2.5
90266,45,1,3.0
90266,73,1,3.75
90267,52,2,2.5
90268,22,2,2.0
90269,30,2,3.0
90270,33,1,3.5
90271,29,2,2.5
90272,38,2,3.75
90273,53,1,3.0
90274,33,2,3.5
90275,38,1,3.75
90276,41,1,4.25
90276,76,1,3.5
90277,52,2,2.5
90278,50,2,2.5
90279,54,2,2.5
90280,46,2,2.5
90281,48,2,2.5
90282,42,2,2.5
90283,28,1,2.0
90284,54,1,2.5
90285,34,2,2.45
90286,61,2,4.75
90287,47,2,3.0
90288,40,2,3.75
90289,32,1,3.0
90290,32,1,3.0
90291,43,1,3.0
90292,49,1,3.0
90293,25,2,2.2
90293,69,1,3.25
90294,87,2,3.0
90295,41,2,4.25
90296,58,2,3.5
90297,25,1,2.2
90298,32,2,3.0
90299,42,2,2.5
90299,74,1,3.5
90300,45,2,3.0
90301,60,2,3.75
90301,71,1,3.75
90302,87,1,3.0
90303,45,2,3.0
90303,72,1,3.25
90304,26,2,3.0
90305,59,2,4.5
90306,37,1,3.0
90307,44,1,2.5
90308,59,2,4.5
90309,61,2,4.75
90309,79,1,3.75
90310,44,1,2.5
90311,32,1,3.0
90312,33,1,3.5
90313,48,2,2.5
90314,43,2,3.0
90315,41,1,4.25
90316,26,1,3.0
90317,43,1,3.0
90318,28,1,2.0
90319,56,1,2.55
90319,71,1,3.75
90320,37,1,3.0
90320,78,1,4.5
90321,35,2,3.1
90321,71,1,3.75
90322,57,1,3.1
90323,45,2,3.0
90324,24,1,3.0
90325,55,2,4.0
90326,27,1,3.5
90327,53,1,3.0
90328,39,2,4.25
90329,45,1,3.0
90330,24,1,3.0
90330,69,1,3.25
90331,61,2,4.75
90332,32,1,3.0
90333,43,1,3.0
90333,73,1,3.75
90334,48,2,2.5
90335,32,1,3.0
90335,75,1,3.5
90336,57,2,3.1
90337,43,1,3.0
90338,61,2,4.75
90339,24,2,3.0
90340,47,2,3.0
90341,23,2,2.5
90342,33,1,3.5
90343,47,1,3.0
90343,69,1,3.25
90344,54,1,2.5
90345,43,2,3.0
90346,23,2,2.5
90347,52,2,2.5
90348,60,1,3.75
90349,50,1,2.5
90350,25,2,2.2
90350,79,1,3.75
90351,27,2,3.5
90352,47,1,3.0
90352,71,1,3.75
90353,28,1,2.0
90353,77,1,3.0
90354,49,1,3.0
90355,45,1,3.0
90356,53,2,3.0
90357,22,1,2.0
90358,55,1,4.0
90358,79,1,3.75
90359,22,1,2.0
90360,43,1,3.0
90360,78,1,4.5
90361,54,2,2.5
90362,33,2,3.5
90362,69,1,3.25
90363,24,1,3.0
90364,59,1,4.5
90364,77,1,3.0
90365,56,2,2.55
90366,28,1,2.0
90367,60,1,3.75
90368,51,2,3.0
90369,60,1,3.75
90370,35,2,3.1
90371,50,2,2.5
90372,50,2,2.5
90373,50,1,2.5
90374,57,1,3.1
90375,57,2,3.1
90376,26,1,3.0
90377,32,2,3.0
90378,24,1,3.0
90379,37,2,3.0
90380,56,1,2.55
90381,25,1,2.2
90382,42,1,2.5
90383,40,1,3.75
90383,70,1,3.25
90384,87,2,3.0
90385,23,1,2.5
90385,56,1,2.55
90386,44,1,2.5
90387,25,1,2.2
90387,49,1,3.0
90388,51,1,3.0
90389,87,1,3.0
90390,52,1,2.5
90391,41,1,4.25
90392,51,1,3.0
90392,79,1,3.75
90393,30,2,3.0
90394,26,1,3.0
90395,56,1,2.55
90396,46,2,2.5
90397,59,1,4.5
90398,23,1,2.5
90399,55,2,4.0
90400,31,2,2.2
90401,29,2,2.5
90402,47,1,3.0
90403,36,2,3.75
90403,77,1,3.0
90404,22,2,2.0
90405,40,2,3.75
90406,32,2,3.0
90407,23,2,2.5
90408,58,1,3.5
90408,77,1,3.0
90409,40,1,3.75
90410,52,1,2.5
90411,45,2,3.0
90412,87,2,3.0
90413,51,2,3.0
90414,53,2,3.0
90415,47,1,3.0
90416,57,1,3.1
90417,24,2,3.0
90418,42,2,2.5
90419,50,2,2.5
90420,27,2,3.5
90421,56,1,2.55
90422,45,1,3.0
90422,76,1,3.5
90423,47,2,3.0
90424,40,2,3.75
90424,76,1,3.5
90425,51,2,3.0
90426,28,2,2.0
90427,57,1,3.1
90428,55,2,4.0
90429,27,2,3.5
90430,59,2,4.5
90431,61,1,4.75
90432,27,2,3.5
90433,43,2,3.0
90434,47,2,3.0
90435,52,1,2.5
90435,78,1,4.5
90436,38,2,3.75
90437,37,2,3.0
90438,33,1,3.5
90438,78,1,4.5
90439,52,1,2.5
90440,37,1,3.0
90441,30,1,3.0
90442,44,1,2.5
90443,24,1,3.0
90444,36,2,3.75
90445,23,2,2.5
90446,22,2,2.0
90446,71,1,3.75
90447,25,2,2.2
90448,50,2,2.5
90449,51,1,3.0
90449,73,1,3.75
90450,39,2,4.25
90451,22,2,2.0
90452,58,1,3.5
90453,58,2,3.5
90454,31,2,2.2
90455,57,1,3.1
90456,31,2,2.2
90457,61,2,4.75
90458,44,2,2.5
90459,29,1,2.5
90460,44,2,2.5
90461,56,1,2.55
90462,30,1,3.0
90463,25,1,2.2
90464,31,1,2.2
90465,35,2,3.1
90466,59,2,4.5
90467,46,1,2.5
90468,32,2,3.0
90469,30,2,3.0
90470,34,1,2.45
90471,54,1,2.5
90472,23,2,2.5
90473,40,2,3.75
90474,31,2,2.2
90475,39,2,4.25
90476,39,1,4.25
90477,53,1,3.0
90478,54,1,2.5
90479,36,1,3.75
90480,50,2,2.5
90481,57,2,3.1
90481,76,1,3.5
90482,52,2,2.5
90483,58,1,3.5
90484,37,1,3.0
90484,71,1,3.75
90485,46,2,2.5
90486,59,1,4.5
90486,75,1,3.5
90487,25,2,2.2
90488,61,1,4.75
90489,52,1,2.5
90490,43,1,3.0
90491,50,2,2.5
90492,28,2,2.0
90493,23,1,2.5
90494,47,2,3.0
90494,76,1,3.5
90495,59,2,4.5
90496,51,2,3.0
90497,37,2,3.0
90498,47,2,3.0
90499,34,2,2.45
90500,60,1,3.75
90500,70,1,3.25
90501,45,1,3.0
90501,69,1,3.25
90502,54,2,2.5
90503,55,2,4.0
90503,69,1,3.25
90504,50,2,2.5
90505,47,2,3.0
90506,45,2,3.0
90507,23,1,2.5
90507,71,1,3.75
90508,34,2,2.45
90509,39,1,4.25
90510,48,1,2.5
90511,46,2,2.5
90512,38,2,3.75
90513,34,2,2.45
90514,52,1,2.5
90515,36,2,3.75
90516,39,1,4.25
90517,24,2,3.0
90518,26,1,3.0
90518,70,1,3.25
90519,46,1,2.5
90520,36,2,3.75
90521,25,2,2.2
90522,22,2,2.0
90523,26,2,3.0
90524,56,1,2.55
90524,75,1,3.5
90525,23,1,2.5
90525,78,1,4.5
90526,60,1,3.75
90527,34,2,2.45
90527,76,1,3.5
90528,60,2,3.75
90529,23,1,2.5
90530,56,1,2.55
90531,40,1,3.75
90532,40,2,3.75
90533,28,1,2.0
90534,38,2,3.75
90534,77,1,3.0
90535,46,1,2.5
90536,51,2,3.0
90537,32,1,3.0
90538,32,1,3.0
90539,54,2,2.5
90539,72,1,3.25
90540,55,1,4.0
90541,44,2,2.5
90542,58,2,3.5
90543,61,2,4.75
90544,47,2,3.0
90545,61,2,4.75
90545,75,1,3.5
90546,25,2,2.2
90547,60,2,3.75
90547,78,1,4.5
90548,49,1,3.0
90548,49,1,3.0
90549,43,1,3.0
90550,60,1,3.75
90551,41,2,4.25
90552,30,1,3.0
90553,31,1,2.2
90554,36,1,3.75
90555,27,2,3.5
90556,46,1,2.5
90557,51,2,3.0
90558,35,2,3.1
90559,43,2,3.0
90559,71,1,3.75
90560,55,2,4.0
90561,53,1,3.0
90562,49,2,3.0
90563,22,1,2.0
90564,27,2,3.5
90564,79,1,3.75
90565,37,2,3.0
90566,55,1,4.0
90567,48,1,2.5
90568,36,2,3.75
90569,46,2,2.5
90570,32,2,3.0
90571,87,2,3.0
90572,52,2,2.5
90573,49,2,3.0
90574,24,1,3.0
90575,87,1,3.0
90576,59,1,4.5
90577,45,1,3.0
90578,51,2,3.0
90579,28,2,2.0
90580,49,2,3.0
90581,42,2,2.5
90582,56,1,2.55
90583,41,2,4.25
90584,51,1,3.0
90585,29,1,2.5
90586,34,1,2.45
90587,61,1,4.75
90588,39,2,4.25
90589,38,2,3.75
90590,38,2,3.75
90591,87,1,3.0
90591,69,1,3.25
90592,27,2,3.5
90593,58,2,3.5
90594,41,1,4.25
90595,26,2,3.0
90596,32,1,3.0
90597,35,2,3.1
90598,52,2,2.5
90599,49,2,3.0
90600,47,1,3.0
90601,37,1,3.0
90602,51,2,3.0
90603,60,2,3.75
90604,46,1,2.5
90604,76,1,3.5
90605,42,1,2.5
90606,40,1,3.75
90607,59,2,4.5
90608,44,2,2.5
90609,58,1,3.5
90610,37,2,3.0
90611,87,1,3.0
90612,36,2,3.75
90613,37,2,3.0
90614,36,1,3.75
90615,46,2,2.5
90616,30,1,3.0
90617,32,2,3.0
90618,44,1,2.5
90619,43,2,3.0
90620,42,2,2.5
90621,44,1,2.5
90622,45,2,3.0
90623,61,1,4.75
90624,50,2,2.5
90624,26,2,3.0
90624,73,1,3.75
90625,27,1,3.5
90625,79,1,3.75
90626,43,2,3.0
90627,42,1,2.5
90628,54,1,2.5
90629,54,2,2.5
90630,44,1,2.5
90631,26,2,3.0
90631,72,1,3.25
90632,22,2,2.0
90632,77,1,3.0
90633,25,2,2.2
90634,61,1,4.75
90635,29,1,2.5
90636,32,1,3.0
90637,40,1,3.75
90637,77,1,3.0
90638,36,2,3.75
90639,52,2,2.5
90640,54,2,2.5
90641,22,2,2.0
90642,61,2,4.75
90642,69,1,3.25
90643,53,1,3.0
90644,24,1,3.0
90645,37,2,3.0
90646,47,2,3.0
90647,28,2,2.0
90648,36,2,3.75
90649,51,1,3.0
90650,55,2,4.0
90651,29,1,2.5
90651,78,1,4.5
90652,38,2,3.75
90653,48,2,2.5
90654,50,1,2.5
90655,46,2,2.5
90656,87,2,3.0
90657,39,1,4.25
90658,58,1,3.5
90659,87,2,3.0
90660,57,1,3.1
90661,44,2,2.5
90662,54,1,2.5
90663,35,2,3.1
90664,61,2,4.75
90664,77,1,3.0
90665,57,1,3.1
90666,46,1,2.5
90667,26,1,3.0
90668,34,2,2.45
90669,50,2,2.5
90670,28,2,2.0
90671,46,2,2.5
90672,23,2,2.5
90673,22,2,2.0
90673,70,1,3.25
90674,33,2,3.5
90674,69,1,3.25
90675,38,2,3.75
90675,72,1,3.25
90676,58,1,3.5
90677,23,2,2.5
90678,23,1,2.5
90679,38,1,3.75
90680,33,1,3.5
90681,42,2,2.5
90682,46,1,2.5
90682,73,1,3.75
90683,54,2,2.5
90683,79,1,3.75
90684,47,2,3.0
90685,46,2,2.5
90686,34,1,2.45
90687,31,1,2.2
90688,53,2,3.0
90689,36,1,3.75
90690,43,1,3.0
90691,28,2,2.0
90692,60,2,3.75
90693,55,1,4.0
90693,79,1,3.75
90694,56,2,2.55
90695,28,2,2.0
90696,36,1,3.75
90697,54,2,2.5
90698,33,2,3.5
90699,24,2,3.0
90700,29,2,2.5
90701,35,1,3.1
90702,26,1,3.0
90703,51,1,3.0
90704,58,1,3.5
90705,25,1,2.2
90706,51,2,3.0
90706,78,1,4.5
90707,28,1,2.0
90708,39,2,4.25
90709,61,2,4.75
90710,26,1,3.0
90711,55,2,4.0
90712,52,1,2.5
90713,87,1,3.0
90714,34,2,2.45
90715,39,1,4.25
90716,58,1,3.5
90717,54,1,2.5
90718,33,1,3.5
90719,39,1,4.25
90720,45,2,3.0
90721,47,2,3.0
90722,29,1,2.5
90723,30,1,3.0
90724,22,1,2.0
90725,30,1,3.0
90725,78,1,4.5
90726,32,2,3.0
90727,48,2,2.5
90728,87,1,3.0
90729,50,1,2.5
90730,53,2,3.0
90731,59,1,4.5
90732,37,1,3.0
90733,30,1,3.0
90734,23,2,2.5
90735,27,2,3.5
90736,26,1,3.0
90737,54,1,2.5
90738,57,1,3.1
90739,31,2,2.2
90739,79,1,3.75
90740,60,1,3.75
90741,25,1,2.2
90741,73,1,3.75
90742,44,1,2.5
90742,72,1,3.25
90743,50,1,2.5
90744,61,1,4.75
90745,46,1,2.5
90746,53,2,3.0
90747,46,1,2.5
90748,46,1,2.5
90749,44,2,2.5
90750,36,2,3.75
90751,52,2,2.5
90752,50,2,2.5
90753,31,1,2.2
90754,57,1,3.1
90754,75,1,3.5
90755,60,2,3.75
90756,43,1,3.0
90757,38,1,3.75
90758,31,1,2.2
90758,54,2,2.5
90759,53,2,3.0
90760,32,2,3.0
90761,49,2,3.0
90762,60,2,3.75
90763,31,2,2.2
90764,32,1,3.0
90765,31,2,2.2
90766,28,1,2.0
90767,30,1,3.0
90768,39,2,4.25
90769,57,2,3.1
90770,54,1,2.5
90770,79,1,3.75
90771,47,1,3.0
90772,22,2,2.0
90773,51,2,3.0
90774,34,1,2.45
90774,77,1,3.0
90775,53,2,3.0
90776,34,2,2.45
90777,61,2,4.75
90778,36,1,3.75
90779,46,1,2.5
90780,32,1,3.0
90781,60,2,3.75
90782,50,2,2.5
90783,59,2,4.5
90784,50,2,2.5
90784,72,1,3.25
90785,49,1,3.0
90786,34,2,2.45
90786,72,1,3.25
90787,25,1,2.2
90788,29,1,2.5
90789,33,2,3.5
90790,57,1,3.1
90791,48,1,2.5
90792,50,2,2.5
90792,74,1,3.5
90793,24,2,3.0
90794,41,1,4.25
90795,23,1,2.5
90796,22,1,2.0
90797,50,1,2.5
90798,23,1,2.5
90799,50,1,2.5
90800,52,1,2.5
90801,29,2,2.5
90801,77,1,3.0
90802,61,2,4.75
90803,51,2,3.0
90804,46,2,2.5
90805,61,1,4.75
90806,58,2,3.5
90807,55,2,4.0
90808,33,1,3.5
90809,61,2,4.75
90809,74,1,3.5
90810,42,1,2.5
90811,44,2,2.5
90812,43,1,3.0
90813,55,1,4.0
90814,25,2,2.2
90815,36,2,3.75
90816,54,2,2.5
90817,53,2,3.0
90818,27,2,3.5
90819,57,2,3.1
90820,57,1,3.1
90821,32,2,3.0
90822,59,2,4.5
90823,40,1,3.75
90824,53,2,3.0
90824,70,1,3.25
90825,87,1,3.0
90826,35,1,3.1
90827,32,2,3.0
90828,47,1,3.0
90828,74,1,3.5
90829,54,1,2.5
90830,32,2,3.0
90831,57,1,3.1
90832,28,1,2.0
90833,34,2,2.45
90834,46,2,2.5
90835,48,2,2.5
90835,75,1,3.5
90836,25,2,2.2
90837,43,1,3.0
90837,69,1,3.25
90838,26,2,3.0
90839,30,1,3.0
90840,59,1,4.5
90841,47,1,3.0
90842,59,1,4.5
90843,29,1,2.5
90844,27,2,3.5
90844,74,1,3.5
90845,46,2,2.5
90846,30,1,3.0
90847,49,1,3.0
90848,40,2,3.75
90849,29,1,2.5
90849,79,1,3.75
90850,43,1,3.0
90850,73,1,3.75
90851,26,2,3.0
90852,40,2,3.75
90853,28,2,2.0
90854,40,2,3.75
90855,29,2,2.5
90856,42,2,2.5
90857,59,1,4.5
90858,26,1,3.0
90859,45,2,3.0
90860,60,1,3.75
90861,57,1,3.1
90862,36,1,3.75
90862,78,1,4.5
90863,32,2,3.0
90863,69,1,3.25
90864,36,2,3.75
90865,42,2,2.5
90866,22,1,2.0
90867,36,2,3.75
90868,29,2,2.5
90869,52,1,2.5
90870,53,2,3.0
90871,25,1,2.2
90872,25,2,2.2
90873,54,1,2.5
90874,27,2,3.5
90875,52,2,2.5
90876,52,1,2.5
90877,39,1,4.25
90878,53,1,3.0
90878,79,1,3.75
90879,52,2,2.5
90879,76,1,3.5
90880,46,1,2.5
90881,48,1,2.5
90881,77,1,3.0
90882,55,2,4.0
90883,41,1,4.25
90884,38,1,3.75
90885,37,2,3.0
90886,47,2,3.0
90886,74,1,3.5
90887,30,1,3.0
90888,27,2,3.5
90889,48,1,2.5
90890,51,1,3.0
90891,29,2,2.5
90891,73,1,3.75
90892,60,2,3.75
90892,75,1,3.5
90893,53,2,3.0
90894,58,2,3.5
90895,60,1,3.75
90896,51,2,3.0
90897,27,2,3.5
90898,52,2,2.5
90898,70,1,3.25
90899,30,2,3.0
90899,70,1,3.25
90900,61,2,4.75
90900,70,1,3.25
90901,32,1,3.0
90901,72,1,3.25
90902,61,1,4.75
90903,44,2,2.5
90904,51,1,3.0
90905,57,1,3.1
90906,44,1,2.5
90907,32,1,3.0
90908,53,2,3.0
90908,79,1,3.75
90909,55,1,4.0
90910,22,1,2.0
90911,27,1,3.5
90912,46,2,2.5
90912,78,1,4.5
90913,45,2,3.0
90914,55,1,4.0
90915,28,1,2.0
90916,45,2,3.0
90917,87,1,3.0
90918,43,2,3.0
90919,59,2,4.5
90919,78,1,4.5
90920,60,1,3.75
90920,73,1,3.75
90921,47,1,3.0
90922,50,2,2.5
90923,53,2,3.0
90924,40,1,3.75
90925,33,2,3.5
90926,35,2,3.1
90927,34,2,2.45
90928,45,2,3.0
90928,70,1,3.25
90929,46,1,2.5
90930,32,1,3.0
90931,56,1,2.55
90932,26,2,3.0
90933,37,2,3.0
90934,53,1,3.0
90935,33,1,3.5
90936,33,2,3.5
90937,39,1,4.25
90938,33,2,3.5
90938,70,1,3.25
90939,39,2,4.25
90940,22,2,2.0
90941,44,1,2.5
90941,77,1,3.0
90942,46,1,2.5
90943,22,1,2.0
90944,28,2,2.0
90945,22,2,2.0
90946,24,1,3.0
90947,32,1,3.0
90948,25,1,2.2
90948,71,1,3.75
90949,60,1,3.75
90950,61,2,4.75
90951,23,1,2.5
90952,37,1,3.0
90953,41,2,4.25
90954,36,1,3.75
90955,24,1,3.0
90956,29,2,2.5
90957,54,2,2.5
90958,29,2,2.5
90959,44,1,2.5
90960,50,1,2.5
90960,74,1,3.5
90961,58,2,3.5
90961,77,1,3.0
90962,61,1,4.75
90963,46,1,2.5
90963,76,1,3.5
90964,37,2,3.0
90965,38,1,3.75
90966,33,2,3.5
90966,73,1,3.75
90967,54,2,2.5
90968,54,1,2.5
90969,25,1,2.2
90970,30,1,3.0
90971,55,2,4.0
90972,51,1,3.0
90973,33,2,3.5
90974,51,2,3.0
90975,22,1,2.0
90976,33,2,3.5
90977,48,1,2.5
90978,31,2,2.2
90979,47,2,3.0
90980,43,2,3.0
90981,34,2,2.45
90982,59,2,4.5
90983,37,1,3.0
90984,40,2,3.75
90985,28,2,2.0
90986,55,1,4.0
90987,40,1,3.75
90988,51,1,3.0
90988,79,1,3.75
90989,45,2,3.0
90990,44,1,2.5
90991,46,1,2.5
90992,39,2,4.25
90992,70,1,3.25
90993,37,1,3.0
90994,50,2,2.5
90994,71,1,3.75
90995,44,2,2.5
90995,71,1,3.75
90996,57,1,3.1
90997,25,1,2.2
90998,47,2,3.0
90999,37,2,3.0
91000,60,1,3.75
91001,24,1,3.0
91002,55,2,4.0
91003,31,1,2.2
91003,71,1,3.75
91004,46,2,2.5
91005,22,2,2.0
91005,72,1,3.25
91006,22,1,2.0
91006,69,1,3.25
91007,59,2,4.5
91008,25,2,2.2
91009,40,1,3.75
91010,34,1,2.45
91011,49,2,3.0
91012,59,1,4.5
91013,34,1,2.45
91013,79,1,3.75
91014,28,1,2.0
91014,71,1,3.75
91015,40,1,3.75
91016,49,2,3.0
91017,22,2,2.0
91018,55,2,4.0
91019,33,1,3.5
91020,29,2,2.5
91020,70,1,3.25
91021,22,1,2.0
91022,59,2,4.5
91023,47,2,3.0
91024,32,1,3.0
91025,45,1,3.0
91025,77,1,3.0
91026,33,1,3.5
91027,40,2,3.75
91027,74,1,3.5
91028,56,2,2.55
91029,22,2,2.0
91030,38,2,3.75
91031,49,1,3.0
91031,69,1,3.25
91032,57,2,3.1
91032,74,1,3.5
91033,42,1,2.5
91034,33,2,3.5
91035,28,2,2.0
91035,75,1,3.5
91036,51,2,3.0
91037,22,1,2.0
91037,74,1,3.5
91038,23,2,2.5
91039,22,1,2.0
91039,37,1,3.0
91040,46,1,2.5
91040,69,1,3.25
91041,43,1,3.0
91042,52,1,2.5
91042,72,1,3.25
91043,22,2,2.0
91044,58,2,3.5
91045,36,1,3.75
91046,30,1,3.0
91047,33,1,3.5
91048,45,1,3.0
91049,40,1,3.75
91050,51,2,3.0
91050,74,1,3.5
91051,42,1,2.5
91051,69,1,3.25
91052,43,2,3.0
91053,24,2,3.0
91053,71,1,3.75
91054,59,2,4.5
91054,73,1,3.75
91055,46,1,2.5
91056,45,1,3.0
91057,32,2,3.0
91057,70,1,3.25
91058,55,2,4.0
91059,52,2,2.5
91060,30,2,3.0
91061,31,1,2.2
91062,36,1,3.75
91063,30,1,3.0
91064,31,1,2.2
91064,73,1,3.75
91065,51,2,3.0
91066,42,2,2.5
91067,46,2,2.5
91067,70,1,3.25
91068,57,2,3.1
91069,46,1,2.5
91069,72,1,3.25
91070,41,1,4.25
91071,55,1,4.0
91072,56,2,2.55
91073,58,1,3.5
91074,58,2,3.5
91075,60,2,3.75
91076,23,1,2.5
91077,43,2,3.0
91078,57,2,3.1
91079,44,1,2.5
91080,34,1,2.45
91081,24,2,3.0
91081,69,1,3.25
91082,41,1,4.25
91083,61,2,4.75
91084,22,1,2.0
91085,60,2,3.75
91086,59,1,4.5
91087,61,2,4.75
91088,32,1,3.0
91089,22,2,2.0
91090,37,1,3.0
91091,48,2,2.5
91092,38,2,3.75
91093,48,2,2.5
91094,30,2,3.0
91095,56,1,2.55
91095,78,1,4.5
91096,40,2,3.75
91097,57,2,3.1
91098,22,2,2.0
91099,41,1,4.25
91099,78,1,4.5
91100,25,1,2.2
91101,50,2,2.5
91102,40,1,3.75
91103,59,2,4.5
91103,78,1,4.5
91104,43,1,3.0
91104,74,1,3.5
91105,29,1,2.5
91106,36,2,3.75
91107,48,1,2.5
91108,60,1,3.75
91109,33,2,3.5
91110,48,2,2.5
91111,35,1,3.1
91112,61,1,4.75
91113,22,2,2.0
91114,37,1,3.0
91115,52,1,2.5
91116,61,2,4.75
91117,24,1,3.0
91118,44,2,2.5
91119,28,1,2.0
91120,50,2,2.5
91120,71,1,3.75
91121,53,1,3.0
91122,37,1,3.0
91123,35,2,3.1
91124,59,2,4.5
91125,46,1,2.5
91126,32,2,3.0
91127,37,2,3.0
91128,41,1,4.25
91129,52,1,2.5
91130,57,2,3.1
91131,36,1,3.75
91132,47,2,3.0
91133,50,2,2.5
91134,35,1,3.1
91135,56,1,2.55
91136,26,2,3.0
91137,37,1,3.0
91138,34,1,2.45
91139,47,2,3.0
91140,34,2,2.45
91141,22,2,2.0
91142,47,1,3.0
91143,22,1,2.0
91144,22,2,2.0
91145,45,1,3.0
91146,29,2,2.5
91147,57,1,3.1
91148,87,1,3.0
91149,25,1,2.2
91150,57,1,3.1
91150,79,1,3.75
91151,54,1,2.5
91152,35,1,3.1
91153,87,1,3.0
91154,40,2,3.75
91155,50,2,2.5
91156,51,2,3.0
91157,29,1,2.5
91158,51,2,3.0
91159,42,1,2.5
91160,57,1,3.1
91161,60,2,3.75
91162,50,2,2.5
91163,27,1,3.5
91164,55,1,4.0
91165,24,1,3.0
91166,55,1,4.0
91167,54,1,2.5
91168,50,2,2.5
91169,43,2,3.0
91170,50,2,2.5
91171,29,1,2.5
91172,51,2,3.0
91173,37,2,3.0
91174,31,2,2.2
91175,61,2,4.75
91176,46,2,2.5
91177,49,2,3.0
91178,87,1,3.0
91179,49,1,3.0
91179,79,1,3.75
91180,40,1,3.75
91181,28,1,2.0
91182,51,1,3.0
91183,27,1,3.5
91184,26,1,3.0
91185,60,1,3.75
91186,33,1,3.5
91187,40,1,3.75
91188,41,2,4.25
91189,34,2,2.45
91190,57,2,3.1
91191,38,1,3.75
91192,54,2,2.5
91193,58,2,3.5
91194,49,2,3.0
91195,46,1,2.5
91196,52,2,2.5
91197,28,2,2.0
91198,26,2,3.0
91199,47,1,3.0
91200,55,1,4.0
91201,28,2,2.0
91201,75,1,3.5
91202,56,1,2.55
91203,22,2,2.0
91203,79,1,3.75
91204,57,1,3.1
91205,54,1,2.5
91206,29,1,2.5
91207,35,1,3.1
91207,78,1,4.5
91208,40,2,3.75
91209,36,2,3.75
91210,32,1,3.0
91211,33,1,3.5
91211,72,1,3.25
91212,31,2,2.2
91212,72,1,3.25
91213,47,1,3.0
91214,46,2,2.5
91215,42,2,2.5
91215,74,1,3.5
91216,43,2,3.0
91216,79,1,3.75
91217,37,1,3.0
91218,23,1,2.5
91219,29,2,2.5
91219,69,1,3.25
91220,22,1,2.0
91221,25,1,2.2
91222,41,1,4.25
91223,33,1,3.5
91224,29,2,2.5
91225,54,1,2.5
91226,27,1,3.5
91227,43,2,3.0
91227,73,1,3.75
91228,45,1,3.0
91229,32,2,3.0
91230,54,1,2.5
91231,29,2,2.5
91232,33,2,3.5
91233,59,2,4.5
91233,70,1,3.25
91234,28,2,2.0
91235,28,2,2.0
91236,26,2,3.0
91237,41,1,4.25
91238,42,1,2.5
91239,30,2,3.0
91240,38,1,3.75
91241,51,2,3.0
91241,72,1,3.25
91242,38,2,3.75
91242,71,1,3.75
91243,26,2,3.0
91243,74,1,3.5
91244,57,2,3.1
91245,26,2,3.0
91246,22,2,2.0
91247,61,2,4.75
91247,70,1,3.25
91248,44,2,2.5
91249,50,2,2.5
91250,55,2,4.0
91250,79,1,3.75
91251,50,1,2.5
91252,24,2,3.0
91253,26,2,3.0
91254,33,2,3.5
91254,74,1,3.5
91255,27,2,3.5
91256,51,2,3.0
91257,54,2,2.5
91258,59,1,4.5
91259,87,1,3.0
91260,52,1,2.5
91261,50,2,2.5
91262,42,1,2.5
91263,24,1,3.0
91264,61,2,4.75
91265,53,2,3.0
91266,61,1,4.75
91267,54,1,2.5
91267,72,1,3.25
91268,60,2,3.75
91269,56,1,2.55
91270,39,2,4.25
91270,70,1,3.25
91271,37,2,3.0
91272,43,1,3.0
91273,60,2,3.75
91273,78,1,4.5
91274,47,2,3.0
91275,46,2,2.5
91276,46,1,2.5
91277,27,1,3.5
91278,41,1,4.25
91279,32,1,3.0
91280,37,2,3.0
91281,24,1,3.0
91281,70,1,3.25
91282,57,1,3.1
91283,39,2,4.25
91283,70,1,3.25
91284,50,1,2.5
91285,47,1,3.0
91286,49,1,3.0
91287,31,2,2.2
91288,57,1,3.1
91289,26,2,3.0
91289,75,1,3.5
91290,56,2,2.55
91290,79,1,3.75
91291,41,2,4.25
91292,41,1,4.25
91293,33,2,3.5
91294,46,2,2.5
91295,32,2,3.0
91296,32,1,3.0
91297,60,2,3.75
91297,74,1,3.5
91298,30,2,3.0
91299,46,2,2.5
91300,34,2,2.45
91301,43,1,3.0
91302,48,2,2.5
91303,28,2,2.0
91304,37,1,3.0
91305,38,1,3.75
91306,50,1,2.5
91307,49,1,3.0
91308,22,2,2.0
91309,30,2,3.0
91310,51,1,3.0
91310,22,1,2.0
91310,77,1,3.0
91311,56,2,2.55
91312,48,1,2.5
91313,38,1,3.75
91314,42,2,2.5
91315,29,2,2.5
91316,34,2,2.45
91316,79,1,3.75
91317,27,2,3.5
91318,36,1,3.75
91318,69,1,3.25
91319,41,2,4.25
91320,44,2,2.5
91321,43,1,3.0
91322,24,2,3.0
91323,30,2,3.0
91324,38,2,3.75
91325,58,2,3.5
91326,52,2,2.5
91326,74,1,3.5
91327,22,2,2.0
91328,35,2,3.1
91329,24,1,3.0
91330,26,2,3.0
91331,54,1,2.5
91332,36,1,3.75
91333,37,2,3.0
91334,22,2,2.0
91335,22,1,2.0
91336,39,1,4.25
91337,50,2,2.5
91338,37,2,3.0
91339,31,2,2.2
91339,71,1,3.75
91340,23,2,2.5
91341,51,2,3.0
91342,24,2,3.0
91343,28,2,2.0
91344,30,1,3.0
91344,72,1,3.25
91345,35,2,3.1
91346,26,2,3.0
91346,72,1,3.25
91347,38,2,3.75
91348,28,2,2.0
91349,30,2,3.0
91349,70,1,3.25
91350,24,1,3.0
91351,25,1,2.2
91352,49,1,3.0
91352,77,1,3.0
91353,38,1,3.75
91354,40,1,3.75
91355,55,2,4.0
91356,55,1,4.0
91357,33,1,3.5
91358,54,1,2.5
91359,37,2,3.0
91360,25,1,2.2
91361,53,1,3.0
91362,32,2,3.0
91363,57,1,3.1
91364,56,2,2.55
91365,26,1,3.0
91365,79,1,3.75
91366,56,1,2.55
91367,42,2,2.5
91368,23,1,2.5
91369,44,2,2.5
91369,76,1,3.5
91370,25,2,2.2
91371,53,1,3.0
91371,78,1,4.5
91372,27,1,3.5
91373,58,1,3.5
91374,59,2,4.5
91375,32,2,3.0
91375,72,1,3.25
91376,51,1,3.0
91376,75,1,3.5
91377,47,2,3.0
91378,23,2,2.5
91379,47,2,3.0
91380,54,2,2.5
91381,49,2,3.0
91382,59,2,4.5
91383,60,1,3.75
91383,79,1,3.75
91384,35,1,3.1
91385,31,2,2.2
91386,45,1,3.0
91387,51,1,3.0
91388,36,1,3.75
91389,46,2,2.5
91390,59,2,4.5
91391,49,1,3.0
91392,51,1,3.0
91393,53,1,3.0
91394,61,2,4.75
91395,59,2,4.5
91396,51,2,3.0
91397,61,2,4.75
91398,24,1,3.0
91399,39,1,4.25
91399,77,1,3.0
91400,43,1,3.0
91401,55,1,4.0
91402,59,1,4.5
91403,45,1,3.0
91404,57,2,3.1
91405,30,1,3.0
91406,28,2,2.0
91406,77,1,3.0
91407,52,1,2.5
91408,47,2,3.0
91409,45,1,3.0
91410,46,1,2.5
91411,51,1,3.0
91411,72,1,3.25
91412,49,1,3.0
91412,73,1,3.75
91413,40,1,3.75
91414,39,2,4.25
91415,42,2,2.5
91416,59,1,4.5
91417,50,2,2.5
91418,51,1,3.0
91419,36,1,3.75
91420,53,2,3.0
91421,27,1,3.5
91422,58,2,3.5
91423,58,2,3.5
91424,51,2,3.0
91425,57,2,3.1
91425,72,1,3.25
91426,49,2,3.0
91427,41,2,4.25
91428,54,2,2.5
91428,74,1,3.5
91429,48,2,2.5
91429,74,1,3.5
91430,55,1,4.0
91431,38,2,3.75
91431,78,1,4.5
91432,24,2,3.0
91433,30,2,3.0
91434,45,1,3.0
91435,41,2,4.25
91436,54,1,2.5
91437,39,1,4.25
91438,35,2,3.1
91439,26,2,3.0
91440,56,1,2.55
91441,25,1,2.2
91441,73,1,3.75
91442,29,2,2.5
91443,30,2,3.0
91444,39,1,4.25
91445,22,2,2.0
91446,51,1,3.0
91447,35,2,3.1
91447,74,1,3.5
91448,22,1,2.0
91449,59,1,4.5
91449,76,1,3.5
91450,22,2,2.0
91451,45,2,3.0
91452,49,1,3.0
91453,56,2,2.55
91453,74,1,3.5
91454,43,1,3.0
91455,29,1,2.5
91456,31,1,2.2
91457,45,2,3.0
91458,26,2,3.0
91458,78,1,4.5
91459,23,2,2.5
91460,42,2,2.5
91460,78,1,4.5
91461,37,2,3.0
91462,61,1,4.75
91463,49,2,3.0
91464,61,1,4.75
91465,23,1,2.5
91466,23,1,2.5
91467,55,1,4.0
91468,33,2,3.5
91468,75,1,3.5
91469,59,1,4.5
91470,49,1,3.0
91471,38,1,3.75
91472,31,2,2.2
91473,42,2,2.5
91474,43,1,3.0
91474,74,1,3.5
91475,26,1,3.0
91476,30,2,3.0
91477,46,2,2.5
91478,42,1,2.5
91479,37,1,3.0
91480,29,1,2.5
91480,79,1,3.75
91481,39,1,4.25
91482,61,1,4.75
91483,55,2,4.0
91484,50,2,2.5
91485,29,1,2.5
91486,55,1,4.0
91487,33,1,3.5
91488,59,2,4.5
91489,22,2,2.0
91489,74,1,3.5
91490,57,2,3.1
91490,75,1,3.5
91491,54,1,2.5
91492,23,1,2.5
91493,47,1,3.0
91494,43,2,3.0
91495,35,1,3.1
91496,32,2,3.0
91497,53,2,3.0
91498,28,1,2.0
91499,43,2,3.0
91500,54,1,2.5
91500,75,1,3.5
91501,59,1,4.5
91502,57,2,3.1
91503,59,2,4.5
91504,61,1,4.75
91505,45,1,3.0
91506,23,1,2.5
91506,74,1,3.5
91507,55,1,4.0
91508,57,1,3.1
91509,24,2,3.0
91510,26,2,3.0
91511,27,1,3.5
91512,49,2,3.0
91513,56,1,2.55
91514,27,2,3.5
91515,39,1,4.25
91515,69,1,3.25
91516,44,2,2.5
91517,38,2,3.75
91518,33,2,3.5
91519,45,2,3.0
91520,59,2,4.5
91521,42,1,2.5
91522,56,1,2.55
91523,40,1,3.75
91524,46,2,2.5
91525,54,2,2.5
91525,79,1,3.75
91526,24,2,3.0
91527,41,1,4.25
91528,57,2,3.1
91529,32,1,3.0
91529,74,1,3.5
91530,27,1,3.5
91531,54,2,2.5
91532,52,1,2.5
91533,41,1,4.25
91534,57,1,3.1
91535,42,1,2.5
91536,59,2,4.5
91537,39,2,4.25
91538,26,2,3.0
91539,52,1,2.5
91540,33,2,3.5
91541,23,2,2.5
91542,32,2,3.0
91543,53,2,3.0
91543,72,1,3.25
91544,56,1,2.55
91545,42,1,2.5
91546,56,2,2.55
91547,52,2,2.5
91548,87,2,3.0
91549,56,2,2.55
91550,27,2,3.5
91551,37,1,3.0
91552,37,2,3.0
91553,27,2,3.5
91553,60,1,3.75
91554,45,2,3.0
91555,31,2,2.2
91555,70,1,3.25
91556,24,1,3.0
91557,45,2,3.0
91558,46,2,2.5
91559,25,1,2.2
91560,31,2,2.2
91561,41,1,4.25
91562,40,1,3.75
91562,74,1,3.5
91563,22,2,2.0
91564,31,2,2.2
91565,36,2,3.75
91566,51,1,3.0
91567,40,1,3.75
91568,57,2,3.1
91569,30,2,3.0
91570,40,2,3.75
91571,27,1,3.5
91571,70,1,3.25
91572,37,1,3.0
91573,24,1,3.0
91574,32,2,3.0
91575,28,1,2.0
91576,29,2,2.5
91577,55,2,4.0
91578,26,2,3.0
91579,55,1,4.0
91579,76,1,3.5
91580,24,2,3.0
91580,78,1,4.5
91581,56,2,2.55
91582,27,1,3.5
91583,48,2,2.5
91584,52,2,2.5
91585,47,2,3.0
91586,61,2,4.75
91586,69,1,3.25
91587,53,1,3.0
91588,53,1,3.0
91588,74,1,3.5
91589,42,1,2.5
91590,44,1,2.5
91591,87,2,3.0
91592,51,1,3.0
91593,47,2,3.0
91594,27,2,3.5
91595,44,1,2.5
91596,57,2,3.1
91597,23,1,2.5
91598,60,1,3.75
91599,58,1,3.5
91600,57,2,3.1
91601,35,2,3.1
91602,41,1,4.25
91602,76,1,3.5
91603,37,1,3.0
91604,24,1,3.0
91605,55,2,4.0
91606,53,2,3.0
91607,22,2,2.0
91608,29,2,2.5
91609,87,2,3.0
91610,52,1,2.5
91610,77,1,3.0
91611,49,1,3.0
91611,75,1,3.5
91612,47,1,3.0
91613,35,1,3.1
91614,46,1,2.5
91614,69,1,3.25
91615,46,1,2.5
91616,32,2,3.0
91617,30,2,3.0
91618,42,1,2.5
91619,48,2,2.5
91620,37,2,3.0
91621,49,1,3.0
91621,76,1,3.5
91622,38,2,3.75
91622,75,1,3.5
91623,45,2,3.0
91624,61,1,4.75
91625,57,1,3.1
91626,48,2,2.5
91626,71,1,3.75
91627,34,2,2.45
91628,58,1,3.5
91628,78,1,4.5
91629,32,2,3.0
91630,56,2,2.55
91631,46,1,2.5
91632,48,1,2.5
91633,54,2,2.5
91634,34,1,2.45
91635,29,1,2.5
91636,41,2,4.25
91637,44,1,2.5
91638,29,2,2.5
91639,38,2,3.75
91640,53,1,3.0
91641,31,2,2.2
91642,59,1,4.5
91642,79,1,3.75
91643,41,2,4.25
91644,27,2,3.5
91645,52,1,2.5
91646,55,1,4.0
91647,32,2,3.0
91648,31,1,2.2
91649,41,2,4.25
91650,22,2,2.0
91651,54,1,2.5
91651,74,1,3.5
91652,37,1,3.0
91653,34,1,2.45
91654,42,2,2.5
91655,31,1,2.2
91656,26,1,3.0
91657,53,1,3.0
91658,44,1,2.5
91659,53,2,3.0
91660,55,2,4.0
91661,34,1,2.45
91662,50,2,2.5
91663,43,2,3.0
91664,23,1,2.5
91665,42,2,2.5
91666,47,1,3.0
91667,44,1,2.5
91668,61,1,4.75
91669,43,2,3.0
91670,40,1,3.75
91671,59,1,4.5
91672,42,1,2.5
91673,24,1,3.0
91673,69,1,3.25
91674,31,1,2.2
91675,54,2,2.5
91676,33,2,3.5
91677,53,1,3.0
91678,48,2,2.5
91678,71,1,3.75
91679,29,2,2.5
91680,87,1,3.0
91680,77,1,3.0
91681,30,1,3.0
91681,78,1,4.5
91682,22,1,2.0
91682,72,1,3.25
91683,61,2,4.75
91683,76,1,3.5
91684,54,2,2.5
91685,59,1,4.5
91686,55,2,4.0
91687,59,1,4.5
91688,46,1,2.5
91689,43,1,3.0
91690,56,1,2.55
91691,39,1,4.25
91692,55,1,4.0
91693,30,1,3.0
91694,32,2,3.0
91695,58,1,3.5
91696,46,2,2.5
91697,87,2,3.0
91697,60,2,3.75
91697,76,1,3.5
91698,26,1,3.0
91698,78,1,4.5
91699,59,2,4.5
91700,40,2,3.75
91701,53,1,3.0
91702,24,2,3.0
91703,38,1,3.75
91704,25,1,2.2
91705,41,1,4.25
91706,35,2,3.1
91707,30,2,3.0
91708,56,2,2.55
91708,77,1,3.0
91709,40,2,3.75
91710,22,1,2.0
91711,38,1,3.75
91712,36,2,3.75
91713,34,2,2.45
91714,39,2,4.25
91715,53,2,3.0
91716,47,1,3.0
91716,76,1,3.5
91717,56,2,2.55
91718,33,1,3.5
91718,69,1,3.25
91719,45,1,3.0
91720,38,2,3.75
91721,56,1,2.55
91722,60,1,3.75
91722,76,1,3.5
91723,43,1,3.0
91724,22,1,2.0
91725,57,1,3.1
91726,29,1,2.5
91727,51,1,3.0
91727,77,1,3.0
91728,52,2,2.5
91729,54,2,2.5
91730,32,1,3.0
91731,33,2,3.5
91732,47,2,3.0
91733,39,2,4.25
91733,75,1,3.5
91734,37,1,3.0
91735,23,1,2.5
91736,46,2,2.5
91737,55,2,4.0
91738,39,1,4.25
91738,77,1,3.0
91739,25,2,2.2
91740,53,1,3.0
91741,26,1,3.0
91742,55,1,4.0
91743,49,2,3.0
91744,58,2,3.5
91745,61,1,4.75
91745,70,1,3.25
91746,28,2,2.0
91747,53,2,3.0
91748,46,2,2.5
91749,27,2,3.5
91749,72,1,3.25
91750,54,1,2.5
91751,38,1,3.75
91752,50,1,2.5
91753,30,2,3.0
91754,43,2,3.0
91755,51,1,3.0
91755,78,1,4.5
91756,32,1,3.0
91756,71,1,3.75
91757,54,1,2.5
91758,51,2,3.0
91759,30,1,3.0
91760,33,1,3.5
91761,60,1,3.75
91762,61,1,4.75
91762,75,1,3.5
91763,32,1,3.0
91763,79,1,3.75
91764,47,2,3.0
91765,35,1,3.1
91766,37,1,3.0
91767,48,1,2.5
91768,32,1,3.0
91769,33,1,3.5
91770,32,1,3.0
91771,25,2,2.2
91772,59,2,4.5
91772,70,1,3.25
91773,54,1,2.5
91774,22,1,2.0
91775,33,1,3.5
91776,46,1,2.5
91776,71,1,3.75
91777,34,1,2.45
91778,34,1,2.45
91779,39,1,4.25
91780,60,1,3.75
91781,51,1,3.0
91782,61,1,4.75
91783,23,2,2.5
91783,77,1,3.0
91784,30,1,3.0
91785,22,2,2.0
91786,27,2,3.5
91787,55,2,4.0
91788,47,2,3.0
91789,41,1,4.25
91789,71,1,3.75
91790,53,2,3.0
91791,61,1,4.75
91792,35,2,3.1
91793,34,1,2.45
91794,39,1,4.25
91795,39,1,4.25
91796,51,1,3.0
91796,79,1,3.75
91797,22,1,2.0
91798,41,1,4.25
91799,58,1,3.5
91800,31,1,2.2
91801,22,2,2.0
91802,58,2,3.5
91802,78,1,4.5
91803,39,2,4.25
91804,49,2,3.0
91805,25,1,2.2
91806,43,2,3.0
91807,52,1,2.5
91808,42,1,2.5
91809,57,2,3.1
91810,40,1,3.75
91811,40,1,3.75
91812,23,1,2.5
91812,79,1,3.75
91813,54,2,2.5
91814,49,2,3.0
91814,75,1,3.5
91815,87,2,3.0
91816,40,2,3.75
91817,51,1,3.0
91818,32,2,3.0
91819,58,1,3.5
91819,71,1,3.75
91820,36,1,3.75
91820,75,1,3.5
91821,23,2,2.5
91822,60,1,3.75
91823,43,1,3.0
91824,33,1,3.5
91825,60,2,3.75
91826,28,2,2.0
91827,25,2,2.2
91828,28,1,2.0
91829,34,1,2.45
91830,27,2,3.5
91830,77,1,3.0
91831,26,2,3.0
91832,56,1,2.55
91833,61,1,4.75
91834,50,2,2.5
91834,69,1,3.25
91835,32,2,3.0
91836,37,2,3.0
91837,23,1,2.5
91837,79,1,3.75
91838,32,2,3.0
91839,56,1,2.55
91840,59,1,4.5
91841,24,1,3.0
91842,25,2,2.2
91843,46,2,2.5
91844,43,1,3.0
91845,50,1,2.5
91845,69,1,3.25
91846,38,1,3.75
91847,38,1,3.75
91848,47,1,3.0
91849,50,1,2.5
91850,55,2,4.0
91851,39,2,4.25
91852,24,1,3.0
91853,41,1,4.25
91854,37,2,3.0
91855,57,2,3.1
91855,76,1,3.5
91856,58,2,3.5
91856,71,1,3.75
91857,60,1,3.75
91858,38,1,3.75
91859,57,2,3.1
91860,50,2,2.5
91861,25,1,2.2
91862,40,1,3.75
91863,23,2,2.5
91863,73,1,3.75
91864,48,2,2.5
91865,48,2,2.5
91866,87,2,3.0
91867,34,2,2.45
91867,72,1,3.25
91868,52,1,2.5
91869,56,1,2.55
91870,31,1,2.2
91871,38,1,3.75
91872,60,1,3.75
91873,60,2,3.75
91874,40,2,3.75
91874,73,1,3.75
91875,27,1,3.5
91876,37,2,3.0
91877,49,2,3.0
91878,39,1,4.25
91879,37,2,3.0
91880,49,1,3.0
91881,42,1,2.5
91882,41,1,4.25
91883,25,1,2.2
91884,30,1,3.0
91885,22,1,2.0
91886,56,2,2.55
91887,35,2,3.1
91888,33,2,3.5
91889,45,2,3.0
91890,41,2,4.25
91891,38,2,3.75
91892,59,2,4.5
91893,27,1,3.5
91894,59,2,4.5
91895,23,2,2.5
91896,45,2,3.0
91897,60,1,3.75
91898,42,1,2.5
91899,61,2,4.75
91900,58,1,3.5
91901,32,1,3.0
91902,22,2,2.0
91902,76,1,3.5
91903,59,2,4.5
91904,60,2,3.75
91905,51,1,3.0
91905,74,1,3.5
91906,25,2,2.2
91907,31,2,2.2
91908,25,2,2.2
91909,31,2,2.2
91910,48,2,2.5
91911,43,1,3.0
91912,57,1,3.1
91913,47,1,3.0
91914,41,1,4.25
91915,22,2,2.0
91916,24,2,3.0
91917,23,1,2.5
91918,42,2,2.5
91919,42,1,2.5
91920,24,1,3.0
91920,71,1,3.75
91921,23,2,2.5
91922,43,2,3.0
91923,43,1,3.0
91924,25,1,2.2
91925,32,1,3.0
91926,51,2,3.0
91927,34,1,2.45
91928,58,1,3.5
91929,26,1,3.0
91930,55,2,4.0
91930,74,1,3.5
91931,58,1,3.5
91932,47,1,3.0
91933,43,1,3.0
91934,61,1,4.75
91935,30,1,3.0
91936,43,1,3.0
91937,60,2,3.75
91938,38,1,3.75
91938,71,1,3.75
91939,40,1,3.75
91940,52,2,2.5
91941,60,2,3.75
91942,61,2,4.75
91943,50,1,2.5
91944,37,1,3.0
91945,51,2,3.0
91946,52,2,2.5
91947,87,1,3.0
91948,55,2,4.0
91949,35,2,3.1
91950,43,2,3.0
91951,46,2,2.5
91952,39,1,4.25
91953,41,1,4.25
91954,27,2,3.5
91954,75,1,3.5
91955,52,1,2.5
91956,56,1,2.55
91956,79,1,3.75
91957,32,1,3.0
91958,27,2,3.5
91958,71,1,3.75
91959,24,1,3.0
91960,52,1,2.5
91961,37,2,3.0
91962,41,1,4.25
91963,53,2,3.0
91964,53,2,3.0
91965,44,2,2.5
91966,57,1,3.1
91967,37,2,3.0
91968,39,1,4.25
91969,45,1,3.0
91970,54,1,2.5
91971,51,1,3.0
91972,58,2,3.5
91973,39,1,4.25
91974,24,1,3.0
91975,87,1,3.0
91975,72,1,3.25
91976,49,1,3.0
91977,26,2,3.0
91977,56,2,2.55
91977,69,1,3.25
91978,28,2,2.0
91979,43,2,3.0
91980,26,1,3.0
91981,34,1,2.45
91981,78,1,4.5
91982,54,2,2.5
91983,59,1,4.5
91984,34,1,2.45
91985,29,1,2.5
91986,47,2,3.0
91986,75,1,3.5
91987,33,2,3.5
91987,74,1,3.5
91988,60,1,3.75
91989,28,1,2.0
91990,36,2,3.75
91991,56,2,2.55
91992,58,2,3.5
91993,53,1,3.0
91994,24,1,3.0
91995,60,2,3.75
91996,49,2,3.0
91997,27,2,3.5
91998,50,2,2.5
91999,33,1,3.5
92000,54,1,2.5
92001,35,2,3.1
92002,53,2,3.0
92003,22,2,2.0
92004,56,2,2.55
92005,33,1,3.5
92005,69,1,3.25
92006,44,2,2.5
92007,50,1,2.5
92008,54,2,2.5
92009,26,1,3.0
92010,46,1,2.5
92010,71,1,3.75
92011,33,2,3.5
92012,47,2,3.0
92013,32,1,3.0
92014,61,1,4.75
92015,58,1,3.5
92015,79,1,3.75
92016,22,2,2.0
92017,47,1,3.0
92018,61,2,4.75
92019,55,2,4.0
92020,28,1,2.0
92021,25,2,2.2
92022,57,1,3.1
92022,77,1,3.0
92023,47,2,3.0
92024,35,1,3.1
92025,60,2,3.75
92026,41,2,4.25
92027,61,2,4.75
92028,39,1,4.25
92029,34,2,2.45
92029,79,1,3.75
92030,59,1,4.5
92031,49,1,3.0
92032,61,1,4.75
92032,72,1,3.25
92033,40,1,3.75
92033,72,1,3.25
92034,61,2,4.75
92035,22,1,2.0
92036,29,1,2.5
92036,72,1,3.25
92037,56,1,2.55
92038,23,1,2.5
92039,22,1,2.0
92040,58,1,3.5
92041,35,2,3.1
92042,52,2,2.5
92043,34,2,2.45
92044,33,1,3.5
92045,50,1,2.5
92046,27,1,3.5
92047,47,2,3.0
92048,38,1,3.75
92049,22,1,2.0
92050,28,2,2.0
92051,42,1,2.5
92052,56,2,2.55
92053,45,2,3.0
92054,45,1,3.0
92055,52,2,2.5
92056,50,2,2.5
92056,76,1,3.5
92057,31,1,2.2
92058,59,2,4.5
92059,38,1,3.75
92060,48,2,2.5
92060,75,1,3.5
92061,58,2,3.5
92061,72,1,3.25
92062,59,2,4.5
92063,23,2,2.5
92064,60,2,3.75
92065,31,2,2.2
92066,50,2,2.5
92067,39,2,4.25
92068,26,2,3.0
92069,41,1,4.25
92069,43,1,3.0
92070,61,1,4.75
92070,72,1,3.25
92071,25,2,2.2
92072,32,1,3.0
92072,79,1,3.75
92073,56,2,2.55
92074,58,2,3.5
92075,22,1,2.0
92076,37,1,3.0
92077,49,1,3.0
92078,29,1,2.5
92079,32,1,3.0
92080,23,1,2.5
92081,50,2,2.5
92082,31,1,2.2
92083,27,1,3.5
92084,61,1,4.75
92085,54,2,2.5
92085,71,1,3.75
92086,28,1,2.0
92087,46,1,2.5
92088,40,1,3.75
92089,32,2,3.0
92090,40,2,3.75
92091,40,2,3.75
92091,73,1,3.75
92092,36,2,3.75
92093,29,2,2.5
92094,44,1,2.5
92095,46,1,2.5
92096,27,2,3.5
92097,41,1,4.25
92097,69,1,3.25
92098,52,2,2.5
92099,61,2,4.75
92100,54,2,2.5
92101,34,1,2.45
92102,55,2,4.0
92102,69,1,3.25
92103,87,1,3.0
92104,54,1,2.5
92105,39,1,4.25
92106,36,1,3.75
92107,38,2,3.75
92108,42,1,2.5
92109,24,2,3.0
92110,57,1,3.1
92111,22,1,2.0
92112,33,2,3.5
92113,35,2,3.1
92114,44,2,2.5
92115,32,2,3.0
92115,70,1,3.25
92116,55,2,4.0
92117,60,1,3.75
92118,29,2,2.5
92119,42,2,2.5
92120,40,1,3.75
92120,75,1,3.5
92121,22,1,2.0
92122,49,1,3.0
92122,74,1,3.5
92123,36,1,3.75
92124,51,2,3.0
92125,44,1,2.5
92125,76,1,3.5
92126,25,1,2.2
92127,27,2,3.5
92128,45,2,3.0
92129,50,2,2.5
92130,48,2,2.5
92131,31,2,2.2
92132,46,2,2.5
92133,44,1,2.5
92134,43,2,3.0
92134,73,1,3.75
92135,35,1,3.1
92136,87,2,3.0
92137,53,1,3.0
92138,44,2,2.5
92138,73,1,3.75
92139,26,2,3.0
92140,31,2,2.2
92140,74,1,3.5
92141,51,2,3.0
92142,55,2,4.0
92143,60,1,3.75
92144,33,2,3.5
92145,41,2,4.25
92146,27,1,3.5
92146,72,1,3.25
92147,30,1,3.0
92148,52,2,2.5
92149,33,1,3.5
92150,58,2,3.5
92151,40,2,3.75
92152,38,1,3.75
92153,52,1,2.5
92154,26,2,3.0
92155,37,1,3.0
92156,26,1,3.0
92157,58,1,3.5
92158,22,2,2.0
92159,41,2,4.25
92160,42,2,2.5
92161,42,1,2.5
92162,43,1,3.0
92163,50,1,2.5
92164,58,2,3.5
92165,33,1,3.5
92166,34,1,2.45
92167,35,2,3.1
92168,32,1,3.0
92169,26,2,3.0
92170,39,2,4.25
92171,42,2,2.5
92172,51,1,3.0
92173,43,1,3.0
92174,31,1,2.2
92175,54,2,2.5
92176,27,1,3.5
92177,61,2,4.75
92178,50,1,2.5
92178,78,1,4.5
92179,47,1,3.0
92180,55,2,4.0
92181,34,2,2.45
92182,33,2,3.5
92183,35,2,3.1
92183,69,1,3.25
92184,52,1,2.5
92185,44,2,2.5
92186,58,1,3.5
92187,22,2,2.0
92188,53,2,3.0
92189,28,2,2.0
92190,55,2,4.0
92191,55,1,4.0
92192,34,2,2.45
92193,26,1,3.0
92194,29,1,2.5
92195,48,2,2.5
92196,51,2,3.0
92197,52,2,2.5
92198,51,1,3.0
92199,38,2,3.75
92200,87,1,3.0
92201,57,1,3.1
92202,54,2,2.5
92203,56,2,2.55
92204,47,1,3.0
92205,50,2,2.5
92206,46,2,2.5
92206,71,1,3.75
92207,52,1,2.5
92208,38,1,3.75
92209,39,2,4.25
92210,49,2,3.0
92211,50,2,2.5
92211,69,1,3.25
92212,33,2,3.5
92213,25,2,2.2
92214,33,2,3.5
92215,31,1,2.2
92216,54,1,2.5
92217,38,2,3.75
92218,29,2,2.5
92219,39,1,4.25
92220,28,1,2.0
92221,51,2,3.0
92222,60,2,3.75
92223,44,2,2.5
92224,55,1,4.0
92225,41,2,4.25
92226,22,2,2.0
92227,35,1,3.1
92228,31,2,2.2
92229,28,2,2.0
92230,39,1,4.25
92231,53,1,3.0
92232,32,2,3.0
92233,50,2,2.5
92234,37,1,3.0
92235,61,2,4.75
92236,23,2,2.5
92237,60,2,3.75
92238,37,1,3.0
92239,26,1,3.0
92240,53,2,3.0
92241,53,1,3.0
92242,60,1,3.75
92242,78,1,4.5
92243,31,2,2.2
92244,24,1,3.0
92245,30,1,3.0
92246,50,2,2.5
92247,51,1,3.0
92248,39,2,4.25
92249,44,1,2.5
92250,52,1,2.5
92250,69,1,3.25
92251,45,2,3.0
92251,74,1,3.5
92252,31,2,2.2
92252,75,1,3.5
92253,56,2,2.55
92254,58,1,3.5
92255,47,2,3.0
92256,46,1,2.5
92257,24,2,3.0
92258,59,2,4.5
92259,49,1,3.0
92259,78,1,4.5
92260,31,1,2.2
92261,39,2,4.25
92261,76,1,3.5
92262,45,2,3.0
92263,30,1,3.0
92264,46,2,2.5
92265,40,1,3.75
92266,44,1,2.5
92267,39,2,4.25
92267,71,1,3.75
92268,31,1,2.2
92268,74,1,3.5
92269,51,2,3.0
92270,61,1,4.75
92270,79,1,3.75
92271,56,1,2.55
92272,34,1,2.45
92273,36,2,3.75
92274,30,1,3.0
92275,23,2,2.5
92276,29,2,2.5
92277,60,1,3.75
92278,31,1,2.2
92279,29,2,2.5
92279,71,1,3.75
92280,51,2,3.0
92280,71,1,3.75
92281,35,2,3.1
92282,56,1,2.55
92283,60,1,3.75
92284,43,1,3.0
92284,75,1,3.5
92285,28,1,2.0
92285,70,1,3.25
92286,29,2,2.5
92287,37,2,3.0
92288,47,1,3.0
92288,79,1,3.75
92289,61,1,4.75
92290,30,1,3.0
92291,35,2,3.1
92292,59,1,4.5
92293,57,2,3.1
92294,25,1,2.2
92295,55,1,4.0
92296,51,2,3.0
92297,37,1,3.0
92298,24,2,3.0
92299,39,1,4.25
92300,52,2,2.5
92301,49,2,3.0
92302,27,2,3.5
92303,42,2,2.5
92304,46,1,2.5
92305,40,2,3.75
92306,48,2,2.5
92307,38,1,3.75
92308,34,2,2.45
92309,27,1,3.5
92310,49,2,3.0
92310,71,1,3.75
92311,47,2,3.0
92312,36,2,3.75
92313,49,2,3.0
92314,40,2,3.75
92314,74,1,3.5
92315,29,1,2.5
92316,87,1,3.0
92316,77,1,3.0
92317,41,2,4.25
92317,74,1,3.5
92318,55,2,4.0
92319,49,1,3.0
92320,43,1,3.0
92321,45,2,3.0
92322,22,2,2.0
92323,54,1,2.5
92324,45,2,3.0
92325,52,2,2.5
92326,30,1,3.0
92326,72,1,3.25
92327,28,1,2.0
92328,25,1,2.2
92329,56,2,2.55
92330,34,2,2.45
92331,29,2,2.5
92332,35,2,3.1
92332,73,1,3.75
92333,37,1,3.0
92333,76,1,3.5
92334,33,2,3.5
92335,35,1,3.1
92336,25,2,2.2
92337,26,2,3.0
92338,45,2,3.0
92339,36,1,3.75
92340,45,2,3.0
92341,49,2,3.0
92342,37,2,3.0
92343,52,1,2.5
92344,45,1,3.0
92345,24,2,3.0
92346,40,1,3.75
92347,45,2,3.0
92348,50,2,2.5
92349,53,2,3.0
92350,54,2,2.5
92350,78,1,4.5
92351,58,2,3.5
92352,52,2,2.5
92353,24,1,3.0
92354,46,1,2.5
92355,28,1,2.0
92356,31,1,2.2
92357,50,1,2.5
92358,59,1,4.5
92358,71,1,3.75
92359,43,1,3.0
92360,34,2,2.45
92361,48,1,2.5
92362,47,1,3.0
92363,28,1,2.0
92364,58,2,3.5
92364,69,1,3.25
92365,38,2,3.75
92366,25,2,2.2
92367,53,1,3.0
92368,59,2,4.5
92369,41,2,4.25
92369,79,1,3.75
92370,52,1,2.5
92371,52,1,2.5
92371,69,1,3.25
92372,23,2,2.5
92373,39,2,4.25
92374,30,2,3.0
92375,37,2,3.0
92376,60,1,3.75
92377,44,2,2.5
92377,71,1,3.75
92378,28,1,2.0
92379,58,2,3.5
92380,48,1,2.5
92381,40,1,3.75
92382,43,1,3.0
92383,42,1,2.5
92383,79,1,3.75
92384,38,1,3.75
92385,34,2,2.45
92386,48,1,2.5
92386,69,1,3.25
92387,52,1,2.5
92388,50,1,2.5
92389,29,2,2.5
92390,52,2,2.5
92391,57,1,3.1
92392,87,2,3.0
92393,30,2,3.0
92394,34,2,2.45
92395,51,2,3.0
92395,76,1,3.5
92396,39,2,4.25
92397,56,1,2.55
92398,46,1,2.5
92399,57,2,3.1
92400,24,1,3.0
92401,37,1,3.0
92402,87,2,3.0
92403,28,1,2.0
92404,22,1,2.0
92405,56,2,2.55
92406,53,1,3.0
92407,25,2,2.2
92408,35,1,3.1
92408,71,1,3.75
92409,59,2,4.5
92410,30,2,3.0
92410,71,1,3.75
92411,47,1,3.0
92412,29,2,2.5
92412,75,1,3.5
92413,39,1,4.25
92413,69,1,3.25
92414,38,1,3.75
92415,53,1,3.0
92416,47,2,3.0
92416,76,1,3.5
92417,87,1,3.0
92418,40,1,3.75
92419,39,1,4.25
92420,27,1,3.5
92421,38,2,3.75
92422,60,1,3.75
92423,33,2,3.5
92424,30,1,3.0
92425,52,2,2.5
92426,59,1,4.5
92427,41,2,4.25
92428,25,2,2.2
92429,41,2,4.25
92430,26,2,3.0
92431,60,1,3.75
92432,52,1,2.5
92433,38,1,3.75
92434,33,2,3.5
92435,60,2,3.75
92436,59,2,4.5
92437,58,2,3.5
92438,54,1,2.5
92439,34,2,2.45
92440,58,1,3.5
92441,48,2,2.5
92441,70,1,3.25
92442,23,2,2.5
92443,57,1,3.1
92444,31,1,2.2
92445,34,2,2.45
92446,48,2,2.5
92447,24,1,3.0
92448,36,2,3.75
92449,34,2,2.45
92450,56,2,2.55
92451,54,2,2.5
92452,34,1,2.45
92453,37,2,3.0
92454,45,1,3.0
92455,55,1,4.0
92456,24,2,3.0
92457,61,1,4.75
92458,38,1,3.75
92459,40,2,3.75
92459,69,1,3.25
92460,51,1,3.0
92461,46,2,2.5
92461,78,1,4.5
92462,56,1,2.55
92463,24,2,3.0
92464,24,2,3.0
92464,73,1,3.75
92465,43,2,3.0
92466,60,1,3.75
92467,43,2,3.0
92468,32,1,3.0
92468,76,1,3.5
92469,48,2,2.5
92470,50,2,2.5
92470,74,1,3.5
92471,56,2,2.55
92472,45,2,3.0
92473,32,2,3.0
92474,48,2,2.5
92475,42,1,2.5
92476,59,2,4.5
92477,57,2,3.1
92477,76,1,3.5
92478,43,2,3.0
92479,46,1,2.5
92480,30,1,3.0
92481,44,1,2.5
92482,28,2,2.0
92483,33,1,3.5
92484,36,1,3.75
92485,49,2,3.0
92485,69,1,3.25
92486,54,2,2.5
92487,22,1,2.0
92487,73,1,3.75
92488,23,2,2.5
92489,45,2,3.0
92490,26,1,3.0
92491,39,2,4.25
92492,54,1,2.5
92493,33,2,3.5
92494,53,1,3.0
92495,57,2,3.1
92496,50,1,2.5
92497,23,1,2.5
92498,50,2,2.5
92499,46,2,2.5
92500,51,2,3.0
92501,46,1,2.5
92502,34,1,2.45
92503,23,1,2.5
92504,40,2,3.75
92504,77,1,3.0
92505,57,2,3.1
92506,41,1,4.25
92507,49,2,3.0
92508,47,1,3.0
92509,45,2,3.0
92510,27,2,3.5
92511,40,1,3.75
92511,73,1,3.75
92512,52,1,2.5
92513,59,2,4.5
92514,36,2,3.75
92515,29,1,2.5
92516,47,1,3.0
92517,32,1,3.0
92518,49,1,3.0
92519,30,1,3.0
92520,47,1,3.0
92520,36,1,3.75
92521,56,2,2.55
92522,39,1,4.25
92523,33,2,3.5
92524,45,2,3.0
92525,52,2,2.5
92526,44,2,2.5
92527,27,2,3.5
92527,72,1,3.25
92528,31,1,2.2
92529,50,2,2.5
92530,58,2,3.5
92531,30,2,3.0
92532,59,2,4.5
92533,59,2,4.5
92533,71,1,3.75
92534,45,1,3.0
92535,34,2,2.45
92536,43,1,3.0
92537,30,2,3.0
92538,42,1,2.5
92538,71,1,3.75
92539,55,2,4.0
92540,25,1,2.2
92541,49,1,3.0
92542,24,2,3.0
92543,39,2,4.25
92544,30,1,3.0
92545,22,2,2.0
92546,48,2,2.5
92547,53,1,3.0
92548,50,1,2.5
92548,74,1,3.5
92549,45,1,3.0
92550,55,2,4.0
92551,45,2,3.0
92551,70,1,3.25
92552,27,2,3.5
92553,32,2,3.0
92553,76,1,3.5
92554,27,1,3.5
92555,36,2,3.75
92555,73,1,3.75
92556,24,1,3.0
92557,23,1,2.5
92558,31,1,2.2
92559,42,1,2.5
92560,42,2,2.5
92561,50,1,2.5
92562,50,2,2.5
92562,79,1,3.75
92563,27,2,3.5
92564,26,1,3.0
92564,72,1,3.25
92565,29,1,2.5
92566,87,2,3.0
92567,26,2,3.0
92568,28,1,2.0
92569,43,2,3.0
92570,34,1,2.45
92571,45,2,3.0
92572,37,2,3.0
92573,29,1,2.5
92574,22,1,2.0
92575,36,1,3.75
92576,51,1,3.0
92577,60,2,3.75
92578,56,2,2.55
92578,69,1,3.25
92579,34,2,2.45
92579,74,1,3.5
92580,56,2,2.55
92581,54,1,2.5
92582,32,1,3.0
92583,23,1,2.5
92584,24,1,3.0
92585,34,1,2.45
92586,33,2,3.5
92587,59,2,4.5
92587,76,1,3.5
92588,22,1,2.0
92589,56,2,2.55
92590,52,1,2.5
92590,70,1,3.25
92591,34,1,2.45
92592,39,1,4.25
92593,48,1,2.5
92594,48,1,2.5
92595,54,2,2.5
92596,36,2,3.75
92596,76,1,3.5
92597,57,1,3.1
92598,57,1,3.1
92599,55,2,4.0
92600,42,2,2.5
92600,70,1,3.25
92601,59,2,4.5
92601,71,1,3.75
92602,52,2,2.5
92603,61,1,4.75
92603,74,1,3.5
92604,37,2,3.0
92605,29,1,2.5
92606,56,2,2.55
92607,46,1,2.5
92608,32,1,3.0
92609,35,2,3.1
92610,53,1,3.0
92611,30,2,3.0
92612,30,1,3.0
92613,25,2,2.2
92614,58,1,3.5
92615,23,2,2.5
92615,73,1,3.75
92616,45,1,3.0
92617,61,1,4.75
92618,56,2,2.55
92619,59,1,4.5
92620,50,2,2.5
92621,36,2,3.75
92622,60,1,3.75
92623,48,1,2.5
92624,87,2,3.0
92625,45,2,3.0
92626,36,1,3.75
92627,52,2,2.5
92628,24,2,3.0
92628,71,1,3.75
92629,32,1,3.0
92630,46,1,2.5
92631,37,2,3.0
92632,39,1,4.25
92633,57,1,3.1
92634,36,1,3.75
92635,30,2,3.0
92636,31,2,2.2
92637,36,1,3.75
92638,52,2,2.5
92639,61,1,4.75
92640,25,1,2.2
92641,35,1,3.1
92641,71,1,3.75
92642,24,2,3.0
92643,59,2,4.5
92644,60,2,3.75
92644,73,1,3.75
92645,31,2,2.2
92646,44,1,2.5
92647,32,2,3.0
92648,32,1,3.0
92649,61,2,4.75
92650,40,2,3.75
92651,42,2,2.5
92652,59,1,4.5
92653,46,1,2.5
92654,22,2,2.0
92655,61,1,4.75
92656,59,2,4.5
92657,42,2,2.5
92658,34,2,2.45
92659,31,1,2.2
92660,32,2,3.0
92661,51,1,3.0
92662,28,2,2.0
92663,42,2,2.5
92664,38,2,3.75
92664,71,1,3.75
92665,56,2,2.55
92666,34,1,2.45
92667,55,1,4.0
92668,52,2,2.5
92669,41,2,4.25
92669,76,1,3.5
92670,28,2,2.0
92671,25,1,2.2
92672,51,2,3.0
92673,55,2,4.0
92674,48,2,2.5
92675,27,1,3.5
92676,30,1,3.0
92677,49,2,3.0
92678,53,1,3.0
92679,27,2,3.5
92680,48,2,2.5
92681,61,1,4.75
92682,36,1,3.75
92683,51,2,3.0
92684,48,2,2.5
92685,54,2,2.5
92686,50,2,2.5
92687,23,1,2.5
92688,56,1,2.55
92689,35,1,3.1
92690,44,1,2.5
92691,33,1,3.5
92692,53,2,3.0
92693,58,2,3.5
92694,28,2,2.0
92695,56,2,2.55
92696,53,1,3.0
92697,22,2,2.0
92697,72,1,3.25
92698,24,2,3.0
92699,61,2,4.75
92700,25,1,2.2
92701,40,1,3.75
92701,79,1,3.75
92702,37,1,3.0
92703,36,1,3.75
92704,28,1,2.0
92704,73,1,3.75
92705,44,2,2.5
92706,27,2,3.5
92707,61,2,4.75
92708,49,1,3.0
92708,73,1,3.75
92709,28,2,2.0
92710,38,1,3.75
92711,55,1,4.0
92712,24,2,3.0
92713,50,2,2.5
92714,50,1,2.5
92714,77,1,3.0
92715,24,1,3.0
92716,23,2,2.5
92717,33,2,3.5
92717,72,1,3.25
92718,47,2,3.0
92719,53,1,3.0
92719,75,1,3.5
92720,52,2,2.5
92721,58,2,3.5
92722,55,1,4.0
92723,50,2,2.5
92724,39,2,4.25
92725,31,1,2.2
92725,72,1,3.25
92726,52,1,2.5
92726,79,1,3.75
92727,59,1,4.5
92728,38,2,3.75
92729,36,1,3.75
92730,37,2,3.0
92731,87,1,3.0
92732,47,2,3.0
92733,22,2,2.0
92734,32,1,3.0
92735,42,1,2.5
92736,42,1,2.5
92737,44,2,2.5
92737,78,1,4.5
92738,57,1,3.1
92739,35,2,3.1
92740,25,2,2.2
92740,70,1,3.25
92741,57,1,3.1
92741,76,1,3.5
92742,42,2,2.5
92743,45,1,3.0
92744,45,2,3.0
92744,74,1,3.5
92745,32,2,3.0
92746,40,2,3.75
92747,27,2,3.5
92748,37,1,3.0
92749,57,1,3.1
92750,34,2,2.45
92751,40,2,3.75
92752,56,1,2.55
92753,24,1,3.0
92753,79,1,3.75
92754,48,1,2.5
92755,48,1,2.5
92756,27,2,3.5
92757,31,1,2.2
92757,73,1,3.75
92758,24,2,3.0
92759,34,2,2.45
92760,58,2,3.5
92761,52,1,2.5
92762,44,2,2.5
92763,22,1,2.0
92764,26,2,3.0
92765,24,2,3.0
92766,52,2,2.5
92767,33,1,3.5
92768,29,1,2.5
92769,34,2,2.45
92770,46,1,2.5
92771,51,1,3.0
92771,71,1,3.75
92772,56,2,2.55
92773,28,2,2.0
92774,40,2,3.75
92775,22,1,2.0
92776,22,2,2.0
92777,22,1,2.0
92778,35,2,3.1
92778,74,1,3.5
92779,33,1,3.5
92779,73,1,3.75
92780,28,2,2.0
92781,43,2,3.0
92782,44,2,2.5
92782,79,1,3.75
92783,31,1,2.2
92783,70,1,3.25
92784,27,1,3.5
92784,74,1,3.5
92785,24,2,3.0
92786,61,1,4.75
92787,39,1,4.25
92788,36,1,3.75
92789,22,2,2.0
92789,77,1,3.0
92790,29,2,2.5
92790,77,1,3.0
92791,57,2,3.1
92792,47,2,3.0
92793,60,1,3.75
92794,58,1,3.5
92795,23,2,2.5
92796,52,1,2.5
92797,31,2,2.2
92797,73,1,3.75
92798,34,1,2.45
92798,75,1,3.5
92799,39,2,4.25
92800,29,2,2.5
92801,58,2,3.5
92802,41,1,4.25
92803,31,2,2.2
92804,53,2,3.0
92804,73,1,3.75
92805,46,2,2.5
92806,25,2,2.2
92807,49,1,3.0
92808,45,1,3.0
92809,43,2,3.0
92810,34,2,2.45
92811,27,2,3.5
92812,39,2,4.25
92813,52,1,2.5
92814,34,2,2.45
92815,44,2,2.5
92815,77,1,3.0
92816,29,1,2.5
92817,26,2,3.0
92817,75,1,3.5
92818,36,1,3.75
92819,33,2,3.5
92820,44,2,2.5
92821,45,1,3.0
92822,25,2,2.2
92823,59,2,4.5
92824,24,2,3.0
92825,27,2,3.5
92826,24,1,3.0
92827,59,2,4.5
92828,47,2,3.0
92829,25,1,2.2
92830,87,2,3.0
92831,56,1,2.55
92832,51,2,3.0
92833,24,1,3.0
92834,40,1,3.75
92835,87,1,3.0
92836,39,2,4.25
92837,36,1,3.75
92838,27,2,3.5
92838,73,1,3.75
92839,61,2,4.75
92840,46,2,2.5
92841,56,1,2.55
92841,73,1,3.75
92842,49,1,3.0
92843,23,1,2.5
92844,29,1,2.5
92845,38,1,3.75
92846,24,1,3.0
92847,49,1,3.0
92848,58,2,3.5
92848,71,1,3.75
92849,52,1,2.5
92850,56,1,2.55
92851,50,2,2.5
92852,32,2,3.0
92852,70,1,3.25
92853,54,1,2.5
92854,37,2,3.0
92855,50,1,2.5
92856,35,1,3.1
92857,55,2,4.0
92858,43,2,3.0
92859,54,1,2.5
92859,69,1,3.25
92860,42,2,2.5
92860,76,1,3.5
92861,49,2,3.0
92862,36,1,3.75
92863,87,1,3.0
92863,73,1,3.75
92864,23,2,2.5
92865,87,1,3.0
92866,30,1,3.0
92867,45,1,3.0
92868,44,1,2.5
92869,41,1,4.25
92870,51,2,3.0
92871,50,1,2.5
92872,40,1,3.75
92873,25,2,2.2
92874,37,1,3.0
92874,73,1,3.75
92875,39,1,4.25
92876,56,1,2.55
92877,27,1,3.5
92878,46,2,2.5
92879,53,2,3.0
92880,52,1,2.5
92880,79,1,3.75
92881,55,1,4.0
92882,22,1,2.0
92882,77,1,3.0
92883,47,2,3.0
92884,54,2,2.5
92885,37,1,3.0
92886,24,2,3.0
92887,27,1,3.5
92887,71,1,3.75
92888,49,2,3.0
92889,56,1,2.55
92890,46,2,2.5
92891,50,2,2.5
92892,29,1,2.5
92892,76,1,3.5
92893,24,2,3.0
92893,69,1,3.25
92894,57,2,3.1
92895,36,2,3.75
92895,74,1,3.5
92896,22,1,2.0
92897,49,1,3.0
92897,76,1,3.5
92898,26,2,3.0
92899,42,1,2.5
92900,37,1,3.0
92901,35,1,3.1
92901,69,1,3.25
92902,28,2,2.0
92903,59,2,4.5
92903,77,1,3.0
92904,50,2,2.5
92905,60,1,3.75
92906,33,2,3.5
92907,55,2,4.0
92908,47,1,3.0
92909,37,1,3.0
92910,26,1,3.0
92911,56,2,2.55
92912,22,2,2.0
92912,73,1,3.75
92913,52,1,2.5
92914,22,2,2.0
92915,26,1,3.0
92916,53,2,3.0
92917,37,2,3.0
92917,77,1,3.0
92918,40,2,3.75
92918,79,1,3.75
92919,41,2,4.25
92920,59,2,4.5
92921,48,1,2.5
92922,46,1,2.5
92923,23,1,2.5
92923,70,1,3.25
92924,27,2,3.5
92925,52,1,2.5
92926,31,1,2.2
92927,44,1,2.5
92927,70,1,3.25
92928,26,1,3.0
92928,79,1,3.75
92929,48,2,2.5
92930,53,1,3.0
92931,44,2,2.5
92931,69,1,3.25
92932,42,1,2.5
92932,72,1,3.25
92933,29,1,2.5
92934,27,1,3.5
92934,73,1,3.75
92935,31,2,2.2
92936,23,1,2.5
92937,50,2,2.5
92937,75,1,3.5
92938,22,1,2.0
92939,26,2,3.0
92940,57,2,3.1
92941,87,1,3.0
92942,55,1,4.0
92942,74,1,3.5
92943,39,2,4.25
92944,25,1,2.2
92945,31,2,2.2
92946,59,2,4.5
92947,39,1,4.25
92947,76,1,3.5
92948,48,2,2.5
92949,26,2,3.0
92950,48,1,2.5
92951,25,1,2.2
92952,51,1,3.0
92953,35,1,3.1
92954,36,2,3.75
92954,73,1,3.75
92955,54,2,2.5
92955,78,1,4.5
92956,48,2,2.5
92957,35,2,3.1
92957,79,1,3.75
92958,60,2,3.75
92959,32,2,3.0
92960,39,1,4.25
92961,23,2,2.5
92962,57,1,3.1
92963,37,2,3.0
92964,58,2,3.5
92964,71,1,3.75
92965,39,1,4.25
92966,35,1,3.1
92967,30,2,3.0
92968,58,1,3.5
92968,76,1,3.5
92969,59,1,4.5
92970,51,2,3.0
92971,54,1,2.5
92972,57,1,3.1
92973,56,2,2.55
92974,38,2,3.75
92975,44,2,2.5
92976,25,1,2.2
92976,73,1,3.75
92977,40,2,3.75
92977,70,1,3.25
92978,39,2,4.25
92979,37,1,3.0
92980,28,2,2.0
92981,49,1,3.0
92982,26,2,3.0
92983,22,1,2.0
92983,72,1,3.25
92984,50,2,2.5
92985,87,1,3.0
92986,55,2,4.0
92986,74,1,3.5
92987,60,1,3.75
92988,51,2,3.0
92989,41,2,4.25
92989,79,1,3.75
92990,30,2,3.0
92991,58,1,3.5
92992,55,1,4.0
92993,47,2,3.0
92993,74,1,3.5
92994,33,1,3.5
92995,33,1,3.5
92996,44,2,2.5
92997,50,2,2.5
92998,57,1,3.1
92999,37,2,3.0
93000,37,1,3.0
93001,87,2,3.0
93002,55,1,4.0
93003,45,2,3.0
93004,51,2,3.0
93005,49,2,3.0
93006,45,1,3.0
93007,31,2,2.2
93008,36,1,3.75
93009,25,1,2.2
93010,45,2,3.0
93011,60,1,3.75
93012,49,2,3.0
93012,75,1,3.5
93013,45,2,3.0
93014,41,1,4.25
93015,59,2,4.5
93016,49,1,3.0
93017,30,1,3.0
93018,51,2,3.0
93019,52,1,2.5
93019,73,1,3.75
93020,48,2,2.5
93021,53,1,3.0
93022,49,1,3.0
93023,51,2,3.0
93024,35,2,3.1
93025,54,2,2.5
93025,70,1,3.25
93026,33,2,3.5
93027,36,1,3.75
93028,23,1,2.5
93029,37,1,3.0
93029,70,1,3.25
93030,34,2,2.45
93031,49,1,3.0
93032,39,2,4.25
93033,38,1,3.75
93033,71,1,3.75
93034,59,2,4.5
93034,73,1,3.75
93035,60,2,3.75
93036,26,1,3.0
93036,76,1,3.5
93037,42,2,2.5
93038,56,2,2.55
93039,29,1,2.5
93040,55,1,4.0
93041,39,1,4.25
93042,54,2,2.5
93043,41,1,4.25
93043,73,1,3.75
93044,47,1,3.0
93045,49,2,3.0
93046,26,1,3.0
93047,47,1,3.0
93048,59,1,4.5
93049,39,1,4.25
93050,53,1,3.0
93051,34,1,2.45
93052,22,2,2.0
93053,36,1,3.75
93054,47,2,3.0
93055,54,2,2.5
93056,50,1,2.5
93057,24,1,3.0
93058,38,1,3.75
93059,49,2,3.0
93060,22,2,2.0
93060,73,1,3.75
93061,28,2,2.0
93062,28,2,2.0
93063,34,2,2.45
93063,77,1,3.0
93064,61,2,4.75
93065,23,1,2.5
93066,34,2,2.45
93067,24,2,3.0
93068,60,1,3.75
93068,77,1,3.0
93069,56,1,2.55
93070,29,1,2.5
93071,25,1,2.2
93071,72,1,3.25
93072,56,1,2.55
93073,52,1,2.5
93073,73,1,3.75
93074,50,2,2.5
93075,26,2,3.0
93076,36,2,3.75
93076,69,1,3.25
93077,58,1,3.5
93078,38,2,3.75
93079,29,1,2.5
93080,57,1,3.1
93080,72,1,3.25
93081,44,1,2.5
93082,45,2,3.0
93083,22,1,2.0
93084,47,1,3.0
93085,32,1,3.0
93086,35,1,3.1
93086,74,1,3.5
93087,24,1,3.0
93088,47,2,3.0
93089,25,2,2.2
93090,49,2,3.0
93091,31,2,2.2
93092,48,2,2.5
93093,59,1,4.5
93094,52,2,2.5
93095,52,2,2.5
93096,46,1,2.5
93096,71,1,3.75
93097,22,1,2.0
93097,75,1,3.5
93098,49,2,3.0
93099,25,2,2.2
93100,58,1,3.5
93100,74,1,3.5
93101,36,2,3.75
93102,58,2,3.5
93103,48,2,2.5
93104,26,1,3.0
93105,56,2,2.55
93106,57,1,3.1
93107,43,1,3.0
93108,39,1,4.25
93109,36,2,3.75
93109,72,1,3.25
93110,39,1,4.25
93111,35,1,3.1
93112,44,1,2.5
93113,52,2,2.5
93113,72,1,3.25
93114,29,2,2.5
93114,72,1,3.25
93115,59,2,4.5
93116,41,2,4.25
93116,70,1,3.25
93117,56,1,2.55
93117,70,1,3.25
93118,25,2,2.2
93119,57,1,3.1
93120,57,2,3.1
93121,41,2,4.25
93122,56,1,2.55
93123,32,2,3.0
93124,49,1,3.0
93125,49,2,3.0
93126,29,1,2.5
93127,40,1,3.75
93128,59,1,4.5
93129,34,1,2.45
93130,43,1,3.0
93130,70,1,3.25
93131,59,1,4.5
93132,34,1,2.45
93133,44,2,2.5
93134,27,2,3.5
93134,75,1,3.5
93135,25,1,2.2
93136,40,2,3.75
93137,49,2,3.0
93138,49,2,3.0
93139,24,1,3.0
93139,75,1,3.5
93140,60,1,3.75
93141,59,1,4.5
93142,22,2,2.0
93143,39,2,4.25
93144,45,1,3.0
93145,58,2,3.5
93146,36,2,3.75
93147,53,1,3.0
93147,75,1,3.5
93148,38,1,3.75
93149,54,1,2.5
93150,35,2,3.1
93150,70,1,3.25
93151,26,1,3.0
93152,29,1,2.5
93153,39,2,4.25
93154,37,2,3.0
93155,53,1,3.0
93156,26,2,3.0
93157,45,2,3.0
93158,36,2,3.75
93159,23,2,2.5
93160,31,1,2.2
93161,54,2,2.5
93162,39,1,4.25
93163,49,1,3.0
93163,77,1,3.0
93164,44,1,2.5
93165,25,2,2.2
93166,35,1,3.1
93167,37,2,3.0
93168,40,2,3.75
93168,74,1,3.5
93169,55,2,4.0
93169,75,1,3.5
93170,23,1,2.5
93170,76,1,3.5
93171,30,1,3.0
93172,35,2,3.1
93173,27,2,3.5
93173,71,1,3.75
93174,49,1,3.0
93175,34,1,2.45
93176,32,1,3.0
93177,54,2,2.5
93178,46,1,2.5
93179,32,1,3.0
93179,76,1,3.5
93180,60,1,3.75
93181,25,1,2.2
93182,58,1,3.5
93183,61,1,4.75
93184,27,1,3.5
93185,46,1,2.5
93186,59,2,4.5
93187,34,1,2.45
93188,26,1,3.0
93189,22,1,2.0
93190,38,1,3.75
93191,38,1,3.75
93192,35,1,3.1
93193,61,2,4.75
93194,38,2,3.75
93195,36,1,3.75
93196,39,1,4.25
93197,29,1,2.5
93197,72,1,3.25
93198,29,2,2.5
93199,31,1,2.2
93200,49,1,3.0
93201,37,1,3.0
93202,30,2,3.0
93203,56,1,2.55
93203,71,1,3.75
93204,29,1,2.5
93205,26,1,3.0
93206,43,1,3.0
93207,39,2,4.25
93208,60,2,3.75
93209,43,2,3.0
93210,45,1,3.0
93211,22,2,2.0
93212,45,1,3.0
93213,30,2,3.0
93214,50,1,2.5
93215,49,1,3.0
93216,26,2,3.0
93217,41,2,4.25
93218,54,2,2.5
93219,61,1,4.75
93220,46,1,2.5
93220,73,1,3.75
93221,29,1,2.5
93221,72,1,3.25
93222,36,1,3.75
93223,35,2,3.1
93224,45,1,3.0
93224,75,1,3.5
93225,30,1,3.0
93226,35,1,3.1
93226,70,1,3.25
93227,60,1,3.75
93228,55,1,4.0
93229,60,1,3.75
93230,26,1,3.0
93231,57,2,3.1
93232,56,1,2.55
93233,34,1,2.45
93234,50,1,2.5
93234,78,1,4.5
93235,27,1,3.5
93235,71,1,3.75
93236,36,2,3.75
93237,61,1,4.75
93238,43,1,3.0
93239,48,1,2.5
93240,29,1,2.5
93241,24,1,3.0
93242,47,2,3.0
93242,71,1,3.75
93243,56,1,2.55
93244,32,1,3.0
93245,37,2,3.0
93246,40,1,3.75
93247,24,1,3.0
93248,32,2,3.0
93248,74,1,3.5
93249,54,2,2.5
93250,33,1,3.5
93251,24,1,3.0
93252,58,2,3.5
93253,59,1,4.5
93254,27,1,3.5
93255,26,2,3.0
93256,28,1,2.0
93257,43,1,3.0
93258,27,2,3.5
93259,87,1,3.0
93260,49,1,3.0
93260,69,1,3.25
93261,60,1,3.75
93262,35,2,3.1
93263,36,1,3.75
93263,70,1,3.25
93264,87,2,3.0
93265,34,1,2.45
93266,58,1,3.5
93267,56,1,2.55
93267,69,1,3.25
93267,76,1,3.5
93268,28,2,2.0
93269,44,2,2.5
93270,45,1,3.0
93271,61,2,4.75
93272,38,2,3.75
93273,34,1,2.45
93274,44,2,2.5
93275,46,2,2.5
93276,37,2,3.0
93277,38,1,3.75
93277,77,1,3.0
93278,48,2,2.5
93279,55,2,4.0
93280,35,2,3.1
93281,41,1,4.25
93282,52,1,2.5
93283,25,2,2.2
93284,22,1,2.0
93284,47,1,3.0
93285,50,2,2.5
93286,48,2,2.5
93286,75,1,3.5
93287,34,1,2.45
93287,36,1,3.75
93288,26,1,3.0
93289,30,2,3.0
93290,56,2,2.55
93291,57,1,3.1
93292,33,1,3.5
93293,55,2,4.0
93293,77,1,3.0
93294,43,2,3.0
93295,59,1,4.5
93296,58,2,3.5
93296,79,1,3.75
93297,56,1,2.55
93298,45,2,3.0
93299,22,1,2.0
93300,27,2,3.5
93301,57,1,3.1
93302,59,2,4.5
93303,29,1,2.5
93304,55,1,4.0
93305,44,2,2.5
93306,32,1,3.0
93307,50,1,2.5
93307,70,1,3.25
93308,41,1,4.25
93308,76,1,3.5
93309,32,2,3.0
93310,32,2,3.0
93311,36,1,3.75
93312,43,2,3.0
93313,31,2,2.2
93314,25,2,2.2
93315,58,2,3.5
93316,47,2,3.0
93317,27,1,3.5
93318,55,2,4.0
93319,50,1,2.5
93319,75,1,3.5
93320,43,2,3.0
93321,59,1,4.5
93321,79,1,3.75
93322,56,2,2.55
93323,54,1,2.5
93324,37,2,3.0
93325,44,2,2.5
93325,69,1,3.25
93326,61,2,4.75
93327,49,1,3.0
93327,77,1,3.0
93328,49,1,3.0
93329,50,1,2.5
93330,59,1,4.5
93331,23,2,2.5
93332,28,2,2.0
93333,59,2,4.5
93334,43,2,3.0
93335,38,1,3.75
93336,37,2,3.0
93337,45,2,3.0
93337,78,1,4.5
93338,52,2,2.5
93339,43,2,3.0
93340,35,1,3.1
93341,60,1,3.75
93341,69,1,3.25
93342,44,1,2.5
93343,47,2,3.0
93344,25,2,2.2
93345,23,2,2.5
93346,46,1,2.5
93347,46,1,2.5
93348,46,2,2.5
93349,35,2,3.1
93350,87,2,3.0
93350,69,1,3.25
93351,45,1,3.0
93352,50,1,2.5
93353,51,2,3.0
93354,51,1,3.0
93355,27,1,3.5
93356,36,1,3.75
93357,28,1,2.0
93358,32,1,3.0
93358,77,1,3.0
93359,35,2,3.1
93360,48,1,2.5
93361,48,2,2.5
93361,72,1,3.25
93362,42,2,2.5
93363,54,2,2.5
93364,45,2,3.0
93364,76,1,3.5
93365,59,2,4.5
93366,43,2,3.0
93367,87,1,3.0
93368,36,1,3.75
93369,60,1,3.75
93370,46,2,2.5
93371,32,1,3.0
93372,53,1,3.0
93373,50,2,2.5
93374,57,1,3.1
93375,57,2,3.1
93376,46,2,2.5
93377,36,2,3.75
93378,61,1,4.75
93379,54,1,2.5
93379,75,1,3.5
93380,27,2,3.5
93381,59,2,4.5
93381,71,1,3.75
93382,33,1,3.5
93383,47,2,3.0
93384,29,2,2.5
93385,53,2,3.0
93386,31,2,2.2
93386,69,1,3.25
93387,60,1,3.75
93388,23,2,2.5
93389,34,2,2.45
93390,31,1,2.2
93391,38,2,3.75
93392,41,1,4.25
93392,78,1,4.5
93393,56,2,2.55
93394,32,2,3.0
93395,37,1,3.0
93395,79,1,3.75
93396,22,2,2.0
93396,75,1,3.5
93397,46,1,2.5
93397,79,1,3.75
93397,60,1,3.75
93398,43,2,3.0
93398,72,1,3.25
93399,46,1,2.5
93400,44,2,2.5
93401,58,1,3.5
93402,87,1,3.0
93403,23,1,2.5
93404,56,2,2.55
93405,25,1,2.2
93406,53,1,3.0
93406,75,1,3.5
93407,59,2,4.5
93408,46,1,2.5
93409,58,2,3.5
93409,79,1,3.75
93410,45,2,3.0
93411,48,2,2.5
93412,33,1,3.5
93413,30,1,3.0
93414,31,1,2.2
93415,58,2,3.5
93416,24,1,3.0
93417,25,2,2.2
93418,53,1,3.0
93418,79,1,3.75
93419,32,1,3.0
93420,56,1,2.55
93421,22,1,2.0
93422,38,1,3.75
93423,29,2,2.5
93424,40,1,3.75
93424,71,1,3.75
93425,29,1,2.5
93426,29,1,2.5
93427,34,2,2.45
93428,39,1,4.25
93429,35,2,3.1
93430,47,1,3.0
93431,31,2,2.2
93432,51,2,3.0
93433,51,1,3.0
93434,48,2,2.5
93435,38,2,3.75
93436,48,1,2.5
93436,77,1,3.0
93437,57,1,3.1
93438,22,2,2.0
93439,51,2,3.0
93440,22,2,2.0
93440,76,1,3.5
93441,33,1,3.5
93442,28,2,2.0
93443,61,2,4.75
93444,25,2,2.2
93444,76,1,3.5
93445,29,2,2.5
93446,46,2,2.5
93446,70,1,3.25
93447,37,1,3.0
93448,47,1,3.0
93449,38,1,3.75
93450,34,1,2.45
93451,23,1,2.5
93452,61,2,4.75
93453,48,1,2.5
93453,70,1,3.25
93454,39,2,4.25
93455,37,2,3.0
93456,35,1,3.1
93457,37,2,3.0
93458,55,1,4.0
93459,23,2,2.5
93460,46,2,2.5
93461,28,2,2.0
93462,38,1,3.75
93462,72,1,3.25
93463,51,2,3.0
93464,49,2,3.0
93464,77,1,3.0
93465,33,2,3.5
93466,33,2,3.5
93467,33,1,3.5
93468,40,1,3.75
93469,44,1,2.5
93470,44,2,2.5
93470,76,1,3.5
93471,28,1,2.0
93472,29,1,2.5
93472,72,1,3.25
93473,29,2,2.5
93474,51,2,3.0
93475,35,1,3.1
93476,31,2,2.2
93477,31,2,2.2
93478,61,1,4.75
93479,53,1,3.0
93480,39,2,4.25
93480,78,1,4.5
93481,38,2,3.75
93482,47,2,3.0
93483,40,1,3.75
93484,43,1,3.0
93485,31,2,2.2
93486,28,2,2.0
93486,77,1,3.0
93487,28,1,2.0
93488,37,1,3.0
93488,78,1,4.5
93489,53,1,3.0
93490,56,1,2.55
93491,34,2,2.45
93492,54,2,2.5
93492,72,1,3.25
93493,39,2,4.25
93494,39,2,4.25
93494,75,1,3.5
93495,55,2,4.0
93496,46,2,2.5
93497,49,2,3.0
93498,51,2,3.0
93499,56,2,2.55
93500,49,2,3.0
93501,25,1,2.2
93502,34,2,2.45
93503,28,1,2.0
93504,46,1,2.5
93505,39,1,4.25
93506,50,2,2.5
93506,72,1,3.25
93507,45,1,3.0
93508,57,2,3.1
93509,46,1,2.5
93509,72,1,3.25
93510,33,1,3.5
93511,25,1,2.2
93512,47,2,3.0
93513,36,1,3.75
93513,72,1,3.25
93514,48,2,2.5
93514,75,1,3.5
93515,60,2,3.75
93516,29,2,2.5
93517,28,1,2.0
93518,25,2,2.2
93519,57,2,3.1
93520,24,2,3.0
93521,26,2,3.0
93521,72,1,3.25
93522,61,2,4.75
93523,56,2,2.55
93524,42,1,2.5
93524,74,1,3.5
93525,51,1,3.0
93526,58,1,3.5
93527,52,2,2.5
93528,54,1,2.5
93528,75,1,3.5
93529,50,2,2.5
93530,23,1,2.5
93530,78,1,4.5
93531,37,2,3.0
93532,54,1,2.5
93533,61,2,4.75
93534,33,1,3.5
93534,26,1,3.0
93534,77,1,3.0
93535,52,1,2.5
93536,29,1,2.5
93537,61,1,4.75
93538,48,1,2.5
93538,76,1,3.5
93539,54,2,2.5
93539,79,1,3.75
93540,45,1,3.0
93541,29,2,2.5
93542,40,1,3.75
93543,39,2,4.25
93544,32,1,3.0
93545,41,1,4.25
93546,41,1,4.25
93547,34,1,2.45
93548,26,2,3.0
93549,51,2,3.0
93549,76,1,3.5
93550,59,2,4.5
93551,29,1,2.5
93552,22,1,2.0
93553,87,2,3.0
93554,87,1,3.0
93555,59,1,4.5
93556,41,2,4.25
93557,33,2,3.5
93558,27,2,3.5
93559,50,2,2.5
93560,58,2,3.5
93561,56,2,2.55
93562,50,1,2.5
93563,39,1,4.25
93564,36,2,3.75
93565,36,1,3.75
93566,52,2,2.5
93567,41,1,4.25
93568,36,2,3.75
93569,42,2,2.5
93570,36,1,3.75
93571,57,2,3.1
93572,40,2,3.75
93573,39,1,4.25
93573,76,1,3.5
93574,39,2,4.25
93575,37,2,3.0
93575,69,1,3.25
93576,29,2,2.5
93577,50,2,2.5
93578,42,2,2.5
93579,39,1,4.25
93579,78,1,4.5
93580,29,1,2.5
93581,34,2,2.45
93582,58,2,3.5
93582,71,1,3.75
93583,35,2,3.1
93584,44,2,2.5
93585,44,2,2.5
93586,57,1,3.1
93587,49,2,3.0
93587,79,1,3.75
93588,41,2,4.25
93589,30,1,3.0
93590,45,2,3.0
93591,60,1,3.75
93592,47,2,3.0
93592,74,1,3.5
93593,38,2,3.75
93594,61,1,4.75
93595,61,2,4.75
93595,73,1,3.75
93596,24,1,3.0
93596,76,1,3.5
93597,49,1,3.0
93597,74,1,3.5
93598,50,1,2.5
93599,29,2,2.5
93600,25,2,2.2
93601,37,1,3.0
93601,77,1,3.0
93602,57,1,3.1
93602,73,1,3.75
93603,56,1,2.55
93603,76,1,3.5
93604,48,1,2.5
93605,47,1,3.0
93605,70,1,3.25
93606,31,1,2.2
93607,33,1,3.5
93608,51,1,3.0
93608,74,1,3.5
93609,25,2,2.2
93610,49,2,3.0
93611,25,2,2.2
93612,57,1,3.1
93612,77,1,3.0
93613,54,2,2.5
93614,61,1,4.75
93615,46,2,2.5
93616,47,2,3.0
93617,38,1,3.75
93618,30,1,3.0
93619,58,1,3.5
93620,47,1,3.0
93621,35,2,3.1
93622,52,2,2.5
93623,60,1,3.75
93624,53,2,3.0
93625,26,1,3.0
93626,38,2,3.75
93626,75,1,3.5
93627,30,2,3.0
93628,57,1,3.1
93629,39,1,4.25
93630,38,2,3.75
93631,57,1,3.1
93632,38,1,3.75
93633,23,2,2.5
93634,45,1,3.0
93635,27,2,3.5
93636,49,1,3.0
93637,54,1,2.5
93638,24,1,3.0
93639,53,2,3.0
93640,50,2,2.5
93641,41,2,4.25
93642,33,2,3.5
93643,31,1,2.2
93643,75,1,3.5
93644,30,1,3.0
93645,35,2,3.1
93646,43,2,3.0
93647,55,2,4.0
93648,42,1,2.5
93649,49,1,3.0
93650,55,1,4.0
93651,39,1,4.25
93652,60,2,3.75
93652,71,1,3.75
93653,32,1,3.0
93654,24,1,3.0
93655,46,1,2.5
93656,52,1,2.5
93657,33,2,3.5
93658,54,1,2.5
93659,41,2,4.25
93660,35,2,3.1
93661,46,2,2.5
93661,69,1,3.25
93662,37,2,3.0
93663,33,2,3.5
93664,28,2,2.0
93665,42,2,2.5
93665,78,1,4.5
93666,32,1,3.0
93667,44,1,2.5
93668,22,2,2.0
93668,78,1,4.5
93669,61,2,4.75
93670,46,1,2.5
93671,48,1,2.5
93672,38,2,3.75
93673,25,2,2.2
93674,35,1,3.1
93675,41,1,4.25
93676,43,1,3.0
93677,48,1,2.5
93678,50,1,2.5
93679,56,1,2.55
93680,57,1,3.1
93681,56,2,2.55
93681,71,1,3.75
93682,49,2,3.0
93683,39,2,4.25
93684,32,2,3.0
93684,75,1,3.5
93685,53,2,3.0
93685,71,1,3.75
93686,29,1,2.5
93686,70,1,3.25
93687,43,2,3.0
93688,54,2,2.5
93688,73,1,3.75
93689,24,2,3.0
93690,44,1,2.5
93691,52,1,2.5
93692,51,2,3.0
93693,47,2,3.0
93694,46,1,2.5
93695,41,1,4.25
93696,48,2,2.5
93697,30,1,3.0
93697,76,1,3.5
93698,53,2,3.0
93699,35,1,3.1
93700,40,1,3.75
93701,22,1,2.0
93702,42,1,2.5
93702,72,1,3.25
93703,39,1,4.25
93704,59,1,4.5
93705,50,1,2.5
93706,27,1,3.5
93707,25,1,2.2
93708,27,1,3.5
93709,61,1,4.75
93710,50,1,2.5
93711,40,2,3.75
93712,51,1,3.0
93713,47,1,3.0
93714,61,2,4.75
93715,45,1,3.0
93716,46,1,2.5
93717,45,2,3.0
93717,78,1,4.5
93718,30,1,3.0
93719,29,1,2.5
93720,49,2,3.0
93721,47,1,3.0
93722,45,2,3.0
93723,60,2,3.75
93724,57,2,3.1
93725,49,2,3.0
93726,58,2,3.5
93727,37,2,3.0
93728,46,1,2.5
93729,60,2,3.75
93730,26,2,3.0
93730,70,1,3.25
93731,54,2,2.5
93732,46,1,2.5
93733,56,1,2.55
93734,44,1,2.5
93734,75,1,3.5
93735,28,1,2.0
93736,37,2,3.0
93737,52,2,2.5
93738,37,1,3.0
93739,28,1,2.0
93740,45,1,3.0
93741,48,1,2.5
93742,50,2,2.5
93743,57,1,3.1
93744,36,2,3.75
93744,78,1,4.5
93745,31,2,2.2
93746,61,2,4.75
93747,40,2,3.75
93747,70,1,3.25
93748,31,2,2.2
93749,31,2,2.2
93750,34,2,2.45
93751,46,2,2.5
93751,73,1,3.75
93752,49,1,3.0
93753,28,2,2.0
93754,32,1,3.0
93755,29,2,2.5
93755,71,1,3.75
93756,29,2,2.5
93757,22,2,2.0
93758,56,1,2.55
93758,70,1,3.25
93759,46,1,2.5
93759,72,1,3.25
93760,37,2,3.0
93761,58,2,3.5
93762,58,2,3.5
93763,59,1,4.5
93764,49,1,3.0
93765,26,2,3.0
93766,45,2,3.0
93767,44,1,2.5
93768,32,1,3.0
93769,27,2,3.5
93770,61,2,4.75
93771,39,2,4.25
93772,87,2,3.0
93772,71,1,3.75
93773,25,2,2.2
93774,52,1,2.5
93775,41,1,4.25
93776,47,2,3.0
93777,50,1,2.5
93778,42,2,2.5
93779,23,1,2.5
93780,53,2,3.0
93781,55,2,4.0
93781,79,1,3.75
93782,41,2,4.25
93783,23,2,2.5
93784,34,2,2.45
93785,50,1,2.5
93786,47,1,3.0
93786,79,1,3.75
93787,31,2,2.2
93788,60,1,3.75
93789,35,2,3.1
93790,22,1,2.0
93790,73,1,3.75
93791,43,2,3.0
93792,31,1,2.2
93793,22,1,2.0
93794,59,2,4.5
93795,59,1,4.5
93796,39,2,4.25
93797,61,2,4.75
93798,54,2,2.5
93799,60,2,3.75
93800,33,1,3.5
93801,40,1,3.75
93802,41,1,4.25
93803,53,1,3.0
93804,45,2,3.0
93805,26,1,3.0
93806,49,1,3.0
93807,36,2,3.75
93808,48,2,2.5
93809,46,2,2.5
93810,41,1,4.25
93811,33,2,3.5
93812,32,1,3.0
93813,32,1,3.0
93813,78,1,4.5
93814,57,1,3.1
93815,38,2,3.75
93816,42,2,2.5
93817,47,2,3.0
93818,48,1,2.5
93818,69,1,3.25
93819,25,2,2.2
93820,39,2,4.25
93821,24,1,3.0
93822,28,1,2.0
93823,30,1,3.0
93824,41,2,4.25
93825,38,1,3.75
93826,40,1,3.75
93827,38,2,3.75
93828,32,1,3.0
93828,77,1,3.0
93829,38,2,3.75
93830,37,1,3.0
93831,42,2,2.5
93832,41,1,4.25
93833,42,1,2.5
93834,37,1,3.0
93835,40,2,3.75
93835,77,1,3.0
93836,57,2,3.1
93836,72,1,3.25
93837,39,1,4.25
93838,55,2,4.0
93839,39,2,4.25
93840,32,1,3.0
93840,75,1,3.5
93841,25,2,2.2
93842,50,1,2.5
93842,74,1,3.5
93843,22,2,2.0
93844,26,1,3.0
93845,49,2,3.0
93845,73,1,3.75
93846,36,2,3.75
93847,28,1,2.0
93847,70,1,3.25
93848,52,1,2.5
93849,52,1,2.5
93850,49,1,3.0
93851,52,1,2.5
93852,41,1,4.25
93853,30,2,3.0
93853,71,1,3.75
93854,39,2,4.25
93855,56,1,2.55
93856,29,2,2.5
93857,39,2,4.25
93858,24,2,3.0
93859,39,1,4.25
93860,37,2,3.0
93861,38,1,3.75
93862,56,1,2.55
93863,25,1,2.2
93864,25,2,2.2
93865,34,2,2.45
93866,53,2,3.0
93867,51,2,3.0
93868,49,2,3.0
93869,27,2,3.5
93869,77,1,3.0
93870,30,2,3.0
93870,74,1,3.5
93871,34,2,2.45
93872,31,1,2.2
93873,35,1,3.1
93874,43,2,3.0
93875,46,1,2.5
93875,70,1,3.25
93876,49,2,3.0
93877,25,2,2.2
93877,71,1,3.75
93878,29,2,2.5
93879,61,1,4.75
93880,49,1,3.0
93881,50,2,2.5
93881,75,1,3.5
93882,41,2,4.25
93883,87,1,3.0
93884,22,2,2.0
93885,27,1,3.5
93885,71,1,3.75
93886,34,1,2.45
93887,42,2,2.5
93888,37,2,3.0
93889,25,1,2.2
93890,52,1,2.5
93891,56,1,2.55
93892,59,2,4.5
93892,69,1,3.25
93893,39,2,4.25
93893,78,1,4.5
93894,52,2,2.5
93895,60,2,3.75
93896,24,2,3.0
93897,45,2,3.0
93898,59,2,4.5
93899,32,1,3.0
93900,52,2,2.5
93900,71,1,3.75
93901,42,2,2.5
93902,32,2,3.0
93903,35,1,3.1
93904,32,1,3.0
93904,71,1,3.75
93905,23,1,2.5
93906,28,2,2.0
93907,39,2,4.25
93908,59,1,4.5
93909,31,2,2.2
93910,55,2,4.0
93911,26,1,3.0
93912,54,2,2.5
93912,74,1,3.5
93913,49,1,3.0
93913,76,1,3.5
93914,55,2,4.0
93915,22,1,2.0
93916,33,2,3.5
93917,60,1,3.75
93917,73,1,3.75
93918,41,1,4.25
93919,30,2,3.0
93920,54,2,2.5
93921,25,2,2.2
93921,74,1,3.5
93922,30,2,3.0
93922,71,1,3.75
93923,54,2,2.5
93924,51,1,3.0
93925,45,1,3.0
93926,25,2,2.2
93927,24,2,3.0
93928,42,2,2.5
93929,60,1,3.75
93930,48,2,2.5
93931,33,1,3.5
93932,29,2,2.5
93933,54,2,2.5
93933,70,1,3.25
93934,39,1,4.25
93935,57,1,3.1
93935,79,1,3.75
93936,44,1,2.5
93937,44,2,2.5
93938,29,2,2.5
93938,77,1,3.0
93939,48,2,2.5
93940,37,2,3.0
93940,71,1,3.75
93941,54,2,2.5
93941,72,1,3.25
93942,55,2,4.0
93943,55,1,4.0
93943,72,1,3.25
93944,54,1,2.5
93945,26,1,3.0
93946,41,2,4.25
93947,58,2,3.5
93948,42,1,2.5
93949,49,2,3.0
93950,35,2,3.1
93951,59,1,4.5
93952,45,1,3.0
93953,27,2,3.5
93953,69,1,3.25
93954,48,1,2.5
93955,54,2,2.5
93956,25,2,2.2
93957,26,2,3.0
93957,70,1,3.25
93958,25,1,2.2
93958,73,1,3.75
93959,28,1,2.0
93960,33,2,3.5
93961,55,2,4.0
93962,56,2,2.55
93963,44,1,2.5
93964,52,2,2.5
93964,74,1,3.5
93965,47,1,3.0
93965,71,1,3.75
93966,38,2,3.75
93966,78,1,4.5
93967,26,2,3.0
93968,54,1,2.5
93968,74,1,3.5
93969,31,1,2.2
93969,72,1,3.25
93970,37,2,3.0
93971,46,2,2.5
93972,31,1,2.2
93973,33,2,3.5
93974,48,1,2.5
93975,40,2,3.75
93976,23,2,2.5
93977,42,2,2.5
93978,37,1,3.0
93979,33,1,3.5
93980,41,2,4.25
93981,39,2,4.25
93981,72,1,3.25
93982,38,2,3.75
93982,74,1,3.5
93983,52,1,2.5
93983,70,1,3.25
93984,26,2,3.0
93985,61,1,4.75
93986,42,2,2.5
93987,26,1,3.0
93987,74,1,3.5
93988,42,1,2.5
93989,48,2,2.5
93990,33,2,3.5
93991,44,2,2.5
93992,87,2,3.0
93993,55,1,4.0
93994,32,2,3.0
93995,31,1,2.2
93996,56,1,2.55
93997,57,2,3.1
93998,35,1,3.1
93999,48,1,2.5
94000,30,2,3.0
94001,25,1,2.2
94002,29,1,2.5
94002,69,1,3.25
94003,36,2,3.75
94004,55,1,4.0
94005,60,2,3.75
94006,24,2,3.0
94007,31,1,2.2
94008,52,1,2.5
94009,34,2,2.45
94010,30,1,3.0
94010,77,1,3.0
94011,43,1,3.0
94012,35,1,3.1
94013,30,1,3.0
94014,30,2,3.0
94015,49,2,3.0
94016,39,2,4.25
94017,57,2,3.1
94018,33,2,3.5
94019,45,1,3.0
94020,34,1,2.45
94021,25,2,2.2
94022,28,2,2.0
94023,61,1,4.75
94024,34,2,2.45
94025,35,2,3.1
94026,22,1,2.0
94027,58,2,3.5
94028,29,2,2.5
94029,39,2,4.25
94030,31,1,2.2
94031,57,1,3.1
94032,39,1,4.25
94033,49,1,3.0
94033,70,1,3.25
94034,32,1,3.0
94035,31,2,2.2
94036,25,2,2.2
94037,61,2,4.75
94038,52,2,2.5
94039,39,2,4.25
94040,61,1,4.75
94041,29,1,2.5
94042,47,2,3.0
94042,72,1,3.25
94043,39,1,4.25
94043,74,1,3.5
94044,31,2,2.2
94044,74,1,3.5
94045,54,2,2.5
94046,28,1,2.0
94047,30,1,3.0
94048,51,2,3.0
94049,42,2,2.5
94050,58,1,3.5
94051,49,2,3.0
94052,35,1,3.1
94053,26,1,3.0
94054,48,1,2.5
94054,76,1,3.5
94055,22,1,2.0
94055,77,1,3.0
94056,23,2,2.5
94057,50,1,2.5
94058,22,1,2.0
94059,54,1,2.5
94060,61,1,4.75
94061,25,1,2.2
94062,34,1,2.45
94063,38,1,3.75
94064,53,2,3.0
94065,37,1,3.0
94066,44,1,2.5
94067,44,1,2.5
94068,29,1,2.5
94068,73,1,3.75
94069,48,2,2.5
94069,48,2,2.5
94070,47,1,3.0
94071,60,2,3.75
94072,32,1,3.0
94072,75,1,3.5
94073,24,2,3.0
94073,69,1,3.25
94074,27,2,3.5
94075,87,2,3.0
94076,41,1,4.25
94076,74,1,3.5
94077,27,1,3.5
94078,31,2,2.2
94079,87,2,3.0
94080,53,1,3.0
94081,31,1,2.2
94082,56,1,2.55
94083,87,2,3.0
94084,60,1,3.75
94085,31,2,2.2
94086,54,2,2.5
94086,69,1,3.25
94087,59,2,4.5
94088,53,2,3.0
94089,34,1,2.45
94090,39,1,4.25
94091,27,2,3.5
94092,40,2,3.75
94093,53,2,3.0
94094,29,2,2.5
94095,45,1,3.0
94095,69,1,3.25
94096,38,2,3.75
94097,52,1,2.5
94098,44,1,2.5
94099,30,1,3.0
94100,59,1,4.5
94101,22,2,2.0
94102,32,2,3.0
94103,42,1,2.5
94104,32,1,3.0
94105,25,2,2.2
94106,49,2,3.0
94107,49,1,3.0
94108,37,2,3.0
94109,50,1,2.5
94110,45,2,3.0
94111,26,2,3.0
94112,50,1,2.5
94112,72,1,3.25
94113,53,2,3.0
94114,25,1,2.2
94115,43,1,3.0
94116,60,1,3.75
94117,37,1,3.0
94118,53,1,3.0
94119,51,1,3.0
94120,55,2,4.0
94120,71,1,3.75
94121,25,2,2.2
94122,59,2,4.5
94123,41,1,4.25
94124,45,1,3.0
94125,49,1,3.0
94125,73,1,3.75
94126,23,1,2.5
94126,76,1,3.5
94127,37,2,3.0
94128,24,2,3.0
94129,56,2,2.55
94130,36,1,3.75
94131,31,2,2.2
94132,60,2,3.75
94132,79,1,3.75
94133,31,1,2.2
94134,55,1,4.0
94135,45,1,3.0
94136,59,1,4.5
94137,54,1,2.5
94138,42,1,2.5
94138,78,1,4.5
94139,42,2,2.5
94140,44,1,2.5
94141,49,1,3.0
94142,24,2,3.0
94143,34,1,2.45
94144,30,1,3.0
94144,74,1,3.5
94145,28,1,2.0
94145,70,1,3.25
94146,31,1,2.2
94146,72,1,3.25
94147,58,1,3.5
94148,51,1,3.0
94149,58,1,3.5
94149,76,1,3.5
94150,48,1,2.5
94150,74,1,3.5
94151,60,1,3.75
94152,58,2,3.5
94153,39,2,4.25
94154,29,2,2.5
94155,32,2,3.0
94156,31,2,2.2
94157,48,1,2.5
94158,44,2,2.5
94159,40,1,3.75
94160,28,1,2.0
94160,72,1,3.25
94161,38,1,3.75
94161,73,1,3.75
94162,31,1,2.2
94163,47,2,3.0
94164,61,2,4.75
94165,30,1,3.0
94165,73,1,3.75
94166,46,2,2.5
94166,77,1,3.0
94167,87,2,3.0
94168,52,1,2.5
94168,73,1,3.75
94169,61,2,4.75
94170,23,1,2.5
94171,43,2,3.0
94171,71,1,3.75
94172,42,1,2.5
94173,55,1,4.0
94174,56,1,2.55
94175,39,1,4.25
94176,30,1,3.0
94177,41,1,4.25
94177,70,1,3.25
94178,39,1,4.25
94179,56,2,2.55
94180,33,1,3.5
94181,30,2,3.0
94181,76,1,3.5
94182,87,1,3.0
94182,73,1,3.75
94183,32,2,3.0
94184,39,1,4.25
94185,49,2,3.0
94186,28,1,2.0
94186,72,1,3.25
94187,58,2,3.5
94188,48,2,2.5
94189,57,2,3.1
94190,59,1,4.5
94191,48,2,2.5
94192,32,2,3.0
94193,22,2,2.0
94194,22,2,2.0
94194,70,1,3.25
94195,36,2,3.75
94196,57,2,3.1
94197,31,2,2.2
94198,43,2,3.0
94198,69,1,3.25
94199,48,1,2.5
94200,35,1,3.1
94201,35,2,3.1
94202,58,1,3.5
94203,38,1,3.75
94203,48,2,2.5
94204,57,1,3.1
94205,39,1,4.25
94206,49,1,3.0
94207,50,2,2.5
94208,53,2,3.0
94209,45,2,3.0
94210,60,2,3.75
94211,30,1,3.0
94212,28,1,2.0
94212,71,1,3.75
94213,31,2,2.2
94214,47,2,3.0
94215,23,2,2.5
94216,50,2,2.5
94217,42,2,2.5
94218,40,1,3.75
94219,31,2,2.2
94220,23,2,2.5
94221,36,2,3.75
94222,35,1,3.1
94222,72,1,3.25
94223,53,2,3.0
94223,71,1,3.75
94224,29,2,2.5
94225,55,2,4.0
94226,25,1,2.2
94226,73,1,3.75
94227,29,2,2.5
94228,31,1,2.2
94228,74,1,3.5
94229,56,1,2.55
94229,69,1,3.25
94230,25,1,2.2
94231,50,2,2.5
94232,60,1,3.75
94233,49,2,3.0
94234,59,2,4.5
94235,30,2,3.0
94236,49,2,3.0
94237,30,2,3.0
94238,28,2,2.0
94239,28,2,2.0
94239,73,1,3.75
94240,46,2,2.5
94241,38,2,3.75
94242,30,1,3.0
94243,35,2,3.1
94243,79,1,3.75
94244,37,2,3.0
94245,42,1,2.5
94246,49,2,3.0
94247,35,2,3.1
94248,27,1,3.5
94249,55,1,4.0
94250,46,2,2.5
94251,38,1,3.75
94252,61,2,4.75
94252,72,1,3.25
94253,29,2,2.5
94254,29,2,2.5
94254,79,1,3.75
94255,31,2,2.2
94255,77,1,3.0
94256,49,2,3.0
94257,40,2,3.75
94258,55,1,4.0
94259,51,1,3.0
94260,29,1,2.5
94261,40,2,3.75
94261,74,1,3.5
94262,48,2,2.5
94263,26,1,3.0
94264,60,1,3.75
94265,43,2,3.0
94266,41,2,4.25
94267,27,2,3.5
94268,30,2,3.0
94269,58,2,3.5
94270,60,2,3.75
94270,72,1,3.25
94271,59,1,4.5
94272,23,1,2.5
94273,37,1,3.0
94274,37,1,3.0
94275,30,2,3.0
94276,57,1,3.1
94277,51,1,3.0
94278,54,1,2.5
94279,24,2,3.0
94280,25,1,2.2
94281,41,2,4.25
94282,32,2,3.0
94283,36,1,3.75
94284,57,1,3.1
94285,34,2,2.45
94285,69,1,3.25
94286,52,2,2.5
94287,57,1,3.1
94288,31,1,2.2
94288,32,2,3.0
94288,72,1,3.25
94289,37,1,3.0
94290,40,2,3.75
94291,36,2,3.75
94292,26,1,3.0
94292,77,1,3.0
94293,28,1,2.0
94294,49,1,3.0
94295,53,1,3.0
94296,25,2,2.2
94297,50,2,2.5
94298,27,2,3.5
94299,60,2,3.75
94300,27,1,3.5
94300,71,1,3.75
94301,40,1,3.75
94301,75,1,3.5
94302,46,1,2.5
94303,28,1,2.0
94304,43,2,3.0
94305,56,1,2.55
94306,49,2,3.0
94307,57,1,3.1
94307,70,1,3.25
94308,29,1,2.5
94309,46,1,2.5
94309,78,1,4.5
94310,37,1,3.0
94311,51,2,3.0
94311,70,1,3.25
94312,24,2,3.0
94312,76,1,3.5
94313,34,1,2.45
94314,60,2,3.75
94315,56,2,2.55
94316,59,1,4.5
94317,38,2,3.75
94318,35,1,3.1
94319,46,2,2.5
94320,36,2,3.75
94321,22,1,2.0
94322,56,2,2.55
94323,60,1,3.75
94324,22,2,2.0
94324,74,1,3.5
94325,48,1,2.5
94326,60,2,3.75
94327,29,1,2.5
94327,78,1,4.5
94328,56,2,2.55
94329,30,2,3.0
94330,22,1,2.0
94331,44,2,2.5
94332,32,2,3.0
94333,26,1,3.0
94334,29,2,2.5
94335,52,1,2.5
94336,24,2,3.0
94337,61,2,4.75
94338,33,1,3.5
94339,47,1,3.0
94340,59,2,4.5
94341,39,1,4.25
94342,30,1,3.0
94343,46,2,2.5
94344,59,2,4.5
94345,58,1,3.5
94346,55,1,4.0
94347,22,2,2.0
94348,23,2,2.5
94349,41,2,4.25
94350,51,2,3.0
94351,22,2,2.0
94352,52,1,2.5
94353,23,1,2.5
94354,51,2,3.0
94355,31,1,2.2
94356,32,2,3.0
94356,79,1,3.75
94357,55,1,4.0
94357,72,1,3.25
94358,41,1,4.25
94359,24,2,3.0
94360,33,2,3.5
94361,32,1,3.0
94362,39,2,4.25
94363,31,1,2.2
94364,28,1,2.0
94365,29,1,2.5
94366,25,2,2.2
94367,32,2,3.0
94368,34,1,2.45
94369,42,1,2.5
94370,30,1,3.0
94371,47,2,3.0
94372,36,1,3.75
94373,53,1,3.0
94373,79,1,3.75
94374,31,1,2.2
94375,41,1,4.25
94376,57,2,3.1
94377,37,2,3.0
94378,27,2,3.5
94379,47,1,3.0
94380,44,2,2.5
94381,38,2,3.75
94381,69,1,3.25
94382,37,2,3.0
94382,74,1,3.5
94383,29,2,2.5
94384,49,2,3.0
94385,58,2,3.5
94386,23,1,2.5
94386,73,1,3.75
94387,52,2,2.5
94388,25,2,2.2
94389,23,1,2.5
94390,30,1,3.0
94391,58,1,3.5
94392,23,1,2.5
94392,70,1,3.25
94393,58,1,3.5
94394,61,1,4.75
94395,28,2,2.0
94396,49,1,3.0
94396,72,1,3.25
94397,31,1,2.2
94398,36,1,3.75
94399,55,2,4.0
94399,77,1,3.0
94400,32,2,3.0
94401,50,2,2.5
94402,41,2,4.25
94403,37,2,3.0
94404,23,1,2.5
94405,39,1,4.25
94406,57,2,3.1
94407,43,2,3.0
94408,54,1,2.5
94409,29,1,2.5
94410,57,2,3.1
94411,45,2,3.0
94412,38,1,3.75
94413,44,2,2.5
94414,55,1,4.0
94414,69,1,3.25
94415,57,1,3.1
94415,69,1,3.25
94416,45,2,3.0
94417,28,2,2.0
94418,50,1,2.5
94419,29,2,2.5
94420,44,1,2.5
94421,49,2,3.0
94422,23,2,2.5
94423,51,1,3.0
94424,57,1,3.1
94425,46,1,2.5
94426,23,2,2.5
94427,57,1,3.1
94428,41,2,4.25
94429,25,1,2.2
94430,44,1,2.5
94431,35,1,3.1
94432,60,2,3.75
94433,22,1,2.0
94434,56,1,2.55
94435,23,1,2.5
94436,55,1,4.0
94437,55,1,4.0
94437,69,1,3.25
94438,58,2,3.5
94439,26,2,3.0
94440,87,1,3.0
94441,53,2,3.0
94442,58,2,3.5
94443,58,2,3.5
94444,87,1,3.0
94445,44,2,2.5
94445,72,1,3.25
94446,30,1,3.0
94447,40,2,3.75
94448,43,2,3.0
94448,71,1,3.75
94449,43,1,3.0
94450,35,1,3.1
94451,32,2,3.0
94452,44,1,2.5
94453,33,2,3.5
94454,44,2,2.5
94454,78,1,4.5
94455,51,1,3.0
94455,72,1,3.25
94456,34,1,2.45
94457,27,2,3.5
94458,34,1,2.45
94459,55,1,4.0
94460,24,2,3.0
94461,36,1,3.75
94462,49,1,3.0
94463,52,2,2.5
94463,79,1,3.75
94464,31,1,2.2
94465,43,1,3.0
94466,34,2,2.45
94467,22,1,2.0
94468,60,1,3.75
94469,58,2,3.5
94470,35,2,3.1
94470,75,1,3.5
94471,48,2,2.5
94471,79,1,3.75
94472,59,2,4.5
94473,52,2,2.5
94474,50,1,2.5
94475,50,1,2.5
94476,61,2,4.75
94477,33,1,3.5
94478,25,2,2.2
94479,49,2,3.0
94480,22,1,2.0
94481,28,2,2.0
94482,28,1,2.0
94483,57,1,3.1
94484,27,1,3.5
94485,50,2,2.5
94486,32,1,3.0
94487,30,1,3.0
94488,29,2,2.5
94489,42,1,2.5
94490,61,1,4.75
94491,54,2,2.5
94491,77,1,3.0
94492,57,2,3.1
94493,45,2,3.0
94494,34,1,2.45
94494,69,1,3.25
94495,40,2,3.75
94496,61,1,4.75
94497,59,1,4.5
94498,52,2,2.5
94498,73,1,3.75
94499,55,1,4.0
94499,75,1,3.5
94500,27,1,3.5
94501,57,1,3.1
94502,31,1,2.2
94503,29,2,2.5
94504,53,1,3.0
94505,33,1,3.5
94505,69,1,3.25
94506,41,1,4.25
94507,59,2,4.5
94508,44,2,2.5
94508,74,1,3.5
94509,23,1,2.5
94509,69,1,3.25
94510,57,2,3.1
94511,59,2,4.5
94512,36,1,3.75
94513,42,2,2.5
94513,71,1,3.75
94514,47,1,3.0
94515,35,1,3.1
94515,79,1,3.75
94516,41,2,4.25
94517,40,2,3.75
94518,34,2,2.45
94519,51,1,3.0
94519,71,1,3.75
94520,29,1,2.5
94520,71,1,3.75
94520,29,1,2.5
94521,22,2,2.0
94522,42,2,2.5
94523,27,2,3.5
94524,23,2,2.5
94525,37,2,3.0
94526,47,1,3.0
94527,53,2,3.0
94528,56,1,2.55
94529,31,1,2.2
94530,33,1,3.5
94531,52,1,2.5
94532,38,2,3.75
94533,57,1,3.1
94533,71,1,3.75
94534,48,2,2.5
94535,32,1,3.0
94536,47,1,3.0
94536,76,1,3.5
94537,23,2,2.5
94538,50,1,2.5
94538,40,1,3.75
94539,87,1,3.0
94540,23,1,2.5
94541,55,1,4.0
94541,69,1,3.25
94542,50,2,2.5
94543,61,1,4.75
94544,37,1,3.0
94545,54,1,2.5
94546,51,2,3.0
94547,46,1,2.5
94548,52,2,2.5
94549,22,1,2.0
94549,69,1,3.25
94550,35,2,3.1
94551,53,2,3.0
94552,38,2,3.75
94553,27,1,3.5
94554,31,1,2.2
94555,42,1,2.5
94556,51,2,3.0
94557,46,2,2.5
94558,28,2,2.0
94559,54,2,2.5
94560,26,1,3.0
94561,52,1,2.5
94562,32,1,3.0
94563,34,2,2.45
94563,74,1,3.5
94564,24,1,3.0
94565,30,2,3.0
94566,60,2,3.75
94566,79,1,3.75
94567,48,1,2.5
94568,52,2,2.5
94569,52,1,2.5
94569,78,1,4.5
94570,49,2,3.0
94571,29,2,2.5
94572,27,2,3.5
94573,38,1,3.75
94574,26,1,3.0
94575,26,1,3.0
94575,79,1,3.75
94576,44,1,2.5
94576,71,1,3.75
94577,56,1,2.55
94578,48,2,2.5
94579,31,1,2.2
94580,33,1,3.5
94581,36,2,3.75
94582,50,2,2.5
94583,23,2,2.5
94584,29,1,2.5
94585,26,2,3.0
94586,53,1,3.0
94587,30,2,3.0
94588,41,1,4.25
94588,77,1,3.0
94589,28,1,2.0
94590,35,2,3.1
94591,24,2,3.0
94592,36,1,3.75
94593,52,1,2.5
94594,36,1,3.75
94595,46,2,2.5
94596,58,2,3.5
94596,73,1,3.75
94597,49,1,3.0
94598,24,2,3.0
94598,70,1,3.25
94599,32,2,3.0
94600,59,1,4.5
94600,77,1,3.0
94601,37,1,3.0
94602,58,2,3.5
94603,55,1,4.0
94604,87,2,3.0
94605,59,1,4.5
94606,22,2,2.0
94607,27,2,3.5
94608,31,2,2.2
94609,57,2,3.1
94610,59,1,4.5
94610,75,1,3.5
94611,45,2,3.0
94612,60,1,3.75
94612,72,1,3.25
94613,30,1,3.0
94613,73,1,3.75
94614,38,2,3.75
94615,22,1,2.0
94616,61,1,4.75
94617,48,2,2.5
94618,59,1,4.5
94618,70,1,3.25
94619,47,2,3.0
94619,78,1,4.5
94620,34,2,2.45
94621,42,2,2.5
94622,39,2,4.25
94623,47,2,3.0
94623,70,1,3.25
94624,52,1,2.5
94625,24,2,3.0
94626,51,2,3.0
94627,38,2,3.75
94628,29,2,2.5
94628,72,1,3.25
94629,42,2,2.5
94630,23,2,2.5
94631,36,2,3.75
94632,87,1,3.0
94632,76,1,3.5
94633,44,1,2.5
94634,55,1,4.0
94635,41,2,4.25
94636,33,1,3.5
94637,47,2,3.0
94638,33,2,3.5
94639,59,1,4.5
94640,58,2,3.5
94641,35,2,3.1
94642,25,1,2.2
94642,78,1,4.5
94643,36,1,3.75
94644,32,1,3.0
94645,57,1,3.1
94646,40,1,3.75
94647,50,2,2.5
94648,29,2,2.5
94649,87,2,3.0
94650,56,1,2.55
94651,46,2,2.5
94652,44,1,2.5
94653,42,2,2.5
94654,36,2,3.75
94655,25,2,2.2
94656,27,2,3.5
94657,30,1,3.0
94658,87,1,3.0
94659,31,1,2.2
94660,33,1,3.5
94661,51,1,3.0
94661,69,1,3.25
94662,56,1,2.55
94662,69,1,3.25
94663,24,2,3.0
94664,26,1,3.0
94665,44,2,2.5
94666,25,1,2.2
94666,77,1,3.0
94667,45,2,3.0
94668,29,2,2.5
94669,31,1,2.2
94670,24,2,3.0
94671,57,2,3.1
94672,30,2,3.0
94672,78,1,4.5
94673,52,1,2.5
94673,75,1,3.5
94674,46,2,2.5
94675,87,1,3.0
94676,54,1,2.5
94677,56,2,2.55
94677,78,1,4.5
94678,37,2,3.0
94679,39,1,4.25
94680,34,2,2.45
94681,61,2,4.75
94681,74,1,3.5
94682,59,1,4.5
94683,23,2,2.5
94684,43,2,3.0
94685,42,1,2.5
94686,41,1,4.25
94687,29,1,2.5
94688,30,2,3.0
94689,55,1,4.0
94690,51,2,3.0
94691,32,1,3.0
94691,73,1,3.75
94692,45,1,3.0
94693,53,2,3.0
94694,44,1,2.5
94695,28,2,2.0
94696,47,2,3.0
94697,47,2,3.0
94698,27,1,3.5
94699,50,1,2.5
94699,70,1,3.25
94700,34,1,2.45
94701,47,1,3.0
94702,29,1,2.5
94703,53,2,3.0
94703,73,1,3.75
94704,38,2,3.75
94705,25,2,2.2
94706,42,1,2.5
94707,56,2,2.55
94708,58,1,3.5
94708,70,1,3.25
94709,31,2,2.2
94710,43,2,3.0
94711,30,1,3.0
94711,78,1,4.5
94712,55,2,4.0
94713,39,1,4.25
94714,51,2,3.0
94715,59,2,4.5
94716,24,1,3.0
94717,53,2,3.0
94718,55,1,4.0
94719,25,1,2.2
94720,25,1,2.2
94721,60,2,3.75
94722,49,2,3.0
94723,29,1,2.5
94724,29,1,2.5
94724,77,1,3.0
94725,36,2,3.75
94726,32,1,3.0
94727,56,2,2.55
94728,48,2,2.5
94729,57,2,3.1
94730,57,1,3.1
94731,55,1,4.0
94731,77,1,3.0
94732,60,1,3.75
94733,24,1,3.0
94734,44,1,2.5
94735,43,1,3.0
94736,34,2,2.45
94737,24,2,3.0
94738,47,2,3.0
94739,43,2,3.0
94740,37,2,3.0
94741,59,2,4.5
94742,24,2,3.0
94743,43,2,3.0
94744,43,2,3.0
94745,42,2,2.5
94746,49,2,3.0
94747,54,2,2.5
94748,34,1,2.45
94749,52,2,2.5
94750,30,2,3.0
94751,58,1,3.5
94752,52,2,2.5
94753,26,2,3.0
94754,54,1,2.5
94755,43,1,3.0
94756,42,1,2.5
94757,24,1,3.0
94757,73,1,3.75
94758,42,1,2.5
94759,58,2,3.5
94760,41,2,4.25
94761,40,2,3.75
94762,54,2,2.5
94763,52,1,2.5
94764,36,2,3.75
94765,50,1,2.5
94765,75,1,3.5
94766,57,1,3.1
94766,77,1,3.0
94767,48,2,2.5
94768,61,2,4.75
94769,42,2,2.5
94770,56,2,2.55
94771,59,1,4.5
94772,30,2,3.0
94772,73,1,3.75
94773,55,1,4.0
94774,36,2,3.75
94775,42,1,2.5
94776,28,2,2.0
94777,43,2,3.0
94778,27,2,3.5
94778,74,1,3.5
94779,44,1,2.5
94780,30,2,3.0
94780,72,1,3.25
94781,60,1,3.75
94782,54,1,2.5
94783,53,1,3.0
94784,59,1,4.5
94784,78,1,4.5
94785,26,2,3.0
94785,77,1,3.0
94786,27,1,3.5
94787,26,1,3.0
94788,87,1,3.0
94789,50,2,2.5
94790,40,2,3.75
94791,29,1,2.5
94792,87,2,3.0
94793,56,2,2.55
94793,70,1,3.25
94794,44,1,2.5
94795,52,2,2.5
94795,72,1,3.25
94796,43,2,3.0
94797,28,2,2.0
94798,32,2,3.0
94799,58,1,3.5
94800,58,2,3.5
94801,33,1,3.5
94802,50,2,2.5
94803,87,2,3.0
94804,59,1,4.5
94805,25,2,2.2
94806,34,1,2.45
94806,78,1,4.5
94807,55,2,4.0
94808,24,1,3.0
94809,59,2,4.5
94810,59,2,4.5
94811,54,2,2.5
94812,53,1,3.0
94813,38,2,3.75
94814,36,2,3.75
94815,31,1,2.2
94816,59,2,4.5
94817,61,2,4.75
94818,49,1,3.0
94818,20,1,7.6
94819,45,1,3.0
94820,31,2,2.2
94821,71,1,3.75
94821,71,1,3.75
94822,23,1,2.5
94823,45,2,3.0
94824,35,1,3.1
94825,40,1,3.75
94826,31,2,2.2
94827,50,2,2.5
94828,48,1,2.5
94828,13,1,8.95
94829,46,1,2.5
94829,12,1,8.95
94830,31,2,2.2
94831,58,1,3.5
94832,41,2,4.25
94832,76,1,3.5
94833,57,2,3.1
94834,57,1,3.1
94834,70,1,3.25
94835,31,2,2.2
94835,70,1,3.25
94836,52,1,2.5
94837,31,2,2.2
94837,71,1,3.75
94838,43,1,3.0
94839,34,1,2.45
94839,74,1,3.5
94840,26,2,3.0
94841,45,1,3.0
94842,54,2,2.5
94843,41,2,4.25
94844,32,1,3.0
94845,38,2,3.75
94846,50,1,2.5
94846,71,1,3.75
94847,30,2,3.0
94848,40,1,3.75
94848,65,2,0.8
94848,73,1,3.75
94849,44,1,2.5
94850,33,2,3.5
94851,54,1,2.5
94852,25,1,2.2
94852,79,1,3.75
94853,34,2,2.45
94854,54,2,2.5
94854,71,1,3.75
94855,33,2,3.5
94856,31,1,2.2
94856,69,1,3.25
94857,48,1,2.5
94857,70,1,3.25
94858,55,1,4.0
94858,72,1,3.25
94859,40,2,3.75
94859,79,1,3.75
94860,57,1,3.1
94861,57,2,3.1
94862,35,1,3.1
94863,58,1,3.5
94864,31,2,2.2
94864,77,1,3.0
94865,41,1,4.25
94865,63,1,0.8
94865,70,1,3.25
94865,6,1,21.0
94866,24,2,3.0
94867,51,1,3.0
94868,23,2,2.5
94868,76,1,3.5
94869,34,1,2.45
94869,9,1,28.0
94870,50,1,2.5
94871,54,2,2.5
94872,46,2,2.5
94873,50,2,2.5
94874,46,2,2.5
94875,42,1,2.5
94876,25,2,2.2
94877,53,1,3.0
94878,49,2,3.0
94879,23,1,2.5
94880,26,1,3.0
94881,35,2,3.1
94882,41,2,4.25
94883,44,1,2.5
94883,72,1,3.25
94884,49,2,3.0
94884,78,1,4.5
94885,49,1,3.0
94886,56,1,2.55
94887,39,2,4.25
94888,32,2,3.0
94889,39,2,4.25
94889,84,2,0.8
94890,71,1,3.75
94890,71,1,3.75
94891,46,1,2.5
94892,33,2,3.5
94893,22,2,2.0
94894,32,2,3.0
94895,48,1,2.5
94896,41,1,4.25
94896,65,1,0.8
94897,41,1,4.25
94898,58,1,3.5
94899,54,1,2.5
94899,77,1,3.0
94900,28,1,2.0
94901,32,2,3.0
94902,41,2,4.25
94902,63,2,0.8
94903,50,2,2.5
94903,76,1,3.5
94904,54,2,2.5
94905,47,2,3.0
94906,36,1,3.75
94906,75,1,3.5
94907,35,1,3.1
94908,71,1,3.75
94909,36,2,3.75
94909,75,1,3.5
94910,55,2,4.0
94911,50,1,2.5
94912,26,2,3.0
94913,26,2,3.0
94914,47,1,3.0
94915,36,2,3.75
94916,39,2,4.25
94917,24,2,3.0
94918,37,1,3.0
94918,64,1,0.8
94919,51,1,3.0
94920,39,1,4.25
94920,63,1,0.8
94920,13,1,8.95
94921,50,1,2.5
94922,46,1,2.5
94922,78,1,4.5
94923,56,1,2.55
94924,59,2,4.5
94925,53,1,3.0
94925,18,1,6.4
94926,22,2,2.0
94927,55,2,4.0
94928,39,2,4.25
94929,51,1,3.0
94930,55,2,4.0
94931,49,2,3.0
94932,61,1,4.75
94933,55,1,4.0
94934,52,2,2.5
94935,47,1,3.0
94936,57,1,3.1
94936,76,1,3.5
94937,40,1,3.75
94937,70,1,3.25
94938,40,1,3.75
94938,63,2,0.8
94939,25,2,2.2
94940,41,2,4.25
94940,64,1,0.8
94941,32,1,3.0
94942,50,1,2.5
94942,78,1,4.5
94943,55,2,4.0
94944,35,1,3.1
94945,36,2,3.75
94946,35,1,3.1
94947,39,1,4.25
94947,64,1,0.8
94948,32,2,3.0
94949,32,2,3.0
94950,42,1,2.5
94950,73,1,3.75
94951,42,1,2.5
94952,45,1,3.0
94953,41,2,4.25
94953,84,2,0.8
94953,75,1,3.5
94954,32,2,3.0
94954,70,1,3.25
94955,42,1,2.5
94956,39,2,4.25
94956,84,2,0.8
94956,77,1,3.0
94957,35,2,3.1
94958,50,1,2.5
94959,29,2,2.5
94960,51,2,3.0
94960,75,1,3.5
94961,42,1,2.5
94961,76,1,3.5
94962,38,2,3.75
94962,63,2,0.8
94962,73,1,3.75
94963,45,2,3.0
94964,44,2,2.5
94965,48,2,2.5
94966,46,1,2.5
94967,51,1,3.0
94968,50,1,2.5
94969,53,1,3.0
94970,71,1,3.75
94971,34,2,2.45
94972,42,2,2.5
94973,44,1,2.5
94973,70,1,3.25
94974,38,1,3.75
94975,24,2,3.0
94976,38,1,3.75
94976,65,2,0.8
94977,35,1,3.1
94978,60,2,3.75
94979,56,2,2.55
94980,45,2,3.0
94981,40,2,3.75
94981,64,2,0.8
94982,32,2,3.0
94983,56,1,2.55
94984,54,1,2.5
94985,51,1,3.0
94985,76,1,3.5
94986,40,2,3.75
94986,65,2,0.8
94987,36,1,3.75
94988,46,2,2.5
94989,39,1,4.25
94989,65,2,0.8
94990,34,1,2.45
94991,27,2,3.5
94992,36,1,3.75
94993,59,2,4.5
94994,71,1,3.75
94994,71,1,3.75
94995,56,1,2.55
94995,79,1,3.75
94996,45,2,3.0
94996,69,1,3.25
94997,40,1,3.75
94997,71,1,3.75
94998,25,1,2.2
94999,29,1,2.5
95000,47,1,3.0
95001,35,1,3.1
95002,53,1,3.0
95003,50,2,2.5
95004,28,2,2.0
95005,31,1,2.2
95006,49,1,3.0
95007,22,2,2.0
95008,35,2,3.1
95009,61,2,4.75
95009,69,1,3.25
95010,40,2,3.75
95010,63,2,0.8
95011,39,1,4.25
95012,29,1,2.5
95013,55,1,4.0
95014,52,1,2.5
95014,79,1,3.75
95015,48,1,2.5
95016,27,2,3.5
95017,49,1,3.0
95018,36,2,3.75
95019,24,2,3.0
95020,36,2,3.75
95021,44,2,2.5
95022,28,2,2.0
95023,22,2,2.0
95024,34,2,2.45
95025,22,1,2.0
95026,24,2,3.0
95027,25,1,2.2
95028,60,2,3.75
95029,71,1,3.75
95030,40,1,3.75
95030,63,1,0.8
95031,36,1,3.75
95032,53,1,3.0
95032,73,1,3.75
95032,2,1,18.0
95033,32,2,3.0
95034,47,1,3.0
95035,28,1,2.0
95036,57,2,3.1
95037,36,1,3.75
95038,49,1,3.0
95039,52,1,2.5
95039,78,1,4.5
95040,28,1,2.0
95040,2,1,18.0
95041,43,2,3.0
95042,42,2,2.5
95043,41,1,4.25
95043,84,2,0.8
95044,58,2,3.5
95044,73,1,3.75
95045,51,1,3.0
95046,29,2,2.5
95047,24,2,3.0
95048,48,1,2.5
95048,72,1,3.25
95049,46,2,2.5
95050,50,1,2.5
95051,50,2,2.5
95051,73,1,3.75
95052,50,2,2.5
95053,60,1,3.75
95054,49,2,3.0
95055,31,1,2.2
95056,59,2,4.5
95057,30,2,3.0
95058,29,2,2.5
95058,9,1,23.0
95059,47,1,3.0
95060,23,2,2.5
95061,55,1,4.0
95062,40,1,3.75
95062,84,2,0.8
95062,9,1,23.0
95063,23,2,2.5
95064,56,1,2.55
95064,79,1,3.75
95065,25,1,2.2
95065,18,1,10.95
95066,45,1,3.0
95067,28,1,2.0
95068,45,2,3.0
95068,75,1,3.5
95069,42,1,2.5
95070,32,1,3.0
95071,71,1,3.75
95071,71,1,3.75
95072,44,1,2.5
95072,18,1,6.4
95073,59,2,4.5
95074,61,2,4.75
95075,33,1,3.5
95076,54,1,2.5
95077,32,2,3.0
95078,61,2,4.75
95078,75,1,3.5
95079,51,1,3.0
95080,47,1,3.0
95081,26,1,3.0
95082,26,1,3.0
95083,35,2,3.1
95084,53,2,3.0
95085,71,1,3.75
95086,24,1,3.0
95087,31,1,2.2
95088,23,2,2.5
95089,35,2,3.1
95089,74,1,3.5
95090,33,2,3.5
95090,78,1,4.5
95091,71,1,3.75
95092,25,2,2.2
95092,71,1,3.75
95092,1,1,18.0
95093,49,1,3.0
95094,52,1,2.5
95095,38,1,3.75
95096,24,1,3.0
95097,52,2,2.5
95098,49,1,3.0
95099,51,2,3.0
95100,48,1,2.5
95101,47,2,3.0
95102,39,2,4.25
95103,58,1,3.5
95104,34,2,2.45
95105,41,1,4.25
95106,43,1,3.0
95107,46,2,2.5
95107,69,1,3.25
95108,53,2,3.0
95108,75,1,3.5
95109,33,1,3.5
95110,41,2,4.25
95110,65,2,0.8
95111,51,2,3.0
95112,54,1,2.5
95113,53,1,3.0
95114,43,1,3.0
95115,50,2,2.5
95116,52,2,2.5
95117,31,1,2.2
95118,22,1,2.0
95119,29,2,2.5
95119,79,1,3.75
95120,35,1,3.1
95121,42,1,2.5
95121,73,1,3.75
95121,9,1,28.0
95122,43,2,3.0
95123,55,1,4.0
95124,53,2,3.0
95125,25,2,2.2
95126,53,2,3.0
95127,52,2,2.5
95127,71,1,3.75
95128,32,1,3.0
95129,36,2,3.75
95130,29,2,2.5
95130,76,1,3.5
95130,12,1,8.95
95131,55,2,4.0
95132,35,1,3.1
95132,72,1,3.25
95133,36,1,3.75
95133,77,1,3.0
95134,40,2,3.75
95134,63,2,0.8
95135,50,2,2.5
95135,71,1,3.75
95136,25,2,2.2
95137,60,1,3.75
95137,76,1,3.5
95138,32,1,3.0
95139,36,2,3.75
95140,25,1,2.2
95141,30,2,3.0
95141,79,1,3.75
95142,27,1,3.5
95143,43,1,3.0
95144,39,2,4.25
95144,77,1,3.0
95145,23,2,2.5
95146,41,2,4.25
95146,65,1,0.8
95147,41,1,4.25
95148,50,1,2.5
95148,74,1,3.5
95148,17,1,9.5
95149,44,1,2.5
95150,29,2,2.5
95151,33,1,3.5
95152,40,1,3.75
95152,65,2,0.8
95153,53,1,3.0
95154,32,1,3.0
95155,52,1,2.5
95156,45,2,3.0
95157,43,2,3.0
95158,35,1,3.1
95159,32,2,3.0
95160,34,2,2.45
95160,69,1,3.25
95161,71,1,3.75
95162,51,2,3.0
95163,59,2,4.5
95164,52,2,2.5
95165,45,1,3.0
95166,26,1,3.0
95167,39,1,4.25
95168,29,1,2.5
95169,28,1,2.0
95170,23,2,2.5
95170,73,1,3.75
95171,60,1,3.75
95171,72,1,3.25
95172,26,1,3.0
95172,70,1,3.25
95173,52,1,2.5
95174,56,2,2.55
95175,32,2,3.0
95176,53,1,3.0
95177,35,1,3.1
95178,55,1,4.0
95179,39,1,4.25
95179,64,1,0.8
95180,28,2,2.0
95181,37,2,3.0
95181,84,1,0.8
95182,57,2,3.1
95183,58,2,3.5
95184,47,2,3.0
95184,72,1,3.25
95185,33,1,3.5
95186,31,1,2.2
95187,43,2,3.0
95188,29,1,2.5
95189,71,1,3.75
95189,71,1,3.75
95189,71,1,3.75
95190,39,2,4.25
95191,51,2,3.0
95192,24,2,3.0
95193,54,2,2.5
95194,22,2,2.0
95195,31,1,2.2
95196,22,2,2.0
95197,59,1,4.5
95198,49,2,3.0
95199,46,2,2.5
95200,36,2,3.75
95201,51,2,3.0
95202,44,2,2.5
95202,76,1,3.5
95203,26,2,3.0
95204,34,2,2.45
95205,44,1,2.5
95206,53,1,3.0
95207,51,1,3.0
95208,54,1,2.5
95208,75,1,3.5
95209,22,2,2.0
95210,53,2,3.0
95210,71,1,3.75
95211,51,2,3.0
95212,52,2,2.5
95213,33,1,3.5
95214,41,2,4.25
95215,48,1,2.5
95215,69,1,3.25
95216,23,2,2.5
95216,79,1,3.75
95217,27,2,3.5
95218,57,2,3.1
95219,58,2,3.5
95220,22,1,2.0
95220,79,1,3.75
95221,71,1,3.75
95221,71,1,3.75
95222,40,1,3.75
95223,44,1,2.5
95224,30,2,3.0
95225,38,1,3.75
95225,63,1,0.8
95226,45,1,3.0
95227,44,2,2.5
95228,50,1,2.5
95228,73,1,3.75
95229,28,1,2.0
95230,22,2,2.0
95231,50,2,2.5
95231,14,1,8.95
95232,56,1,2.55
95233,22,2,2.0
95234,38,2,3.75
95234,84,2,0.8
95235,40,2,3.75
95235,64,1,0.8
95236,54,2,2.5
95236,78,1,4.5
95237,60,2,3.75
95238,23,2,2.5
95238,79,1,3.75
95239,24,2,3.0
95240,43,1,3.0
95241,22,1,2.0
95242,47,1,3.0
95243,49,1,3.0
95244,40,1,3.75
95244,84,2,0.8
95244,78,1,4.5
95245,24,2,3.0
95246,37,2,3.0
95246,65,1,0.8
95247,26,1,3.0
95248,25,1,2.2
95249,23,1,2.5
95249,4,1,20.45
95250,36,2,3.75
95250,69,1,3.25
95251,28,2,2.0
95251,70,1,3.25
95252,52,1,2.5
95253,33,1,3.5
95254,38,2,3.75
95254,64,2,0.8
95254,78,1,4.5
95255,60,2,3.75
95256,37,2,3.0
95256,65,2,0.8
95256,55,2,4.0
95257,49,2,3.0
95258,44,2,2.5
95259,40,2,3.75
95259,65,1,0.8
95259,4,1,20.45
95260,31,2,2.2
95261,41,2,4.25
95261,84,1,0.8
95262,39,1,4.25
95262,65,2,0.8
95262,9,1,12.0
95263,58,1,3.5
95264,26,2,3.0
95265,45,1,3.0
95266,52,2,2.5
95266,70,1,3.25
95267,60,2,3.75
95268,50,1,2.5
95269,42,1,2.5
95270,56,2,2.55
95270,72,1,3.25
95271,28,2,2.0
95272,55,1,4.0
95273,30,1,3.0
95274,53,1,3.0
95275,25,1,2.2
95276,47,2,3.0
95277,36,1,3.75
95278,38,2,3.75
95278,63,1,0.8
95279,55,2,4.0
95279,75,1,3.5
95280,57,2,3.1
95281,33,2,3.5
95281,75,1,3.5
95282,28,2,2.0
95283,41,1,4.25
95283,63,2,0.8
95284,33,2,3.5
95285,52,1,2.5
95286,45,1,3.0
95286,4,1,20.45
95287,40,1,3.75
95287,76,1,3.5
95288,53,2,3.0
95288,71,1,3.75
95289,51,2,3.0
95289,79,1,3.75
95290,25,1,2.2
95291,38,1,3.75
95291,63,2,0.8
95292,41,1,4.25
95293,49,1,3.0
95293,71,1,3.75
95294,49,2,3.0
95295,49,2,3.0
95295,75,1,3.5
95296,53,2,3.0
95297,50,2,2.5
95298,23,2,2.5
95299,53,1,3.0
95300,29,2,2.5
95301,38,1,3.75
95301,65,1,0.8
95302,50,2,2.5
95303,48,1,2.5
95304,56,2,2.55
95305,41,1,4.25
95306,49,1,3.0
95307,48,2,2.5
95308,27,1,3.5
95308,78,1,4.5
95309,27,1,3.5
95309,76,1,3.5
95310,45,2,3.0
95311,57,2,3.1
95312,38,2,3.75
95313,34,1,2.45
95314,42,1,2.5
95315,24,2,3.0
95316,43,1,3.0
95317,56,1,2.55
95317,78,1,4.5
95318,24,1,3.0
95318,72,1,3.25
95319,25,2,2.2
95320,32,1,3.0
95321,32,1,3.0
95322,34,1,2.45
95323,33,2,3.5
95324,45,1,3.0
95325,22,1,2.0
95326,61,2,4.75
95327,61,2,4.75
95328,28,1,2.0
95329,30,2,3.0
95330,55,1,4.0
95331,27,1,3.5
95332,47,1,3.0
95333,50,2,2.5
95334,39,2,4.25
95335,43,2,3.0
95335,72,1,3.25
95336,24,2,3.0
95337,61,1,4.75
95338,27,1,3.5
95338,71,1,3.75
95339,39,2,4.25
95339,64,2,0.8
95340,56,2,2.55
95341,58,2,3.5
95341,70,1,3.25
95342,40,1,3.75
95342,73,1,3.75
95343,23,1,2.5
95344,33,2,3.5
95344,73,1,3.75
95345,60,2,3.75
95346,33,2,3.5
95347,34,2,2.45
95348,50,2,2.5
95349,49,2,3.0
95350,22,2,2.0
95350,18,1,6.4
95351,44,2,2.5
95351,71,1,3.75
95352,23,2,2.5
95353,29,2,2.5
95353,73,1,3.75
95354,45,2,3.0
95354,78,1,4.5
95355,59,1,4.5
95356,28,1,2.0
95357,52,1,2.5
95358,46,2,2.5
95358,76,1,3.5
95359,55,1,4.0
95360,45,2,3.0
95361,23,2,2.5
95362,29,1,2.5
95363,29,2,2.5
95364,22,1,2.0
95365,54,2,2.5
95366,59,2,4.5
95367,43,2,3.0
95368,32,1,3.0
95368,44,2,2.5
95369,46,2,2.5
95370,38,1,3.75
95371,37,1,3.0
95371,65,2,0.8
95372,42,2,2.5
95373,59,1,4.5
95374,29,2,2.5
95375,31,1,2.2
95376,48,1,2.5
95377,57,2,3.1
95377,70,1,3.25
95378,39,1,4.25
95379,54,1,2.5
95379,74,1,3.5
95380,32,2,3.0
95381,38,2,3.75
95381,65,1,0.8
95382,30,1,3.0
95383,31,2,2.2
95384,22,1,2.0
95385,36,2,3.75
95385,76,1,3.5
95386,54,1,2.5
95387,39,2,4.25
95388,46,2,2.5
95389,61,2,4.75
95389,76,1,3.5
95390,26,2,3.0
95391,47,2,3.0
95392,28,1,2.0
95393,36,2,3.75
95394,40,1,3.75
95394,84,1,0.8
95395,26,1,3.0
95396,40,1,3.75
95397,32,2,3.0
95398,42,1,2.5
95399,57,1,3.1
95400,36,2,3.75
95401,35,1,3.1
95402,26,1,3.0
95402,72,1,3.25
95403,46,1,2.5
95404,30,1,3.0
95405,50,1,2.5
95406,48,1,2.5
95407,55,1,4.0
95408,35,1,3.1
95409,59,2,4.5
95410,35,1,3.1
95411,34,2,2.45
95412,49,1,3.0
95413,60,1,3.75
95414,61,2,4.75
95415,40,2,3.75
95415,65,2,0.8
95415,74,1,3.5
95416,27,2,3.5
95417,53,1,3.0
95418,48,1,2.5
95419,27,1,3.5
95420,34,2,2.45
95421,47,1,3.0
95422,32,1,3.0
95423,32,2,3.0
95424,47,2,3.0
95425,30,1,3.0
95425,71,1,3.75
95426,32,2,3.0
95427,35,2,3.1
95428,61,2,4.75
95429,23,2,2.5
95430,50,1,2.5
95430,69,1,3.25
95431,46,2,2.5
95432,52,1,2.5
95433,47,2,3.0
95434,34,1,2.45
95434,70,1,3.25
95435,49,2,3.0
95436,43,2,3.0
95437,43,1,3.0
95438,54,2,2.5
95438,76,1,3.5
95439,58,1,3.5
95440,46,1,2.5
95441,44,1,2.5
95441,69,1,3.25
95442,54,1,2.5
95443,22,2,2.0
95443,78,1,4.5
95444,41,1,4.25
95445,49,1,3.0
95446,25,1,2.2
95446,78,1,4.5
95447,48,1,2.5
95448,60,2,3.75
95449,57,1,3.1
95450,40,1,3.75
95451,23,1,2.5
95452,56,2,2.55
95452,69,1,3.25
95453,39,2,4.25
95454,33,2,3.5
95455,41,2,4.25
95455,65,1,0.8
95456,45,1,3.0
95457,57,1,3.1
95458,23,1,2.5
95459,26,1,3.0
95460,57,2,3.1
95461,37,1,3.0
95461,77,1,3.0
95462,54,1,2.5
95463,28,1,2.0
95464,32,2,3.0
95465,61,2,4.75
95466,47,1,3.0
95467,34,1,2.45
95467,78,1,4.5
95468,22,1,2.0
95469,38,2,3.75
95469,65,1,0.8
95470,26,2,3.0
95471,54,2,2.5
95472,33,1,3.5
95473,48,1,2.5
95474,26,1,3.0
95475,56,1,2.55
95476,22,1,2.0
95477,56,1,2.55
95478,36,1,3.75
95478,72,1,3.25
95479,23,1,2.5
95480,52,2,2.5
95481,60,2,3.75
95482,34,2,2.45
95483,28,2,2.0
95483,18,1,10.95
95484,47,2,3.0
95485,27,2,3.5
95486,36,2,3.75
95486,70,1,3.25
95487,32,2,3.0
95487,77,1,3.0
95488,55,2,4.0
95489,39,2,4.25
95489,84,2,0.8
95490,35,2,3.1
95491,56,2,2.55
95492,38,2,3.75
95493,52,1,2.5
95493,74,1,3.5
95494,27,2,3.5
95495,59,1,4.5
95496,25,2,2.2
95497,46,1,2.5
95497,73,1,3.75
95498,28,1,2.0
95499,45,1,3.0
95500,37,1,3.0
95500,63,1,0.8
95501,45,1,3.0
95502,51,1,3.0
95503,36,2,3.75
95504,23,1,2.5
95505,35,2,3.1
95505,75,1,3.5
95506,24,1,3.0
95506,73,1,3.75
95507,22,1,2.0
95508,26,2,3.0
95509,34,1,2.45
95510,44,1,2.5
95511,33,2,3.5
95512,32,1,3.0
95513,33,1,3.5
95514,60,2,3.75
95515,29,2,2.5
95516,52,2,2.5
95516,73,1,3.75
95517,52,2,2.5
95517,69,1,3.25
95518,41,1,4.25
95519,32,2,3.0
95520,60,1,3.75
95521,52,2,2.5
95522,59,1,4.5
95522,76,1,3.5
95523,51,2,3.0
95523,78,1,4.5
95524,31,2,2.2
95525,22,2,2.0
95525,74,1,3.5
95526,52,1,2.5
95527,55,1,4.0
95528,44,2,2.5
95529,59,2,4.5
95529,77,1,3.0
95530,36,1,3.75
95531,33,2,3.5
95532,48,1,2.5
95533,23,1,2.5
95533,79,1,3.75
95534,28,1,2.0
95535,55,2,4.0
95536,47,1,3.0
95537,55,2,4.0
95538,31,2,2.2
95538,75,1,3.5
95539,49,1,3.0
95540,33,2,3.5
95541,28,1,2.0
95542,22,2,2.0
95543,38,1,3.75
95544,47,1,3.0
95545,50,1,2.5
95545,79,1,3.75
95546,47,1,3.0
95546,73,1,3.75
95547,61,2,4.75
95548,50,1,2.5
95549,29,1,2.5
95549,72,1,3.25
95550,32,2,3.0
95551,53,2,3.0
95552,51,2,3.0
95553,36,1,3.75
95553,73,1,3.75
95554,51,1,3.0
95555,42,2,2.5
95556,31,2,2.2
95557,55,2,4.0
95558,48,2,2.5
95559,61,1,4.75
95560,59,2,4.5
95561,50,1,2.5
95561,75,1,3.5
95562,36,2,3.75
95563,41,2,4.25
95563,64,2,0.8
95564,61,1,4.75
95565,50,2,2.5
95566,50,2,2.5
95567,37,1,3.0
95567,64,2,0.8
95568,54,2,2.5
95568,69,1,3.25
95569,61,1,4.75
95570,24,1,3.0
95570,57,1,3.1
95571,23,1,2.5
95572,45,2,3.0
95573,46,1,2.5
95574,32,2,3.0
95575,45,2,3.0
95576,48,1,2.5
95577,54,2,2.5
95578,22,2,2.0
95579,58,1,3.5
95580,35,1,3.1
95581,55,2,4.0
95582,37,2,3.0
95582,69,1,3.25
95583,35,1,3.1
95583,78,1,4.5
95584,26,2,3.0
95584,70,1,3.25
95585,45,1,3.0
95586,24,2,3.0
95587,23,1,2.5
95587,70,1,3.25
95588,49,1,3.0
95589,27,1,3.5
95590,35,2,3.1
95591,59,2,4.5
95592,50,2,2.5
95593,56,2,2.55
95594,32,2,3.0
95595,42,1,2.5
95596,28,2,2.0
95597,51,2,3.0
95598,52,2,2.5
95599,29,1,2.5
95600,32,2,3.0
95601,24,2,3.0
95602,32,1,3.0
95603,57,1,3.1
95603,74,1,3.5
95604,55,1,4.0
95605,29,1,2.5
95605,78,1,4.5
95606,25,2,2.2
95607,36,1,3.75
95608,58,2,3.5
95609,27,1,3.5
95610,54,1,2.5
95611,45,1,3.0
95611,77,1,3.0
95612,58,2,3.5
95613,33,1,3.5
95614,56,2,2.55
95615,40,2,3.75
95615,84,1,0.8
95616,34,2,2.45
95617,30,2,3.0
95617,75,1,3.5
95618,45,2,3.0
95619,53,2,3.0
95620,25,1,2.2
95621,46,2,2.5
95622,33,1,3.5
95623,36,2,3.75
95624,42,2,2.5
95625,39,2,4.25
95626,25,1,2.2
95627,27,2,3.5
95627,77,1,3.0
95628,55,1,4.0
95629,55,1,4.0
95630,48,2,2.5
95631,46,1,2.5
95632,46,1,2.5
95633,61,1,4.75
95634,56,2,2.55
95635,57,2,3.1
95636,45,1,3.0
95636,74,1,3.5
95637,35,2,3.1
95638,24,2,3.0
95639,61,2,4.75
95640,43,1,3.0
95640,78,1,4.5
95641,34,2,2.45
95642,22,2,2.0
95643,24,1,3.0
95644,49,1,3.0
95645,53,1,3.0
95646,43,1,3.0
95647,33,2,3.5
95648,58,2,3.5
95649,30,1,3.0
95649,74,1,3.5
95650,49,2,3.0
95651,28,2,2.0
95652,33,2,3.5
95652,70,1,3.25
95653,58,1,3.5
95653,71,1,3.75
95654,29,2,2.5
95654,77,1,3.0
95655,46,2,2.5
95656,48,1,2.5
95656,73,1,3.75
95657,45,2,3.0
95658,26,1,3.0
95659,56,1,2.55
95660,60,1,3.75
95660,78,1,4.5
95661,42,2,2.5
95662,23,1,2.5
95663,58,2,3.5
95664,57,1,3.1
95665,60,1,3.75
95666,24,2,3.0
95667,58,1,3.5
95668,29,2,2.5
95669,42,2,2.5
95670,51,2,3.0
95671,31,2,2.2
95672,37,2,3.0
95672,84,2,0.8
95673,24,2,3.0
95674,28,2,2.0
95675,37,2,3.0
95675,64,2,0.8
95676,51,1,3.0
95677,61,2,4.75
95678,49,2,3.0
95679,41,1,4.25
95679,63,1,0.8
95679,74,1,3.5
95680,48,2,2.5
95681,22,2,2.0
95682,43,2,3.0
95683,35,1,3.1
95684,47,1,3.0
95685,55,1,4.0
95686,31,1,2.2
95687,23,1,2.5
95688,41,1,4.25
95688,7,1,19.75
95689,58,1,3.5
95689,14,1,8.95
95690,28,1,2.0
95690,78,1,4.5
95691,61,2,4.75
95692,27,2,3.5
95693,55,1,4.0
95693,37,1,3.0
95694,53,1,3.0
95695,56,1,2.55
95696,61,1,4.75
95696,16,1,8.95
95697,49,2,3.0
95698,49,1,3.0
95699,43,1,3.0
95700,47,1,3.0
95701,50,1,2.5
95701,21,1,13.33
95702,37,2,3.0
95702,63,2,0.8
95703,52,1,2.5
95704,71,1,3.75
95704,71,1,3.75
95705,31,1,2.2
95706,48,2,2.5
95707,41,2,4.25
95707,63,1,0.8
95708,47,2,3.0
95709,29,1,2.5
95710,34,2,2.45
95711,39,2,4.25
95711,65,1,0.8
95712,61,2,4.75
95713,29,2,2.5
95714,52,1,2.5
95715,31,2,2.2
95716,52,2,2.5
95717,58,2,3.5
95718,57,2,3.1
95719,59,1,4.5
95720,38,2,3.75
95720,63,1,0.8
95721,58,1,3.5
95722,43,1,3.0
95723,51,1,3.0
95724,40,1,3.75
95724,63,3,0.8
95725,22,1,2.0
95726,45,2,3.0
95727,48,2,2.5
95728,61,1,4.75
95729,35,2,3.1
95730,34,2,2.45
95731,59,2,4.5
95732,52,1,2.5
95733,59,1,4.5
95734,49,2,3.0
95735,43,2,3.0
95736,29,2,2.5
95737,33,1,3.5
95738,49,2,3.0
95739,48,2,2.5
95740,37,1,3.0
95741,49,1,3.0
95742,25,2,2.2
95743,31,1,2.2
95743,71,1,3.75
95744,32,1,3.0
95745,30,1,3.0
95746,53,2,3.0
95746,6,1,21.0
95747,59,2,4.5
95748,38,2,3.75
95749,57,1,3.1
95749,78,1,4.5
95750,55,1,4.0
95750,70,1,3.25
95751,48,1,2.5
95751,78,1,4.5
95752,48,2,2.5
95753,24,1,3.0
95754,52,1,2.5
95755,49,1,3.0
95756,56,2,2.55
95757,32,1,3.0
95758,22,2,2.0
95758,72,1,3.25
95759,38,1,3.75
95759,65,1,0.8
95759,71,1,3.75
95760,38,1,3.75
95760,65,1,0.8
95761,34,2,2.45
95762,48,2,2.5
95763,23,1,2.5
95763,69,1,3.25
95764,71,1,3.75
95765,33,1,3.5
95766,60,1,3.75
95766,78,1,4.5
95767,54,2,2.5
95768,51,1,3.0
95769,55,2,4.0
95770,33,1,3.5
95771,49,1,3.0
95772,30,1,3.0
95772,31,2,2.2
95772,79,1,3.75
95773,25,1,2.2
95773,17,1,9.5
95774,39,1,4.25
95774,1,1,18.0
95775,53,2,3.0
95776,40,2,3.75
95777,22,1,2.0
95777,77,1,3.0
95778,44,2,2.5
95779,54,2,2.5
95780,35,1,3.1
95780,6,1,21.0
95781,22,1,2.0
95782,22,2,2.0
95783,37,1,3.0
95783,64,2,0.8
95784,22,1,2.0
95785,26,1,3.0
95786,46,1,2.5
95786,78,1,4.5
95787,51,2,3.0
95788,51,1,3.0
95789,50,1,2.5
95790,35,1,3.1
95790,71,1,3.75
95791,38,2,3.75
95792,32,1,3.0
95792,15,1,9.25
95793,59,1,4.5
95794,38,2,3.75
95794,65,2,0.8
95795,45,2,3.0
95796,50,1,2.5
95797,28,1,2.0
95797,71,1,3.75
95798,45,1,3.0
95798,73,1,3.75
95799,71,1,3.75
95800,57,2,3.1
95800,6,1,21.0
95801,40,1,3.75
95802,22,2,2.0
95803,55,1,4.0
95803,77,1,3.0
95804,58,1,3.5
95805,71,1,3.75
95806,33,2,3.5
95807,26,2,3.0
95808,32,2,3.0
95809,45,2,3.0
95810,45,2,3.0
95811,37,1,3.0
95811,65,2,0.8
95811,37,2,3.0
95812,56,2,2.55
95812,75,1,3.5
95813,28,2,2.0
95814,42,1,2.5
95815,47,1,3.0
95816,56,1,2.55
95817,51,2,3.0
95818,34,1,2.45
95819,45,2,3.0
95820,29,1,2.5
95820,16,1,8.95
95821,61,1,4.75
95822,50,2,2.5
95822,70,2,3.25
95823,52,1,2.5
95823,8,1,45.0
95824,57,2,3.1
95825,71,1,3.75
95825,71,1,3.75
95825,71,1,3.75
95826,35,1,3.1
95827,55,1,4.0
95828,55,1,4.0
95829,35,2,3.1
95830,60,2,3.75
95830,69,1,3.25
95831,36,1,3.75
95832,35,1,3.1
95833,59,1,4.5
95834,56,2,2.55
95835,48,2,2.5
95836,63,1,0.8
95837,34,1,2.45
95837,12,1,8.95
95838,32,1,3.0
95839,71,1,3.75
95840,52,2,2.5
95841,53,2,3.0
95842,53,1,3.0
95842,76,1,3.5
95843,24,2,3.0
95843,69,2,3.25
95844,43,2,3.0
95845,61,1,4.75
95845,70,1,3.25
95846,48,2,2.5
95847,50,2,2.5
95848,49,1,3.0
95849,51,2,3.0
95850,38,1,3.75
95850,74,2,3.5
95851,25,1,2.2
95851,72,1,3.25
95852,40,1,3.75
95853,46,1,2.5
95854,46,1,2.5
95855,34,1,2.45
95856,48,1,2.5
95857,56,2,2.55
95858,31,2,2.2
95858,9,1,22.5
95859,55,2,4.0
95860,53,1,3.0
95860,72,2,3.25
95861,46,2,2.5
95862,39,2,4.25
95862,1,1,18.0
95863,22,1,2.0
95864,61,2,4.75
95864,71,1,3.75
95865,56,1,2.55
95866,58,1,3.5
95866,69,1,3.25
95867,52,2,2.5
95868,87,1,3.0
95869,22,1,2.0
95870,33,1,3.5
95870,37,2,3.0
95871,37,2,3.0
95872,54,1,2.5
95873,37,2,3.0
95873,63,2,0.8
95874,23,2,2.5
95874,74,1,3.5
95875,59,1,4.5
95876,59,1,4.5
95877,57,2,3.1
95878,38,1,3.75
95878,38,1,3.75
95878,38,1,3.75
95879,52,2,2.5
95880,46,2,2.5
95881,30,2,3.0
95882,41,2,4.25
95882,63,1,0.8
95883,22,1,2.0
95884,71,1,3.75
95885,33,1,3.5
95886,41,2,4.25
95886,84,1,0.8
95887,33,2,3.5
95887,69,1,3.25
95888,59,2,4.5
95888,1,1,18.0
95889,39,2,4.25
95889,64,1,0.8
95889,3,1,14.75
95890,23,2,2.5
95891,34,1,2.45
95892,27,1,3.5
95893,30,2,3.0
95894,49,2,3.0
95894,77,2,3.0
95895,29,2,2.5
95896,45,2,3.0
95896,76,1,3.5
95897,30,1,3.0
95898,60,1,3.75
95898,70,1,3.25
95899,36,1,3.75
95900,53,2,3.0
95900,78,1,4.5
95901,39,1,4.25
95901,1,2,18.0
95902,32,2,3.0
95903,61,2,4.75
95904,42,2,2.5
95905,49,1,3.0
95906,57,2,3.1
95907,35,1,3.1
95907,53,1,3.0
95908,43,2,3.0
95909,54,1,2.5
95910,32,2,3.0
95911,52,2,2.5
95912,28,1,2.0
95912,79,1,3.75
95913,30,1,3.0
95913,78,1,4.5
95914,38,1,3.75
95914,63,1,0.8
95914,75,1,3.5
95915,33,2,3.5
95915,72,1,3.25
95916,34,2,2.45
95916,75,1,3.5
95917,29,2,2.5
95918,25,2,2.2
95918,71,1,3.75
95919,55,1,4.0
95920,87,1,3.0
95920,76,1,3.5
95921,47,1,3.0
95921,79,1,3.75
95922,42,1,2.5
95922,75,2,3.5
95923,43,1,3.0
95924,30,1,3.0
95925,28,2,2.0
95926,50,1,2.5
95926,56,1,2.55
95927,37,1,3.0
95927,37,1,3.0
95928,26,1,3.0
95928,3,1,14.75
95929,33,2,3.5
95930,60,1,3.75
95931,50,2,2.5
95931,8,1,45.0
95932,44,1,2.5
95932,44,1,2.5
95933,52,2,2.5
95934,50,2,2.5
95934,34,2,2.45
95935,41,1,4.25
95935,63,3,0.8
95936,60,2,3.75
95937,28,1,2.0
95937,82,1,12.0
95937,75,2,3.5
95938,36,1,3.75
95939,41,1,4.25
95939,37,1,3.0
95939,65,1,0.8
95940,52,1,2.5
95941,34,2,2.45
95942,42,1,2.5
95943,56,1,2.55
95944,25,2,2.2
95945,54,2,2.5
95946,29,2,2.5
95947,52,2,2.5
95948,60,2,3.75
95948,43,1,3.0
95949,60,1,3.75
95950,43,1,3.0
95951,50,2,2.5
95952,71,1,3.75
95953,36,2,3.75
95954,38,1,3.75
95954,78,1,4.5
95955,42,1,2.5
95956,35,2,3.1
95956,70,1,3.25
95957,32,2,3.0
95958,36,1,3.75
95959,51,1,3.0
95960,38,1,3.75
95960,38,1,3.75
95960,38,1,3.75
95961,48,2,2.5
95961,21,1,13.33
95962,55,2,4.0
95963,45,1,3.0
95964,35,2,3.1
95965,51,1,3.0
95966,53,1,3.0
95967,22,2,2.0
95968,43,1,3.0
95969,28,2,2.0
95969,73,1,3.75
95970,38,2,3.75
95970,65,1,0.8
95970,70,1,3.25
95971,34,1,2.45
95972,25,1,2.2
95972,69,1,3.25
95973,25,1,2.2
95974,61,2,4.75
95975,47,1,3.0
95976,24,1,3.0
95976,79,1,3.75
95977,51,1,3.0
95977,69,2,3.25
95978,61,1,4.75
95979,30,2,3.0
95980,30,1,3.0
95981,37,1,3.0
95981,63,2,0.8
95982,44,1,2.5
95983,50,1,2.5
95984,50,2,2.5
95984,76,1,3.5
95985,29,1,2.5
95986,51,2,3.0
95987,56,2,2.55
95988,41,2,4.25
95989,57,2,3.1
95990,58,2,3.5
95991,39,2,4.25
95992,36,2,3.75
95993,38,1,3.75
95993,64,2,0.8
95994,51,1,3.0
95994,75,1,3.5
95995,55,1,4.0
95996,46,1,2.5
95997,37,1,3.0
95998,37,1,3.0
95998,84,2,0.8
95998,70,1,3.25
95998,20,1,7.6
95999,47,1,3.0
96000,43,2,3.0
96000,7,1,19.75
96001,36,1,3.75
96002,71,1,3.75
96003,24,1,3.0
96003,73,1,3.75
96004,36,2,3.75
96005,57,1,3.1
96006,39,1,4.25
96006,1,1,18.0
96007,38,2,3.75
96007,64,2,0.8
96007,79,1,3.75
96008,51,2,3.0
96009,54,1,2.5
96010,38,2,3.75
96010,75,2,3.5
96011,52,1,2.5
96012,35,2,3.1
96013,47,1,3.0
96013,26,1,3.0
96014,25,2,2.2
96015,27,1,3.5
96016,29,1,2.5
96017,41,2,4.25
96018,50,1,2.5
96019,22,2,2.0
96020,35,1,3.1
96021,71,1,3.75
96021,71,1,3.75
96022,28,2,2.0
96022,71,1,3.75
96023,48,1,2.5
96024,38,1,3.75
96024,65,2,0.8
96025,45,1,3.0
96025,10,1,10.0
96026,41,2,4.25
96026,84,2,0.8
96027,45,1,3.0
96028,33,1,3.5
96028,77,1,3.0
96028,11,1,8.95
96029,60,1,3.75
96030,26,2,3.0
96030,79,1,3.75
96031,49,2,3.0
96032,35,2,3.1
96032,70,1,3.25
96033,25,1,2.2
96033,71,1,3.75
96034,46,2,2.5
96035,51,2,3.0
96036,50,2,2.5
96037,40,2,3.75
96037,64,2,0.8
96038,50,2,2.5
96039,41,1,4.25
96039,84,1,0.8
96040,31,1,2.2
96041,49,1,3.0
96041,15,1,9.25
96042,48,1,2.5
96043,58,2,3.5
96044,56,1,2.55
96045,22,1,2.0
96046,35,1,3.1
96047,61,2,4.75
96048,41,2,4.25
96048,65,4,0.8
96049,26,2,3.0
96050,52,2,2.5
96050,74,1,3.5
96051,28,2,2.0
96051,79,1,3.75
96052,32,1,3.0
96052,70,1,3.25
96053,49,1,3.0
96053,78,1,4.5
96054,38,2,3.75
96054,84,1,0.8
96055,45,2,3.0
96056,71,1,3.75
96056,71,1,3.75
96057,34,2,2.45
96058,51,2,3.0
96059,30,1,3.0
96059,3,1,14.75
96060,54,2,2.5
96061,52,1,2.5
96061,16,1,8.95
96061,25,1,2.2
96062,34,1,2.45
96062,74,1,3.5
96063,47,2,3.0
96064,53,2,3.0
96064,77,1,3.0
96065,44,1,2.5
96066,30,2,3.0
96066,72,1,3.25
96067,47,2,3.0
96068,36,1,3.75
96069,29,2,2.5
96070,53,1,3.0
96070,78,1,4.5
96071,45,2,3.0
96072,26,2,3.0
96073,33,1,3.5
96074,54,1,2.5
96075,59,1,4.5
96075,63,1,0.8
96075,59,1,4.5
96075,65,1,0.8
96076,25,2,2.2
96076,78,1,4.5
96077,61,2,4.75
96078,36,1,3.75
96079,24,1,3.0
96079,77,1,3.0
96080,57,1,3.1
96081,28,2,2.0
96082,23,2,2.5
96083,47,1,3.0
96084,32,1,3.0
96084,72,1,3.25
96085,39,2,4.25
96085,1,1,18.0
96085,17,1,9.5
96086,31,2,2.2
96087,38,2,3.75
96087,16,1,8.95
96088,29,2,2.5
96089,23,1,2.5
96090,29,1,2.5
96091,22,2,2.0
96092,23,2,2.5
96093,26,2,3.0
96094,57,2,3.1
96095,52,2,2.5
96096,35,2,3.1
96097,33,1,3.5
96098,35,2,3.1
96098,74,1,3.5
96099,38,1,3.75
96099,64,2,0.8
96100,33,1,3.5
96101,33,2,3.5
96102,57,1,3.1
96103,22,2,2.0
96104,49,2,3.0
96104,71,1,3.75
96105,45,1,3.0
96106,24,1,3.0
96106,78,2,4.5
96107,34,2,2.45
96107,73,2,3.75
96108,39,1,4.25
96109,50,2,2.5
96110,58,2,3.5
96110,69,1,3.25
96111,25,1,2.2
96111,83,1,14.0
96112,60,1,3.75
96113,49,1,3.0
96114,29,2,2.5
96115,50,1,2.5
96116,24,1,3.0
96116,74,1,3.5
96117,87,1,3.0
96117,77,1,3.0
96118,37,2,3.0
96119,49,1,3.0
96119,75,2,3.5
96120,27,1,3.5
96121,38,1,3.75
96121,71,2,3.75
96122,45,2,3.0
96123,42,2,2.5
96124,39,2,4.25
96124,65,1,0.8
96125,39,1,4.25
96125,64,1,0.8
96126,43,1,3.0
96127,36,2,3.75
96128,36,1,3.75
96129,31,1,2.2
96130,52,1,2.5
96131,27,1,3.5
96132,52,2,2.5
96133,34,2,2.45
96134,54,2,2.5
96135,25,2,2.2
96136,35,1,3.1
96136,75,1,3.5
96136,53,1,3.0
96136,73,1,3.75
96137,30,1,3.0
96138,55,2,4.0
96139,38,1,3.75
96140,41,2,4.25
96140,65,2,0.8
96140,71,1,3.75
96141,55,2,4.0
96142,26,1,3.0
96143,59,2,4.5
96144,30,2,3.0
96145,55,1,4.0
96146,35,1,3.1
96147,36,2,3.75
96148,55,1,4.0
96148,79,2,3.75
96149,46,1,2.5
96150,28,2,2.0
96151,28,2,2.0
96152,30,2,3.0
96152,71,1,3.75
96153,40,1,3.75
96154,56,2,2.55
96155,35,1,3.1
96156,49,1,3.0
96157,36,2,3.75
96158,24,1,3.0
96159,56,1,2.55
96160,53,2,3.0
96160,78,2,4.5
96161,42,1,2.5
96162,47,1,3.0
96163,25,2,2.2
96163,79,1,3.75
96164,39,2,4.25
96165,44,1,2.5
96166,44,2,2.5
96167,22,1,2.0
96168,22,1,2.0
96169,22,2,2.0
96169,18,1,10.95
96170,52,2,2.5
96171,38,1,3.75
96172,46,2,2.5
96173,33,1,3.5
96174,36,1,3.75
96174,71,2,3.75
96175,26,1,3.0
96176,24,2,3.0
96176,75,1,3.5
96177,40,2,3.75
96178,29,1,2.5
96179,42,1,2.5
96180,24,1,3.0
96181,71,1,3.75
96182,45,1,3.0
96182,78,1,4.5
96183,50,2,2.5
96184,32,2,3.0
96184,13,1,8.95
96185,45,1,3.0
96185,74,2,3.5
96186,57,1,3.1
96187,33,2,3.5
96188,29,1,2.5
96189,52,2,2.5
96190,56,1,2.55
96191,41,1,4.25
96192,54,2,2.5
96193,47,2,3.0
96194,37,1,3.0
96195,51,2,3.0
96196,55,2,4.0
96197,35,2,3.1
96198,55,1,4.0
96199,41,2,4.25
96199,77,2,3.0
96200,54,2,2.5
96201,28,1,2.0
96202,54,2,2.5
96203,46,1,2.5
96204,53,2,3.0
96205,48,1,2.5
96206,52,2,2.5
96207,38,1,3.75
96208,47,1,3.0
96209,48,2,2.5
96209,71,2,3.75
96210,39,1,4.25
96210,37,1,3.0
96211,47,1,3.0
96212,45,2,3.0
96213,41,2,4.25
96213,70,2,3.25
96214,31,1,2.2
96215,48,1,2.5
96216,48,1,2.5
96217,30,1,3.0
96218,22,2,2.0
96219,25,1,2.2
96220,60,2,3.75
96221,40,2,3.75
96222,43,1,3.0
96223,35,1,3.1
96224,59,2,4.5
96224,78,1,4.5
96225,26,1,3.0
96226,37,1,3.0
96226,59,1,4.5
96226,81,1,28.0
96227,40,2,3.75
96228,55,1,4.0
96228,55,1,4.0
96229,38,2,3.75
96230,39,2,4.25
96230,65,1,0.8
96231,43,1,3.0
96232,54,1,2.5
96233,26,2,3.0
96234,61,2,4.75
96235,59,2,4.5
96236,51,1,3.0
96237,43,1,3.0
96238,58,1,3.5
96239,23,1,2.5
96240,22,1,2.0
96241,34,1,2.45
96242,23,1,2.5
96243,59,1,4.5
96244,31,1,2.2
96245,59,1,4.5
96245,69,2,3.25
96246,23,1,2.5
96246,77,2,3.0
96247,32,2,3.0
96248,34,1,2.45
96249,43,2,3.0
96249,22,1,2.0
96250,37,2,3.0
96251,29,1,2.5
96251,70,2,3.25
96252,57,2,3.1
96253,60,1,3.75
96254,52,1,2.5
96255,43,2,3.0
96256,38,1,3.75
96256,8,1,45.0
96257,31,1,2.2
96257,6,1,21.0
96258,24,1,3.0
96258,74,1,3.5
96259,58,1,3.5
96260,33,2,3.5
96261,24,1,3.0
96262,31,1,2.2
96262,17,1,9.5
96263,24,2,3.0
96264,39,2,4.25
96264,64,2,0.8
96264,70,1,3.25
96265,49,2,3.0
96266,23,1,2.5
96266,32,1,3.0
96267,44,2,2.5
96268,41,1,4.25
96268,64,4,0.8
96269,52,1,2.5
96270,45,1,3.0
96271,25,1,2.2
96271,72,1,3.25
96272,53,1,3.0
96273,43,1,3.0
96274,50,1,2.5
96275,37,1,3.0
96275,63,1,0.8
96276,51,1,3.0
96277,38,2,3.75
96278,51,1,3.0
96279,59,1,4.5
96279,79,1,3.75
96280,36,1,3.75
96281,32,1,3.0
96282,39,1,4.25
96282,63,1,0.8
96282,76,1,3.5
96283,36,1,3.75
96284,52,1,2.5
96285,23,1,2.5
96286,61,2,4.75
96287,35,1,3.1
96288,37,1,3.0
96288,84,1,0.8
96289,58,2,3.5
96289,69,2,3.25
96289,18,1,10.95
96290,33,2,3.5
96291,27,1,3.5
96292,39,1,4.25
96293,40,1,3.75
96294,35,2,3.1
96295,56,2,2.55
96296,43,2,3.0
96297,49,1,3.0
96298,22,1,2.0
96299,55,2,4.0
96300,59,1,4.5
96301,36,2,3.75
96302,57,1,3.1
96303,40,2,3.75
96303,73,1,3.75
96304,42,1,2.5
96305,38,2,3.75
96305,65,2,0.8
96305,77,1,3.0
96306,32,2,3.0
96307,53,2,3.0
96308,57,2,3.1
96309,61,2,4.75
96309,76,1,3.5
96310,49,1,3.0
96311,38,2,3.75
96312,22,2,2.0
96313,55,2,4.0
96314,23,2,2.5
96315,42,2,2.5
96316,50,2,2.5
96317,48,2,2.5
96318,38,1,3.75
96318,79,2,3.75
96319,31,2,2.2
96320,29,2,2.5
96321,60,2,3.75
96322,45,1,3.0
96323,29,2,2.5
96324,71,1,3.75
96325,46,2,2.5
96326,32,1,3.0
96326,23,1,2.5
96327,46,1,2.5
96327,70,1,3.25
96328,22,2,2.0
96329,35,2,3.1
96330,51,1,3.0
96331,29,1,2.5
96332,36,1,3.75
96333,32,2,3.0
96334,24,2,3.0
96334,71,2,3.75
96335,37,1,3.0
96335,65,1,0.8
96336,35,1,3.1
96337,29,1,2.5
96337,73,1,3.75
96338,28,2,2.0
96339,31,2,2.2
96340,35,1,3.1
96341,45,1,3.0
96342,31,1,2.2
96343,53,2,3.0
96343,16,1,8.95
96344,29,1,2.5
96345,47,1,3.0
96346,36,2,3.75
96347,37,1,3.0
96348,36,1,3.75
96349,40,1,3.75
96350,71,1,3.75
96351,55,2,4.0
96352,52,1,2.5
96353,55,2,4.0
96353,37,1,3.0
96354,57,1,3.1
96355,55,2,4.0
96355,79,2,3.75
96356,39,1,4.25
96357,25,1,2.2
96358,59,2,4.5
96358,70,1,3.25
96359,23,2,2.5
96360,48,1,2.5
96361,40,1,3.75
96362,54,1,2.5
96363,40,1,3.75
96363,76,2,3.5
96363,40,1,3.75
96363,40,1,3.75
96364,56,2,2.55
96365,57,1,3.1
96366,87,1,3.0
96367,61,2,4.75
96368,40,2,3.75
96369,55,1,4.0
96370,51,1,3.0
96371,30,2,3.0
96372,43,2,3.0
96373,47,2,3.0
96374,58,1,3.5
96375,52,2,2.5
96376,54,1,2.5
96377,50,1,2.5
96378,49,1,3.0
96379,30,1,3.0
96380,49,2,3.0
96381,34,2,2.45
96381,70,1,3.25
96382,22,2,2.0
96383,26,2,3.0
96384,23,2,2.5
96384,78,2,4.5
96385,36,1,3.75
96385,76,2,3.5
96386,52,1,2.5
96387,52,2,2.5
96387,73,1,3.75
96388,54,1,2.5
96389,59,1,4.5
96390,42,1,2.5
96391,50,2,2.5
96392,42,1,2.5
96393,36,1,3.75
96394,40,2,3.75
96394,64,1,0.8
96395,41,1,4.25
96395,64,1,0.8
96396,54,1,2.5
96397,49,1,3.0
96397,74,1,3.5
96398,37,1,3.0
96399,34,1,2.45
96399,36,1,3.75
96400,38,2,3.75
96401,51,1,3.0
96401,78,2,4.5
96402,47,1,3.0
96402,78,2,4.5
96403,29,2,2.5
96403,76,2,3.5
96404,57,1,3.1
96404,73,2,3.75
96405,39,2,4.25
96405,63,2,0.8
96405,78,1,4.5
96405,21,1,13.33
96406,22,1,2.0
96407,60,1,3.75
96408,42,2,2.5
96409,33,2,3.5
96410,22,1,2.0
96411,32,1,3.0
96412,43,2,3.0
96413,41,1,4.25
96414,57,1,3.1
96415,43,1,3.0
96416,59,2,4.5
96416,13,1,8.95
96417,25,1,2.2
96417,78,1,4.5
96418,50,1,2.5
96418,76,1,3.5
96419,39,2,4.25
96419,65,2,0.8
96420,36,1,3.75
96421,30,1,3.0
96421,74,1,3.5
96422,52,1,2.5
96423,30,2,3.0
96424,58,2,3.5
96424,22,1,2.0
96425,55,2,4.0
96426,38,2,3.75
96427,45,1,3.0
96427,69,1,3.25
96428,48,1,2.5
96429,61,1,4.75
96430,30,2,3.0
96431,26,2,3.0
96432,58,2,3.5
96432,78,2,4.5
96433,30,2,3.0
96434,48,2,2.5
96435,34,1,2.45
96436,59,1,4.5
96437,48,2,2.5
96438,30,1,3.0
96439,29,2,2.5
96440,36,1,3.75
96441,37,2,3.0
96442,56,2,2.55
96443,54,1,2.5
96444,44,1,2.5
96444,71,1,3.75
96445,52,2,2.5
96446,45,1,3.0
96447,45,2,3.0
96448,35,2,3.1
96449,40,1,3.75
96449,76,1,3.5
96450,49,1,3.0
96451,87,1,3.0
96452,24,2,3.0
96453,28,2,2.0
96453,13,1,8.95
96454,36,1,3.75
96455,36,2,3.75
96455,76,1,3.5
96456,87,1,3.0
96457,33,1,3.5
96458,40,2,3.75
96459,44,1,2.5
96460,55,2,4.0
96461,54,2,2.5
96462,55,2,4.0
96463,46,2,2.5
96464,30,1,3.0
96465,59,2,4.5
96465,11,1,8.95
96466,23,2,2.5
96466,13,1,8.95
96467,48,2,2.5
96468,32,1,3.0
96469,32,2,3.0
96470,44,1,2.5
96471,56,1,2.55
96472,46,2,2.5
96473,44,1,2.5
96474,26,1,3.0
96474,71,2,3.75
96475,52,2,2.5
96476,58,1,3.5
96476,9,1,22.5
96477,50,1,2.5
96477,78,1,4.5
96478,87,1,3.0
96479,55,2,4.0
96480,48,1,2.5
96481,60,1,3.75
96482,26,1,3.0
96482,1,1,18.0
96483,35,1,3.1
96484,42,1,2.5
96485,47,1,3.0
96485,76,2,3.5
96486,29,1,2.5
96487,28,1,2.0
96488,49,1,3.0
96489,28,1,2.0
96490,51,1,3.0
96490,10,1,10.0
96491,50,1,2.5
96492,48,2,2.5
96493,38,1,3.75
96494,26,1,3.0
96495,53,1,3.0
96496,41,1,4.25
96497,35,2,3.1
96498,46,2,2.5
96499,36,1,3.75
96500,34,1,2.45
96501,31,1,2.2
96502,24,1,3.0
96502,5,1,15.0
96503,49,2,3.0
96503,76,2,3.5
96504,35,2,3.1
96505,22,1,2.0
96506,71,1,3.75
96507,71,1,3.75
96508,53,1,3.0
96509,33,1,3.5
96510,24,1,3.0
96511,36,2,3.75
96512,23,2,2.5
96513,48,2,2.5
96514,30,2,3.0
96515,49,2,3.0
96516,35,2,3.1
96517,46,2,2.5
96518,52,2,2.5
96519,54,1,2.5
96520,51,2,3.0
96521,48,2,2.5
96522,38,1,3.75
96522,16,1,8.95
96523,59,1,4.5
96523,72,1,3.25
96524,54,2,2.5
96525,59,1,4.5
96525,77,2,3.0
96526,31,1,2.2
96527,41,2,4.25
96527,63,4,0.8
96527,73,1,3.75
96528,55,1,4.0
96529,29,1,2.5
96530,49,1,3.0
96531,35,1,3.1
96532,41,1,4.25
96532,65,3,0.8
96533,42,2,2.5
96533,75,1,3.5
96534,60,1,3.75
96535,34,2,2.45
96535,43,1,3.0
96536,43,1,3.0
96537,36,2,3.75
96538,52,2,2.5
96539,38,1,3.75
96539,84,1,0.8
96540,44,1,2.5
96541,23,2,2.5
96542,46,1,2.5
96543,31,1,2.2
96544,30,1,3.0
96544,5,1,15.0
96545,50,2,2.5
96546,61,2,4.75
96547,34,1,2.45
96548,37,2,3.0
96548,64,2,0.8
96549,37,1,3.0
96550,30,1,3.0
96550,75,1,3.5
96550,7,1,19.75
96551,55,2,4.0
96551,75,1,3.5
96551,20,1,7.6
96552,29,2,2.5
96553,52,2,2.5
96553,74,1,3.5
96554,48,2,2.5
96555,36,1,3.75
96556,31,2,2.2
96557,34,2,2.45
96558,40,1,3.75
96558,64,2,0.8
96558,75,1,3.5
96559,60,1,3.75
96560,59,2,4.5
96560,73,2,3.75
96561,61,2,4.75
96562,33,1,3.5
96563,60,2,3.75
96564,51,2,3.0
96565,40,2,3.75
96565,63,1,0.8
96566,47,1,3.0
96567,43,1,3.0
96567,71,1,3.75
96568,49,2,3.0
96569,41,1,4.25
96569,39,1,4.25
96570,53,1,3.0
96571,38,1,3.75
96571,18,1,6.4
96571,38,1,3.75
96571,38,1,3.75
96572,42,1,2.5
96572,79,2,3.75
96573,41,2,4.25
96573,65,2,0.8
96573,74,1,3.5
96574,24,1,3.0
96574,6,1,21.0
96575,55,1,4.0
96576,30,1,3.0
96577,39,1,4.25
96578,25,2,2.2
96579,22,1,2.0
96579,69,2,3.25
96580,48,2,2.5
96581,48,2,2.5
96582,28,2,2.0
96582,77,1,3.0
96583,40,1,3.75
96583,64,4,0.8
96584,42,2,2.5
96585,24,2,3.0
96586,36,2,3.75
96586,5,1,15.0
96587,56,2,2.55
96588,60,1,3.75
96588,72,2,3.25
96589,32,1,3.0
96589,10,1,10.0
96590,35,1,3.1
96591,30,1,3.0
96592,50,1,2.5
96593,41,2,4.25
96593,2,1,18.0
96594,29,2,2.5
96595,45,1,3.0
96595,83,1,14.0
96595,47,1,3.0
96596,28,1,2.0
96597,48,1,2.5
96597,75,2,3.5
96598,29,2,2.5
96598,12,1,8.95
96599,61,2,4.75
96600,23,2,2.5
96601,49,1,3.0
96602,42,2,2.5
96603,57,1,3.1
96604,32,1,3.0
96605,47,2,3.0
96606,51,2,3.0
96607,50,2,2.5
96607,79,1,3.75
96608,34,1,2.45
96609,59,2,4.5
96610,50,1,2.5
96611,34,1,2.45
96611,76,1,3.5
96612,46,2,2.5
96613,61,2,4.75
96614,35,1,3.1
96614,78,1,4.5
96615,61,2,4.75
96616,47,1,3.0
96617,28,1,2.0
96618,26,1,3.0
96619,46,2,2.5
96620,44,1,2.5
96621,40,1,3.75
96621,63,1,0.8
96622,39,1,4.25
96622,65,2,0.8
96622,1,1,18.0
96623,56,1,2.55
96624,26,1,3.0
96624,74,1,3.5
96625,53,1,3.0
96626,56,2,2.55
96627,51,2,3.0
96628,36,1,3.75
96629,54,1,2.5
96630,23,2,2.5
96631,40,2,3.75
96631,65,2,0.8
96631,79,1,3.75
96632,40,1,3.75
96632,65,2,0.8
96632,75,1,3.5
96633,28,1,2.0
96634,34,2,2.45
96635,39,1,4.25
96635,63,2,0.8
96636,52,1,2.5
96636,69,1,3.25
96637,44,2,2.5
96638,58,1,3.5
96639,47,1,3.0
96640,46,2,2.5
96641,46,2,2.5
96642,59,1,4.5
96643,39,1,4.25
96643,63,2,0.8
96643,78,1,4.5
96643,63,1,0.8
96643,39,1,4.25
96643,65,2,0.8
96643,39,1,4.25
96644,55,2,4.0
96644,20,1,7.6
96645,40,2,3.75
96645,64,1,0.8
96646,57,1,3.1
96647,35,1,3.1
96648,59,2,4.5
96649,53,1,3.0
96650,55,1,4.0
96651,23,2,2.5
96652,24,1,3.0
96653,71,1,3.75
96654,28,1,2.0
96655,61,2,4.75
96656,60,1,3.75
96657,52,1,2.5
96658,55,1,4.0
96659,30,2,3.0
96660,41,2,4.25
96660,63,1,0.8
96661,71,1,3.75
96662,26,1,3.0
96663,31,1,2.2
96664,24,1,3.0
96665,23,1,2.5
96666,44,1,2.5
96666,48,1,2.5
96667,38,1,3.75
96668,45,2,3.0
96669,50,1,2.5
96670,47,2,3.0
96671,54,2,2.5
96672,37,2,3.0
96673,56,1,2.55
96674,28,1,2.0
96675,58,1,3.5
96676,41,1,4.25
96676,63,2,0.8
96677,54,2,2.5
96678,42,2,2.5
96679,26,1,3.0
96680,51,1,3.0
96681,59,1,4.5
96681,81,1,28.0
96682,46,1,2.5
96683,59,1,4.5
96684,56,1,2.55
96685,43,1,3.0
96686,35,1,3.1
96687,31,2,2.2
96687,13,1,8.95
96688,35,1,3.1
96689,35,1,3.1
96689,59,1,4.5
96689,60,1,3.75
96689,20,1,7.6
96690,37,2,3.0
96690,65,2,0.8
96690,18,1,10.95
96691,26,2,3.0
96692,46,1,2.5
96693,46,1,2.5
96693,76,1,3.5
96694,26,2,3.0
96695,50,1,2.5
96696,34,2,2.45
96697,49,2,3.0
96698,37,1,3.0
96698,1,1,18.0
96699,87,2,3.0
96700,58,1,3.5
96701,32,1,3.0
96701,1,1,18.0
96702,56,1,2.55
96702,71,1,4.69
96703,22,2,2.0
96704,35,1,3.1
96705,47,2,3.0
96706,26,2,3.0
96707,35,2,3.1
96708,30,1,3.0
96709,42,2,2.5
96710,52,1,2.5
96711,32,2,3.0
96712,29,1,2.5
96713,38,2,3.75
96714,28,1,2.0
96714,76,1,4.38
96715,38,2,3.75
96716,38,1,3.75
96717,22,1,2.0
96718,53,1,3.0
96718,79,1,3.75
96718,49,2,3.0
96719,53,2,3.0
96720,54,2,2.5
96720,78,1,5.63
96721,41,2,4.25
96721,13,1,8.95
96722,52,1,2.5
96723,34,2,2.45
96723,70,1,4.06
96724,22,2,2.0
96725,36,2,3.75
96725,75,1,3.5
96726,87,1,3.0
96727,26,1,3.0
96728,25,2,2.2
96729,28,2,2.0
96730,43,2,3.0
96731,56,1,2.55
96732,47,1,3.0
96733,24,1,3.0
96734,31,2,2.2
96735,46,1,2.5
96736,50,1,2.5
96737,25,1,2.2
96737,69,1,4.06
96738,45,1,3.0
96739,38,2,3.75
96740,31,2,2.2
96741,47,1,3.0
96742,50,1,2.5
96743,43,2,3.0
96744,45,2,3.0
96744,76,1,3.5
96745,26,2,3.0
96746,50,1,2.5
96746,6,1,21.0
96747,57,1,3.1
96748,55,2,4.0
96749,34,1,2.45
96750,59,2,4.5
96751,59,1,4.5
96751,83,1,14.0
96752,71,1,3.75
96753,48,2,2.5
96754,43,1,3.0
96755,40,1,3.75
96755,65,1,0.8
96756,47,2,3.0
96757,42,1,2.5
96758,54,1,2.5
96759,23,1,2.5
96760,23,1,2.5
96761,27,1,3.5
96762,43,2,3.0
96763,36,1,3.75
96764,24,1,3.0
96765,24,2,3.0
96766,22,2,2.0
96766,75,1,4.38
96767,60,2,3.75
96767,76,2,3.5
96768,50,1,2.5
96769,49,2,3.0
96770,26,1,3.0
96771,22,2,2.0
96772,51,1,3.0
96773,42,2,2.5
96773,79,1,3.75
96774,51,2,3.0
96775,29,2,2.5
96776,28,1,2.0
96777,25,2,2.2
96778,38,2,3.75
96778,75,1,3.5
96779,49,1,3.0
96780,40,1,3.75
96780,71,1,3.75
96780,40,1,3.75
96780,53,1,3.0
96780,54,1,2.5
96780,39,1,4.25
96781,53,2,3.0
96781,16,1,8.95
96782,38,2,3.75
96782,64,1,0.8
96783,61,2,4.75
96783,73,1,4.69
96784,36,1,3.75
96784,74,1,3.5
96785,30,2,3.0
96786,38,2,3.75
96787,48,1,2.5
96788,44,1,2.5
96789,29,2,2.5
96790,57,2,3.1
96791,60,2,3.75
96791,12,1,8.95
96792,39,2,4.25
96792,64,1,0.8
96793,44,2,2.5
96794,56,1,2.55
96795,29,2,2.5
96796,29,1,2.5
96797,42,2,2.5
96798,56,1,2.55
96799,46,2,2.5
96800,46,1,2.5
96801,53,2,3.0
96801,69,1,3.25
96802,46,1,2.5
96803,52,2,2.5
96803,2,1,18.0
96804,47,2,3.0
96804,75,1,3.5
96805,36,2,3.75
96806,61,2,4.75
96807,87,2,3.0
96808,39,2,4.25
96809,27,2,3.5
96810,55,2,4.0
96811,58,2,3.5
96812,71,1,3.75
96813,34,1,2.45
96813,33,2,3.5
96813,4,1,20.45
96814,49,1,3.0
96815,25,1,2.2
96816,51,1,3.0
96817,40,2,3.75
96818,53,2,3.0
96819,44,2,2.5
96819,21,1,13.33
96820,39,1,4.25
96820,65,1,0.8
96821,22,2,2.0
96822,59,1,4.5
96822,77,1,3.0
96823,56,2,2.55
96824,42,2,2.5
96824,17,1,9.5
96824,42,1,2.5
96825,50,1,2.5
96826,43,1,3.0
96827,49,2,3.0
96828,26,1,3.0
96828,75,1,3.5
96829,52,2,2.5
96829,78,1,4.5
96830,45,1,3.0
96831,38,1,3.75
96831,77,1,3.0
96832,59,1,4.5
96833,23,1,2.5
96834,25,2,2.2
96835,25,1,2.2
96836,39,1,4.25
96836,64,1,0.8
96836,74,1,3.5
96837,36,2,3.75
96838,30,1,3.0
96838,72,1,4.06
96839,34,2,2.45
96840,55,1,4.0
96841,22,1,2.0
96842,22,2,2.0
96843,55,1,4.0
96844,29,1,2.5
96844,74,1,3.5
96845,51,1,3.0
96846,49,1,3.0
96847,22,1,2.0
96848,36,1,3.75
96849,33,1,3.5
96849,83,4,14.0
96850,22,2,2.0
96851,71,1,3.75
96852,54,2,2.5
96853,38,1,3.75
96854,29,1,2.5
96855,29,1,2.5
96856,56,2,2.55
96857,26,1,3.0
96858,45,1,3.0
96859,25,2,2.2
96860,61,1,4.75
96861,29,1,2.5
96862,57,1,3.1
96863,32,1,3.0
96864,22,1,2.0
96865,41,2,4.25
96865,71,1,4.69
96866,34,1,2.45
96867,43,2,3.0
96868,50,2,2.5
96869,39,1,4.25
96869,64,1,0.8
96870,33,1,3.5
96870,75,1,4.38
96871,55,1,4.0
96872,41,1,4.25
96873,41,1,4.25
96874,25,1,2.2
96875,22,2,2.0
96875,71,1,3.75
96876,23,1,2.5
96877,23,2,2.5
96877,82,6,12.0
96878,22,1,2.0
96879,36,1,3.75
96880,24,2,3.0
96881,61,2,4.75
96882,31,2,2.2
96883,28,2,2.0
96883,21,1,13.33
96884,43,1,3.0
96885,42,1,2.5
96885,12,1,8.95
96886,57,1,3.1
96887,57,1,3.1
96888,60,1,3.75
96889,34,1,2.45
96889,76,1,4.38
96890,47,1,3.0
96891,45,1,3.0
96892,51,2,3.0
96893,33,2,3.5
96894,44,1,2.5
96895,47,1,3.0
96896,33,2,3.5
96897,58,2,3.5
96898,44,1,2.5
96899,47,2,3.0
96900,61,1,4.75
96901,24,1,3.0
96902,46,1,2.5
96903,38,2,3.75
96903,70,1,4.06
96904,71,1,3.75
96905,28,1,2.0
96906,39,2,4.25
96907,59,2,4.5
96907,4,1,20.45
96908,42,2,2.5
96909,29,1,2.5
96910,41,1,4.25
96911,55,2,4.0
96912,40,2,3.75
96913,43,1,3.0
96914,23,1,2.5
96915,60,2,3.75
96916,58,2,3.5
96916,77,1,3.0
96917,42,1,2.5
96918,41,1,4.25
96918,65,1,0.8
96919,28,1,2.0
96919,73,1,3.75
96920,29,1,2.5
96921,22,2,2.0
96921,72,1,3.25
96922,71,1,3.75
96923,37,1,3.0
96924,26,1,3.0
96925,28,1,2.0
96926,52,2,2.5
96927,50,2,2.5
96928,39,2,4.25
96929,59,2,4.5
96930,43,2,3.0
96931,26,2,3.0
96932,25,1,2.2
96933,25,2,2.2
96933,76,1,3.5
96934,29,1,2.5
96935,57,2,3.1
96936,44,2,2.5
96937,24,2,3.0
96938,33,1,3.5
96939,38,1,3.75
96940,41,2,4.25
96940,64,2,0.8
96941,40,2,3.75
96941,63,2,0.8
96942,45,1,3.0
96942,74,1,3.5
96943,24,2,3.0
96944,45,1,3.0
96945,25,1,2.2
96946,27,1,3.5
96946,75,1,3.5
96947,60,1,3.75
96948,54,1,2.5
96949,45,1,3.0
96949,71,1,4.69
96949,44,1,2.5
96950,37,1,3.0
96951,35,2,3.1
96952,58,2,3.5
96953,48,1,2.5
96954,51,1,3.0
96955,54,1,2.5
96956,36,1,3.75
96957,53,1,3.0
96958,59,2,4.5
96958,69,1,3.25
96958,16,1,8.95
96959,43,1,3.0
96960,51,2,3.0
96961,48,2,2.5
96962,35,2,3.1
96962,74,1,3.5
96963,26,1,3.0
96963,83,1,14.0
96964,32,1,3.0
96965,39,2,4.25
96965,64,1,0.8
96966,25,1,2.2
96967,44,1,2.5
96967,81,1,28.0
96968,31,2,2.2
96968,72,1,4.06
96969,42,1,2.5
96970,45,2,3.0
96971,26,2,3.0
96972,57,1,3.1
96973,59,2,4.5
96974,42,1,2.5
96975,40,1,3.75
96975,63,2,0.8
96975,64,1,0.8
96976,22,1,2.0
96977,61,2,4.75
96977,7,1,19.75
96978,59,1,4.5
96979,71,1,3.75
96980,43,1,3.0
96981,50,2,2.5
96982,24,2,3.0
96983,57,2,3.1
96984,38,2,3.75
96984,63,1,0.8
96985,45,2,3.0
96986,22,2,2.0
96987,37,2,3.0
96987,64,2,0.8
96988,33,1,3.5
96989,32,2,3.0
96990,54,1,2.5
96991,54,1,2.5
96992,24,2,3.0
96992,79,1,3.75
96993,25,1,2.2
96994,54,1,2.5
96995,31,2,2.2
96996,28,1,2.0
96996,71,1,3.75
96997,33,2,3.5
96997,70,1,4.06
96997,78,1,5.63
96998,46,2,2.5
96999,25,2,2.2
97000,42,1,2.5
97001,48,2,2.5
97002,59,2,4.5
97002,9,1,22.5
97003,23,1,2.5
97004,45,2,3.0
97005,46,1,2.5
97005,79,1,3.75
97005,78,1,4.5
97005,51,1,3.0
97006,44,1,2.5
97007,58,1,3.5
97008,47,2,3.0
97009,39,1,4.25
97009,63,1,0.8
97010,38,1,3.75
97011,33,1,3.5
97012,38,1,3.75
97013,25,1,2.2
97013,74,1,3.5
97014,33,2,3.5
97014,79,1,3.75
97015,34,2,2.45
97016,23,1,2.5
97017,26,2,3.0
97018,46,1,2.5
97019,26,1,3.0
97020,41,2,4.25
97020,13,1,8.95
97021,38,2,3.75
97021,75,1,4.38
97022,47,1,3.0
97023,61,1,4.75
97023,79,1,4.69
97023,12,1,8.95
97024,45,2,3.0
97025,38,2,3.75
97026,52,2,2.5
97027,53,1,3.0
97028,39,1,4.25
97028,79,1,4.69
97029,55,1,4.0
97030,50,2,2.5
97031,41,2,4.25
97032,71,1,3.75
97032,71,1,3.75
97033,50,1,2.5
97033,71,1,3.75
97033,50,1,2.5
97034,33,1,3.5
97034,38,1,3.75
97034,70,1,4.06
97035,53,1,3.0
97035,71,1,4.69
97036,52,2,2.5
97037,37,1,3.0
97037,63,2,0.8
97038,51,2,3.0
97039,31,2,2.2
97040,38,2,3.75
97041,33,1,3.5
97042,24,1,3.0
97043,57,1,3.1
97044,58,1,3.5
97045,54,1,2.5
97046,33,1,3.5
97047,35,1,3.1
97047,79,1,4.69
97048,59,2,4.5
97049,58,1,3.5
97050,47,2,3.0
97051,51,2,3.0
97051,83,2,14.0
97052,32,2,3.0
97053,28,2,2.0
97054,39,2,4.25
97055,61,1,4.75
97056,39,2,4.25
97056,65,1,0.8
97057,36,2,3.75
97058,46,2,2.5
97059,38,1,3.75
97060,59,1,4.5
97061,29,1,2.5
97062,22,2,2.0
97063,61,2,4.75
97064,23,2,2.5
97065,39,2,4.25
97065,63,1,0.8
97066,61,1,4.75
97067,33,1,3.5
97068,61,2,4.75
97069,24,1,3.0
97069,79,1,3.75
97069,70,1,3.25
97069,24,1,3.0
97069,24,1,3.0
97070,44,1,2.5
97071,50,1,2.5
97072,33,2,3.5
97073,55,1,4.0
97073,10,1,10.0
97073,57,2,3.1
97074,61,1,4.75
97074,75,1,3.5
97075,53,1,3.0
97075,75,1,3.5
97075,75,1,3.5
97075,53,1,3.0
97075,53,1,3.0
97076,43,2,3.0
97077,48,1,2.5
97078,50,2,2.5
97079,32,1,3.0
97080,55,2,4.0
97081,38,1,3.75
97081,65,1,0.8
97082,35,1,3.1
97083,49,1,3.0
97084,46,1,2.5
97084,74,1,4.38
97085,49,1,3.0
97086,52,2,2.5
97087,51,1,3.0
97088,35,2,3.1
97089,36,2,3.75
97090,52,2,2.5
97091,38,2,3.75
97091,65,1,0.8
97092,40,2,3.75
97093,55,2,4.0
97094,46,1,2.5
97094,75,1,3.5
97095,58,1,3.5
97096,43,2,3.0
97096,70,1,4.06
97097,60,1,3.75
97098,38,1,3.75
97098,75,1,3.5
97099,33,2,3.5
97100,42,2,2.5
97101,71,1,3.75
97102,52,2,2.5
97102,18,1,6.4
97103,61,2,4.75
97104,50,1,2.5
97105,49,1,3.0
97106,29,2,2.5
97107,50,2,2.5
97108,22,2,2.0
97109,50,1,2.5
97110,56,2,2.55
97111,30,2,3.0
97112,24,2,3.0
97113,56,1,2.55
97114,58,1,3.5
97115,59,2,4.5
97115,76,1,4.38
97116,24,2,3.0
97117,33,2,3.5
97118,39,1,4.25
97119,30,1,3.0
97120,54,2,2.5
97120,75,1,4.38
97121,41,1,4.25
97122,35,1,3.1
97122,71,1,3.75
97122,9,1,22.5
97123,38,1,3.75
97123,74,1,3.5
97123,38,1,3.75
97123,38,1,3.75
97124,22,1,2.0
97124,72,1,4.06
97125,37,1,3.0
97125,63,2,0.8
97126,38,2,3.75
97126,14,1,8.95
97127,43,1,3.0
97127,73,1,3.75
97128,43,1,3.0
97129,60,2,3.75
97130,34,1,2.45
97131,45,1,3.0
97132,33,2,3.5
97133,60,1,3.75
97134,28,2,2.0
97135,58,2,3.5
97136,60,2,3.75
97137,61,2,4.75
97138,26,1,3.0
97139,24,1,3.0
97140,41,1,4.25
97141,35,2,3.1
97142,47,1,3.0
97143,35,2,3.1
97143,69,1,3.25
97144,25,2,2.2
97145,32,1,3.0
97146,48,1,2.5
97147,55,1,4.0
97148,32,2,3.0
97148,74,1,3.5
97149,36,1,3.75
97150,25,2,2.2
97151,31,1,2.2
97152,31,1,2.2
97153,35,2,3.1
97154,37,2,3.0
97154,64,1,0.8
97155,44,2,2.5
97155,83,1,14.0
97156,39,1,4.25
97156,63,2,0.8
97157,36,2,3.75
97158,34,2,2.45
97159,71,1,3.75
97159,41,2,4.25
97159,82,2,12.0
97160,46,1,2.5
97161,34,1,2.45
97162,36,2,3.75
97163,49,1,3.0
97164,54,1,2.5
97164,72,1,4.06
97165,28,1,2.0
97166,55,1,4.0
97167,32,2,3.0
97167,69,1,3.25
97168,35,1,3.1
97169,47,2,3.0
97170,39,1,4.25
97171,29,2,2.5
97172,48,1,2.5
97172,72,1,3.25
97173,51,2,3.0
97174,71,1,3.75
97174,71,1,3.75
97175,38,1,3.75
97175,63,2,0.8
97176,41,2,4.25
97176,64,2,0.8
97177,43,1,3.0
97178,22,1,2.0
97179,46,2,2.5
97179,21,1,13.33
97180,58,2,3.5
97180,78,1,4.5
97181,60,2,3.75
97182,41,1,4.25
97182,64,2,0.8
97182,71,1,3.75
97183,32,2,3.0
97184,58,1,3.5
97185,47,1,3.0
97186,52,1,2.5
97187,71,1,3.75
97188,40,2,3.75
97188,65,2,0.8
97188,78,1,4.5
97189,35,2,3.1
97190,28,1,2.0
97191,50,2,2.5
97192,58,1,3.5
97193,34,1,2.45
97194,48,1,2.5
97195,36,1,3.75
97196,71,1,3.75
97196,71,1,3.75
97196,71,1,3.75
97197,30,1,3.0
97198,32,2,3.0
97199,61,2,4.75
97200,38,1,3.75
97201,61,2,4.75
97202,59,2,4.5
97202,75,1,3.5
97202,41,1,4.25
97202,65,2,0.8
97203,56,2,2.55
97204,31,2,2.2
97205,37,1,3.0
97205,63,1,0.8
97206,52,1,2.5
97207,28,2,2.0
97207,69,1,4.06
97208,42,1,2.5
97208,12,1,8.95
97209,60,1,3.75
97209,76,1,3.5
97210,55,1,4.0
97211,61,1,4.75
97212,52,2,2.5
97213,35,2,3.1
97214,45,1,3.0
97214,8,1,45.0
97215,53,2,3.0
97216,48,1,2.5
97217,25,1,2.2
97218,36,2,3.75
97219,25,1,2.2
97220,61,1,4.75
97221,41,1,4.25
97221,64,2,0.8
97221,41,1,4.25
97221,65,1,0.8
97222,30,1,3.0
97223,23,1,2.5
97224,87,1,3.0
97225,29,2,2.5
97226,38,2,3.75
97227,60,2,3.75
97228,57,1,3.1
97228,71,1,3.75
97229,53,1,3.0
97230,44,1,2.5
97230,70,1,3.25
97231,52,1,2.5
97231,74,1,3.5
97232,31,2,2.2
97233,31,1,2.2
97234,33,1,3.5
97235,55,2,4.0
97236,28,2,2.0
97237,32,2,3.0
97238,36,1,3.75
97239,23,2,2.5
97240,59,2,4.5
97240,79,1,4.69
97241,23,1,2.5
97242,30,2,3.0
97242,20,1,7.6
97243,24,1,3.0
97244,44,1,2.5
97244,78,1,4.5
97244,72,1,3.25
97245,57,2,3.1
97246,46,2,2.5
97246,7,1,19.75
97247,25,1,2.2
97248,37,2,3.0
97248,65,2,0.8
97249,39,1,4.25
97250,54,2,2.5
97251,31,1,2.2
97252,48,2,2.5
97253,38,2,3.75
97253,63,2,0.8
97254,40,1,3.75
97255,35,2,3.1
97255,69,1,3.25
97256,48,1,2.5
97257,25,2,2.2
97258,32,1,3.0
97259,28,2,2.0
97259,76,1,3.5
97260,36,2,3.75
97261,45,1,3.0
97262,33,1,3.5
97263,37,1,3.0
97263,21,1,13.33
97264,25,2,2.2
97265,31,1,2.2
97266,41,1,4.25
97267,45,1,3.0
97268,34,1,2.45
97269,29,1,2.5
97269,74,1,4.38
97270,57,1,3.1
97271,60,2,3.75
97272,26,1,3.0
97273,23,1,2.5
97274,44,1,2.5
97275,59,2,4.5
97276,58,1,3.5
97277,49,1,3.0
97278,26,2,3.0
97279,22,1,2.0
97280,28,1,2.0
97281,30,1,3.0
97282,35,2,3.1
97283,31,1,2.2
97284,23,2,2.5
97285,61,2,4.75
97286,54,1,2.5
97287,38,2,3.75
97287,64,1,0.8
97287,73,1,3.75
97288,32,1,3.0
97289,59,1,4.5
97290,57,2,3.1
97290,78,1,4.5
97291,36,1,3.75
97292,29,1,2.5
97293,24,1,3.0
97294,50,2,2.5
97295,47,2,3.0
97296,39,1,4.25
97296,64,1,0.8
97296,78,1,4.5
97297,24,2,3.0
97297,77,1,3.0
97298,35,1,3.1
97299,29,1,2.5
97300,31,1,2.2
97300,79,1,3.75
97301,35,1,3.1
97301,78,1,4.5
97301,14,1,8.95
97302,23,1,2.5
97303,33,1,3.5
97304,34,1,2.45
97304,79,1,3.75
97304,34,1,2.45
97305,29,2,2.5
97305,71,1,3.75
97306,55,1,4.0
97307,24,1,3.0
97308,30,2,3.0
97309,57,1,3.1
97310,38,2,3.75
97311,42,2,2.5
97312,55,1,4.0
97312,73,1,3.75
97313,61,1,4.75
97314,22,1,2.0
97315,37,2,3.0
97315,65,2,0.8
97316,40,1,3.75
97316,64,2,0.8
97317,61,2,4.75
97317,75,1,3.5
97318,41,2,4.25
97318,65,2,0.8
97319,30,1,3.0
97320,25,2,2.2
97321,30,1,3.0
97322,23,2,2.5
97323,26,2,3.0
97324,50,1,2.5
97325,56,1,2.55
97326,32,2,3.0
97327,36,1,3.75
97328,55,1,4.0
97329,25,2,2.2
97330,54,2,2.5
97331,33,1,3.5
97332,22,1,2.0
97333,32,1,3.0
97333,74,1,4.38
97334,26,1,3.0
97334,77,1,3.0
97335,24,1,3.0
97336,38,1,3.75
97337,45,1,3.0
97338,42,2,2.5
97339,31,1,2.2
97340,37,2,3.0
97341,38,2,3.75
97342,31,2,2.2
97342,76,1,3.5
97343,31,1,2.2
97343,78,1,4.5
97344,56,2,2.55
97345,59,2,4.5
97346,51,2,3.0
97346,77,1,3.0
97347,23,2,2.5
97348,56,2,2.55
97349,44,1,2.5
97350,38,2,3.75
97350,75,1,4.38
97350,20,1,7.6
97351,52,1,2.5
97352,47,2,3.0
97353,57,1,3.1
97353,74,1,3.5
97354,42,2,2.5
97355,35,1,3.1
97355,72,1,3.25
97356,33,1,3.5
97357,45,2,3.0
97358,48,2,2.5
97359,33,1,3.5
97360,61,2,4.75
97361,50,1,2.5
97362,35,2,3.1
97362,79,1,3.75
97363,35,2,3.1
97363,72,1,4.06
97364,42,1,2.5
97365,36,1,3.75
97366,35,2,3.1
97367,32,1,3.0
97367,79,1,4.69
97368,55,1,4.0
97369,38,1,3.75
97370,40,1,3.75
97370,65,1,0.8
97371,60,1,3.75
97372,58,2,3.5
97373,43,1,3.0
97374,46,2,2.5
97374,82,1,12.0
97375,60,1,3.75
97376,31,2,2.2
97377,60,1,3.75
97378,50,2,2.5
97379,44,2,2.5
97379,71,1,3.75
97380,40,1,3.75
97380,6,1,21.0
97380,12,1,8.95
97381,58,1,3.5
97382,38,2,3.75
97382,65,1,0.8
97382,74,1,3.5
97383,26,1,3.0
97384,26,1,3.0
97385,56,2,2.55
97385,3,1,14.75
97386,29,2,2.5
97386,22,2,2.0
97387,31,2,2.2
97388,60,1,3.75
97388,13,1,8.95
97389,33,2,3.5
97390,32,1,3.0
97390,78,1,4.5
97391,40,1,3.75
97392,56,2,2.55
97393,23,2,2.5
97394,52,1,2.5
97394,76,1,3.5
97395,34,2,2.45
97396,26,1,3.0
97396,70,1,3.25
97396,3,1,14.75
97397,23,1,2.5
97398,28,2,2.0
97399,47,2,3.0
97399,71,1,3.75
97400,47,1,3.0
97401,58,2,3.5
97402,38,2,3.75
97402,78,1,5.63
97403,26,1,3.0
97403,12,1,8.95
97404,31,1,2.2
97404,10,1,10.0
97405,57,1,3.1
97406,49,2,3.0
97407,29,2,2.5
97408,54,1,2.5
97409,60,2,3.75
97410,59,1,4.5
97411,45,1,3.0
97412,37,1,3.0
97412,64,1,0.8
97413,53,1,3.0
97414,49,2,3.0
97415,56,1,2.55
97416,33,2,3.5
97417,60,2,3.75
97418,41,2,4.25
97419,36,1,3.75
97420,43,1,3.0
97421,38,2,3.75
97421,77,1,3.0
97422,47,2,3.0
97423,53,2,3.0
97423,73,1,3.75
97424,22,2,2.0
97424,79,1,3.75
97425,44,1,2.5
97426,58,2,3.5
97427,38,1,3.75
97427,71,1,4.69
97428,32,1,3.0
97429,56,1,2.55
97429,70,1,3.25
97429,3,1,14.75
97430,87,2,3.0
97431,36,2,3.75
97431,77,1,3.0
97432,25,2,2.2
97432,71,1,3.75
97433,43,2,3.0
97434,40,2,3.75
97435,25,2,2.2
97435,74,1,3.5
97436,59,2,4.5
97437,36,1,3.75
97437,70,1,3.25
97438,32,2,3.0
97439,35,2,3.1
97440,47,1,3.0
97441,31,2,2.2
97442,46,2,2.5
97442,78,1,4.5
97443,59,2,4.5
97443,17,1,9.5
97443,82,1,12.0
97444,38,1,3.75
97445,29,2,2.5
97446,23,2,2.5
97446,17,1,9.5
97447,44,1,2.5
97447,77,1,3.0
97448,22,1,2.0
97449,43,1,3.0
97450,26,1,3.0
97450,28,2,2.0
97451,58,2,3.5
97452,49,2,3.0
97453,35,1,3.1
97454,51,2,3.0
97454,83,1,14.0
97455,55,1,4.0
97456,31,1,2.2
97457,46,2,2.5
97458,28,1,2.0
97459,27,2,3.5
97460,38,1,3.75
97461,43,1,3.0
97461,79,1,4.69
97462,38,1,3.75
97462,65,2,0.8
97463,34,1,2.45
97463,69,1,3.25
97464,25,2,2.2
97464,18,1,10.95
97465,32,2,3.0
97466,35,1,3.1
97467,34,1,2.45
97468,37,2,3.0
97468,63,1,0.8
97469,29,1,2.5
97470,55,1,4.0
97471,58,2,3.5
97471,76,1,3.5
97472,58,2,3.5
97473,40,1,3.75
97473,72,1,3.25
97473,40,1,3.75
97473,40,1,3.75
97474,34,2,2.45
97475,53,1,3.0
97476,57,2,3.1
97477,34,1,2.45
97478,33,1,3.5
97479,22,2,2.0
97480,22,2,2.0
97481,51,2,3.0
97482,41,1,4.25
97483,57,2,3.1
97484,33,1,3.5
97484,74,1,3.5
97485,33,1,3.5
97486,27,1,3.5
97487,31,1,2.2
97487,69,1,3.25
97488,29,1,2.5
97489,57,2,3.1
97490,29,2,2.5
97491,53,1,3.0
97492,49,2,3.0
97493,28,1,2.0
97494,54,2,2.5
97495,29,1,2.5
97496,30,2,3.0
97497,37,2,3.0
97497,64,1,0.8
97498,39,2,4.25
97498,72,1,4.06
97499,34,2,2.45
97499,69,1,4.06
97499,17,1,9.5
97499,82,1,12.0
97500,55,2,4.0
97501,30,1,3.0
97502,43,1,3.0
97503,28,2,2.0
97504,46,1,2.5
97505,56,1,2.55
97506,57,1,3.1
97507,46,1,2.5
97508,34,1,2.45
97509,30,1,3.0
97509,70,1,3.25
97510,31,1,2.2
97510,72,1,3.25
97511,25,2,2.2
97512,58,2,3.5
97513,46,2,2.5
97514,54,2,2.5
97515,53,1,3.0
97516,31,2,2.2
97516,75,1,3.5
97517,37,2,3.0
97517,64,1,0.8
97518,44,1,2.5
97519,54,2,2.5
97520,47,1,3.0
97520,4,1,20.45
97521,39,2,4.25
97522,45,2,3.0
97523,36,2,3.75
97524,60,1,3.75
97525,47,2,3.0
97526,25,1,2.2
97527,55,1,4.0
97528,22,1,2.0
97529,38,1,3.75
97530,41,2,4.25
97531,42,1,2.5
97532,24,1,3.0
97533,23,2,2.5
97534,55,2,4.0
97535,54,1,2.5
97535,78,1,4.5
97536,71,1,3.75
97537,33,1,3.5
97538,48,1,2.5
97539,55,1,4.0
97540,28,1,2.0
97541,53,1,3.0
97541,79,1,3.75
97542,52,2,2.5
97543,58,2,3.5
97544,53,2,3.0
97545,36,1,3.75
97546,51,1,3.0
97547,71,1,3.75
97547,71,1,3.75
97548,57,2,3.1
97549,41,2,4.25
97549,65,2,0.8
97550,29,1,2.5
97551,50,2,2.5
97552,42,2,2.5
97553,59,1,4.5
97553,72,1,3.25
97554,24,2,3.0
97554,78,1,4.5
97555,55,2,4.0
97555,74,1,3.5
97556,46,2,2.5
97556,77,1,3.0
97557,52,2,2.5
97557,71,1,3.75
97558,38,2,3.75
97558,84,2,0.8
97559,24,2,3.0
97560,51,2,3.0
97561,57,2,3.1
97562,35,1,3.1
97563,42,1,2.5
97564,40,2,3.75
97564,84,2,0.8
97564,72,1,3.25
97565,29,2,2.5
97565,56,2,2.55
97566,57,2,3.1
97567,28,1,2.0
97568,87,2,3.0
97569,50,1,2.5
97569,70,1,3.25
97570,38,1,3.75
97570,65,2,0.8
97570,79,1,3.75
97571,60,2,3.75
97572,40,2,3.75
97572,65,2,0.8
97573,48,1,2.5
97574,35,2,3.1
97574,7,1,19.75
97575,31,1,2.2
97576,55,2,4.0
97577,32,1,3.0
97578,43,1,3.0
97579,56,1,2.55
97580,50,1,2.5
97581,59,2,4.5
97582,42,1,2.5
97583,43,1,3.0
97584,45,2,3.0
97585,45,1,3.0
97586,54,1,2.5
97586,79,1,3.75
97587,57,1,3.1
97588,52,1,2.5
97589,24,1,3.0
97589,70,1,3.25
97590,53,1,3.0
97591,44,1,2.5
97592,22,2,2.0
97592,1,1,18.0
97593,60,1,3.75
97594,42,1,2.5
97595,24,2,3.0
97596,60,2,3.75
97597,41,2,4.25
97597,64,1,0.8
97597,78,1,4.5
97598,23,2,2.5
97599,47,2,3.0
97600,61,2,4.75
97600,69,1,3.25
97601,56,2,2.55
97601,69,1,3.25
97601,81,1,28.0
97602,54,2,2.5
97603,27,1,3.5
97604,37,2,3.0
97604,65,1,0.8
97605,35,2,3.1
97605,76,1,3.5
97606,46,1,2.5
97607,53,2,3.0
97608,52,1,2.5
97609,56,2,2.55
97609,3,1,14.75
97610,38,1,3.75
97610,64,2,0.8
97611,25,2,2.2
97611,72,1,3.25
97612,22,1,2.0
97613,57,2,3.1
97614,61,1,4.75
97615,51,2,3.0
97616,45,1,3.0
97617,38,2,3.75
97617,64,1,0.8
97617,71,1,3.75
97617,5,1,15.0
97618,71,1,3.75
97618,71,1,3.75
97619,50,1,2.5
97620,40,2,3.75
97620,64,2,0.8
97621,35,1,3.1
97622,56,2,2.55
97623,50,2,2.5
97624,51,1,3.0
97625,49,1,3.0
97626,71,1,3.75
97626,71,1,3.75
97627,53,1,3.0
97628,71,1,3.75
97629,58,2,3.5
97629,76,1,3.5
97630,52,2,2.5
97631,25,2,2.2
97632,39,1,4.25
97632,84,1,0.8
97633,49,2,3.0
97634,33,1,3.5
97635,23,2,2.5
97635,1,1,18.0
97636,53,1,3.0
97636,73,1,3.75
97637,27,1,3.5
97638,53,2,3.0
97638,70,1,3.25
97639,54,1,2.5
97639,69,1,3.25
97640,37,2,3.0
97640,63,2,0.8
97641,34,2,2.45
97642,35,2,3.1
97642,71,1,3.75
97642,6,1,21.0
97643,45,2,3.0
97644,22,1,2.0
97645,25,2,2.2
97646,52,1,2.5
97647,51,2,3.0
97648,30,2,3.0
97649,48,1,2.5
97650,24,2,3.0
97651,27,1,3.5
97652,34,2,2.45
97653,45,2,3.0
97654,31,1,2.2
97655,50,1,2.5
97656,29,2,2.5
97657,45,2,3.0
97658,23,1,2.5
97659,41,2,4.25
97659,65,1,0.8
97660,53,2,3.0
97660,37,2,3.0
97661,61,1,4.75
97662,52,2,2.5
97662,75,1,3.5
97663,50,1,2.5
97663,69,1,3.25
97664,52,1,2.5
97665,38,2,3.75
97665,63,1,0.8
97666,32,2,3.0
97667,44,1,2.5
97668,45,1,3.0
97669,51,2,3.0
97670,56,1,2.55
97670,78,1,4.5
97671,28,1,2.0
97672,56,1,2.55
97673,31,2,2.2
97673,76,1,3.5
97674,59,1,4.5
97675,39,1,4.25
97675,63,1,0.8
97676,24,2,3.0
97677,25,1,2.2
97678,46,1,2.5
97678,20,1,7.6
97679,46,1,2.5
97680,59,1,4.5
97681,37,1,3.0
97681,63,2,0.8
97682,45,2,3.0
97683,44,2,2.5
97683,71,1,3.75
97684,35,1,3.1
97685,27,2,3.5
97686,55,2,4.0
97687,42,1,2.5
97688,36,1,3.75
97689,33,2,3.5
97690,50,2,2.5
97691,32,1,3.0
97692,30,1,3.0
97692,75,1,3.5
97693,43,1,3.0
97694,54,1,2.5
97694,72,1,3.25
97695,28,2,2.0
97696,52,2,2.5
97697,54,2,2.5
97698,45,1,3.0
97698,76,1,3.5
97699,49,1,3.0
97700,25,1,2.2
97701,23,1,2.5
97702,33,2,3.5
97703,49,1,3.0
97704,54,2,2.5
97704,75,1,3.5
97705,60,2,3.75
97706,44,2,2.5
97707,43,2,3.0
97708,31,1,2.2
97709,26,1,3.0
97710,60,1,3.75
97710,73,1,3.75
97711,60,1,3.75
97712,31,1,2.2
97713,31,1,2.2
97714,55,2,4.0
97715,47,2,3.0
97716,34,1,2.45
97717,55,2,4.0
97718,50,2,2.5
97719,49,1,3.0
97720,55,2,4.0
97721,40,1,3.75
97721,84,2,0.8
97722,44,1,2.5
97723,35,2,3.1
97723,69,1,3.25
97724,60,1,3.75
97725,25,2,2.2
97725,77,1,3.0
97726,36,2,3.75
97726,74,1,3.5
97727,28,2,2.0
97728,46,2,2.5
97729,52,1,2.5
97730,71,1,3.75
97731,49,1,3.0
97732,42,1,2.5
97733,47,1,3.0
97734,59,1,4.5
97734,76,1,3.5
97735,50,2,2.5
97735,8,1,45.0
97736,34,1,2.45
97736,76,1,3.5
97737,56,2,2.55
97738,57,2,3.1
97738,76,1,3.5
97739,55,1,4.0
97740,29,1,2.5
97741,71,1,3.75
97742,55,2,4.0
97742,70,1,3.25
97743,41,1,4.25
97743,84,2,0.8
97744,40,2,3.75
97744,64,2,0.8
97744,78,1,4.5
97745,87,1,3.0
97746,49,2,3.0
97746,3,1,14.75
97747,33,2,3.5
97748,26,1,3.0
97748,73,1,3.75
97749,25,2,2.2
97750,57,1,3.1
97751,44,1,2.5
97751,77,1,3.0
97752,55,2,4.0
97752,72,1,3.25
97753,55,2,4.0
97754,42,1,2.5
97755,31,1,2.2
97756,36,1,3.75
97757,27,1,3.5
97757,2,1,18.0
97758,58,2,3.5
97758,20,1,7.6
97759,52,1,2.5
97759,74,1,3.5
97760,45,2,3.0
97761,52,2,2.5
97762,38,1,3.75
97762,84,1,0.8
97762,78,1,4.5
97763,44,2,2.5
97764,48,1,2.5
97765,56,2,2.55
97766,56,1,2.55
97766,74,1,3.5
97767,25,1,2.2
97767,72,1,3.25
97768,28,1,2.0
97769,23,1,2.5
97770,46,2,2.5
97771,47,1,3.0
97772,52,1,2.5
97773,39,1,4.25
97773,65,1,0.8
97774,43,1,3.0
97775,29,2,2.5
97776,51,2,3.0
97776,83,1,14.0
97777,46,1,2.5
97778,30,1,3.0
97779,51,2,3.0
97779,73,1,3.75
97780,71,1,3.75
97781,36,2,3.75
97782,31,2,2.2
97783,45,2,3.0
97784,52,1,2.5
97785,60,2,3.75
97786,50,1,2.5
97787,36,1,3.75
97788,59,2,4.5
97789,28,2,2.0
97790,71,1,3.75
97791,47,1,3.0
97792,40,1,3.75
97792,65,1,0.8
97793,55,1,4.0
97794,46,2,2.5
97795,54,2,2.5
97796,38,2,3.75
97796,63,1,0.8
97797,30,2,3.0
97798,24,1,3.0
97799,34,1,2.45
97800,50,2,2.5
97800,18,1,6.4
97801,35,1,3.1
97802,59,1,4.5
97802,72,1,3.25
97803,32,1,3.0
97804,39,2,4.25
97804,63,1,0.8
97805,44,2,2.5
97806,28,2,2.0
97807,42,2,2.5
97808,49,1,3.0
97809,30,1,3.0
97810,25,2,2.2
97811,23,2,2.5
97812,31,2,2.2
97813,50,1,2.5
97814,50,2,2.5
97814,70,1,3.25
97814,9,1,22.5
97815,87,1,3.0
97816,22,2,2.0
97817,53,1,3.0
97817,73,1,3.75
97818,46,2,2.5
97818,70,1,3.25
97819,57,2,3.1
97820,55,1,4.0
97821,61,1,4.75
97822,54,1,2.5
97823,26,1,3.0
97824,24,1,3.0
97825,41,2,4.25
97825,65,2,0.8
97826,32,1,3.0
97827,33,2,3.5
97827,73,1,3.75
97828,44,1,2.5
97828,77,1,3.0
97829,50,2,2.5
97830,54,1,2.5
97830,20,1,7.6
97831,35,2,3.1
97832,28,2,2.0
97832,17,1,9.5
97833,29,2,2.5
97833,69,1,3.25
97834,31,1,2.2
97835,39,1,4.25
97835,63,2,0.8
97835,79,1,3.75
97836,55,2,4.0
97837,48,1,2.5
97838,47,1,3.0
97839,54,1,2.5
97840,24,2,3.0
97840,69,1,3.25
97841,33,2,3.5
97842,27,1,3.5
97842,77,1,3.0
97843,43,1,3.0
97843,76,1,3.5
97844,87,1,3.0
97845,24,1,3.0
97845,77,1,3.0
97846,27,1,3.5
97847,52,1,2.5
97848,24,1,3.0
97849,87,1,3.0
97850,45,2,3.0
97851,32,1,3.0
97852,51,2,3.0
97853,60,2,3.75
97854,23,2,2.5
97854,78,1,4.5
97855,32,2,3.0
97856,71,1,3.75
97857,44,2,2.5
97858,33,1,3.5
97859,61,2,4.75
97860,57,2,3.1
97860,77,1,3.0
97861,53,1,3.0
97861,37,1,3.0
97861,74,1,3.5
97862,41,2,4.25
97862,63,1,0.8
97863,34,1,2.45
97863,75,1,3.5
97864,28,2,2.0
97865,44,1,2.5
97866,53,2,3.0
97866,8,1,45.0
97867,48,1,2.5
97868,42,1,2.5
97868,71,1,3.75
97869,43,1,3.0
97870,55,1,4.0
97871,55,1,4.0
97871,77,1,3.0
97872,34,2,2.45
97872,83,1,14.0
97873,25,1,2.2
97873,73,1,3.75
97874,30,1,3.0
97875,51,2,3.0
97875,75,1,3.5
97876,60,2,3.75
97877,57,1,3.1
97877,71,1,3.75
97878,57,2,3.1
97879,56,1,2.55
97879,17,1,9.5
97880,37,2,3.0
97880,84,2,0.8
97881,54,2,2.5
97882,43,2,3.0
97883,37,2,3.0
97883,63,1,0.8
97884,60,2,3.75
97885,38,2,3.75
97885,65,1,0.8
97885,16,1,8.95
97886,53,2,3.0
97887,24,1,3.0
97887,69,1,3.25
97888,57,2,3.1
97889,71,1,3.75
97889,71,1,3.75
97890,38,1,3.75
97890,84,1,0.8
97891,46,1,2.5
97892,42,2,2.5
97893,43,1,3.0
97894,39,1,4.25
97894,64,1,0.8
97895,30,1,3.0
97896,34,1,2.45
97896,69,1,3.25
97897,71,1,3.75
97898,27,2,3.5
97899,30,1,3.0
97900,59,1,4.5
97901,47,2,3.0
97902,57,2,3.1
97902,76,1,3.5
97903,27,2,3.5
97904,51,2,3.0
97905,57,1,3.1
97906,41,1,4.25
97906,63,2,0.8
97907,29,2,2.5
97908,50,1,2.5
97909,49,1,3.0
97910,38,1,3.75
97910,63,2,0.8
97911,35,1,3.1
97912,23,1,2.5
97913,44,2,2.5
97914,47,2,3.0
97915,26,1,3.0
97916,27,1,3.5
97916,71,1,3.75
97917,49,1,3.0
97918,38,1,3.75
97918,65,1,0.8
97919,44,2,2.5
97920,29,2,2.5
97920,76,1,3.5
97921,58,1,3.5
97922,49,1,3.0
97922,77,1,3.0
97923,37,1,3.0
97923,84,1,0.8
97924,43,2,3.0
97925,33,2,3.5
97926,40,2,3.75
97926,65,1,0.8
97927,57,1,3.1
97928,27,1,3.5
97928,75,1,3.5
97929,50,2,2.5
97929,75,1,3.5
97930,44,2,2.5
97931,46,2,2.5
97932,33,1,3.5
97932,46,1,2.5
97933,26,2,3.0
97934,30,1,3.0
97935,43,1,3.0
97936,60,1,3.75
97937,34,2,2.45
97938,32,1,3.0
97939,42,1,2.5
97940,51,2,3.0
97940,79,1,3.75
97941,24,1,3.0
97942,47,1,3.0
97942,76,1,3.5
97943,39,2,4.25
97943,65,2,0.8
97944,31,2,2.2
97944,70,1,3.25
97945,46,2,2.5
97945,69,1,3.25
97946,59,2,4.5
97947,47,2,3.0
97948,50,2,2.5
97949,55,2,4.0
97950,33,1,3.5
97951,43,1,3.0
97951,16,1,8.95
97952,58,2,3.5
97953,46,2,2.5
97953,17,1,9.5
97954,58,2,3.5
97955,36,2,3.75
97955,77,1,3.0
97956,35,2,3.1
97956,83,1,14.0
97957,37,2,3.0
97957,64,1,0.8
97958,51,2,3.0
97959,26,2,3.0
97959,70,1,3.25
97960,29,1,2.5
97961,29,1,2.5
97961,69,1,3.25
97962,30,2,3.0
97962,78,1,4.5
97963,29,1,2.5
97964,46,2,2.5
97965,52,1,2.5
97966,52,2,2.5
97967,22,1,2.0
97967,72,1,3.25
97968,35,2,3.1
97969,43,2,3.0
97970,43,1,3.0
97971,35,2,3.1
97972,50,1,2.5
97972,75,1,3.5
97973,38,2,3.75
97973,84,2,0.8
97973,78,1,4.5
97974,43,2,3.0
97974,71,1,3.75
97975,35,2,3.1
97975,78,1,4.5
97976,53,2,3.0
97976,5,1,15.0
97977,39,1,4.25
97977,84,1,0.8
97978,39,2,4.25
97978,63,1,0.8
97979,40,1,3.75
97979,64,1,0.8
97980,40,1,3.75
97980,65,1,0.8
97981,46,2,2.5
97982,27,1,3.5
97983,33,1,3.5
97983,75,1,3.5
97983,34,1,2.45
97984,71,1,3.75
97985,32,2,3.0
97986,36,2,3.75
97987,59,1,4.5
97988,61,1,4.75
97989,41,1,4.25
97989,63,2,0.8
97990,71,1,3.75
97991,34,2,2.45
97991,78,1,4.5
97992,57,1,3.1
97993,35,1,3.1
97994,34,1,2.45
97995,23,1,2.5
97995,79,1,3.75
97996,56,2,2.55
97997,41,1,4.25
97997,63,2,0.8
97998,39,1,4.25
97998,63,1,0.8
97998,76,1,3.5
97999,52,1,2.5
98000,52,2,2.5
98001,25,2,2.2
98001,70,1,3.25
98002,26,1,3.0
98003,52,2,2.5
98004,23,2,2.5
98004,42,1,2.5
98004,74,1,3.5
98005,43,2,3.0
98006,36,2,3.75
98007,24,2,3.0
98008,27,1,3.5
98009,22,1,2.0
98010,49,2,3.0
98011,42,2,2.5
98011,15,1,9.25
98012,27,2,3.5
98013,24,1,3.0
98014,56,2,2.55
98015,43,2,3.0
98016,41,2,4.25
98016,65,1,0.8
98017,45,2,3.0
98018,59,1,4.5
98019,48,1,2.5
98019,75,1,3.5
98020,35,1,3.1
98021,37,1,3.0
98021,65,2,0.8
98022,50,1,2.5
98023,39,1,4.25
98023,63,2,0.8
98024,42,1,2.5
98025,32,2,3.0
98026,47,1,3.0
98027,29,2,2.5
98028,58,1,3.5
98029,41,2,4.25
98029,65,2,0.8
98030,50,1,2.5
98031,47,2,3.0
98031,78,1,4.5
98032,61,1,4.75
98033,26,2,3.0
98033,18,1,6.4
98034,30,1,3.0
98035,27,1,3.5
98036,59,2,4.5
98037,49,2,3.0
98038,87,1,3.0
98039,58,2,3.5
98040,41,2,4.25
98040,84,2,0.8
98041,31,1,2.2
98042,44,2,2.5
98043,26,2,3.0
98044,61,2,4.75
98045,40,2,3.75
98045,63,2,0.8
98045,75,1,3.5
98046,29,1,2.5
98047,41,1,4.25
98047,63,2,0.8
98048,56,2,2.55
98049,46,1,2.5
98049,75,1,3.5
98050,49,2,3.0
98051,50,2,2.5
98051,74,1,3.5
98052,32,2,3.0
98053,26,1,3.0
98054,24,1,3.0
98055,38,2,3.75
98055,64,1,0.8
98055,73,1,3.75
98056,55,1,4.0
98057,49,2,3.0
98058,44,1,2.5
98059,27,2,3.5
98060,48,1,2.5
98061,49,1,3.0
98062,27,2,3.5
98063,87,2,3.0
98063,70,1,3.25
98063,1,1,18.0
98064,25,1,2.2
98064,70,1,3.25
98065,32,2,3.0
98066,71,1,3.75
98067,39,2,4.25
98067,65,2,0.8
98068,59,1,4.5
98069,60,2,3.75
98070,61,2,4.75
98071,40,2,3.75
98071,63,2,0.8
98072,58,1,3.5
98073,30,2,3.0
98074,29,2,2.5
98075,51,1,3.0
98076,25,1,2.2
98077,61,1,4.75
98077,79,1,3.75
98078,26,1,3.0
98079,48,2,2.5
98080,30,2,3.0
98080,69,1,3.25
98081,29,2,2.5
98082,24,2,3.0
98083,48,2,2.5
98083,79,1,3.75
98084,55,2,4.0
98084,9,1,22.5
98085,51,2,3.0
98086,87,2,3.0
98087,48,1,2.5
98088,42,1,2.5
98089,33,2,3.5
98089,75,1,3.5
98090,60,2,3.75
98091,41,1,4.25
98091,63,2,0.8
98092,36,2,3.75
98093,22,1,2.0
98094,36,2,3.75
98095,53,1,3.0
98095,77,1,3.0
98096,54,1,2.5
98096,82,1,12.0
98097,26,1,3.0
98097,73,1,3.75
98098,48,2,2.5
98098,69,1,3.25
98099,24,1,3.0
98100,38,2,3.75
98100,64,2,0.8
98101,39,2,4.25
98101,84,2,0.8
98102,25,2,2.2
98103,33,2,3.5
98104,41,1,4.25
98104,84,1,0.8
98105,48,2,2.5
98106,36,1,3.75
98106,73,1,3.75
98107,41,2,4.25
98107,84,1,0.8
98108,31,2,2.2
98108,69,1,3.25
98109,59,2,4.5
98110,58,1,3.5
98110,75,1,3.5
98110,16,1,8.95
98111,54,2,2.5
98112,22,2,2.0
98113,23,1,2.5
98114,50,2,2.5
98115,61,2,4.75
98116,57,2,3.1
98117,29,1,2.5
98118,46,2,2.5
98119,31,1,2.2
98119,78,1,4.5
98120,32,2,3.0
98121,27,1,3.5
98121,82,1,12.0
98122,49,2,3.0
98123,58,2,3.5
98123,71,1,3.75
98124,22,2,2.0
98125,39,1,4.25
98125,63,1,0.8
98126,51,1,3.0
98127,49,2,3.0
98128,41,1,4.25
98129,43,2,3.0
98130,36,1,3.75
98131,38,2,3.75
98131,65,2,0.8
98131,72,1,3.25
98132,44,2,2.5
98133,54,1,2.5
98134,61,2,4.75
98135,41,2,4.25
98135,63,1,0.8
98135,11,1,8.95
98136,34,1,2.45
98137,46,2,2.5
98138,27,2,3.5
98139,22,2,2.0
98140,39,2,4.25
98141,24,1,3.0
98142,39,2,4.25
98142,84,1,0.8
98143,29,1,2.5
98144,42,2,2.5
98145,50,2,2.5
98145,73,1,3.75
98146,57,2,3.1
98147,45,1,3.0
98148,55,2,4.0
98149,33,1,3.5
98150,32,2,3.0
98151,30,1,3.0
98152,39,1,4.25
98152,63,2,0.8
98153,32,2,3.0
98153,72,1,3.25
98154,22,1,2.0
98155,58,2,3.5
98155,77,1,3.0
98156,32,1,3.0
98156,1,1,18.0
98157,44,2,2.5
98157,76,1,3.5
98158,49,2,3.0
98159,55,1,4.0
98160,22,1,2.0
98161,56,1,2.55
98162,31,2,2.2
98163,35,1,3.1
98164,50,2,2.5
98165,87,1,3.0
98166,35,2,3.1
98167,46,1,2.5
98168,39,1,4.25
98168,84,2,0.8
98169,59,2,4.5
98169,76,1,3.5
98170,59,2,4.5
98171,53,2,3.0
98171,73,1,3.75
98172,39,2,4.25
98173,46,1,2.5
98174,23,1,2.5
98175,25,1,2.2
98175,78,1,4.5
98176,33,2,3.5
98177,29,2,2.5
98178,47,1,3.0
98178,76,1,3.5
98179,87,1,3.0
98180,37,1,3.0
98180,65,2,0.8
98181,23,1,2.5
98181,74,1,3.5
98182,48,1,2.5
98183,22,2,2.0
98184,34,2,2.45
98185,25,1,2.2
98186,26,1,3.0
98187,49,2,3.0
98188,61,1,4.75
98189,53,1,3.0
98190,40,2,3.75
98190,84,2,0.8
98191,41,1,4.25
98191,64,1,0.8
98192,47,1,3.0
98193,52,2,2.5
98194,50,2,2.5
98195,50,1,2.5
98196,22,1,2.0
98197,30,2,3.0
98197,76,1,3.5
98198,37,2,3.0
98198,84,2,0.8
98199,39,2,4.25
98199,84,2,0.8
98200,34,2,2.45
98201,26,1,3.0
98202,46,1,2.5
98203,51,2,3.0
98204,54,2,2.5
98205,87,1,3.0
98206,28,1,2.0
98206,73,1,3.75
98207,32,1,3.0
98208,60,1,3.75
98209,58,2,3.5
98210,24,2,3.0
98211,57,2,3.1
98212,31,2,2.2
98212,77,1,3.0
98213,29,2,2.5
98214,50,2,2.5
98215,45,1,3.0
98216,37,1,3.0
98216,63,1,0.8
98217,87,1,3.0
98218,35,2,3.1
98219,58,1,3.5
98220,33,2,3.5
98221,47,2,3.0
98222,48,2,2.5
98223,22,2,2.0
98224,37,1,3.0
98224,65,2,0.8
98224,82,1,12.0
98225,32,2,3.0
98225,79,1,3.75
98226,28,1,2.0
98227,53,2,3.0
98228,49,1,3.0
98228,73,1,3.75
98229,58,1,3.5
98230,41,2,4.25
98230,63,1,0.8
98231,34,2,2.45
98232,31,1,2.2
98233,29,2,2.5
98234,39,1,4.25
98234,84,2,0.8
98235,36,2,3.75
98235,76,1,3.5
98236,34,1,2.45
98237,41,2,4.25
98237,65,2,0.8
98238,43,2,3.0
98239,43,2,3.0
98240,44,1,2.5
98241,25,2,2.2
98242,38,2,3.75
98242,65,2,0.8
98243,34,1,2.45
98244,31,2,2.2
98245,35,2,3.1
98245,82,1,12.0
98246,31,2,2.2
98246,75,1,3.5
98247,58,1,3.5
98248,30,2,3.0
98249,59,2,4.5
98250,48,1,2.5
98251,46,1,2.5
98252,48,1,2.5
98253,39,2,4.25
98253,74,1,3.5
98254,32,1,3.0
98255,42,1,2.5
98256,27,2,3.5
98256,74,1,3.5
98256,17,1,9.5
98257,36,2,3.75
98257,71,1,3.75
98258,37,1,3.0
98258,63,2,0.8
98259,24,2,3.0
98259,70,1,3.25
98260,42,2,2.5
98260,76,1,3.5
98261,53,2,3.0
98262,54,2,2.5
98263,40,2,3.75
98263,64,1,0.8
98264,48,1,2.5
98265,32,2,3.0
98265,70,1,3.25
98266,25,2,2.2
98266,79,1,3.75
98267,52,2,2.5
98267,78,1,4.5
98268,37,1,3.0
98268,84,1,0.8
98269,22,1,2.0
98270,38,2,3.75
98270,63,1,0.8
98271,59,1,4.5
98271,72,1,3.25
98272,54,2,2.5
98272,69,1,3.25
98273,55,2,4.0
98274,54,2,2.5
98274,58,1,3.5
98275,33,1,3.5
98275,78,1,4.5
98275,14,1,8.95
98276,25,1,2.2
98277,27,1,3.5
98278,51,1,3.0
98279,30,2,3.0
98279,8,1,45.0
98280,38,2,3.75
98280,63,1,0.8
98281,35,2,3.1
98282,25,2,2.2
98282,73,1,3.75
98283,22,1,2.0
98284,42,2,2.5
98285,27,1,3.5
98286,22,2,2.0
98286,16,1,8.95
98287,22,2,2.0
98288,29,1,2.5
98289,22,2,2.0
98289,78,1,4.5
98290,39,2,4.25
98291,27,1,3.5
98292,42,1,2.5
98293,45,2,3.0
98294,42,2,2.5
98295,45,1,3.0
98296,23,1,2.5
98296,78,1,4.5
98296,2,1,18.0
98297,59,1,4.5
98298,45,1,3.0
98299,42,1,2.5
98300,60,1,3.75
98300,75,1,3.5
98301,55,1,4.0
98302,48,1,2.5
98303,58,1,3.5
98304,61,2,4.75
98305,45,2,3.0
98306,53,1,3.0
98307,36,2,3.75
98308,28,1,2.0
98309,28,1,2.0
98310,51,1,3.0
98311,40,1,3.75
98311,84,1,0.8
98312,50,1,2.5
98313,37,1,3.0
98313,84,2,0.8
98314,53,1,3.0
98315,38,2,3.75
98315,65,2,0.8
98316,32,2,3.0
98317,56,1,2.55
98318,60,2,3.75
98319,53,2,3.0
98320,41,1,4.25
98320,84,2,0.8
98321,53,2,3.0
98322,22,1,2.0
98323,26,1,3.0
98324,45,1,3.0
98325,52,1,2.5
98326,42,2,2.5
98327,46,1,2.5
98327,12,1,8.95
98328,26,2,3.0
98329,53,1,3.0
98330,52,2,2.5
98331,27,1,3.5
98332,33,1,3.5
98333,49,1,3.0
98333,79,1,3.75
98334,50,2,2.5
98334,2,1,18.0
98335,31,1,2.2
98336,56,2,2.55
98337,47,1,3.0
98338,56,1,2.55
98339,27,2,3.5
98340,51,1,3.0
98341,47,1,3.0
98342,48,2,2.5
98343,28,2,2.0
98344,34,1,2.45
98345,30,2,3.0
98346,44,1,2.5
98347,23,1,2.5
98348,58,2,3.5
98348,1,1,18.0
98349,36,2,3.75
98350,37,1,3.0
98350,65,2,0.8
98351,49,2,3.0
98352,45,1,3.0
98353,53,2,3.0
98354,54,2,2.5
98355,40,2,3.75
98355,65,2,0.8
98356,23,1,2.5
98356,76,1,3.5
98357,32,1,3.0
98358,51,2,3.0
98359,48,2,2.5
98360,43,2,3.0
98361,49,1,3.0
98362,34,1,2.45
98363,45,2,3.0
98364,51,1,3.0
98365,33,2,3.5
98366,35,2,3.1
98367,38,1,3.75
98368,47,1,3.0
98369,23,1,2.5
98369,73,1,3.75
98369,18,1,6.4
98370,34,2,2.45
98371,55,2,4.0
98371,76,1,3.5
98372,42,1,2.5
98373,48,2,2.5
98373,15,1,9.25
98374,22,2,2.0
98375,57,2,3.1
98375,70,1,3.25
98376,54,2,2.5
98377,30,1,3.0
98378,57,1,3.1
98379,33,2,3.5
98380,56,1,2.55
98381,37,1,3.0
98381,64,1,0.8
98381,70,1,3.25
98382,38,1,3.75
98382,84,1,0.8
98383,54,2,2.5
98384,49,1,3.0
98385,23,1,2.5
98386,55,2,4.0
98386,79,1,3.75
98387,23,1,2.5
98388,39,2,4.25
98388,2,1,18.0
98389,26,1,3.0
98389,73,1,3.75
98390,23,2,2.5
98391,27,2,3.5
98391,71,1,3.75
98392,47,1,3.0
98393,29,2,2.5
98394,55,1,4.0
98395,28,1,2.0
98396,54,2,2.5
98396,71,1,3.75
98397,22,2,2.0
98398,40,1,3.75
98398,65,1,0.8
98399,31,2,2.2
98400,51,1,3.0
98401,30,2,3.0
98402,30,2,3.0
98402,18,1,10.95
98403,50,2,2.5
98404,40,1,3.75
98404,84,1,0.8
98405,36,2,3.75
98406,55,2,4.0
98407,26,1,3.0
98408,58,2,3.5
98408,8,1,45.0
98409,45,2,3.0
98409,71,1,3.75
98410,49,1,3.0
98411,60,2,3.75
98411,70,1,3.25
98412,24,1,3.0
98413,47,2,3.0
98414,57,1,3.1
98415,35,1,3.1
98416,53,1,3.0
98417,61,2,4.75
98417,73,1,3.75
98418,35,2,3.1
98419,34,1,2.45
98420,23,2,2.5
98421,57,2,3.1
98421,78,1,4.5
98421,12,1,8.95
98422,36,1,3.75
98422,13,1,8.95
98423,57,1,3.1
98424,43,1,3.0
98425,53,2,3.0
98425,78,1,4.5
98426,54,2,2.5
98427,28,1,2.0
98428,25,1,2.2
98429,28,1,2.0
98430,60,2,3.75
98431,47,1,3.0
98432,36,1,3.75
98433,38,2,3.75
98433,65,2,0.8
98433,77,1,3.0
98434,43,1,3.0
98435,25,2,2.2
98436,50,1,2.5
98437,52,2,2.5
98438,53,1,3.0
98439,46,2,2.5
98440,41,1,4.25
98440,84,1,0.8
98440,73,1,3.75
98441,61,1,4.75
98442,45,1,3.0
98443,44,1,2.5
98444,34,2,2.45
98445,38,1,3.75
98445,84,1,0.8
98446,27,1,3.5
98447,30,1,3.0
98448,24,1,3.0
98448,79,1,3.75
98449,44,2,2.5
98450,54,1,2.5
98450,15,1,9.25
98451,61,2,4.75
98452,23,1,2.5
98453,37,1,3.0
98453,84,2,0.8
98454,60,2,3.75
98455,33,1,3.5
98455,78,1,4.5
98456,26,1,3.0
98457,71,1,3.75
98458,42,2,2.5
98459,26,2,3.0
98460,61,1,4.75
98461,55,2,4.0
98461,69,1,3.25
98462,25,2,2.2
98463,29,1,2.5
98463,69,1,3.25
98464,46,1,2.5
98465,46,1,2.5
98466,45,1,3.0
98467,42,1,2.5
98468,58,1,3.5
98469,52,1,2.5
98470,52,1,2.5
98471,48,1,2.5
98472,52,1,2.5
98473,29,2,2.5
98473,78,1,4.5
98474,71,1,3.75
98474,71,1,3.75
98475,34,1,2.45
98476,46,2,2.5
98477,41,2,4.25
98477,64,2,0.8
98477,74,1,3.5
98478,24,1,3.0
98479,52,1,2.5
98480,39,2,4.25
98480,63,1,0.8
98481,35,1,3.1
98482,44,2,2.5
98483,58,2,3.5
98484,32,2,3.0
98485,61,1,4.75
98486,22,2,2.0
98487,30,1,3.0
98487,69,1,3.25
98487,17,1,9.5
98488,23,1,2.5
98488,71,1,3.75
98489,30,1,3.0
98489,77,1,3.0
98490,48,2,2.5
98490,70,1,3.25
98491,40,2,3.75
98492,58,2,3.5
98493,24,1,3.0
98494,42,2,2.5
98495,55,1,4.0
98495,73,1,3.75
98496,48,1,2.5
98497,61,2,4.75
98497,76,1,3.5
98497,20,1,7.6
98498,38,1,3.75
98498,63,1,0.8
98499,27,2,3.5
98500,39,2,4.25
98500,64,1,0.8
98500,72,1,3.25
98501,35,2,3.1
98502,48,2,2.5
98503,29,2,2.5
98504,43,1,3.0
98504,74,1,3.5
98505,57,2,3.1
98506,50,1,2.5
98506,10,1,10.0
98507,57,1,3.1
98508,32,2,3.0
98509,35,2,3.1
98510,22,2,2.0
98511,34,2,2.45
98512,56,1,2.55
98512,79,1,3.75
98513,24,1,3.0
98514,47,2,3.0
98515,38,1,3.75
98515,65,2,0.8
98515,69,1,3.25
98516,71,1,3.75
98517,28,1,2.0
98518,39,1,4.25
98519,38,2,3.75
98520,53,1,3.0
98521,33,2,3.5
98522,37,1,3.0
98522,65,2,0.8
98523,58,1,3.5
98524,53,1,3.0
98525,45,1,3.0
98525,71,1,3.75
98526,27,1,3.5
98527,29,1,2.5
98528,25,1,2.2
98529,31,2,2.2
98529,77,1,3.0
98530,53,2,3.0
98531,51,2,3.0
98532,22,2,2.0
98533,58,2,3.5
98534,52,2,2.5
98534,79,1,3.75
98535,44,1,2.5
98536,41,1,4.25
98536,63,1,0.8
98537,55,1,4.0
98538,57,2,3.1
98538,73,1,3.75
98539,31,1,2.2
98540,57,1,3.1
98541,54,2,2.5
98542,34,1,2.45
98543,38,2,3.75
98544,50,2,2.5
98545,58,1,3.5
98545,70,1,3.25
98546,27,1,3.5
98547,27,1,3.5
98547,78,1,4.5
98548,22,2,2.0
98548,71,1,3.75
98549,40,2,3.75
98549,65,2,0.8
98549,83,1,14.0
98550,51,2,3.0
98551,59,1,4.5
98551,75,1,3.5
98552,43,1,3.0
98553,44,2,2.5
98554,56,1,2.55
98555,23,2,2.5
98556,42,1,2.5
98557,47,1,3.0
98558,43,2,3.0
98559,39,1,4.25
98559,65,3,0.8
98560,71,1,3.75
98561,24,1,3.0
98562,44,2,2.5
98562,71,1,3.75
98563,43,1,3.0
98564,32,1,3.0
98565,55,1,4.0
98566,35,1,3.1
98567,50,1,2.5
98568,25,1,2.2
98569,39,2,4.25
98569,65,2,0.8
98569,69,1,3.25
98570,50,1,2.5
98570,84,2,0.8
98571,61,1,4.75
98571,77,1,3.0
98571,82,1,12.0
98572,39,2,4.25
98572,84,1,0.8
98573,42,2,2.5
98574,31,1,2.2
98575,46,2,2.5
98576,48,2,2.5
98577,61,1,4.75
98578,37,2,3.0
98578,65,2,0.8
98579,40,1,3.75
98580,40,2,3.75
98580,65,1,0.8
98581,43,2,3.0
98582,23,1,2.5
98582,70,1,3.25
98583,45,2,3.0
98584,52,2,2.5
98585,38,2,3.75
98585,63,1,0.8
98586,53,1,3.0
98587,36,1,3.75
98588,38,2,3.75
98589,50,2,2.5
98590,60,1,3.75
98590,4,1,20.45
98591,60,2,3.75
98591,71,1,3.75
98592,41,1,4.25
98593,29,1,2.5
98594,48,2,2.5
98595,46,1,2.5
98596,52,1,2.5
98596,84,1,0.8
98597,56,1,2.55
98598,25,1,2.2
98599,31,2,2.2
98599,74,1,3.5
98600,61,2,4.75
98601,61,1,4.75
98602,39,2,4.25
98602,84,2,0.8
98603,30,2,3.0
98604,61,1,4.75
98604,71,1,3.75
98605,41,1,4.25
98605,65,2,0.8
98606,51,1,3.0
98607,50,1,2.5
98608,32,2,3.0
98609,42,2,2.5
98610,50,2,2.5
98611,60,1,3.75
98612,23,2,2.5
98613,43,1,3.0
98614,48,2,2.5
98615,45,2,3.0
98615,77,1,3.0
98616,51,2,3.0
98616,76,1,3.5
98617,54,2,2.5
98618,56,2,2.55
98619,22,2,2.0
98620,61,1,4.75
98621,49,2,3.0
98622,60,2,3.75
98623,47,2,3.0
98624,41,1,4.25
98624,63,2,0.8
98625,45,2,3.0
98626,61,1,4.75
98627,28,1,2.0
98628,32,2,3.0
98628,76,1,3.5
98629,27,1,3.5
98630,57,1,3.1
98630,73,1,3.75
98631,29,1,2.5
98632,34,2,2.45
98632,69,1,3.25
98633,50,1,2.5
98634,37,1,3.0
98634,63,1,0.8
98635,35,2,3.1
98636,50,1,2.5
98637,22,2,2.0
98638,44,1,2.5
98638,83,1,14.0
98639,27,1,3.5
98640,42,2,2.5
98640,72,1,3.25
98641,38,1,3.75
98641,75,1,3.5
98641,81,1,28.0
98642,24,2,3.0
98643,34,1,2.45
98643,81,1,28.0
98644,71,1,3.75
98645,61,1,4.75
98646,36,1,3.75
98647,50,1,2.5
98648,44,2,2.5
98649,38,2,3.75
98650,32,1,3.0
98651,57,1,3.1
98652,30,1,3.0
98652,77,1,3.0
98653,49,1,3.0
98653,69,1,3.25
98654,53,2,3.0
98654,75,1,3.5
98655,24,2,3.0
98656,43,1,3.0
98657,38,2,3.75
98657,65,2,0.8
98658,71,1,3.75
98659,33,1,3.5
98660,44,1,2.5
98661,41,1,4.25
98661,65,2,0.8
98662,46,1,2.5
98663,28,1,2.0
98664,25,2,2.2
98665,27,1,3.5
98665,74,1,3.5
98666,32,2,3.0
98667,31,2,2.2
98668,60,1,3.75
98668,17,1,9.5
98669,56,1,2.55
98669,6,1,21.0
98670,56,2,2.55
98671,60,2,3.75
98672,49,1,3.0
98673,57,1,3.1
98674,71,1,3.75
98674,71,1,3.75
98675,40,2,3.75
98675,84,2,0.8
98675,73,1,3.75
98676,29,1,2.5
98677,23,2,2.5
98678,38,1,3.75
98678,84,2,0.8
98679,53,1,3.0
98680,60,2,3.75
98681,34,2,2.45
98682,22,1,2.0
98683,57,2,3.1
98684,58,1,3.5
98684,78,1,4.5
98685,42,2,2.5
98686,32,2,3.0
98687,42,1,2.5
98687,72,1,3.25
98688,38,1,3.75
98688,84,2,0.8
98689,22,1,2.0
98690,35,2,3.1
98690,78,1,4.5
98691,54,1,2.5
98692,48,1,2.5
98693,51,1,3.0
98694,50,2,2.5
98694,70,1,3.25
98695,31,1,2.2
98696,48,1,2.5
98697,58,1,3.5
98698,53,2,3.0
98699,36,2,3.75
98700,50,2,2.5
98701,35,2,3.1
98701,69,1,3.25
98702,49,2,3.0
98703,33,1,3.5
98704,44,1,2.5
98705,40,2,3.75
98706,43,2,3.0
98707,43,2,3.0
98707,73,1,3.75
98708,45,2,3.0
98709,32,2,3.0
98709,76,1,3.5
98710,47,1,3.0
98711,53,2,3.0
98711,77,1,3.0
98711,14,1,8.95
98712,47,1,3.0
98713,37,2,3.0
98713,63,1,0.8
98714,59,2,4.5
98715,43,2,3.0
98716,35,2,3.1
98716,77,1,3.0
98717,38,1,3.75
98717,84,2,0.8
98717,72,1,3.25
98718,55,1,4.0
98719,25,1,2.2
98720,52,1,2.5
98720,76,1,3.5
98721,26,1,3.0
98722,26,2,3.0
98723,44,1,2.5
98724,44,2,2.5
98725,26,1,3.0
98725,71,1,3.75
98726,56,2,2.55
98727,61,1,4.75
98728,57,2,3.1
98729,38,2,3.75
98730,48,1,2.5
98731,24,2,3.0
98731,69,1,3.25
98731,38,1,3.75
98731,84,1,0.8
98732,38,2,3.75
98732,63,2,0.8
98733,59,2,4.5
98734,61,1,4.75
98735,47,2,3.0
98736,52,1,2.5
98736,69,1,3.25
98737,54,2,2.5
98738,51,2,3.0
98739,39,1,4.25
98739,65,2,0.8
98740,50,1,2.5
98741,39,1,4.25
98741,64,1,0.8
98742,45,1,3.0
98742,69,1,3.25
98743,54,1,2.5
98743,71,1,3.75
98744,59,2,4.5
98745,60,1,3.75
98746,26,1,3.0
98746,74,1,3.5
98747,49,2,3.0
98747,74,1,3.5
98748,30,1,3.0
98749,48,2,2.5
98749,77,1,3.0
98750,39,2,4.25
98750,65,1,0.8
98751,45,1,3.0
98751,9,1,22.5
98752,29,2,2.5
98753,23,1,2.5
98753,79,1,3.75
98754,51,2,3.0
98755,37,1,3.0
98755,63,1,0.8
98755,78,1,4.5
98756,30,1,3.0
98757,54,1,2.5
98758,58,1,3.5
98759,42,2,2.5
98760,50,1,2.5
98761,61,2,4.75
98762,58,1,3.5
98763,36,1,3.75
98763,77,1,3.0
98764,35,1,3.1
98765,39,2,4.25
98765,84,1,0.8
98766,32,1,3.0
98767,41,2,4.25
98767,63,2,0.8
98768,61,2,4.75
98769,46,2,2.5
98770,37,1,3.0
98770,64,1,0.8
98771,55,1,4.0
98772,40,2,3.75
98772,64,1,0.8
98772,57,2,3.1
98773,44,1,2.5
98774,29,1,2.5
98775,60,1,3.75
98776,58,1,3.5
98777,45,1,3.0
98778,45,1,3.0
98779,24,1,3.0
98779,79,1,3.75
98780,60,1,3.75
98781,35,1,3.1
98782,46,1,2.5
98783,35,2,3.1
98783,76,1,3.5
98784,24,1,3.0
98784,75,1,3.5
98785,29,1,2.5
98786,45,1,3.0
98787,54,2,2.5
98788,28,1,2.0
98789,26,1,3.0
98790,25,1,2.2
98790,18,1,10.95
98791,40,1,3.75
98792,33,1,3.5
98793,34,2,2.45
98794,48,2,2.5
98795,45,1,3.0
98796,36,2,3.75
98797,26,1,3.0
98798,38,1,3.75
98799,33,2,3.5
98800,25,2,2.2
98801,32,2,3.0
98802,42,2,2.5
98803,27,2,3.5
98804,27,2,3.5
98805,45,1,3.0
98806,57,2,3.1
98807,38,2,3.75
98807,65,2,0.8
98808,45,2,3.0
98809,53,2,3.0
98810,40,1,3.75
98811,32,2,3.0
98812,22,1,2.0
98813,32,1,3.0
98814,38,2,3.75
98814,63,2,0.8
98815,33,2,3.5
98815,15,1,9.25
98816,48,1,2.5
98817,37,2,3.0
98817,84,1,0.8
98818,39,2,4.25
98818,84,2,0.8
98819,61,1,4.75
98820,50,1,2.5
98821,23,2,2.5
98822,50,1,2.5
98823,49,1,3.0
98824,42,2,2.5
98825,50,1,2.5
98826,38,1,3.75
98826,63,1,0.8
98827,36,1,3.75
98828,22,1,2.0
98829,58,1,3.5
98830,36,2,3.75
98831,44,1,2.5
98831,77,1,3.0
98832,43,1,3.0
98833,35,2,3.1
98834,59,1,4.5
98834,14,1,8.95
98835,71,1,3.75
98836,32,2,3.0
98837,45,1,3.0
98837,69,1,3.25
98838,30,2,3.0
98839,25,1,2.2
98840,55,1,4.0
98841,41,2,4.25
98841,65,1,0.8
98842,24,2,3.0
98843,33,1,3.5
98844,33,1,3.5
98845,48,1,2.5
98846,42,1,2.5
98847,23,2,2.5
98848,28,2,2.0
98849,31,2,2.2
98850,46,2,2.5
98851,41,2,4.25
98851,84,1,0.8
98851,59,1,4.5
98852,52,2,2.5
98853,71,1,3.75
98854,32,2,3.0
98855,60,2,3.75
98856,53,1,3.0
98857,33,2,3.5
98857,49,1,3.0
98857,69,1,3.25
98858,25,1,2.2
98858,44,2,2.5
98859,36,2,3.75
98859,65,2,0.8
98860,40,2,3.75
98860,63,1,0.8
98861,40,2,3.75
98861,65,1,0.8
98861,70,1,3.25
98862,46,2,2.5
98863,34,2,2.45
98864,27,2,3.5
98865,37,2,3.0
98865,64,2,0.8
98866,57,2,3.1
98867,22,2,2.0
98868,51,2,3.0
98869,23,1,2.5
98870,52,2,2.5
98871,38,2,3.75
98871,17,1,9.5
98872,36,1,3.75
98873,24,1,3.0
98874,61,1,4.75
98875,47,1,3.0
98875,79,1,3.75
98876,57,2,3.1
98877,36,1,3.75
98878,49,1,3.0
98879,37,2,3.0
98880,34,2,2.45
98881,32,2,3.0
98882,49,1,3.0
98883,41,1,4.25
98883,63,2,0.8
98883,73,1,3.75
98884,43,1,3.0
98884,65,2,0.8
98885,46,1,2.5
98885,79,1,3.75
98886,49,2,3.0
98887,26,1,3.0
98887,71,1,3.75
98888,37,1,3.0
98888,64,2,0.8
98889,38,2,3.75
98889,84,2,0.8
98889,70,1,3.25
98890,30,1,3.0
98890,53,2,3.0
98890,71,1,3.75
98891,22,1,2.0
98892,54,2,2.5
98893,46,1,2.5
98894,33,1,3.5
98895,49,2,3.0
98895,1,1,18.0
98896,49,2,3.0
98897,60,1,3.75
98898,35,2,3.1
98899,22,1,2.0
98900,33,2,3.5
98901,71,1,3.75
98902,39,2,4.25
98902,64,1,0.8
98903,26,2,3.0
98904,44,1,2.5
98905,42,1,2.5
98906,40,2,3.75
98906,84,2,0.8
98907,25,2,2.2
98908,57,2,3.1
98908,78,1,4.5
98909,37,1,3.0
98909,65,2,0.8
98910,32,1,3.0
98911,22,2,2.0
98912,27,2,3.5
98913,41,2,4.25
98913,84,2,0.8
98914,33,1,3.5
98915,54,1,2.5
98915,10,1,10.0
98916,56,2,2.55
98917,51,1,3.0
98917,72,1,3.25
98918,34,2,2.45
98919,55,2,4.0
98920,30,1,3.0
98921,58,2,3.5
98922,57,2,3.1
98923,60,1,3.75
98924,34,1,2.45
98925,54,1,2.5
98926,33,2,3.5
98927,42,2,2.5
98928,34,1,2.45
98929,53,1,3.0
98930,42,2,2.5
98930,82,1,12.0
98931,49,1,3.0
98932,23,2,2.5
98933,58,1,3.5
98933,73,1,3.75
98934,42,2,2.5
98935,35,1,3.1
98936,43,1,3.0
98937,30,1,3.0
98938,38,1,3.75
98939,33,2,3.5
98940,35,1,3.1
98941,30,2,3.0
98942,25,1,2.2
98942,70,1,3.25
98943,28,2,2.0
98944,31,1,2.2
98945,54,1,2.5
98945,1,1,18.0
98946,49,1,3.0
98947,31,2,2.2
98947,70,1,3.25
98948,51,1,3.0
98949,60,2,3.75
98950,54,2,2.5
98951,24,1,3.0
98952,25,2,2.2
98953,61,1,4.75
98954,46,2,2.5
98954,73,1,3.75
98955,53,2,3.0
98956,44,1,2.5
98957,31,1,2.2
98957,74,1,3.5
98957,7,1,19.75
98958,30,2,3.0
98959,23,1,2.5
98960,45,2,3.0
98961,47,1,3.0
98961,70,1,3.25
98962,22,1,2.0
98963,55,1,4.0
98964,35,2,3.1
98964,74,1,3.5
98965,58,2,3.5
98966,31,1,2.2
98966,69,1,3.25
98967,71,1,3.75
98968,57,1,3.1
98969,22,1,2.0
98970,25,1,2.2
98971,41,1,4.25
98971,63,2,0.8
98971,21,1,13.33
98972,33,1,3.5
98973,54,1,2.5
98973,69,1,3.25
98974,25,1,2.2
98975,33,2,3.5
98975,79,1,3.75
98975,48,1,2.5
98976,52,1,2.5
98976,72,1,3.25
98977,29,2,2.5
98977,72,1,3.25
98978,40,1,3.75
98978,64,2,0.8
98979,36,1,3.75
98980,38,2,3.75
98980,63,2,0.8
98980,18,1,6.4
98981,71,1,3.75
98982,33,1,3.5
98983,35,2,3.1
98983,83,1,14.0
98984,50,1,2.5
98985,42,1,2.5
98986,42,1,2.5
98986,71,1,3.75
98987,39,1,4.25
98987,84,2,0.8
98988,45,2,3.0
98989,55,2,4.0
98989,69,1,3.25
98990,40,1,3.75
98990,65,2,0.8
98991,60,2,3.75
98992,61,1,4.75
98993,57,2,3.1
98994,55,2,4.0
98995,34,1,2.45
98996,43,2,3.0
98996,72,1,3.25
98997,50,2,2.5
98998,33,2,3.5
98998,77,1,3.0
98999,25,1,2.2
99000,25,2,2.2
99001,57,1,3.1
99002,34,2,2.45
99003,23,2,2.5
99004,35,2,3.1
99005,61,1,4.75
99006,44,2,2.5
99007,59,2,4.5
99007,71,1,3.75
99008,47,2,3.0
99009,31,2,2.2
99010,54,1,2.5
99011,26,2,3.0
99012,45,2,3.0
99013,38,1,3.75
99013,65,2,0.8
99013,69,1,3.25
99014,44,2,2.5
99015,58,1,3.5
99015,78,1,4.5
99016,45,2,3.0
99017,42,1,2.5
99018,59,1,4.5
99018,77,1,3.0
99019,32,2,3.0
99020,26,1,3.0
99021,42,1,2.5
99022,32,2,3.0
99023,48,2,2.5
99023,82,1,12.0
99024,32,1,3.0
99025,54,1,2.5
99026,54,2,2.5
99027,55,1,4.0
99028,58,1,3.5
99029,56,1,2.55
99030,32,2,3.0
99031,48,1,2.5
99032,51,2,3.0
99033,53,1,3.0
99034,47,1,3.0
99034,78,1,4.5
99035,42,2,2.5
99036,56,2,2.55
99037,58,1,3.5
99037,18,1,10.95
99038,61,1,4.75
99039,55,1,4.0
99040,23,2,2.5
99041,40,2,3.75
99041,84,1,0.8
99042,32,1,3.0
99043,46,2,2.5
99044,43,2,3.0
99044,82,1,12.0
99045,38,1,3.75
99045,65,3,0.8
99046,46,2,2.5
99046,74,1,3.5
99047,28,1,2.0
99047,74,1,3.5
99048,49,1,3.0
99048,77,1,3.0
99049,60,1,3.75
99050,56,2,2.55
99051,37,2,3.0
99051,65,2,0.8
99052,45,1,3.0
99053,46,1,2.5
99054,57,2,3.1
99054,71,1,3.75
99055,30,1,3.0
99055,83,1,14.0
99056,53,2,3.0
99056,69,1,3.25
99057,47,2,3.0
99057,8,1,45.0
99058,32,1,3.0
99059,29,2,2.5
99060,26,1,3.0
99061,43,1,3.0
99061,81,1,28.0
99062,57,2,3.1
99062,74,1,3.5
99063,48,1,2.5
99064,31,2,2.2
99065,52,2,2.5
99066,42,2,2.5
99067,33,1,3.5
99067,20,1,7.6
99068,51,1,3.0
99069,49,2,3.0
99070,56,1,2.55
99071,53,1,3.0
99072,33,2,3.5
99073,49,2,3.0
99074,51,1,3.0
99075,36,2,3.75
99076,26,1,3.0
99077,37,2,3.0
99077,65,2,0.8
99078,31,2,2.2
99079,87,1,3.0
99080,43,2,3.0
99081,28,2,2.0
99082,61,2,4.75
99083,28,1,2.0
99084,29,2,2.5
99085,50,2,2.5
99086,34,1,2.45
99087,32,1,3.0
99087,71,1,3.75
99088,25,1,2.2
99089,33,2,3.5
99090,57,1,3.1
99090,16,1,8.95
99091,58,2,3.5
99092,54,1,2.5
99093,44,2,2.5
99093,70,1,3.25
99094,29,2,2.5
99095,50,1,2.5
99095,73,1,3.75
99095,8,1,45.0
99096,47,1,3.0
99097,58,2,3.5
99098,24,1,3.0
99098,16,1,8.95
99099,31,1,2.2
99100,29,1,2.5
99101,52,2,2.5
99102,57,2,3.1
99103,38,2,3.75
99103,84,2,0.8
99104,22,1,2.0
99105,50,1,2.5
99106,39,2,4.25
99106,64,2,0.8
99107,43,2,3.0
99108,58,2,3.5
99109,37,2,3.0
99109,63,1,0.8
99110,24,1,3.0
99111,40,2,3.75
99111,64,2,0.8
99111,69,1,3.25
99111,15,1,9.25
99112,26,2,3.0
99113,60,2,3.75
99114,35,2,3.1
99114,78,1,4.5
99114,21,1,13.33
99115,38,2,3.75
99115,65,2,0.8
99115,1,1,18.0
99116,32,2,3.0
99117,43,1,3.0
99117,71,1,3.75
99118,43,2,3.0
99119,49,1,3.0
99120,25,2,2.2
99121,33,1,3.5
99121,69,1,3.25
99122,36,2,3.75
99123,47,1,3.0
99124,30,2,3.0
99124,75,1,3.5
99125,46,1,2.5
99126,39,2,4.25
99126,63,1,0.8
99127,48,2,2.5
99128,52,1,2.5
99129,60,1,3.75
99130,44,2,2.5
99131,56,2,2.55
99132,36,2,3.75
99133,27,2,3.5
99134,60,1,3.75
99135,27,2,3.5
99135,75,1,3.5
99136,58,1,3.5
99137,37,1,3.0
99137,84,2,0.8
99137,76,1,3.5
99138,28,2,2.0
99138,77,1,3.0
99139,51,2,3.0
99140,27,2,3.5
99141,39,2,4.25
99141,65,2,0.8
99141,70,1,3.25
99142,41,2,4.25
99143,29,1,2.5
99144,24,1,3.0
99145,36,2,3.75
99146,35,2,3.1
99147,36,2,3.75
99148,53,1,3.0
99149,37,2,3.0
99149,65,2,0.8
99150,47,2,3.0
99151,46,2,2.5
99152,61,2,4.75
99153,42,2,2.5
99154,28,1,2.0
99155,52,2,2.5
99156,26,1,3.0
99157,49,1,3.0
99158,60,2,3.75
99159,28,1,2.0
99160,56,1,2.55
99160,70,1,3.25
99161,26,2,3.0
99162,54,2,2.5
99163,56,2,2.55
99163,72,1,3.25
99164,28,2,2.0
99165,37,1,3.0
99165,84,3,0.8
99166,43,2,3.0
99166,71,1,3.75
99167,38,2,3.75
99168,43,1,3.0
99169,44,2,2.5
99170,42,1,2.5
99171,52,2,2.5
99172,24,1,3.0
99173,26,2,3.0
99173,69,1,3.25
99174,43,1,3.0
99174,16,1,8.95
99175,47,2,3.0
99176,23,2,2.5
99177,42,1,2.5
99178,61,1,4.75
99179,31,2,2.2
99180,54,1,2.5
99181,36,1,3.75
99182,57,1,3.1
99182,77,1,3.0
99183,59,1,4.5
99184,39,2,4.25
99184,64,2,0.8
99184,72,1,3.25
99185,51,1,3.0
99186,48,2,2.5
99187,31,2,2.2
99187,69,1,3.25
99188,44,2,2.5
99189,28,1,2.0
99190,27,1,3.5
99191,39,2,4.25
99191,65,2,0.8
99192,49,2,3.0
99192,76,1,3.5
99193,43,1,3.0
99193,75,1,3.5
99194,54,2,2.5
99195,27,1,3.5
99196,49,1,3.0
99196,75,1,3.5
99197,34,1,2.45
99198,36,1,3.75
99199,46,2,2.5
99200,55,2,4.0
99201,52,1,2.5
99202,44,1,2.5
99202,71,1,3.75
99203,25,1,2.2
99204,37,1,3.0
99204,64,1,0.8
99205,30,2,3.0
99206,58,2,3.5
99207,55,1,4.0
99208,32,1,3.0
99209,52,1,2.5
99209,70,1,3.25
99210,57,2,3.1
99211,49,2,3.0
99212,53,1,3.0
99213,23,2,2.5
99214,32,1,3.0
99215,38,1,3.75
99215,64,2,0.8
99216,32,1,3.0
99217,30,2,3.0
99218,25,1,2.2
99219,29,1,2.5
99219,72,1,3.25
99220,48,2,2.5
99221,48,2,2.5
99222,60,1,3.75
99222,72,1,3.25
99223,58,1,3.5
99223,79,1,3.75
99224,39,2,4.25
99224,63,1,0.8
99225,32,2,3.0
99226,40,1,3.75
99226,65,1,0.8
99227,28,2,2.0
99228,22,1,2.0
99229,31,1,2.2
99229,74,1,3.5
99230,58,1,3.5
99230,75,1,3.5
99231,60,1,3.75
99232,56,1,2.55
99233,87,1,3.0
99234,45,1,3.0
99235,30,2,3.0
99235,20,1,7.6
99236,50,1,2.5
99237,52,1,2.5
99238,34,1,2.45
99239,56,1,2.55
99240,23,2,2.5
99241,46,1,2.5
99241,74,1,3.5
99242,45,2,3.0
99243,31,2,2.2
99243,20,1,7.6
99244,44,1,2.5
99245,43,1,3.0
99246,24,2,3.0
99247,37,2,3.0
99247,84,1,0.8
99248,28,1,2.0
99249,61,2,4.75
99250,22,1,2.0
99251,50,2,2.5
99252,56,2,2.55
99253,43,2,3.0
99254,35,2,3.1
99254,73,1,3.75
99255,54,2,2.5
99256,51,2,3.0
99257,23,2,2.5
99258,38,1,3.75
99258,65,2,0.8
99259,39,1,4.25
99260,55,1,4.0
99261,37,2,3.0
99261,63,2,0.8
99262,26,1,3.0
99263,27,1,3.5
99264,37,2,3.0
99264,63,1,0.8
99265,51,2,3.0
99266,36,2,3.75
99266,78,1,4.5
99267,37,1,3.0
99267,84,2,0.8
99268,41,2,4.25
99268,84,2,0.8
99269,37,1,3.0
99269,65,2,0.8
99270,35,2,3.1
99271,29,2,2.5
99272,30,2,3.0
99273,48,2,2.5
99273,70,1,3.25
99274,48,1,2.5
99275,51,1,3.0
99275,76,1,3.5
99276,47,1,3.0
99277,25,2,2.2
99278,56,1,2.55
99279,39,2,4.25
99279,79,1,3.75
99280,27,1,3.5
99281,37,1,3.0
99282,50,2,2.5
99283,35,2,3.1
99283,71,1,3.75
99283,82,1,12.0
99284,49,1,3.0
99285,22,1,2.0
99285,74,1,3.5
99286,52,1,2.5
99286,75,1,3.5
99287,32,1,3.0
99288,31,1,2.2
99289,48,2,2.5
99290,44,1,2.5
99291,51,2,3.0
99292,48,2,2.5
99293,61,2,4.75
99294,57,2,3.1
99295,54,2,2.5
99295,73,1,3.75
99296,47,2,3.0
99297,51,1,3.0
99298,58,2,3.5
99299,57,2,3.1
99300,45,2,3.0
99301,42,2,2.5
99302,57,2,3.1
99302,18,1,6.4
99303,38,2,3.75
99303,64,2,0.8
99303,71,1,3.75
99304,32,1,3.0
99305,40,2,3.75
99305,65,1,0.8
99306,46,1,2.5
99307,49,2,3.0
99308,45,1,3.0
99309,37,2,3.0
99309,65,2,0.8
99309,69,1,3.25
99310,58,1,3.5
99311,59,2,4.5
99312,22,1,2.0
99312,69,1,3.25
99313,87,1,3.0
99314,52,1,2.5
99314,79,1,3.75
99315,27,1,3.5
99316,28,2,2.0
99316,70,1,3.25
99317,29,1,2.5
99318,31,2,2.2
99319,61,1,4.75
99319,74,1,3.5
99320,49,1,3.0
99320,11,1,8.95
99321,32,1,3.0
99322,45,2,3.0
99323,34,1,2.45
99323,71,1,3.75
99324,22,2,2.0
99325,49,1,3.0
99326,24,2,3.0
99327,57,1,3.1
99328,38,2,3.75
99328,64,2,0.8
99329,54,1,2.5
99330,50,1,2.5
99331,45,2,3.0
99332,42,2,2.5
99333,41,1,4.25
99333,65,1,0.8
99334,54,1,2.5
99335,29,2,2.5
99336,47,2,3.0
99337,51,2,3.0
99338,25,1,2.2
99339,24,1,3.0
99339,77,1,3.0
99340,60,2,3.75
99340,78,1,4.5
99341,34,1,2.45
99341,73,1,3.75
99341,18,1,6.4
99342,52,2,2.5
99343,42,1,2.5
99344,31,2,2.2
99345,48,2,2.5
99346,59,1,4.5
99346,71,1,3.75
99347,45,1,3.0
99348,48,1,2.5
99349,47,1,3.0
99350,31,2,2.2
99350,78,1,4.5
99351,58,2,3.5
99351,76,1,3.5
99352,38,1,3.75
99352,64,3,0.8
99352,31,2,2.2
99353,49,2,3.0
99354,71,1,3.75
99355,26,2,3.0
99356,57,2,3.1
99357,51,2,3.0
99357,69,1,3.25
99358,40,1,3.75
99358,84,1,0.8
99359,47,2,3.0
99360,23,2,2.5
99361,39,1,4.25
99361,65,2,0.8
99362,23,2,2.5
99363,56,2,2.55
99364,53,1,3.0
99365,52,1,2.5
99366,39,1,4.25
99366,64,2,0.8
99367,71,1,3.75
99368,48,1,2.5
99369,57,2,3.1
99370,36,2,3.75
99370,78,1,4.5
99371,48,2,2.5
99372,31,2,2.2
99373,53,1,3.0
99374,55,1,4.0
99375,55,2,4.0
99375,75,1,3.5
99376,24,2,3.0
99377,44,1,2.5
99378,25,1,2.2
99379,55,2,4.0
99379,72,1,3.25
99380,42,1,2.5
99381,41,1,4.25
99381,84,2,0.8
99382,55,1,4.0
99383,37,1,3.0
99383,65,3,0.8
99383,78,1,4.5
99384,39,2,4.25
99384,63,2,0.8
99385,55,2,4.0
99385,78,1,4.5
99385,18,1,6.4
99386,71,1,3.75
99387,33,1,3.5
99388,23,2,2.5
99389,45,2,3.0
99390,46,1,2.5
99391,35,1,3.1
99392,46,1,2.5
99393,54,2,2.5
99394,60,2,3.75
99395,37,2,3.0
99395,63,3,0.8
99396,59,2,4.5
99397,28,2,2.0
99397,70,1,3.25
99398,53,1,3.0
99398,79,1,3.75
99399,43,2,3.0
99400,56,2,2.55
99400,73,1,3.75
99401,45,1,3.0
99402,52,2,2.5
99402,73,1,3.75
99403,42,2,2.5
99403,73,1,3.75
99404,76,1,3.5
99405,30,2,3.0
99406,34,1,2.45
99407,34,1,2.45
99408,34,2,2.45
99409,59,1,4.5
99410,25,2,2.2
99411,50,2,2.5
99412,34,2,2.45
99413,22,1,2.0
99414,27,2,3.5
99415,29,2,2.5
99416,40,1,3.75
99416,64,3,0.8
99417,30,1,3.0
99417,7,1,19.75
99418,38,2,3.75
99418,63,2,0.8
99419,50,2,2.5
99420,59,2,4.5
99421,22,1,2.0
99422,28,2,2.0
99423,22,2,2.0
99424,11,1,8.95
99425,27,1,3.5
99426,35,2,3.1
99427,72,1,3.25
99428,29,2,2.5
99429,44,2,2.5
99429,71,1,3.75
99430,61,1,4.75
99431,52,1,2.5
99431,75,1,3.5
99432,60,1,3.75
99433,57,1,3.1
99434,52,2,2.5
99435,42,2,2.5
99436,60,2,3.75
99436,70,1,3.25
99437,61,1,4.75
99437,73,1,3.75
99438,23,2,2.5
99439,55,1,4.0
99440,28,2,2.0
99441,34,2,2.45
99442,71,1,3.75
99443,37,2,3.0
99443,65,2,0.8
99444,72,1,3.25
99445,50,1,2.5
99446,25,2,2.2
99447,26,2,3.0
99448,48,2,2.5
99449,75,1,3.5
99450,23,2,2.5
99451,51,2,3.0
99452,46,1,2.5
99453,45,2,3.0
99454,44,1,2.5
99455,60,1,3.75
99456,59,1,4.5
99457,32,1,3.0
99458,33,1,3.5
99459,61,1,4.75
99460,39,1,4.25
99460,63,2,0.8
99461,34,2,2.45
99462,22,1,2.0
99463,38,2,3.75
99463,63,2,0.8
99464,71,1,3.75
99465,44,1,2.5
99466,58,2,3.5
99467,55,2,4.0
99468,33,1,3.5
99469,54,1,2.5
99470,31,1,2.2
99471,53,2,3.0
99471,69,1,3.25
99472,48,2,2.5
99473,22,2,2.0
99474,84,1,0.8
99474,40,2,3.75
99475,58,2,3.5
99476,44,2,2.5
99476,73,1,3.75
99477,31,2,2.2
99478,54,2,2.5
99478,70,1,3.25
99479,60,1,3.75
99480,45,1,3.0
99481,27,2,3.5
99482,54,2,2.5
99483,51,2,3.0
99484,50,1,2.5
99484,77,1,3.0
99485,74,1,3.5
99486,22,1,2.0
99487,42,2,2.5
99488,24,1,3.0
99488,17,1,9.5
99489,49,2,3.0
99490,36,2,3.75
99491,41,2,4.25
99491,63,1,0.8
99492,26,1,3.0
99493,52,2,2.5
99493,54,1,2.5
99494,29,2,2.5
99495,37,1,3.0
99495,75,1,3.5
99496,61,2,4.75
99497,50,2,2.5
99498,52,1,2.5
99499,34,1,2.45
99500,34,1,2.45
99501,60,1,3.75
99502,42,2,2.5
99503,49,1,3.0
99504,32,2,3.0
99504,71,1,3.75
99505,53,2,3.0
99506,48,2,2.5
99506,78,1,4.5
99507,60,1,3.75
99508,33,2,3.5
99509,71,1,3.75
99509,71,1,3.75
99509,71,1,3.75
99510,37,1,3.0
99510,65,3,0.8
99511,39,2,4.25
99511,63,2,0.8
99512,39,1,4.25
99512,64,2,0.8
99513,69,1,3.25
99514,48,1,2.5
99515,61,1,4.75
99516,3,1,14.75
99517,3,1,14.75
99518,23,2,2.5
99519,25,2,2.2
99520,59,2,4.5
99521,33,2,3.5
99522,52,1,2.5
99523,29,2,2.5
99524,41,2,4.25
99524,64,1,0.8
99525,52,2,2.5
99526,52,1,2.5
99527,51,1,3.0
99528,37,2,3.0
99528,64,1,0.8
99529,43,1,3.0
99530,29,2,2.5
99531,22,1,2.0
99532,74,1,3.5
99533,52,1,2.5
99534,60,2,3.75
99535,53,1,3.0
99536,39,2,4.25
99536,65,1,0.8
99537,49,2,3.0
99538,23,1,2.5
99539,52,2,2.5
99540,24,2,3.0
99540,70,1,3.25
99541,32,2,3.0
99542,57,1,3.1
99543,57,1,3.1
99544,47,1,3.0
99545,25,1,2.2
99546,56,1,2.55
99546,76,1,3.5
99547,51,2,3.0
99548,73,1,3.75
99549,52,1,2.5
99549,78,1,4.5
99550,71,1,3.75
99551,52,1,2.5
99552,51,1,3.0
99553,69,1,3.25
99554,40,1,3.75
99554,63,2,0.8
99554,75,1,3.5
99555,29,2,2.5
99556,23,2,2.5
99557,50,1,2.5
99558,38,1,3.75
99558,64,2,0.8
99559,33,1,3.5
99560,23,2,2.5
99560,69,1,3.25
99561,49,1,3.0
99562,36,1,3.75
99563,23,1,2.5
99564,27,2,3.5
99565,46,1,2.5
99566,69,1,3.25
99567,51,1,3.0
99568,51,1,3.0
99569,71,1,3.75
99570,46,1,2.5
99571,34,1,2.45
99572,53,1,3.0
99573,59,2,4.5
99574,25,1,2.2
99575,72,1,3.25
99576,54,2,2.5
99577,54,2,2.5
99578,57,1,3.1
99579,44,2,2.5
99580,52,1,2.5
99581,46,1,2.5
99582,84,1,0.8
99582,38,1,3.75
99583,39,2,4.25
99583,64,1,0.8
99583,75,1,3.5
99584,46,2,2.5
99585,51,1,3.0
99586,53,2,3.0
99587,31,2,2.2
99588,47,2,3.0
99589,24,2,3.0
99590,38,2,3.75
99590,84,2,0.8
99591,55,2,4.0
99592,59,2,4.5
99593,79,1,3.75
99594,22,2,2.0
99595,42,1,2.5
99596,50,1,2.5
99596,76,1,3.5
99597,39,2,4.25
99598,36,2,3.75
99599,31,2,2.2
99599,74,1,3.5
99600,36,1,3.75
99601,30,1,3.0
99601,8,1,45.0
99602,24,2,3.0
99603,71,1,3.75
99604,36,2,3.75
99605,58,1,3.5
99606,71,1,3.75
99607,31,1,2.2
99608,57,1,3.1
99608,8,1,45.0
99609,63,1,0.8
99609,37,1,3.0
99610,54,1,2.5
99611,46,2,2.5
99612,54,2,2.5
99613,26,2,3.0
99613,28,1,2.0
99614,84,2,0.8
99614,40,2,3.75
99615,31,2,2.2
99616,45,2,3.0
99617,32,2,3.0
99618,41,2,4.25
99618,63,3,0.8
99618,72,1,3.25
99619,47,2,3.0
99620,45,2,3.0
99621,48,2,2.5
99622,46,2,2.5
99622,75,1,3.5
99623,47,2,3.0
99624,58,1,3.5
99625,57,1,3.1
99626,43,1,3.0
99627,36,1,3.75
99628,57,2,3.1
99628,76,1,3.5
99629,50,1,2.5
99629,79,1,3.75
99630,49,1,3.0
99631,34,2,2.45
99631,76,1,3.5
99632,40,2,3.75
99632,84,2,0.8
99633,61,2,4.75
99634,37,2,3.0
99635,42,2,2.5
99635,75,1,3.5
99636,50,2,2.5
99637,44,2,2.5
99638,30,1,3.0
99639,54,1,2.5
99640,24,1,3.0
99640,76,1,3.5
99641,54,1,2.5
99642,25,1,2.2
99643,29,2,2.5
99644,16,1,8.95
99645,49,2,3.0
99646,61,1,4.75
99647,46,2,2.5
99648,52,2,2.5
99649,36,1,3.75
99650,50,2,2.5
99651,41,1,4.25
99651,63,2,0.8
99652,84,2,0.8
99652,37,1,3.0
99652,77,1,3.0
99653,45,2,3.0
99654,22,2,2.0
99655,87,1,3.0
99655,72,1,3.25
99656,22,1,2.0
99657,43,2,3.0
99658,87,2,3.0
99659,52,2,2.5
99660,26,1,3.0
99660,75,1,3.5
99661,27,2,3.5
99662,33,2,3.5
99663,60,2,3.75
99664,53,1,3.0
99665,48,1,2.5
99666,52,1,2.5
99667,47,2,3.0
99667,75,1,3.5
99668,59,2,4.5
99668,69,1,3.25
99668,6,1,21.0
99669,70,1,3.25
99670,29,1,2.5
99671,71,1,3.75
99672,42,2,2.5
99673,22,2,2.0
99673,15,1,9.25
99674,71,1,3.75
99675,25,2,2.2
99675,71,1,3.75
99676,58,1,3.5
99677,52,2,2.5
99678,24,1,3.0
99679,70,1,3.25
99680,51,1,3.0
99681,32,2,3.0
99682,57,1,3.1
99683,28,1,2.0
99684,59,1,4.5
99685,56,2,2.55
99686,44,2,2.5
99687,59,1,4.5
99687,77,1,3.0
99688,50,1,2.5
99688,73,1,3.75
99689,49,2,3.0
99690,75,1,3.5
99691,54,1,2.5
99692,40,1,3.75
99693,55,1,4.0
99694,45,1,3.0
99695,32,1,3.0
99696,34,1,2.45
99697,23,1,2.5
99698,63,2,0.8
99698,40,1,3.75
99699,35,2,3.1
99700,39,1,4.25
99700,84,1,0.8
99701,61,1,4.75
99702,34,1,2.45
99703,43,2,3.0
99704,59,1,4.5
99704,75,1,3.5
99704,18,1,10.95
99705,56,2,2.55
99706,47,2,3.0
99707,36,2,3.75
99708,55,2,4.0
99709,48,2,2.5
99709,5,1,15.0
99710,25,1,2.2
99710,79,1,3.75
99711,63,1,0.8
99711,40,2,3.75
99712,60,2,3.75
99713,30,1,3.0
99713,69,1,3.25
99714,79,1,3.75
99715,49,1,3.0
99716,44,2,2.5
99717,43,1,3.0
99718,44,1,2.5
99718,71,1,3.75
99719,26,2,3.0
99720,29,1,2.5
99721,57,1,3.1
99722,48,2,2.5
99722,20,1,7.6
99723,46,1,2.5
99724,39,2,4.25
99724,84,1,0.8
99725,48,1,2.5
99726,58,1,3.5
99727,40,2,3.75
99727,63,1,0.8
99728,35,1,3.1
99729,58,2,3.5
99729,6,1,21.0
99730,33,2,3.5
99731,33,2,3.5
99732,29,2,2.5
99732,72,1,3.25
99733,50,1,2.5
99734,27,1,3.5
99735,79,1,3.75
99736,77,1,3.0
99737,22,1,2.0
99738,29,2,2.5
99739,44,1,2.5
99740,50,1,2.5
99741,41,1,4.25
99741,64,1,0.8
99742,61,2,4.75
99743,87,2,3.0
99744,23,2,2.5
99745,40,1,3.75
99745,65,3,0.8
99746,35,2,3.1
99746,73,1,3.75
99747,34,2,2.45
99748,42,2,2.5
99749,42,2,2.5
99750,22,1,2.0
99751,60,1,3.75
99751,18,1,10.95
99752,58,1,3.5
99753,22,2,2.0
99753,74,1,3.5
99754,54,1,2.5
99755,39,1,4.25
99755,65,3,0.8
99755,72,1,3.25
99756,28,1,2.0
99757,25,1,2.2
99758,69,1,3.25
99759,37,2,3.0
99759,84,2,0.8
99760,52,2,2.5
99760,8,1,45.0
99761,22,1,2.0
99762,23,1,2.5
99762,75,1,3.5
99763,45,1,3.0
99763,74,1,3.5
99764,56,2,2.55
99765,71,1,3.75
99766,47,2,3.0
99767,55,1,4.0
99767,75,1,3.5
99768,44,1,2.5
99769,42,1,2.5
99770,27,2,3.5
99771,24,2,3.0
99772,50,1,2.5
99772,74,1,3.5
99773,39,1,4.25
99773,84,2,0.8
99774,56,2,2.55
99775,51,2,3.0
99776,52,2,2.5
99777,31,2,2.2
99778,27,1,3.5
99779,52,2,2.5
99779,72,1,3.25
99780,49,2,3.0
99780,76,1,3.5
99781,2,1,18.0
99782,54,2,2.5
99783,41,2,4.25
99783,65,2,0.8
99783,72,1,3.25
99784,31,2,2.2
99785,39,2,4.25
99785,65,3,0.8
99785,78,1,4.5
99786,39,2,4.25
99786,63,1,0.8
99787,35,1,3.1
99788,70,1,3.25
99789,42,1,2.5
99790,84,2,0.8
99790,41,2,4.25
99791,33,1,3.5
99792,57,2,3.1
99793,42,2,2.5
99794,39,1,4.25
99794,65,2,0.8
99795,26,2,3.0
99796,38,1,3.75
99796,84,2,0.8
99796,15,1,9.25
99797,31,1,2.2
99798,60,2,3.75
99799,79,1,3.75
99800,57,2,3.1
99800,78,1,4.5
99801,26,2,3.0
99802,48,1,2.5
99803,49,2,3.0
99804,71,1,3.75
99805,23,2,2.5
99806,50,2,2.5
99807,36,2,3.75
99808,23,2,2.5
99808,75,1,3.5
99809,34,1,2.45
99810,71,1,3.75
99811,24,1,3.0
99812,42,2,2.5
99813,34,1,2.45
99814,29,2,2.5
99815,38,1,3.75
99815,65,1,0.8
99816,60,1,3.75
99817,49,2,3.0
99818,40,2,3.75
99818,65,2,0.8
99819,43,1,3.0
99820,44,2,2.5
99820,78,1,4.5
99821,42,2,2.5
99822,29,1,2.5
99823,37,2,3.0
99824,30,2,3.0
99825,28,2,2.0
99826,65,2,0.8
99826,74,1,3.5
99826,39,1,4.25
99827,28,2,2.0
99827,70,1,3.25
99828,50,2,2.5
99829,49,1,3.0
99830,37,2,3.0
99831,20,1,7.6
99832,71,1,3.75
99833,50,2,2.5
99834,29,2,2.5
99835,33,2,3.5
99836,46,2,2.5
99837,60,2,3.75
99838,57,1,3.1
99838,17,1,9.5
99839,49,1,3.0
99839,69,1,3.25
99840,25,1,2.2
99841,37,1,3.0
99841,84,1,0.8
99842,48,1,2.5
99843,61,2,4.75
99844,22,1,2.0
99844,75,1,3.5
99845,23,2,2.5
99846,60,1,3.75
99847,54,2,2.5
99848,59,2,4.5
99849,50,2,2.5
99850,51,2,3.0
99851,59,1,4.5
99852,50,1,2.5
99853,42,2,2.5
99853,75,1,3.5
99854,23,2,2.5
99855,41,1,4.25
99855,84,2,0.8
99856,38,1,3.75
99856,65,1,0.8
99856,76,1,3.5
99857,31,1,2.2
99857,76,1,3.5
99858,31,1,2.2
99859,24,2,3.0
99860,26,2,3.0
99861,31,2,2.2
99862,52,2,2.5
99863,42,1,2.5
99864,31,1,2.2
99865,43,1,3.0
99866,23,1,2.5
99867,23,1,2.5
99868,47,1,3.0
99869,32,2,3.0
99870,42,1,2.5
99871,75,1,3.5
99871,17,1,9.5
99872,48,2,2.5
99872,72,1,3.25
99873,28,1,2.0
99874,73,1,3.75
99875,34,2,2.45
99876,44,2,2.5
99877,50,1,2.5
99878,25,2,2.2
99879,44,2,2.5
99879,79,1,3.75
99880,59,2,4.5
99881,35,2,3.1
99882,42,2,2.5
99883,46,1,2.5
99884,23,1,2.5
99885,46,2,2.5
99885,71,1,3.75
99886,34,1,2.45
99887,50,2,2.5
99888,37,2,3.0
99888,84,1,0.8
99889,26,2,3.0
99890,37,2,3.0
99890,65,2,0.8
99891,24,1,3.0
99891,79,1,3.75
99892,56,2,2.55
99893,37,2,3.0
99894,44,1,2.5
99895,26,1,3.0
99896,30,1,3.0
99897,77,1,3.0
99898,35,2,3.1
99898,76,1,3.5
99898,55,1,4.0
99898,79,1,3.75
99899,49,2,3.0
99900,47,1,3.0
99901,33,2,3.5
99902,42,2,2.5
99903,25,2,2.2
99904,33,2,3.5
99905,38,2,3.75
99905,63,1,0.8
99906,53,1,3.0
99906,71,1,3.75
99907,42,2,2.5
99908,57,2,3.1
99909,84,2,0.8
99909,39,1,4.25
99910,43,1,3.0
99911,47,2,3.0
99912,26,1,3.0
99912,71,1,3.75
99913,53,1,3.0
99913,13,1,8.95
99914,56,1,2.55
99915,26,1,3.0
99915,73,1,3.75
99916,84,1,0.8
99916,39,2,4.25
99917,37,2,3.0
99917,65,1,0.8
99918,26,1,3.0
99919,38,1,3.75
99919,84,2,0.8
99920,26,1,3.0
99921,31,1,2.2
99922,53,1,3.0
99922,76,1,3.5
99923,54,2,2.5
99924,37,2,3.0
99924,63,3,0.8
99925,46,2,2.5
99926,42,1,2.5
99927,46,1,2.5
99928,84,1,0.8
99928,40,1,3.75
99929,58,2,3.5
99930,27,2,3.5
99931,60,1,3.75
99932,25,2,2.2
99933,50,1,2.5
99934,29,2,2.5
99935,48,1,2.5
99936,58,2,3.5
99936,74,1,3.5
99937,33,2,3.5
99938,27,2,3.5
99939,44,2,2.5
99940,60,2,3.75
99941,43,2,3.0
99942,25,2,2.2
99943,60,1,3.75
99944,73,1,3.75
99945,37,1,3.0
99945,84,2,0.8
99946,30,1,3.0
99947,52,2,2.5
99948,70,1,3.25
99949,27,2,3.5
99950,23,2,2.5
99951,58,2,3.5
99952,34,2,2.45
99952,79,1,3.75
99953,46,1,2.5
99954,60,2,3.75
99954,75,1,3.5
99955,28,2,2.0
99955,71,1,3.75
99956,29,2,2.5
99957,51,1,3.0
99958,57,1,3.1
99958,74,1,3.5
99959,32,2,3.0
99960,73,1,3.75
99961,29,1,2.5
99962,37,1,3.0
99962,64,3,0.8
99963,60,1,3.75
99963,74,1,3.5
99964,30,2,3.0
99965,60,2,3.75
99965,11,1,8.95
99966,74,1,3.5
99966,14,1,8.95
99967,39,1,4.25
99968,29,1,2.5
99969,55,2,4.0
99970,48,1,2.5
99971,61,1,4.75
99972,46,1,2.5
99973,39,2,4.25
99973,64,2,0.8
99974,57,2,3.1
99974,71,1,3.75
99975,59,1,4.5
99976,61,1,4.75
99976,71,1,3.75
99977,36,2,3.75
99978,46,1,2.5
99979,31,2,2.2
99980,24,2,3.0
99980,79,1,3.75
99981,56,2,2.55
99981,79,1,3.75
99982,27,2,3.5
99982,69,1,3.25
99983,60,1,3.75
99984,48,2,2.5
99984,70,1,3.25
99985,79,1,3.75
99986,57,1,3.1
99987,56,2,2.55
99987,9,1,22.5
99988,60,2,3.75
99988,69,1,3.25
99989,26,1,3.0
99990,26,2,3.0
99991,37,2,3.0
99991,65,2,0.8
99991,72,1,3.25
99991,3,1,14.75
99992,56,2,2.55
99992,82,1,12.0
99993,16,1,8.95
99994,60,2,3.75
99995,32,1,3.0
99996,48,2,2.5
99997,33,1,3.5
99998,36,2,3.75
99999,32,1,3.0
100000,76,1,3.5
100001,34,1,2.45
100002,24,1,3.0
100003,54,1,2.5
100004,36,2,3.75
100005,50,2,2.5
100006,26,1,3.0
100007,30,2,3.0
100007,69,1,3.25
100008,42,2,2.5
100009,23,1,2.5
100010,70,1,3.25
100011,79,1,3.75
100012,46,1,2.5
100013,34,1,2.45
100014,40,1,3.75
100014,63,1,0.8
100014,72,1,3.25
100015,41,1,4.25
100015,63,3,0.8
100016,22,1,2.0
100017,26,1,3.0
100018,46,2,2.5
100019,49,2,3.0
100019,73,1,3.75
100020,34,2,2.45
100020,73,1,3.75
100021,63,1,0.8
100021,37,1,3.0
100022,87,1,3.0
100023,52,1,2.5
100024,57,2,3.1
100024,70,1,3.25
100024,4,1,20.45
100025,58,1,3.5
100025,8,1,45.0
100026,25,2,2.2
100026,13,1,8.95
100027,28,2,2.0
100028,46,1,2.5
100029,59,2,4.5
100030,60,2,3.75
100031,54,2,2.5
100032,24,2,3.0
100033,36,2,3.75
100034,25,1,2.2
100035,28,2,2.0
100036,31,2,2.2
100036,72,1,3.25
100037,27,2,3.5
100038,51,2,3.0
100039,69,1,3.25
100040,57,1,3.1
100040,79,1,3.75
100041,22,2,2.0
100041,75,1,3.5
100042,30,1,3.0
100043,75,1,3.5
100044,36,2,3.75
100045,24,2,3.0
100046,50,2,2.5
100047,35,2,3.1
100048,52,2,2.5
100049,50,2,2.5
100050,24,2,3.0
100051,22,2,2.0
100051,70,1,3.25
100052,61,2,4.75
100053,45,1,3.0
100053,79,1,3.75
100054,7,1,19.75
100055,61,2,4.75
100056,39,2,4.25
100056,63,3,0.8
100057,53,1,3.0
100058,56,1,2.55
100059,32,2,3.0
100060,70,1,3.25
100061,56,1,2.55
100062,63,1,0.8
100062,38,1,3.75
100063,42,1,2.5
100063,72,1,3.25
100064,40,1,3.75
100064,63,2,0.8
100064,71,1,3.75
100065,47,2,3.0
100066,39,2,4.25
100066,63,2,0.8
100066,79,1,3.75
100067,28,1,2.0
100068,22,1,2.0
100069,63,2,0.8
100069,41,1,4.25
100070,40,1,3.75
100070,65,1,0.8
100071,23,1,2.5
100072,43,1,3.0
100073,34,1,2.45
100074,46,1,2.5
100075,50,1,2.5
100075,75,1,3.5
100076,23,1,2.5
100077,61,2,4.75
100078,77,1,3.0
100079,38,1,3.75
100079,64,2,0.8
100080,34,2,2.45
100081,35,1,3.1
100082,58,1,3.5
100083,24,2,3.0
100084,36,1,3.75
100084,79,1,3.75
100085,48,2,2.5
100086,36,1,3.75
100087,50,2,2.5
100088,50,2,2.5
100089,55,2,4.0
100090,56,1,2.55
100091,27,2,3.5
100092,51,2,3.0
100092,6,1,21.0
100093,28,2,2.0
100094,25,1,2.2
100094,70,1,3.25
100095,22,1,2.0
100096,60,1,3.75
100097,36,2,3.75
100098,53,1,3.0
100099,48,1,2.5
100100,60,2,3.75
100100,70,1,3.25
100101,42,1,2.5
100102,35,2,3.1
100102,72,1,3.25
100103,50,1,2.5
100104,30,2,3.0
100105,87,2,3.0
100105,79,1,3.75
100106,22,2,2.0
100106,13,1,8.95
100107,57,1,3.1
100108,48,2,2.5
100109,60,2,3.75
100110,12,1,8.95
100111,65,2,0.8
100111,74,1,3.5
100111,40,2,3.75
100112,28,1,2.0
100113,77,1,3.0
100114,31,2,2.2
100115,41,2,4.25
100115,65,2,0.8
100115,69,1,3.25
100116,23,1,2.5
100117,30,2,3.0
100118,23,1,2.5
100119,25,1,2.2
100120,30,1,3.0
100121,41,1,4.25
100121,63,2,0.8
100121,69,1,3.25
100122,24,2,3.0
100123,47,2,3.0
100124,49,1,3.0
100125,45,1,3.0
100126,32,1,3.0
100127,39,2,4.25
100127,64,1,0.8
100128,50,2,2.5
100129,47,2,3.0
100130,35,1,3.1
100131,27,2,3.5
100132,29,2,2.5
100133,32,1,3.0
100134,31,2,2.2
100135,27,2,3.5
100135,73,1,3.75
100136,26,1,3.0
100137,42,2,2.5
100138,60,1,3.75
100139,45,1,3.0
100139,2,1,18.0
100139,83,1,14.0
100140,31,2,2.2
100140,69,1,3.25
100141,38,1,3.75
100141,63,1,0.8
100142,48,2,2.5
100143,28,2,2.0
100143,70,1,3.25
100144,25,1,2.2
100145,31,2,2.2
100146,35,2,3.1
100147,32,2,3.0
100148,43,1,3.0
100148,76,1,3.5
100149,58,2,3.5
100150,27,1,3.5
100151,15,1,9.25
100152,50,1,2.5
100153,38,2,3.75
100153,84,1,0.8
100154,25,1,2.2
100154,79,1,3.75
100155,36,2,3.75
100156,34,2,2.45
100157,50,2,2.5
100158,52,2,2.5
100159,54,1,2.5
100160,22,1,2.0
100161,27,2,3.5
100162,36,1,3.75
100163,23,2,2.5
100164,31,1,2.2
100165,34,1,2.45
100165,72,1,3.25
100166,50,1,2.5
100166,69,1,3.25
100167,42,1,2.5
100167,70,1,3.25
100168,49,1,3.0
100169,44,2,2.5
100169,79,1,3.75
100170,39,1,4.25
100170,65,2,0.8
100171,73,1,3.75
100172,48,1,2.5
100172,70,1,3.25
100173,54,1,2.5
100174,48,2,2.5
100174,73,1,3.75
100175,44,2,2.5
100176,27,2,3.5
100177,26,1,3.0
100178,49,1,3.0
100179,24,1,3.0
100180,84,2,0.8
100180,41,2,4.25
100181,24,2,3.0
100182,36,2,3.75
100183,79,1,3.75
100184,51,2,3.0
100184,75,1,3.5
100185,58,1,3.5
100186,25,1,2.2
100187,52,1,2.5
100188,58,2,3.5
100189,50,2,2.5
100190,71,1,3.75
100191,47,2,3.0
100192,53,2,3.0
100192,73,1,3.75
100192,18,1,6.4
100193,52,2,2.5
100194,38,1,3.75
100195,43,2,3.0
100196,47,1,3.0
100197,58,2,3.5
100198,51,1,3.0
100198,6,1,21.0
100199,41,1,4.25
100199,63,1,0.8
100200,50,2,2.5
100200,79,1,3.75
100201,23,2,2.5
100202,44,1,2.5
100203,28,1,2.0
100204,44,2,2.5
100205,25,1,2.2
100206,65,1,0.8
100206,40,2,3.75
100207,41,2,4.25
100207,65,1,0.8
100207,83,1,14.0
100208,23,1,2.5
100209,29,2,2.5
100210,52,2,2.5
100211,50,2,2.5
100212,53,2,3.0
100213,87,1,3.0
100214,25,1,2.2
100214,2,1,18.0
100215,32,1,3.0
100215,71,1,3.75
100216,58,2,3.5
100217,53,1,3.0
100218,77,1,3.0
100219,50,2,2.5
100220,61,1,4.75
100221,54,2,2.5
100222,37,2,3.0
100222,63,1,0.8
100223,37,1,3.0
100224,49,2,3.0
100224,73,1,3.75
100225,29,2,2.5
100226,48,1,2.5
100227,35,2,3.1
100228,41,2,4.25
100228,63,1,0.8
100228,70,1,3.25
100229,32,2,3.0
100230,58,2,3.5
100231,46,1,2.5
100232,35,2,3.1
100233,30,2,3.0
100234,30,2,3.0
100234,75,1,3.5
100235,38,2,3.75
100235,65,1,0.8
100236,42,2,2.5
100236,78,1,4.5
100237,23,2,2.5
100237,73,1,3.75
100238,46,1,2.5
100239,34,1,2.45
100239,78,1,4.5
100240,71,1,3.75
100241,55,2,4.0
100242,38,2,3.75
100242,84,2,0.8
100242,72,1,3.25
100243,49,1,3.0
100244,28,1,2.0
100244,77,1,3.0
100245,24,2,3.0
100245,75,1,3.5
100246,48,1,2.5
100247,40,2,3.75
100247,84,2,0.8
100248,60,1,3.75
100248,78,1,4.5
100249,54,1,2.5
100250,71,1,3.75
100251,53,2,3.0
100252,37,2,3.0
100252,64,2,0.8
100253,57,2,3.1
100254,33,2,3.5
100255,44,1,2.5
100256,45,2,3.0
100257,41,2,4.25
100257,63,2,0.8
100258,31,2,2.2
100258,76,1,3.5
100259,50,1,2.5
100260,61,2,4.75
100261,34,2,2.45
100261,16,1,8.95
100261,30,2,3.0
100261,74,1,3.5
100262,48,1,2.5
100262,74,1,3.5
100263,52,2,2.5
100264,58,1,3.5
100265,45,1,3.0
100266,51,2,3.0
100267,37,2,3.0
100267,63,1,0.8
100268,58,1,3.5
100269,49,1,3.0
100270,34,2,2.45
100271,45,1,3.0
100272,22,2,2.0
100273,46,2,2.5
100274,59,2,4.5
100274,78,1,4.5
100275,51,2,3.0
100276,57,1,3.1
100277,35,2,3.1
100277,73,1,3.75
100278,41,2,4.25
100278,84,2,0.8
100279,42,2,2.5
100280,36,2,3.75
100281,47,2,3.0
100281,72,1,3.25
100282,24,2,3.0
100282,76,1,3.5
100282,60,2,3.75
100283,31,2,2.2
100284,38,2,3.75
100284,65,1,0.8
100285,40,2,3.75
100285,84,1,0.8
100286,40,1,3.75
100286,65,1,0.8
100287,55,2,4.0
100287,79,1,3.75
100288,53,1,3.0
100289,71,1,3.75
100290,53,2,3.0
100291,41,2,4.25
100291,63,2,0.8
100291,76,1,3.5
100292,41,1,4.25
100292,63,1,0.8
100292,76,1,3.5
100293,26,2,3.0
100294,41,1,4.25
100294,84,2,0.8
100295,37,2,3.0
100295,64,1,0.8
100295,73,1,3.75
100296,32,2,3.0
100296,78,1,4.5
100297,60,2,3.75
100298,57,1,3.1
100299,54,2,2.5
100300,51,2,3.0
100301,53,2,3.0
100302,41,1,4.25
100302,63,1,0.8
100303,45,1,3.0
100303,71,1,3.75
100304,23,1,2.5
100305,30,1,3.0
100306,51,1,3.0
100307,55,2,4.0
100308,71,1,3.75
100309,51,2,3.0
100310,35,1,3.1
100311,40,2,3.75
100311,64,1,0.8
100312,27,2,3.5
100313,57,2,3.1
100314,40,2,3.75
100315,47,2,3.0
100316,52,2,2.5
100317,37,1,3.0
100318,59,2,4.5
100319,71,1,3.75
100319,71,1,3.75
100320,44,2,2.5
100321,50,2,2.5
100321,18,1,10.95
100322,35,2,3.1
100323,47,2,3.0
100323,75,1,3.5
100324,34,2,2.45
100325,52,2,2.5
100325,79,1,3.75
100326,60,2,3.75
100327,25,2,2.2
100328,31,1,2.2
100329,29,1,2.5
100329,75,1,3.5
100330,87,2,3.0
100331,71,1,3.75
100332,54,1,2.5
100333,29,2,2.5
100334,28,1,2.0
100335,61,2,4.75
100336,40,2,3.75
100336,63,2,0.8
100337,45,1,3.0
100338,61,2,4.75
100339,50,2,2.5
100340,52,2,2.5
100340,48,2,2.5
100341,29,1,2.5
100342,54,2,2.5
100343,22,2,2.0
100344,30,2,3.0
100344,79,1,3.75
100345,27,1,3.5
100346,56,2,2.55
100347,59,1,4.5
100348,45,1,3.0
100349,33,2,3.5
100350,37,2,3.0
100350,63,2,0.8
100351,28,2,2.0
100352,34,2,2.45
100353,56,2,2.55
100354,32,1,3.0
100355,29,2,2.5
100355,69,1,3.25
100356,87,2,3.0
100357,26,1,3.0
100358,87,1,3.0
100358,70,1,3.25
100359,46,1,2.5
100360,28,2,2.0
100360,12,1,8.95
100361,47,1,3.0
100361,79,1,3.75
100362,49,1,3.0
100362,79,1,3.75
100363,48,2,2.5
100364,48,2,2.5
100365,51,2,3.0
100366,55,1,4.0
100367,71,1,3.75
100368,27,2,3.5
100368,77,1,3.0
100369,47,2,3.0
100370,52,2,2.5
100370,17,1,9.5
100371,46,1,2.5
100372,59,2,4.5
100373,43,1,3.0
100374,25,2,2.2
100375,22,1,2.0
100376,47,1,3.0
100376,71,1,3.75
100377,42,2,2.5
100377,3,1,14.75
100378,51,2,3.0
100379,25,1,2.2
100379,5,1,15.0
100380,40,1,3.75
100380,64,1,0.8
100380,9,1,22.5
100381,36,2,3.75
100382,28,2,2.0
100383,51,2,3.0
100384,47,2,3.0
100385,22,2,2.0
100385,73,1,3.75
100386,28,2,2.0
100387,37,2,3.0
100387,63,1,0.8
100388,27,2,3.5
100388,75,1,3.5
100389,46,1,2.5
100390,59,2,4.5
100391,36,1,3.75
100392,47,2,3.0
100393,24,1,3.0
100394,57,2,3.1
100394,76,1,3.5
100395,60,2,3.75
100396,43,2,3.0
100397,49,1,3.0
100398,52,2,2.5
100399,44,1,2.5
100399,79,1,3.75
100400,38,1,3.75
100400,65,1,0.8
100401,25,2,2.2
100402,48,2,2.5
100402,76,1,3.5
100403,25,2,2.2
100404,51,2,3.0
100405,29,2,2.5
100406,60,1,3.75
100406,74,1,3.5
100407,55,1,4.0
100408,26,1,3.0
100409,23,2,2.5
100409,81,1,28.0
100410,54,2,2.5
100411,56,2,2.55
100412,38,2,3.75
100412,64,1,0.8
100412,78,1,4.5
100413,35,1,3.1
100414,35,2,3.1
100415,71,1,3.75
100416,36,1,3.75
100416,77,1,3.0
100417,26,1,3.0
100418,53,1,3.0
100418,70,1,3.25
100419,43,2,3.0
100420,50,2,2.5
100421,60,1,3.75
100421,69,1,3.25
100422,22,2,2.0
100423,61,1,4.75
100424,40,2,3.75
100424,64,2,0.8
100425,25,2,2.2
100426,47,1,3.0
100427,32,1,3.0
100427,69,1,3.25
100428,38,2,3.75
100428,63,2,0.8
100429,52,2,2.5
100429,69,1,3.25
100430,51,2,3.0
100430,79,1,3.75
100431,55,1,4.0
100432,41,1,4.25
100432,63,2,0.8
100433,30,1,3.0
100434,32,1,3.0
100435,26,2,3.0
100436,45,2,3.0
100437,48,1,2.5
100438,53,2,3.0
100439,28,1,2.0
100440,71,1,3.75
100441,43,1,3.0
100442,37,2,3.0
100442,64,2,0.8
100443,33,2,3.5
100443,79,1,3.75
100444,34,1,2.45
100445,38,2,3.75
100445,64,2,0.8
100445,71,1,3.75
100446,71,1,3.75
100446,71,1,3.75
100447,48,2,2.5
100448,23,1,2.5
100449,42,2,2.5
100449,70,1,3.25
100450,39,2,4.25
100450,64,2,0.8
100451,55,2,4.0
100451,78,1,4.5
100452,55,2,4.0
100453,56,1,2.55
100454,39,2,4.25
100454,63,1,0.8
100454,69,1,3.25
100455,48,1,2.5
100456,35,2,3.1
100457,22,2,2.0
100458,44,2,2.5
100459,37,2,3.0
100459,84,2,0.8
100460,33,2,3.5
100460,78,1,4.5
100461,54,2,2.5
100462,36,2,3.75
100462,20,1,7.6
100463,59,2,4.5
100464,58,2,3.5
100465,23,2,2.5
100465,71,1,3.75
100466,25,2,2.2
100467,28,2,2.0
100468,34,2,2.45
100469,47,2,3.0
100469,76,1,3.5
100470,30,2,3.0
100470,78,1,4.5
100471,53,2,3.0
100472,35,2,3.1
100473,32,1,3.0
100473,77,1,3.0
100474,56,1,2.55
100475,47,1,3.0
100476,38,2,3.75
100476,65,2,0.8
100477,44,2,2.5
100478,54,2,2.5
100479,42,2,2.5
100480,61,1,4.75
100480,73,1,3.75
100481,47,1,3.0
100482,50,1,2.5
100483,51,1,3.0
100483,77,1,3.0
100484,47,1,3.0
100485,52,1,2.5
100486,25,1,2.2
100487,27,1,3.5
100488,23,1,2.5
100489,36,2,3.75
100489,77,1,3.0
100490,45,2,3.0
100490,75,1,3.5
100491,56,2,2.55
100492,47,1,3.0
100493,39,2,4.25
100493,64,2,0.8
100493,73,1,3.75
100494,42,2,2.5
100495,26,2,3.0
100496,61,2,4.75
100496,79,1,3.75
100497,50,1,2.5
100498,23,2,2.5
100499,23,2,2.5
100500,40,1,3.75
100500,64,1,0.8
100501,32,1,3.0
100502,46,2,2.5
100503,23,1,2.5
100504,30,1,3.0
100504,70,1,3.25
100505,59,1,4.5
100506,31,1,2.2
100507,53,2,3.0
100508,51,2,3.0
100508,73,1,3.75
100509,56,2,2.55
100509,72,1,3.25
100509,44,2,2.5
100510,38,1,3.75
100510,64,2,0.8
100511,28,2,2.0
100512,58,2,3.5
100513,53,1,3.0
100514,54,1,2.5
100515,53,2,3.0
100516,46,2,2.5
100517,35,2,3.1
100518,52,2,2.5
100519,32,2,3.0
100519,78,1,4.5
100520,43,1,3.0
100520,23,1,2.5
100521,34,2,2.45
100521,3,1,14.75
100522,61,2,4.75
100523,37,2,3.0
100523,63,2,0.8
100524,29,2,2.5
100524,76,1,3.5
100525,35,1,3.1
100526,58,1,3.5
100527,40,2,3.75
100527,65,2,0.8
100527,69,1,3.25
100528,51,1,3.0
100529,34,2,2.45
100530,28,1,2.0
100531,39,2,4.25
100532,34,2,2.45
100533,33,2,3.5
100533,15,1,9.25
100534,30,2,3.0
100535,35,2,3.1
100536,41,2,4.25
100536,63,1,0.8
100537,23,2,2.5
100538,38,2,3.75
100538,84,2,0.8
100539,38,2,3.75
100539,63,2,0.8
100539,75,1,3.5
100540,27,2,3.5
100541,46,1,2.5
100542,55,2,4.0
100542,73,1,3.75
100543,47,2,3.0
100544,39,2,4.25
100545,34,1,2.45
100545,70,1,3.25
100546,54,2,2.5
100547,48,2,2.5
100547,78,1,4.5
100548,71,1,3.75
100549,28,2,2.0
100550,29,2,2.5
100551,39,1,4.25
100551,63,2,0.8
100552,34,1,2.45
100553,59,2,4.5
100554,71,1,3.75
100555,27,2,3.5
100556,55,2,4.0
100557,42,1,2.5
100558,49,1,3.0
100559,38,1,3.75
100559,64,2,0.8
100560,40,1,3.75
100560,65,1,0.8
100561,44,2,2.5
100562,71,1,3.75
100562,71,1,3.75
100563,40,2,3.75
100563,84,1,0.8
100564,36,2,3.75
100564,73,1,3.75
100565,36,1,3.75
100565,4,1,20.45
100566,36,2,3.75
100566,37,2,3.0
100566,64,2,0.8
100567,61,1,4.75
100568,41,1,4.25
100568,63,1,0.8
100569,52,1,2.5
100570,23,1,2.5
100570,73,1,3.75
100571,37,1,3.0
100571,63,1,0.8
100571,78,1,4.5
100572,33,2,3.5
100573,27,2,3.5
100574,48,2,2.5
100575,31,2,2.2
100576,49,2,3.0
100576,72,1,3.25
100577,23,1,2.5
100577,78,1,4.5
100578,52,1,2.5
100579,27,2,3.5
100580,58,2,3.5
100580,78,1,4.5
100581,55,2,4.0
100582,35,1,3.1
100582,69,1,3.25
100583,36,2,3.75
100584,27,1,3.5
100585,71,1,3.75
100585,71,1,3.75
100586,23,1,2.5
100587,26,2,3.0
100588,22,1,2.0
100589,41,1,4.25
100589,63,2,0.8
100590,29,1,2.5
100591,42,1,2.5
100592,44,2,2.5
100592,77,1,3.0
100593,31,2,2.2
100594,33,2,3.5
100595,60,2,3.75
100596,32,1,3.0
100597,87,2,3.0
100597,6,1,21.0
100598,48,2,2.5
100599,30,2,3.0
100600,38,2,3.75
100600,63,1,0.8
100601,48,2,2.5
100602,45,2,3.0
100602,76,1,3.5
100603,22,2,2.0
100604,36,2,3.75
100605,49,1,3.0
100605,69,1,3.25
100606,53,2,3.0
100607,34,2,2.45
100607,70,1,3.25
100608,44,2,2.5
100609,87,2,3.0
100610,29,2,2.5
100610,72,1,3.25
100611,55,2,4.0
100612,45,2,3.0
100613,40,2,3.75
100613,65,1,0.8
100614,25,1,2.2
100615,48,1,2.5
100615,12,1,8.95
100616,61,1,4.75
100616,75,1,3.5
100617,71,1,3.75
100618,34,1,2.45
100618,77,1,3.0
100619,28,2,2.0
100620,60,2,3.75
100621,46,1,2.5
100621,83,1,14.0
100622,26,2,3.0
100623,56,1,2.55
100623,73,1,3.75
100623,21,1,13.33
100624,24,2,3.0
100625,39,2,4.25
100625,64,1,0.8
100626,42,1,2.5
100627,28,1,2.0
100628,34,1,2.45
100629,46,2,2.5
100629,70,1,3.25
100630,30,2,3.0
100631,87,2,3.0
100632,27,1,3.5
100633,71,1,3.75
100633,71,1,3.75
100634,29,2,2.5
100635,22,2,2.0
100636,45,1,3.0
100636,71,1,3.75
100637,30,2,3.0
100638,55,1,4.0
100639,36,2,3.75
100640,44,2,2.5
100641,24,1,3.0
100642,28,2,2.0
100643,26,1,3.0
100644,28,1,2.0
100645,55,2,4.0
100645,72,1,3.25
100646,26,2,3.0
100647,43,2,3.0
100648,33,2,3.5
100648,18,1,6.4
100649,26,1,3.0
100650,59,1,4.5
100650,77,1,3.0
100651,50,2,2.5
100651,16,1,8.95
100652,27,1,3.5
100653,55,1,4.0
100653,79,1,3.75
100654,31,2,2.2
100655,30,2,3.0
100656,50,2,2.5
100657,37,2,3.0
100657,65,2,0.8
100657,77,1,3.0
100658,55,1,4.0
100659,52,2,2.5
100659,78,1,4.5
100660,44,1,2.5
100660,71,1,3.75
100661,27,2,3.5
100662,55,2,4.0
100663,31,2,2.2
100663,79,1,3.75
100664,59,2,4.5
100665,46,2,2.5
100666,22,2,2.0
100667,31,2,2.2
100668,40,2,3.75
100668,63,1,0.8
100669,27,2,3.5
100670,25,2,2.2
100671,39,2,4.25
100671,63,1,0.8
100672,31,2,2.2
100673,40,1,3.75
100673,63,2,0.8
100674,27,2,3.5
100674,74,1,3.5
100675,25,2,2.2
100676,27,1,3.5
100677,36,2,3.75
100678,42,2,2.5
100679,47,2,3.0
100680,50,2,2.5
100681,37,1,3.0
100681,84,2,0.8
100681,78,1,4.5
100682,38,2,3.75
100682,63,1,0.8
100683,36,2,3.75
100684,53,2,3.0
100685,28,2,2.0
100685,76,1,3.5
100686,42,2,2.5
100687,42,2,2.5
100688,48,1,2.5
100689,43,2,3.0
100689,70,1,3.25
100690,50,2,2.5
100691,44,1,2.5
100692,53,2,3.0
100693,24,2,3.0
100694,87,2,3.0
100695,34,1,2.45
100695,75,1,3.5
100696,29,1,2.5
100697,28,2,2.0
100697,77,1,3.0
100698,29,1,2.5
100699,36,2,3.75
100700,42,2,2.5
100701,39,2,4.25
100701,64,2,0.8
100702,24,2,3.0
100703,48,1,2.5
100704,49,2,3.0
100704,76,1,3.5
100705,23,2,2.5
100706,61,1,4.75
100707,30,2,3.0
100708,31,2,2.2
100708,73,1,3.75
100709,53,2,3.0
100710,24,2,3.0
100711,33,2,3.5
100712,36,1,3.75
100713,46,2,2.5
100714,51,1,3.0
100715,52,1,2.5
100716,24,2,3.0
100716,70,1,3.25
100717,22,2,2.0
100718,53,2,3.0
100718,77,1,3.0
100719,43,2,3.0
100720,30,2,3.0
100721,37,2,3.0
100721,64,1,0.8
100722,51,2,3.0
100723,29,2,2.5
100724,34,2,2.45
100725,61,2,4.75
100726,24,2,3.0
100727,36,2,3.75
100728,52,1,2.5
100729,22,1,2.0
100730,45,2,3.0
100731,56,2,2.55
100731,77,1,3.0
100732,44,2,2.5
100733,33,2,3.5
100733,78,1,4.5
100734,42,1,2.5
100735,32,1,3.0
100736,24,2,3.0
100737,28,2,2.0
100738,23,2,2.5
100739,59,2,4.5
100740,48,1,2.5
100741,35,2,3.1
100742,41,2,4.25
100742,65,2,0.8
100743,37,2,3.0
100743,65,2,0.8
100744,31,1,2.2
100745,46,2,2.5
100745,75,1,3.5
100746,48,2,2.5
100747,71,1,3.75
100747,71,1,3.75
100748,23,1,2.5
100749,25,2,2.2
100750,24,2,3.0
100751,48,2,2.5
100752,53,2,3.0
100753,32,2,3.0
100754,52,2,2.5
100755,54,2,2.5
100755,77,1,3.0
100756,49,2,3.0
100756,74,1,3.5
100757,30,2,3.0
100758,22,2,2.0
100759,38,1,3.75
100759,64,2,0.8
100760,44,1,2.5
100761,87,2,3.0
100761,74,1,3.5
100762,52,2,2.5
100763,52,2,2.5
100764,30,1,3.0
100765,42,1,2.5
100766,52,2,2.5
100766,73,1,3.75
100767,28,1,2.0
100768,33,1,3.5
100769,39,1,4.25
100770,33,2,3.5
100770,8,1,45.0
100771,29,2,2.5
100772,49,2,3.0
100773,53,1,3.0
100774,61,2,4.75
100774,69,1,3.25
100775,26,1,3.0
100776,37,2,3.0
100776,65,1,0.8
100777,46,2,2.5
100777,69,1,3.25
100778,41,1,4.25
100778,84,2,0.8
100779,51,1,3.0
100780,48,1,2.5
100781,47,2,3.0
100782,32,1,3.0
100783,57,1,3.1
100783,78,1,4.5
100783,21,1,13.33
100784,45,1,3.0
100785,31,2,2.2
100785,75,1,3.5
100785,1,1,18.0
100786,40,1,3.75
100786,63,2,0.8
100787,40,2,3.75
100787,63,2,0.8
100788,50,1,2.5
100789,35,1,3.1
100790,38,1,3.75
100790,63,2,0.8
100791,41,1,4.25
100791,63,1,0.8
100792,49,2,3.0
100793,34,1,2.45
100794,32,2,3.0
100794,75,1,3.5
100795,55,1,4.0
100796,39,2,4.25
100796,84,2,0.8
100797,60,2,3.75
100798,61,2,4.75
100799,43,1,3.0
100800,39,2,4.25
100800,65,1,0.8
100801,49,1,3.0
100802,39,1,4.25
100802,63,1,0.8
100803,36,2,3.75
100804,44,2,2.5
100804,76,1,3.5
100805,39,2,4.25
100805,65,1,0.8
100806,22,1,2.0
100807,40,2,3.75
100807,84,2,0.8
100807,71,1,3.75
100808,59,2,4.5
100809,45,2,3.0
100810,27,1,3.5
100811,34,2,2.45
100811,69,1,3.25
100812,50,2,2.5
100812,69,1,3.25
100813,28,1,2.0
100814,28,1,2.0
100814,70,1,3.25
100815,61,2,4.75
100816,61,2,4.75
100817,26,1,3.0
100818,30,2,3.0
100819,30,1,3.0
100820,48,1,2.5
100821,47,1,3.0
100822,22,1,2.0
100822,71,1,3.75
100823,52,2,2.5
100823,73,1,3.75
100824,46,2,2.5
100825,48,1,2.5
100826,56,2,2.55
100826,75,1,3.5
100827,58,2,3.5
100828,58,2,3.5
100828,79,1,3.75
100829,22,2,2.0
100830,42,2,2.5
100830,12,1,8.95
100831,60,2,3.75
100832,34,2,2.45
100833,53,1,3.0
100834,54,2,2.5
100835,50,2,2.5
100836,43,2,3.0
100837,27,1,3.5
100837,78,1,4.5
100838,39,2,4.25
100838,65,1,0.8
100839,42,2,2.5
100839,76,1,3.5
100840,26,1,3.0
100841,59,2,4.5
100842,40,2,3.75
100842,63,1,0.8
100843,29,1,2.5
100844,35,2,3.1
100845,39,2,4.25
100845,64,2,0.8
100846,46,2,2.5
100847,41,1,4.25
100847,84,2,0.8
100847,75,1,3.5
100848,37,1,3.0
100848,63,1,0.8
100849,28,2,2.0
100850,42,2,2.5
100851,35,2,3.1
100852,58,2,3.5
100853,58,1,3.5
100853,72,1,3.25
100854,26,2,3.0
100855,22,2,2.0
100856,60,2,3.75
100856,73,1,3.75
100857,48,2,2.5
100858,59,1,4.5
100859,40,2,3.75
100860,49,2,3.0
100861,24,2,3.0
100862,54,2,2.5
100863,59,2,4.5
100864,47,2,3.0
100865,58,2,3.5
100866,55,1,4.0
100867,42,2,2.5
100868,29,2,2.5
100868,6,1,21.0
100869,45,1,3.0
100869,76,1,3.5
100870,33,1,3.5
100871,22,2,2.0
100871,74,1,3.5
100872,58,1,3.5
100873,33,1,3.5
100874,42,1,2.5
100875,27,2,3.5
100876,35,2,3.1
100876,5,1,15.0
100877,27,1,3.5
100878,60,1,3.75
100879,48,2,2.5
100879,18,1,6.4
100880,61,2,4.75
100880,73,1,3.75
100881,27,2,3.5
100882,41,1,4.25
100882,64,1,0.8
100883,33,2,3.5
100884,23,2,2.5
100885,50,1,2.5
100886,46,2,2.5
100887,38,2,3.75
100887,84,1,0.8
100888,27,2,3.5
100889,39,2,4.25
100889,84,2,0.8
100890,55,1,4.0
100891,35,2,3.1
100892,50,2,2.5
100892,20,1,7.6
100893,59,1,4.5
100894,44,2,2.5
100895,44,2,2.5
100895,75,1,3.5
100896,30,1,3.0
100897,61,2,4.75
100898,54,1,2.5
100899,55,1,4.0
100899,78,1,4.5
100900,59,2,4.5
100900,74,1,3.5
100901,49,2,3.0
100901,77,1,3.0
100902,31,2,2.2
100903,25,2,2.2
100904,24,2,3.0
100905,33,2,3.5
100906,87,2,3.0
100907,38,1,3.75
100907,65,1,0.8
100908,45,1,3.0
100909,58,2,3.5
100910,53,2,3.0
100911,22,2,2.0
100912,30,2,3.0
100913,58,2,3.5
100914,45,2,3.0
100915,41,1,4.25
100915,64,2,0.8
100916,48,2,2.5
100917,57,2,3.1
100917,8,1,45.0
100918,31,2,2.2
100919,26,1,3.0
100920,87,2,3.0
100921,34,2,2.45
100922,28,2,2.0
100923,41,2,4.25
100923,64,1,0.8
100923,77,1,3.0
100924,26,2,3.0
100925,23,2,2.5
100926,55,2,4.0
100927,59,2,4.5
100928,34,2,2.45
100929,61,2,4.75
100930,59,1,4.5
100931,58,2,3.5
100932,47,2,3.0
100933,22,2,2.0
100934,32,1,3.0
100934,78,1,4.5
100935,48,1,2.5
100935,79,1,3.75
100936,59,2,4.5
100936,72,1,3.25
100937,23,2,2.5
100938,61,1,4.75
100939,47,2,3.0
100939,73,1,3.75
100940,27,2,3.5
100941,23,2,2.5
100942,44,2,2.5
100943,38,1,3.75
100943,63,1,0.8
100944,51,2,3.0
100944,36,2,3.75
100945,40,1,3.75
100946,48,2,2.5
100947,49,2,3.0
100948,30,1,3.0
100949,37,2,3.0
100949,84,2,0.8
100949,74,1,3.5
100950,29,2,2.5
100950,1,1,18.0
100951,47,2,3.0
100951,77,1,3.0
100952,38,1,3.75
100952,64,2,0.8
100953,27,2,3.5
100954,38,2,3.75
100954,84,2,0.8
100955,42,1,2.5
100956,45,2,3.0
100957,58,2,3.5
100958,22,2,2.0
100958,77,1,3.0
100959,39,2,4.25
100959,65,1,0.8
100959,76,1,3.5
100960,48,2,2.5
100961,26,1,3.0
100961,77,1,3.0
100962,30,2,3.0
100963,46,2,2.5
100964,26,2,3.0
100965,22,1,2.0
100966,87,2,3.0
100966,71,1,3.75
100967,32,2,3.0
100968,46,2,2.5
100969,61,1,4.75
100969,73,1,3.75
100970,28,2,2.0
100970,71,1,3.75
100971,44,2,2.5
100971,71,1,3.75
100972,54,2,2.5
100973,36,1,3.75
100974,56,2,2.55
100975,35,2,3.1
100976,37,1,3.0
100977,41,2,4.25
100978,60,1,3.75
100978,75,1,3.5
100978,1,1,18.0
100979,56,2,2.55
100979,76,1,3.5
100979,20,1,7.6
100980,37,1,3.0
100980,63,1,0.8
100980,4,1,20.45
100981,41,1,4.25
100981,64,2,0.8
100982,57,1,3.1
100982,71,1,3.75
100982,2,1,18.0
100983,36,2,3.75
100983,12,1,8.95
100984,48,2,2.5
100985,38,2,3.75
100985,84,2,0.8
100986,26,2,3.0
100987,25,2,2.2
100988,50,2,2.5
100989,27,1,3.5
100990,56,2,2.55
100990,79,1,3.75
100991,55,2,4.0
100992,45,1,3.0
100993,37,2,3.0
100993,65,1,0.8
100994,59,2,4.5
100995,56,1,2.55
100996,58,2,3.5
100996,76,1,3.5
100997,42,2,2.5
100998,44,2,2.5
100999,33,2,3.5
100999,3,1,14.75
101000,27,2,3.5
101001,22,1,2.0
101001,75,1,3.5
101002,59,1,4.5
101003,47,1,3.0
101004,58,1,3.5
101005,29,2,2.5
101005,79,1,3.75
101006,22,2,2.0
101007,24,2,3.0
101007,75,1,3.5
101007,83,1,14.0
101008,60,2,3.75
101008,74,1,3.5
101008,4,1,20.45
101009,61,2,4.75
101010,23,2,2.5
101010,3,1,14.75
101011,52,2,2.5
101011,79,1,3.75
101012,29,1,2.5
101012,16,1,8.95
101013,49,1,3.0
101014,28,1,2.0
101015,61,2,4.75
101016,60,2,3.75
101016,73,1,3.75
101017,26,1,3.0
101018,37,2,3.0
101018,65,2,0.8
101019,29,1,2.5
101020,30,2,3.0
101021,53,1,3.0
101022,32,1,3.0
101022,71,1,3.75
101023,41,2,4.25
101023,79,1,3.75
101024,25,1,2.2
101025,36,2,3.75
101026,42,1,2.5
101027,31,1,2.2
101028,43,1,3.0
101029,27,1,3.5
101030,40,2,3.75
101030,63,1,0.8
101031,51,2,3.0
101032,52,2,2.5
101033,38,2,3.75
101034,30,2,3.0
101035,58,1,3.5
101036,54,2,2.5
101037,41,2,4.25
101037,64,1,0.8
101038,57,2,3.1
101039,27,2,3.5
101039,71,1,3.75
101040,46,1,2.5
101041,23,2,2.5
101042,49,2,3.0
101043,55,2,4.0
101044,56,2,2.55
101045,60,2,3.75
101046,53,1,3.0
101047,26,1,3.0
101048,41,1,4.25
101048,64,2,0.8
101049,50,1,2.5
101050,29,1,2.5
101051,43,2,3.0
101051,76,1,3.5
101052,58,2,3.5
101053,31,2,2.2
101054,27,1,3.5
101055,46,2,2.5
101056,43,1,3.0
101057,57,2,3.1
101058,31,2,2.2
101059,54,1,2.5
101060,53,2,3.0
101060,14,1,8.95
101061,36,2,3.75
101061,76,1,3.5
101062,45,1,3.0
101063,61,1,4.75
101064,55,2,4.0
101065,36,1,3.75
101065,69,1,3.25
101066,25,1,2.2
101067,59,2,4.5
101068,32,1,3.0
101069,25,2,2.2
101069,14,1,8.95
101070,37,2,3.0
101071,54,1,2.5
101071,76,1,3.5
101072,46,2,2.5
101073,53,2,3.0
101074,42,1,2.5
101075,25,2,2.2
101076,33,2,3.5
101076,75,1,3.5
101077,34,2,2.45
101078,51,2,3.0
101078,75,1,3.5
101079,30,1,3.0
101080,27,2,3.5
101081,52,2,2.5
101082,55,1,4.0
101082,78,1,4.5
101083,49,1,3.0
101084,57,1,3.1
101085,48,1,2.5
101086,35,2,3.1
101087,31,2,2.2
101087,74,1,3.5
101088,52,1,2.5
101089,34,2,2.45
101090,39,1,4.25
101090,63,1,0.8
101091,60,1,3.75
101092,41,2,4.25
101093,41,2,4.25
101093,84,2,0.8
101094,35,2,3.1
101094,77,1,3.0
101094,16,1,8.95
101095,47,1,3.0
101096,31,2,2.2
101097,25,1,2.2
101098,42,2,2.5
101098,69,1,3.25
101099,60,2,3.75
101100,32,1,3.0
101101,22,2,2.0
101102,22,2,2.0
101102,9,1,22.5
101103,29,2,2.5
101104,55,2,4.0
101105,61,1,4.75
101106,40,2,3.75
101106,63,1,0.8
101107,42,1,2.5
101108,48,2,2.5
101109,38,2,3.75
101110,33,2,3.5
101111,49,2,3.0
101112,58,2,3.5
101112,79,1,3.75
101113,56,2,2.55
101114,55,1,4.0
101115,40,1,3.75
101115,65,2,0.8
101115,74,1,3.5
101116,38,1,3.75
101116,64,1,0.8
101117,51,2,3.0
101118,24,1,3.0
101119,56,2,2.55
101120,53,1,3.0
101121,31,2,2.2
101122,50,2,2.5
101123,49,1,3.0
101124,25,2,2.2
101125,28,1,2.0
101126,44,2,2.5
101127,42,1,2.5
101128,40,1,3.75
101128,63,2,0.8
101129,87,2,3.0
101130,47,2,3.0
101131,40,1,3.75
101131,63,1,0.8
101131,77,1,3.0
101132,60,1,3.75
101133,52,2,2.5
101134,24,1,3.0
101135,51,1,3.0
101136,28,1,2.0
101137,50,1,2.5
101138,55,2,4.0
101139,32,2,3.0
101140,26,2,3.0
101141,33,1,3.5
101142,43,2,3.0
101143,23,2,2.5
101143,79,1,3.75
101144,87,2,3.0
101145,54,2,2.5
101145,69,1,3.25
101146,50,2,2.5
101147,45,1,3.0
101148,46,2,2.5
101148,77,1,3.0
101149,59,2,4.5
101150,41,2,4.25
101150,65,2,0.8
101151,37,2,3.0
101151,64,2,0.8
101152,25,2,2.2
101153,60,2,3.75
101153,78,1,4.5
101154,27,1,3.5
101155,41,2,4.25
101155,84,2,0.8
101155,71,1,3.75
101156,40,1,3.75
101156,84,2,0.8
101157,61,2,4.75
101158,60,2,3.75
101159,24,2,3.0
101160,33,2,3.5
101161,30,2,3.0
101161,69,1,3.25
101162,61,1,4.75
101162,70,1,3.25
101162,21,1,13.33
101163,43,2,3.0
101164,41,2,4.25
101164,84,1,0.8
101165,53,2,3.0
101166,23,1,2.5
101166,69,1,3.25
101167,23,1,2.5
101167,77,1,3.0
101168,35,1,3.1
101169,53,2,3.0
101169,75,1,3.5
101170,52,2,2.5
101171,40,2,3.75
101171,63,1,0.8
101172,23,1,2.5
101173,49,1,3.0
101173,69,1,3.25
101173,82,1,12.0
101174,56,1,2.55
101175,39,2,4.25
101175,63,1,0.8
101175,78,1,4.5
101176,46,1,2.5
101176,79,1,3.75
101177,30,2,3.0
101177,74,1,3.5
101178,45,1,3.0
101179,87,1,3.0
101179,76,1,3.5
101180,32,2,3.0
101180,76,1,3.5
101181,34,2,2.45
101182,61,1,4.75
101183,39,1,4.25
101183,64,1,0.8
101184,54,1,2.5
101185,55,2,4.0
101186,39,2,4.25
101186,65,1,0.8
101186,72,1,3.25
101187,35,2,3.1
101188,28,1,2.0
101189,55,1,4.0
101190,53,1,3.0
101191,25,1,2.2
101192,33,1,3.5
101193,41,2,4.25
101193,65,1,0.8
101194,45,2,3.0
101195,58,2,3.5
101196,61,1,4.75
101197,54,1,2.5
101198,25,1,2.2
101199,54,1,2.5
101200,45,2,3.0
101201,51,1,3.0
101202,32,2,3.0
101202,78,1,4.5
101203,58,2,3.5
101204,49,1,3.0
101205,30,2,3.0
101205,79,1,3.75
101206,48,1,2.5
101206,77,1,3.0
101207,26,1,3.0
101207,70,1,3.25
101208,41,2,4.25
101208,63,1,0.8
101208,69,1,3.25
101209,37,2,3.0
101209,65,2,0.8
101210,26,1,3.0
101211,38,1,3.75
101211,63,1,0.8
101212,29,1,2.5
101212,75,1,3.5
101213,31,1,2.2
101214,32,1,3.0
101215,61,2,4.75
101216,44,1,2.5
101217,24,1,3.0
101217,79,1,3.75
101218,50,2,2.5
101219,52,2,2.5
101219,11,1,8.95
101220,71,1,3.75
101221,41,1,4.25
101221,84,1,0.8
101221,74,1,3.5
101222,51,2,3.0
101223,26,2,3.0
101223,3,1,14.75
101224,28,2,2.0
101225,71,1,3.75
101226,34,2,2.45
101227,46,1,2.5
101228,52,2,2.5
101228,69,1,3.25
101229,27,1,3.5
101230,45,1,3.0
101231,28,2,2.0
101231,74,1,3.5
101232,37,2,3.0
101232,63,2,0.8
101233,41,1,4.25
101233,65,1,0.8
101234,25,1,2.2
101234,79,1,3.75
101235,30,1,3.0
101236,57,1,3.1
101237,38,1,3.75
101237,84,1,0.8
101237,69,1,3.25
101238,45,2,3.0
101238,74,1,3.5
101239,54,2,2.5
101240,59,2,4.5
101240,73,1,3.75
101241,26,2,3.0
101242,61,2,4.75
101243,36,2,3.75
101243,74,1,3.5
101244,53,2,3.0
101245,60,1,3.75
101246,26,1,3.0
101246,76,1,3.5
101247,60,1,3.75
101248,49,2,3.0
101249,38,2,3.75
101249,84,1,0.8
101250,71,1,3.75
101250,71,1,3.75
101251,28,1,2.0
101252,30,1,3.0
101252,47,1,3.0
101253,41,1,4.25
101253,65,1,0.8
101254,53,2,3.0
101255,51,2,3.0
101256,52,1,2.5
101256,81,1,28.0
101257,27,1,3.5
101258,39,1,4.25
101258,84,1,0.8
101259,41,2,4.25
101259,65,1,0.8
101260,59,1,4.5
101261,29,1,2.5
101262,49,1,3.0
101262,9,1,22.5
101263,28,2,2.0
101264,55,1,4.0
101265,54,1,2.5
101266,51,1,3.0
101267,26,1,3.0
101267,69,1,3.25
101268,36,1,3.75
101268,78,1,4.5
101269,28,1,2.0
101269,75,1,3.5
101269,2,1,18.0
101270,56,2,2.55
101271,23,1,2.5
101271,2,1,18.0
101272,28,1,2.0
101273,53,1,3.0
101274,30,2,3.0
101275,45,1,3.0
101276,39,2,4.25
101276,64,2,0.8
101277,34,1,2.45
101277,9,1,22.5
101278,42,2,2.5
101278,73,1,3.75
101279,22,2,2.0
101279,76,1,3.5
101280,43,2,3.0
101281,58,2,3.5
101282,48,1,2.5
101283,41,2,4.25
101283,65,2,0.8
101284,60,1,3.75
101285,49,1,3.0
101285,79,1,3.75
101286,53,1,3.0
101287,35,2,3.1
101288,36,2,3.75
101289,60,2,3.75
101290,42,2,2.5
101291,57,1,3.1
101292,30,1,3.0
101293,46,1,2.5
101294,56,2,2.55
101294,6,1,21.0
101295,29,2,2.5
101296,41,4,4.25
101296,63,2,0.8
101297,36,1,3.75
101297,76,1,3.5
101298,55,1,4.0
101299,50,2,2.5
101300,31,1,2.2
101301,29,1,2.5
101302,55,1,4.0
101303,28,1,2.0
101304,48,1,2.5
101304,76,1,3.5
101305,58,2,3.5
101305,77,1,3.0
101306,49,2,3.0
101306,9,1,22.5
101307,22,1,2.0
101307,75,1,3.5
101308,35,1,3.1
101308,71,1,3.75
101309,52,1,2.5
101310,30,1,3.0
101311,23,1,2.5
101311,79,1,3.75
101312,60,1,3.75
101313,48,2,2.5
101313,51,1,3.0
101313,74,1,3.5
101314,26,2,3.0
101315,43,1,3.0
101315,82,1,12.0
101316,30,2,3.0
101317,24,1,3.0
101318,33,2,3.5
101319,33,1,3.5
101320,48,2,2.5
101320,3,1,14.75
101321,51,2,3.0
101322,34,1,2.45
101323,25,2,2.2
101324,23,1,2.5
101325,26,1,3.0
101326,40,1,3.75
101326,65,1,0.8
101327,40,2,3.75
101327,84,1,0.8
101327,78,1,4.5
101327,78,1,4.5
101328,35,1,3.1
101328,77,1,3.0
101329,49,1,3.0
101330,41,2,4.25
101330,63,2,0.8
101330,73,1,3.75
101331,38,2,3.75
101331,84,1,0.8
101332,33,2,3.5
101332,78,1,4.5
101333,28,1,2.0
101334,29,1,2.5
101335,28,1,2.0
101335,69,1,3.25
101336,29,1,2.5
101337,44,1,2.5
101337,75,1,3.5
101337,22,1,2.0
101338,45,2,3.0
101339,48,2,2.5
101339,76,1,3.5
101340,52,1,2.5
101341,52,1,2.5
101341,76,1,3.5
101342,40,1,3.75
101342,65,1,0.8
101343,24,1,3.0
101344,60,2,3.75
101345,36,2,3.75
101346,30,2,3.0
101346,75,1,3.5
101347,48,2,2.5
101348,61,1,4.75
101349,45,2,3.0
101350,39,2,4.25
101350,84,2,0.8
101350,79,1,3.75
101351,36,1,3.75
101351,72,1,3.25
101352,37,1,3.0
101352,63,1,0.8
101353,43,1,3.0
101354,54,1,2.5
101355,39,1,4.25
101355,64,1,0.8
101356,40,1,3.75
101356,65,1,0.8
101356,83,1,14.0
101357,61,1,4.75
101357,76,1,3.5
101358,36,2,3.75
101359,27,2,3.5
101360,35,2,3.1
101361,59,1,4.5
101361,79,1,3.75
101362,25,1,2.2
101362,69,1,3.25
101363,41,2,4.25
101363,64,2,0.8
101364,30,2,3.0
101365,54,1,2.5
101365,5,1,15.0
101366,49,1,3.0
101367,34,2,2.45
101367,77,1,3.0
101368,34,2,2.45
101369,36,2,3.75
101369,18,1,6.4
101370,27,1,3.5
101371,42,1,2.5
101372,39,2,4.25
101372,65,2,0.8
101373,35,1,3.1
101374,28,1,2.0
101375,44,1,2.5
101375,13,1,8.95
101376,43,1,3.0
101377,35,2,3.1
101378,55,1,4.0
101379,51,2,3.0
101379,20,1,7.6
101380,56,2,2.55
101380,75,1,3.5
101381,42,2,2.5
101382,37,1,3.0
101382,84,2,0.8
101383,46,2,2.5
101383,10,1,10.0
101384,29,2,2.5
101385,53,2,3.0
101386,32,2,3.0
101387,54,1,2.5
101387,76,1,3.5
101388,58,2,3.5
101389,40,1,3.75
101389,64,2,0.8
101389,16,1,8.95
101390,33,1,3.5
101390,75,1,3.5
101391,25,1,2.2
101391,70,1,3.25
101392,24,2,3.0
101393,30,2,3.0
101394,27,1,3.5
101394,79,1,3.75
101395,53,1,3.0
101396,48,2,2.5
101397,51,2,3.0
101397,71,1,3.75
101398,44,1,2.5
101398,69,1,3.25
101399,60,2,3.75
101400,87,1,3.0
101401,55,2,4.0
101402,60,1,3.75
101403,39,2,4.25
101403,63,1,0.8
101404,46,2,2.5
101405,47,1,3.0
101406,47,1,3.0
101406,81,1,28.0
101407,57,1,3.1
101408,32,2,3.0
101408,78,1,4.5
101409,23,1,2.5
101410,51,1,3.0
101411,46,1,2.5
101412,29,1,2.5
101413,27,1,3.5
101413,83,1,14.0
101414,29,1,2.5
101414,79,1,3.75
101415,52,1,2.5
101416,60,2,3.75
101416,5,1,15.0
101417,29,1,2.5
101418,23,1,2.5
101419,38,1,3.75
101419,64,2,0.8
101419,17,1,9.5
101420,45,2,3.0
101420,76,1,3.5
101421,52,2,2.5
101422,30,1,3.0
101423,53,1,3.0
101424,42,1,2.5
101425,40,2,3.75
101425,84,1,0.8
101426,57,1,3.1
101426,75,1,3.5
101427,41,1,4.25
101427,63,1,0.8
101428,44,2,2.5
101429,24,1,3.0
101430,37,2,3.0
101430,63,1,0.8
101431,41,2,4.25
101431,64,2,0.8
101432,30,1,3.0
101433,71,1,3.75
101434,48,1,2.5
101434,8,1,45.0
101435,44,2,2.5
101435,79,1,3.75
101436,51,1,3.0
101436,72,1,3.25
101437,43,2,3.0
101437,79,1,3.75
101438,37,2,3.0
101438,64,2,0.8
101438,7,1,19.75
101439,51,2,3.0
101440,70,1,3.25
101441,42,2,2.5
101442,29,2,2.5
101443,58,2,3.5
101444,40,1,3.75
101444,65,2,0.8
101445,36,2,3.75
101445,42,1,2.5
101445,72,1,3.25
101446,41,1,4.25
101446,64,1,0.8
101447,25,1,2.2
101447,12,1,8.95
101448,24,1,3.0
101449,54,2,2.5
101450,48,2,2.5
101450,69,1,3.25
101451,29,2,2.5
101452,43,2,3.0
101453,47,1,3.0
101454,56,1,2.55
101454,79,1,3.75
101455,59,2,4.5
101456,55,2,4.0
101457,31,2,2.2
101458,40,2,3.75
101458,64,2,0.8
101459,22,2,2.0
101459,75,1,3.5
101460,50,2,2.5
101460,73,1,3.75
101461,55,1,4.0
101461,69,1,3.25
101462,41,1,4.25
101462,63,2,0.8
101462,72,1,3.25
101463,42,1,2.5
101464,29,2,2.5
101465,61,1,4.75
101465,81,1,28.0
101466,27,1,3.5
101466,70,1,3.25
101467,55,2,4.0
101468,54,1,2.5
101468,77,1,3.0
101469,37,1,3.0
101469,84,2,0.8
101470,52,2,2.5
101471,53,2,3.0
101471,71,1,3.75
101472,43,2,3.0
101472,11,1,8.95
101473,45,1,3.0
101474,34,2,2.45
101475,42,1,2.5
101476,51,2,3.0
101476,75,1,3.5
101477,26,2,3.0
101478,57,2,3.1
101478,12,1,8.95
101479,38,2,3.75
101479,64,1,0.8
101480,49,1,3.0
101481,49,1,3.0
101482,34,1,2.45
101483,23,2,2.5
101484,52,1,2.5
101485,34,1,2.45
101486,56,2,2.55
101487,22,2,2.0
101488,57,2,3.1
101489,39,1,4.25
101489,63,1,0.8
101490,47,1,3.0
101490,70,1,3.25
101491,37,2,3.0
101491,65,1,0.8
101492,47,2,3.0
101493,30,1,3.0
101493,76,1,3.5
101494,32,2,3.0
101494,70,1,3.25
101495,59,2,4.5
101495,76,1,3.5
101496,50,1,2.5
101497,22,1,2.0
101498,39,2,4.25
101498,63,1,0.8
101499,32,1,3.0
101500,49,2,3.0
101500,79,1,3.75
101500,8,1,45.0
101501,23,1,2.5
101502,28,2,2.0
101503,48,1,2.5
101504,48,1,2.5
101505,32,2,3.0
101506,30,1,3.0
101507,27,1,3.5
101508,40,1,3.75
101508,84,1,0.8
101509,42,2,2.5
101510,41,2,4.25
101510,64,1,0.8
101511,32,2,3.0
101511,72,1,3.25
101512,31,2,2.2
101513,33,1,3.5
101513,72,1,3.25
101513,16,1,8.95
101514,41,1,4.25
101514,65,1,0.8
101514,12,1,8.95
101515,26,2,3.0
101516,49,2,3.0
101517,24,2,3.0
101518,33,2,3.5
101519,27,2,3.5
101520,31,1,2.2
101521,37,1,3.0
101521,64,1,0.8
101522,61,1,4.75
101522,71,1,3.75
101523,25,2,2.2
101524,50,1,2.5
101524,1,1,18.0
101525,43,1,3.0
101526,51,1,3.0
101526,72,1,3.25
101527,52,1,2.5
101528,22,1,2.0
101529,52,2,2.5
101530,60,1,3.75
101531,36,2,3.75
101532,22,1,2.0
101532,10,1,10.0
101533,71,1,3.75
101534,38,2,3.75
101534,63,1,0.8
101535,32,1,3.0
101536,59,2,4.5
101537,36,2,3.75
101537,72,1,3.25
101538,48,1,2.5
101539,32,1,3.0
101540,23,1,2.5
101541,26,2,3.0
101542,33,1,3.5
101542,71,1,3.75
101543,38,1,3.75
101543,84,1,0.8
101543,73,1,3.75
101544,44,2,2.5
101545,55,1,4.0
101546,23,2,2.5
101546,81,1,28.0
101547,71,1,3.75
101547,71,1,3.75
101547,71,1,3.75
101548,58,2,3.5
101548,73,1,3.75
101548,4,1,20.45
101549,38,1,3.75
101549,63,2,0.8
101549,74,1,3.5
101550,33,1,3.5
101550,73,1,3.75
101551,37,1,3.0
101551,63,1,0.8
101551,77,1,3.0
101551,17,1,9.5
101552,51,2,3.0
101552,69,1,3.25
101553,40,1,3.75
101553,84,1,0.8
101553,73,1,3.75
101554,43,1,3.0
101554,74,1,3.5
101555,49,1,3.0
101556,55,1,4.0
101556,76,1,3.5
101557,28,1,2.0
101557,75,1,3.5
101558,29,2,2.5
101558,79,1,3.75
101559,33,1,3.5
101560,40,2,3.75
101560,64,1,0.8
101561,38,2,3.75
101561,64,2,0.8
101562,51,1,3.0
101562,81,1,28.0
101563,45,1,3.0
101563,79,1,3.75
101564,46,2,2.5
101565,37,2,3.0
101565,84,2,0.8
101566,59,2,4.5
101567,39,2,4.25
101567,65,2,0.8
101567,77,1,3.0
101568,22,2,2.0
101568,2,1,18.0
101569,45,1,3.0
101570,53,2,3.0
101570,73,1,3.75
101571,43,1,3.0
101572,32,2,3.0
101573,25,1,2.2
101574,41,1,4.25
101574,65,2,0.8
101575,59,1,4.5
101576,44,2,2.5
101577,46,2,2.5
101578,41,1,4.25
101578,65,1,0.8
101579,61,2,4.75
101580,35,2,3.1
101581,61,1,4.75
101582,34,2,2.45
101582,70,1,3.25
101583,38,2,3.75
101583,63,2,0.8
101584,44,1,2.5
101585,23,1,2.5
101586,22,1,2.0
101586,69,1,3.25
101587,87,1,3.0
101587,75,1,3.5
101588,46,1,2.5
101589,54,1,2.5
101589,74,1,3.5
101589,83,1,14.0
101590,38,1,3.75
101590,65,2,0.8
101591,87,2,3.0
101591,18,1,10.95
101592,36,1,3.75
101592,69,1,3.25
101593,56,2,2.55
101594,52,1,2.5
101595,39,2,4.25
101595,64,2,0.8
101596,31,1,2.2
101597,26,1,3.0
101598,44,1,2.5
101599,28,1,2.0
101600,53,2,3.0
101601,36,1,3.75
101601,77,1,3.0
101602,46,1,2.5
101603,53,2,3.0
101604,52,1,2.5
101605,71,1,3.75
101606,33,2,3.5
101607,29,2,2.5
101608,55,2,4.0
101609,36,1,3.75
101610,40,1,3.75
101610,65,1,0.8
101611,44,1,2.5
101611,78,1,4.5
101612,40,2,3.75
101612,64,1,0.8
101612,75,1,3.5
101613,39,1,4.25
101613,84,2,0.8
101614,61,1,4.75
101615,48,1,2.5
101616,25,1,2.2
101617,41,2,4.25
101617,84,1,0.8
101618,31,1,2.2
101619,46,1,2.5
101619,79,1,3.75
101620,37,2,3.0
101620,65,1,0.8
101620,76,1,3.5
101621,39,1,4.25
101621,64,2,0.8
101621,75,1,3.5
101622,26,2,3.0
101622,76,1,3.5
101623,38,2,3.75
101623,63,1,0.8
101624,39,2,4.25
101624,64,2,0.8
101624,75,1,3.5
101625,23,2,2.5
101625,76,1,3.5
101626,32,1,3.0
101626,71,1,3.75
101627,59,1,4.5
101628,27,1,3.5
101629,33,1,3.5
101629,81,1,23.0
101630,54,1,2.5
101630,70,1,3.25
101631,40,2,3.75
101631,64,2,0.8
101632,35,1,3.1
101632,79,1,3.75
101633,50,1,2.5
101634,36,1,3.75
101634,69,1,3.25
101635,22,2,2.0
101636,36,2,3.75
101636,77,1,3.0
101637,42,1,2.5
101638,22,2,2.0
101638,73,1,3.75
101639,54,1,2.5
101640,58,2,3.5
101640,82,1,12.0
101641,61,1,4.75
101642,53,2,3.0
101643,57,1,3.1
101643,21,1,13.33
101644,53,2,3.0
101645,57,2,3.1
101646,37,1,3.0
101646,84,1,0.8
101647,25,2,2.2
101648,35,1,3.1
101649,45,2,3.0
101650,46,2,2.5
101650,2,1,18.0
101651,47,2,3.0
101652,58,1,3.5
101653,53,2,3.0
101653,79,1,3.75
101654,52,1,2.5
101655,35,1,3.1
101656,30,1,3.0
101656,76,1,3.5
101657,71,1,3.75
101657,71,1,3.75
101658,25,2,2.2
101659,47,1,3.0
101660,36,1,3.75
101660,13,1,8.95
101661,57,1,3.1
101661,70,1,3.25
101662,50,2,2.5
101663,32,3,3.0
101664,37,1,3.0
101664,84,2,0.8
101665,36,1,3.75
101665,8,1,45.0
101666,51,2,3.0
101667,23,2,2.5
101668,55,1,4.0
101669,71,1,3.75
101670,27,1,3.5
101671,35,2,3.1
101672,79,1,3.75
101673,41,2,4.25
101673,63,2,0.8
101674,61,1,4.75
101675,40,1,3.75
101675,84,2,0.8
101676,57,1,3.1
101676,69,1,3.25
101677,27,1,3.5
101678,25,2,2.2
101679,44,1,2.5
101680,61,2,4.75
101681,29,1,2.5
101681,71,1,3.75
101682,50,1,2.5
101683,26,2,3.0
101684,52,1,2.5
101685,51,1,3.0
101686,22,1,2.0
101687,61,1,4.75
101688,46,2,2.5
101689,38,2,3.75
101689,64,1,0.8
101690,38,1,3.75
101690,84,2,0.8
101691,52,2,2.5
101692,26,1,3.0
101693,52,1,2.5
101694,47,2,3.0
101694,73,1,3.75
101695,54,2,2.5
101696,55,2,4.0
101697,53,1,3.0
101698,51,2,3.0
101699,44,2,2.5
101700,47,1,3.0
101701,41,1,4.25
101702,39,2,4.25
101702,65,2,0.8
101703,50,2,2.5
101704,49,2,3.0
101704,75,1,3.5
101705,54,1,2.5
101706,42,1,2.5
101707,60,1,3.75
101708,27,1,3.5
101709,43,2,3.0
101709,71,1,3.75
101710,38,2,3.75
101710,64,2,0.8
101711,40,1,3.75
101711,13,1,8.95
101712,45,1,3.0
101713,23,1,2.5
101713,71,1,3.75
101714,49,1,3.0
101715,52,1,2.5
101716,57,1,3.1
101717,54,1,2.5
101718,42,2,2.5
101718,74,1,3.5
101719,36,1,3.75
101719,9,1,22.5
101720,24,1,3.0
101721,27,2,3.5
101722,51,2,3.0
101723,57,1,3.1
101723,73,1,3.75
101724,30,1,3.0
101725,87,1,3.0
101726,52,1,2.5
101727,24,2,3.0
101728,28,2,2.0
101729,47,2,3.0
101730,32,1,3.0
101731,61,2,4.75
101732,60,1,3.75
101732,73,1,3.75
101732,82,1,12.0
101733,54,1,2.5
101734,43,2,3.0
101735,58,1,3.5
101736,61,2,4.75
101736,78,1,4.5
101737,32,1,3.0
101737,81,1,28.0
101738,29,2,2.5
101738,69,1,3.25
101739,38,1,3.75
101739,79,1,3.75
101740,40,1,3.75
101740,65,1,0.8
101740,69,1,3.25
101740,81,1,28.0
101741,60,1,3.75
101742,31,2,2.2
101743,49,2,3.0
101744,42,1,2.5
101744,18,1,10.95
101745,27,2,3.5
101746,58,1,3.5
101747,40,2,3.75
101747,84,2,0.8
101747,73,1,3.75
101748,56,2,2.55
101748,78,1,4.5
101749,24,2,3.0
101750,42,2,2.5
101750,9,1,22.5
101751,44,1,2.5
101752,36,1,3.75
101753,28,1,2.0
101754,31,2,2.2
101755,61,2,4.75
101755,70,1,3.25
101756,28,1,2.0
101756,76,1,3.5
101757,47,2,3.0
101757,77,1,3.0
101758,49,2,3.0
101758,9,1,22.5
101759,32,1,3.0
101760,58,1,3.5
101761,87,2,3.0
101762,50,1,2.5
101763,37,1,3.0
101763,65,2,0.8
101763,76,1,3.5
101764,52,1,2.5
101764,79,1,3.75
101765,41,1,4.25
101766,46,2,2.5
101767,47,1,3.0
101767,1,1,18.0
101768,36,1,3.75
101768,78,1,4.5
101769,31,1,2.2
101769,77,1,3.0
101770,37,2,3.0
101771,56,2,2.55
101772,28,2,2.0
101773,45,1,3.0
101774,39,1,4.25
101775,39,1,4.25
101775,21,1,13.33
101776,47,2,3.0
101777,29,2,2.5
101778,55,2,4.0
101778,7,1,19.75
101779,61,2,4.75
101780,28,1,2.0
101781,31,2,2.2
101782,60,1,3.75
101783,25,1,2.2
101784,53,1,3.0
101784,69,1,3.25
101785,46,1,2.5
101786,53,2,3.0
101787,33,2,3.5
101788,87,1,3.0
101789,42,2,2.5
101790,33,1,3.5
101791,44,2,2.5
101791,75,1,3.5
101792,27,1,3.5
101792,76,1,3.5
101793,36,2,3.75
101794,30,2,3.0
101794,69,1,3.25
101795,32,2,3.0
101795,75,1,3.5
101796,54,1,2.5
101796,71,1,3.75
101797,38,1,3.75
101798,50,2,2.5
101798,71,1,3.75
101799,45,1,3.0
101799,72,1,3.25
101800,58,1,3.5
101801,46,2,2.5
101802,25,2,2.2
101803,48,2,2.5
101804,34,1,2.45
101805,23,1,2.5
101806,35,1,3.1
101807,23,1,2.5
101808,40,1,3.75
101809,54,2,2.5
101810,41,1,4.25
101810,64,2,0.8
101810,73,1,3.75
101810,83,1,14.0
101811,22,1,2.0
101812,39,2,4.25
101812,65,1,0.8
101813,54,2,2.5
101814,58,1,3.5
101814,6,1,21.0
101814,81,1,28.0
101815,45,1,3.0
101815,73,1,3.75
101816,59,2,4.5
101816,3,1,14.75
101817,61,1,4.75
101818,37,1,3.0
101818,63,1,0.8
101818,83,1,23.0
101819,39,1,4.25
101819,65,2,0.8
101820,87,1,3.0
101821,87,1,3.0
101821,79,1,3.75
101822,44,1,2.5
101822,16,1,8.95
101823,32,1,3.0
101823,72,1,3.25
101824,33,2,3.5
101825,61,1,4.75
101826,57,1,3.1
101827,37,1,3.0
101827,63,2,0.8
101828,29,1,2.5
101829,30,1,3.0
101830,48,2,2.5
101830,11,1,8.95
101831,43,2,3.0
101831,69,1,3.25
101831,1,1,18.0
101832,35,1,3.1
101833,36,2,3.75
101834,31,1,2.2
101835,24,1,3.0
101835,70,1,3.25
101836,29,1,2.5
101836,71,1,3.75
101837,44,1,2.5
101838,28,2,2.0
101839,36,1,3.75
101840,25,2,2.2
101841,87,2,3.0
101842,28,2,2.0
101843,61,1,4.75
101844,59,2,4.5
101845,41,2,4.25
101845,65,2,0.8
101845,78,1,4.5
101846,23,2,2.5
101846,69,1,3.25
101847,45,2,3.0
101848,36,2,3.75
101849,25,2,2.2
101849,82,1,12.0
101850,23,1,2.5
101850,73,1,3.75
101851,43,1,3.0
101851,78,1,4.5
101852,55,2,4.0
101853,31,2,2.2
101854,36,1,3.75
101855,60,1,3.75
101855,72,1,3.25
101856,32,1,3.0
101857,34,1,2.45
101858,27,1,3.5
101859,42,2,2.5
101860,30,2,3.0
101860,69,1,3.25
101861,61,2,4.75
101862,33,1,3.5
101863,48,2,2.5
101864,37,1,3.0
101864,69,1,3.25
101865,39,1,4.25
101865,63,1,0.8
101865,74,1,3.5
101866,26,2,3.0
101867,57,2,3.1
101868,35,1,3.1
101869,31,2,2.2
101870,30,2,3.0
101871,27,1,3.5
101872,54,2,2.5
101872,72,1,3.25
101873,28,2,2.0
101874,34,2,2.45
101875,53,1,3.0
101876,52,2,2.5
101877,48,1,2.5
101878,38,1,3.75
101879,24,1,3.0
101880,22,1,2.0
101880,11,1,8.95
101881,56,1,2.55
101882,33,1,3.5
101883,25,1,2.2
101883,78,1,4.5
101884,50,2,2.5
101884,70,1,3.25
101885,35,2,3.1
101886,50,1,2.5
101887,28,2,2.0
101888,44,1,2.5
101889,49,2,3.0
101890,42,2,2.5
101890,79,1,3.75
101891,31,2,2.2
101891,82,1,12.0
101892,43,1,3.0
101893,45,2,3.0
101894,48,2,2.5
101894,6,1,21.0
101895,60,1,3.75
101896,87,2,3.0
101897,59,2,4.5
101898,87,2,3.0
101898,74,1,3.5
101899,56,2,2.55
101899,71,1,3.75
101900,56,1,2.55
101900,74,1,3.5
101901,40,2,3.75
101901,84,2,0.8
101902,36,1,3.75
101903,50,2,2.5
101904,41,2,4.25
101905,25,1,2.2
101905,79,1,3.75
101906,48,1,2.5
101907,23,1,2.5
101908,32,2,3.0
101909,23,1,2.5
101910,59,2,4.5
101911,34,1,2.45
101912,87,1,3.0
101913,24,2,3.0
101913,70,1,3.25
101914,58,2,3.5
101914,13,1,8.95
101915,33,2,3.5
101916,37,1,3.0
101916,65,2,0.8
101917,53,2,3.0
101917,76,1,3.5
101918,48,2,2.5
101918,73,1,3.75
101919,41,1,4.25
101919,84,2,0.8
101920,41,1,4.25
101920,74,1,3.5
101921,32,2,3.0
101921,79,1,3.75
101921,3,1,14.75
101922,28,2,2.0
101923,43,1,3.0
101924,27,2,3.5
101925,34,2,2.45
101925,74,1,3.5
101926,43,1,3.0
101927,25,1,2.2
101928,53,1,3.0
101928,77,1,3.0
101929,53,1,3.0
101930,46,1,2.5
101930,79,1,3.75
101931,44,1,2.5
101932,38,2,3.75
101933,43,1,3.0
101934,40,2,3.75
101934,65,2,0.8
101934,81,1,28.0
101935,53,1,3.0
101935,18,1,10.95
101936,58,1,3.5
101937,41,1,4.25
101938,57,1,3.1
101938,77,1,3.0
101939,28,2,2.0
101940,55,2,4.0
101941,39,1,4.25
101942,35,2,3.1
101942,78,1,4.5
101943,87,1,3.0
101944,40,1,3.75
101944,84,2,0.8
101944,74,1,3.5
101945,47,1,3.0
101946,25,1,2.2
101947,41,2,4.25
101948,41,1,4.25
101949,31,2,2.2
101950,36,2,3.75
101951,54,2,2.5
101952,49,1,3.0
101952,71,1,3.75
101953,51,2,3.0
101954,57,1,3.1
101954,21,1,13.33
101955,38,1,3.75
101956,48,2,2.5
101956,17,1,9.5
101957,41,2,4.25
101958,36,1,3.75
101958,76,1,3.5
101959,51,2,3.0
101959,9,1,22.5
101960,54,1,2.5
101960,76,1,3.5
101961,41,1,4.25
101962,54,1,2.5
101962,20,1,7.6
101963,27,2,3.5
101964,54,2,2.5
101965,39,2,4.25
101965,64,1,0.8
101966,59,2,4.5
101966,14,1,8.95
101967,55,3,4.0
101968,28,1,2.0
101969,33,2,3.5
101970,42,2,2.5
101970,15,1,9.25
101971,29,1,2.5
101972,27,1,3.5
101973,37,1,3.0
101973,65,1,0.8
101974,49,1,3.0
101975,41,1,4.25
101975,65,1,0.8
101976,37,3,3.0
101976,65,2,0.8
101977,44,1,2.5
101977,70,1,3.25
101978,54,2,2.5
101979,50,2,2.5
101980,42,1,2.5
101981,59,1,4.5
101982,39,1,4.25
101982,84,1,0.8
101983,52,1,2.5
101983,18,1,10.95
101984,45,1,3.0
101985,27,2,3.5
101986,41,1,4.25
101986,84,1,0.8
101987,38,1,3.75
101987,64,2,0.8
101988,50,2,2.5
101989,30,2,3.0
101990,59,1,4.5
101991,27,2,3.5
101992,56,2,2.55
101993,61,2,4.75
101994,87,2,3.0
101995,22,1,2.0
101996,28,2,2.0
101997,42,1,2.5
101998,57,1,3.1
101999,57,1,3.1
102000,54,2,2.5
102001,43,2,3.0
102002,53,2,3.0
102003,42,3,2.5
102003,76,1,3.5
102004,28,1,2.0
102004,74,1,3.5
102005,54,2,2.5
102006,47,1,3.0
102007,22,2,2.0
102008,40,2,3.75
102008,65,1,0.8
102009,56,2,2.55
102010,53,1,3.0
102011,29,1,2.5
102011,81,1,28.0
102012,48,1,2.5
102013,40,1,3.75
102013,65,2,0.8
102014,48,1,2.5
102015,44,2,2.5
102016,42,2,2.5
102017,35,1,3.1
102018,24,2,3.0
102019,22,1,2.0
102020,24,1,3.0
102021,30,1,3.0
102022,87,1,3.0
102023,60,2,3.75
102024,51,1,3.0
102025,27,1,3.5
102026,53,2,3.0
102027,36,2,3.75
102027,70,1,3.25
102028,42,1,2.5
102029,36,2,3.75
102030,22,2,2.0
102031,34,2,2.45
102031,75,1,3.5
102032,26,2,3.0
102033,37,2,3.0
102033,63,2,0.8
102034,45,2,3.0
102035,41,1,4.25
102035,64,2,0.8
102036,27,2,3.5
102037,42,1,2.5
102038,25,1,2.2
102039,27,1,3.5
102040,38,2,3.75
102040,84,1,0.8
102041,25,1,2.2
102042,48,2,2.5
102043,23,1,2.5
102043,76,1,3.5
102044,37,2,3.0
102044,65,2,0.8
102045,54,2,2.5
102045,72,1,3.25
102046,23,1,2.5
102047,22,2,2.0
102048,29,2,2.5
102049,49,1,3.0
102049,70,1,3.25
102050,61,1,4.75
102051,59,2,4.5
102052,58,1,3.5
102053,42,2,2.5
102053,79,1,3.75
102054,56,1,2.55
102054,70,1,3.25
102055,87,1,3.0
102055,74,1,3.5
102056,36,2,3.75
102056,73,1,3.75
102057,44,1,2.5
102057,9,1,22.5
102058,50,1,2.5
102059,57,2,3.1
102059,69,1,3.25
102060,53,2,3.0
102061,29,2,2.5
102061,76,1,3.5
102062,39,2,4.25
102062,64,2,0.8
102063,29,1,2.5
102064,60,2,3.75
102065,55,1,4.0
102065,72,1,3.25
102066,22,1,2.0
102066,9,1,22.5
102067,44,1,2.5
102067,71,1,3.75
102068,48,1,2.5
102069,31,2,2.2
102070,61,1,4.75
102071,38,2,3.75
102071,65,1,0.8
102071,70,1,3.25
102072,47,2,3.0
102072,79,1,3.75
102073,37,1,3.0
102074,52,1,2.5
102075,24,1,3.0
102076,59,2,4.5
102077,55,2,4.0
102078,59,1,4.5
102079,37,2,3.0
102079,84,1,0.8
102080,55,2,4.0
102081,61,1,4.75
102082,53,1,3.0
102082,82,1,12.0
102083,27,2,3.5
102084,61,2,4.75
102085,61,1,4.75
102085,70,1,3.25
102085,21,1,13.33
102086,59,2,4.5
102086,70,1,3.25
102087,47,2,3.0
102088,43,1,3.0
102089,45,1,3.0
102090,43,1,3.0
102090,78,1,4.5
102091,37,2,3.0
102091,84,1,0.8
102092,25,2,2.2
102093,41,1,4.25
102093,65,1,0.8
102093,73,1,3.75
102094,39,2,4.25
102094,63,2,0.8
102094,5,1,15.0
102095,51,1,3.0
102096,49,2,3.0
102096,79,1,3.75
102097,43,2,3.0
102098,42,2,2.5
102099,49,2,3.0
102100,30,2,3.0
102101,26,2,3.0
102101,71,1,3.75
102102,40,2,3.75
102103,49,1,3.0
102104,56,2,2.55
102105,55,1,4.0
102106,42,2,2.5
102107,46,2,2.5
102108,48,2,2.5
102108,69,1,3.25
102109,52,2,2.5
102110,48,2,2.5
102110,70,1,3.25
102111,71,1,3.75
102112,29,1,2.5
102113,37,1,3.0
102113,65,2,0.8
102114,55,2,4.0
102115,24,1,3.0
102115,78,1,4.5
102116,51,1,3.0
102116,73,1,3.75
102117,41,1,4.25
102118,28,1,2.0
102119,35,1,3.1
102119,76,1,3.5
102120,53,2,3.0
102121,61,2,4.75
102121,73,1,3.75
102122,54,1,2.5
102123,50,1,2.5
102124,36,1,3.75
102124,78,1,4.5
102125,30,1,3.0
102125,81,1,28.0
102126,29,2,2.5
102127,50,2,2.5
102128,32,2,3.0
102128,70,1,3.25
102129,24,2,3.0
102130,28,1,2.0
102131,59,1,4.5
102132,59,2,4.5
102132,3,1,14.75
102133,41,1,4.25
102133,64,1,0.8
102133,73,1,3.75
102134,61,1,4.75
102135,45,2,3.0
102136,35,2,3.1
102136,12,1,8.95
102137,46,1,2.5
102138,55,2,4.0
102138,57,2,3.1
102139,30,2,3.0
102139,83,1,14.0
102140,51,2,3.0
102140,21,1,13.33
102141,27,2,3.5
102142,52,2,2.5
102143,59,2,4.5
102144,36,1,3.75
102145,43,1,3.0
102146,35,2,3.1
102147,24,2,3.0
102148,28,2,2.0
102149,55,2,4.0
102150,30,2,3.0
102151,38,1,3.75
102151,84,2,0.8
102152,37,2,3.0
102152,84,2,0.8
102153,23,1,2.5
102154,57,1,3.1
102155,33,2,3.5
102156,56,2,2.55
102157,37,2,3.0
102158,51,1,3.0
102159,44,1,2.5
102160,34,2,2.45
102161,35,1,3.1
102162,23,1,2.5
102163,24,1,3.0
102164,46,2,2.5
102164,71,1,3.75
102165,41,2,4.25
102165,65,2,0.8
102166,50,2,2.5
102166,71,1,3.75
102167,39,2,4.25
102167,64,2,0.8
102167,79,1,3.75
102168,23,1,2.5
102169,40,1,3.75
102170,33,1,3.5
102171,23,2,2.5
102172,45,2,3.0
102173,33,1,3.5
102174,56,1,2.55
102175,23,1,2.5
102176,23,1,2.5
102177,45,1,3.0
102177,69,1,3.25
102178,52,2,2.5
102179,32,2,3.0
102180,45,2,3.0
102180,10,1,10.0
102181,60,2,3.75
102181,76,1,3.5
102182,43,1,3.0
102183,52,2,2.5
102184,53,2,3.0
102185,48,1,2.5
102186,53,2,3.0
102187,33,2,3.5
102188,23,2,2.5
102189,36,1,3.75
102190,87,2,3.0
102191,35,2,3.1
102192,34,1,2.45
102192,73,1,3.75
102193,60,1,3.75
102194,43,2,3.0
102195,32,2,3.0
102196,71,1,3.75
102197,42,1,2.5
102198,46,1,2.5
102199,51,2,3.0
102200,59,1,4.5
102201,38,2,3.75
102201,65,2,0.8
102201,71,1,3.75
102202,44,2,2.5
102203,27,1,3.5
102204,30,2,3.0
102204,70,1,3.25
102205,58,1,3.5
102206,38,1,3.75
102206,65,1,0.8
102206,77,1,3.0
102207,36,1,3.75
102208,38,1,3.75
102208,73,1,3.75
102209,46,2,2.5
102210,36,1,3.75
102211,49,1,3.0
102212,49,2,3.0
102213,58,1,3.5
102214,45,1,3.0
102215,29,1,2.5
102216,34,2,2.45
102217,46,1,2.5
102218,32,1,3.0
102219,41,1,4.25
102219,63,2,0.8
102220,42,2,2.5
102221,41,2,4.25
102221,65,1,0.8
102222,45,1,3.0
102223,23,1,2.5
102224,48,1,2.5
102225,53,2,3.0
102225,72,1,3.25
102226,28,2,2.0
102227,28,2,2.0
102228,28,2,2.0
102228,73,1,3.75
102229,27,1,3.5
102229,79,1,3.75
102230,26,1,3.0
102231,49,1,3.0
102232,43,1,3.0
102233,23,2,2.5
102234,23,2,2.5
102235,41,1,4.25
102235,64,1,0.8
102236,32,2,3.0
102237,30,2,3.0
102238,49,2,3.0
102238,1,1,18.0
102239,28,2,2.0
102240,24,2,3.0
102240,72,1,3.25
102241,41,2,4.25
102241,84,1,0.8
102242,38,1,3.75
102242,64,2,0.8
102243,35,1,3.1
102244,27,1,3.5
102245,40,1,3.75
102245,63,1,0.8
102245,6,1,21.0
102246,48,1,2.5
102247,58,1,3.5
102247,77,1,3.0
102248,45,2,3.0
102249,60,1,3.75
102249,79,1,3.75
102250,42,2,2.5
102251,35,2,3.1
102252,40,2,3.75
102252,84,2,0.8
102253,28,2,2.0
102254,50,2,2.5
102255,49,1,3.0
102256,22,2,2.0
102256,71,1,3.75
102257,55,2,4.0
102258,44,1,2.5
102259,23,2,2.5
102260,61,1,4.75
102261,26,1,3.0
102262,35,2,3.1
102263,31,1,2.2
102264,71,1,3.75
102264,71,1,3.75
102265,39,2,4.25
102265,64,1,0.8
102265,78,1,4.5
102266,37,2,3.0
102266,64,1,0.8
102267,30,2,3.0
102267,70,1,3.25
102268,46,1,2.5
102269,42,2,2.5
102270,36,1,3.75
102271,35,1,3.1
102271,73,1,3.75
102272,53,1,3.0
102273,32,2,3.0
102274,29,1,2.5
102275,41,1,4.25
102275,64,2,0.8
102276,34,2,2.45
102277,33,1,3.5
102278,48,1,2.5
102278,76,1,3.5
102279,25,1,2.2
102280,25,1,2.2
102281,22,2,2.0
102281,79,1,3.75
102282,24,1,3.0
102282,11,1,8.95
102283,28,2,2.0
102284,50,1,2.5
102285,23,2,2.5
102286,27,1,3.5
102287,57,2,3.1
102288,47,2,3.0
102289,36,1,3.75
102290,39,2,4.25
102290,64,2,0.8
102291,29,2,2.5
102292,58,2,3.5
102292,72,1,3.25
102292,83,1,14.0
102293,25,1,2.2
102294,60,2,3.75
102295,24,1,3.0
102295,7,1,19.75
102296,44,2,2.5
102297,55,2,4.0
102297,20,1,7.6
102298,52,2,2.5
102299,27,3,3.5
102300,25,2,2.2
102301,41,2,4.25
102301,65,2,0.8
102301,73,1,3.75
102302,28,2,2.0
102302,79,1,3.75
102303,28,2,2.0
102304,87,2,3.0
102305,59,1,4.5
102306,51,2,3.0
102307,29,2,2.5
102308,43,1,3.0
102309,41,2,4.25
102309,63,1,0.8
102309,76,1,3.5
102310,55,1,4.0
102311,41,1,4.25
102311,63,1,0.8
102312,59,2,4.5
102313,45,1,3.0
102313,78,1,4.5
102314,87,2,3.0
102315,87,1,2.1
102315,72,1,3.25
102316,50,1,2.5
102316,72,1,3.25
102316,59,2,4.5
102317,23,2,2.5
102318,24,1,3.0
102319,55,2,4.0
102320,22,2,2.0
102320,69,1,3.25
102321,57,1,3.1
102322,44,2,2.5
102322,70,1,3.25
102323,27,1,3.5
102324,44,1,2.5
102324,13,1,8.95
102325,61,3,4.75
102325,69,1,3.25
102326,47,2,3.0
102327,41,1,4.25
102327,3,1,14.75
102328,33,2,3.5
102329,25,1,2.2
102330,57,2,3.1
102331,39,2,4.25
102331,65,1,0.8
102332,46,2,2.5
102332,83,1,14.0
102333,75,1,3.5
102334,39,2,4.25
102334,65,2,0.8
102335,61,1,4.75
102336,37,1,3.0
102336,69,1,3.25
102337,37,1,3.0
102337,71,1,3.75
102338,71,1,3.75
102339,49,1,3.0
102339,71,1,3.75
102340,36,2,3.75
102341,46,1,2.5
102342,31,2,2.2
102343,59,1,4.5
102344,40,2,3.75
102344,65,2,0.8
102344,11,1,8.95
102345,36,1,3.75
102346,36,2,3.75
102347,56,2,2.55
102347,72,1,3.25
102347,10,1,10.0
102348,26,2,3.0
102348,70,1,3.25
102349,40,1,3.75
102349,63,1,0.8
102350,46,2,2.5
102350,13,1,8.95
102350,83,1,14.0
102351,53,2,3.0
102352,47,1,3.0
102353,26,2,3.0
102354,42,2,2.5
102355,54,2,2.5
102356,24,1,3.0
102357,27,2,3.5
102358,52,1,2.5
102359,51,1,3.0
102360,46,2,2.5
102361,22,1,2.0
102362,32,1,3.0
102362,74,1,3.5
102363,27,1,3.5
102363,35,1,3.1
102364,87,1,3.0
102365,29,2,2.5
102366,50,1,2.5
102367,27,2,3.5
102368,48,1,2.5
102369,57,1,3.1
102369,70,1,3.25
102370,44,2,2.5
102370,70,1,3.25
102371,58,2,3.5
102372,31,2,2.2
102373,27,2,3.5
102373,75,1,3.5
102374,31,2,2.2
102375,40,2,3.75
102375,84,1,0.8
102376,42,2,2.5
102377,55,1,4.0
102378,44,2,2.5
102379,72,1,3.25
102379,87,1,2.1
102379,70,1,3.25
102380,36,2,3.75
102381,26,2,3.0
102381,75,1,3.5
102382,51,2,3.0
102382,71,1,3.75
102383,57,1,3.1
102384,53,1,3.0
102385,28,1,2.0
102386,33,1,3.5
102387,27,2,3.5
102388,56,1,2.55
102388,70,1,3.25
102389,57,1,3.1
102389,69,1,3.25
102390,34,1,2.45
102391,59,2,4.5
102392,53,2,3.0
102393,36,1,3.75
102394,37,1,3.0
102394,65,1,0.8
102395,54,3,2.5
102396,59,1,4.5
102396,75,1,3.5
102397,33,1,3.5
102398,38,2,3.75
102398,65,2,0.8
102399,36,1,3.75
102400,60,1,3.75
102401,57,2,3.1
102401,76,1,3.5
102402,37,1,3.0
102402,84,1,0.8
102403,27,2,3.5
102404,35,3,3.1
102405,61,2,4.75
102406,42,1,2.5
102406,77,1,3.0
102407,53,1,3.0
102408,35,1,3.1
102409,61,2,4.75
102410,24,2,3.0
102410,79,1,3.75
102410,10,1,10.0
102411,61,1,4.75
102412,61,2,4.75
102413,87,1,3.0
102413,70,1,3.25
102414,46,1,2.5
102414,73,1,3.75
102415,61,2,4.75
102416,22,1,2.0
102417,44,1,2.5
102418,23,2,2.5
102418,72,1,3.25
102419,28,2,2.0
102420,60,1,3.75
102420,69,1,3.25
102421,51,2,3.0
102421,70,1,3.25
102422,51,2,3.0
102422,74,1,3.5
102423,40,2,3.75
102423,63,2,0.8
102424,44,1,2.5
102425,35,1,3.1
102426,52,1,2.5
102427,25,2,2.2
102428,53,1,3.0
102429,37,1,3.0
102429,84,1,0.8
102429,70,1,3.25
102430,32,2,3.0
102430,76,1,3.5
102431,27,2,3.5
102432,25,2,2.2
102433,31,1,2.2
102434,22,2,2.0
102435,38,2,3.75
102435,75,1,3.5
102436,40,1,3.75
102436,65,1,0.8
102437,28,2,2.0
102438,60,1,3.75
102438,69,1,3.25
102439,38,2,3.75
102439,64,1,0.8
102439,71,1,3.75
102440,30,1,3.0
102440,75,1,3.5
102441,55,2,4.0
102441,72,1,3.25
102442,26,1,3.0
102442,72,1,3.25
102443,39,2,4.25
102443,84,1,0.8
102443,75,1,3.5
102444,61,2,4.75
102445,87,1,3.0
102446,33,1,3.5
102447,39,2,4.25
102447,64,2,0.8
102448,43,1,3.0
102449,58,1,3.5
102450,58,1,3.5
102451,40,2,3.75
102451,63,2,0.8
102451,20,1,7.6
102452,51,1,3.0
102453,54,2,2.5
102454,59,2,4.5
102454,76,1,3.5
102455,24,2,3.0
102456,44,1,2.5
102456,4,1,20.45
102457,41,2,4.25
102457,84,1,0.8
102457,71,1,3.75
102458,51,2,3.0
102459,25,2,2.2
102459,70,1,3.25
102460,44,1,2.5
102461,32,1,3.0
102461,18,1,6.4
102462,54,1,2.5
102462,4,1,20.45
102463,41,1,4.25
102463,84,2,0.8
102464,29,1,2.5
102465,40,1,3.75
102465,84,2,0.8
102466,52,2,2.5
102467,36,1,3.75
102467,75,1,3.5
102468,59,1,4.5
102469,28,1,2.0
102470,35,1,3.1
102470,69,1,3.25
102471,39,2,4.25
102471,63,1,0.8
102472,28,1,2.0
102473,28,1,2.0
102474,47,2,3.0
102475,50,1,2.5
102475,13,1,8.95
102476,59,2,4.5
102477,45,1,3.0
102478,53,2,3.0
102479,39,1,4.25
102479,64,2,0.8
102480,54,2,2.5
102481,44,1,2.5
102482,23,1,2.5
102482,69,1,3.25
102483,55,1,4.0
102484,87,1,2.1
102484,72,1,3.25
102484,13,1,8.95
102485,28,2,2.0
102485,74,1,3.5
102486,56,1,2.55
102487,51,1,3.0
102487,78,1,4.5
102488,27,2,3.5
102488,74,1,3.5
102489,61,2,4.75
102489,71,1,3.75
102490,47,1,3.0
102491,56,2,2.55
102492,45,1,3.0
102493,59,1,4.5
102494,52,2,2.5
102495,33,2,3.5
102495,6,1,21.0
102496,30,2,3.0
102497,25,1,2.2
102498,30,2,3.0
102499,46,2,2.5
102500,24,2,3.0
102501,58,2,3.5
102502,57,1,3.1
102503,60,2,3.75
102504,31,2,2.2
102505,87,1,3.0
102506,59,1,4.5
102506,20,1,7.6
102507,60,2,3.75
102507,74,1,3.5
102508,37,2,3.0
102508,65,1,0.8
102509,44,2,2.5
102510,59,1,4.5
102511,43,2,3.0
102512,35,1,3.1
102513,25,2,2.2
102514,36,1,3.75
102514,81,1,28.0
102515,39,1,4.25
102515,64,2,0.8
102515,73,1,3.75
102516,43,1,3.0
102516,77,1,3.0
102517,46,2,2.5
102517,77,1,3.0
102518,55,2,4.0
102518,75,1,3.5
102519,61,2,4.75
102520,23,2,2.5
102521,25,2,2.2
102521,76,1,3.5
102522,58,2,3.5
102522,3,1,14.75
102523,49,2,3.0
102524,58,1,3.5
102525,72,1,3.25
102525,87,1,2.1
102525,79,1,3.75
102526,52,1,2.5
102527,59,1,4.5
102528,24,2,3.0
102528,73,1,3.75
102529,36,2,3.75
102529,75,1,3.5
102530,30,1,3.0
102531,22,1,2.0
102532,33,2,3.5
102533,61,1,4.75
102534,46,2,2.5
102534,77,1,3.0
102535,61,1,4.75
102535,72,1,3.25
102536,28,2,2.0
102536,71,1,3.75
102537,39,1,4.25
102538,35,2,3.1
102539,29,1,2.5
102540,35,1,3.1
102541,45,1,3.0
102542,24,2,3.0
102543,40,2,3.75
102543,65,1,0.8
102544,48,1,2.5
102545,50,1,2.5
102546,60,1,3.75
102547,32,1,3.0
102548,55,1,4.0
102549,60,1,3.75
102550,25,1,2.2
102550,18,1,10.95
102551,29,2,2.5
102552,22,2,2.0
102552,77,1,3.0
102553,22,2,2.0
102554,32,2,3.0
102555,24,1,3.0
102556,24,1,3.0
102556,76,1,3.5
102557,31,2,2.2
102557,72,1,3.25
102558,51,2,3.0
102558,79,1,3.75
102559,44,1,2.5
102559,73,1,3.75
102560,29,2,2.5
102561,23,1,2.5
102562,46,2,2.5
102563,55,2,4.0
102564,60,1,3.75
102565,45,1,3.0
102566,42,2,2.5
102567,28,2,2.0
102568,35,1,3.1
102569,28,1,2.0
102570,32,1,3.0
102571,57,2,3.1
102572,29,2,2.5
102573,32,1,3.0
102574,43,2,3.0
102575,59,1,4.5
102576,34,1,2.45
102577,24,2,3.0
102578,59,1,4.5
102579,29,1,2.5
102580,32,2,3.0
102580,76,1,3.5
102581,33,1,3.5
102582,54,1,2.5
102583,53,1,3.0
102584,51,2,3.0
102585,43,2,3.0
102586,56,1,2.55
102587,35,2,3.1
102587,77,1,3.0
102588,61,1,4.75
102588,76,1,3.5
102589,24,2,3.0
102590,23,1,2.5
102591,46,2,2.5
102592,31,2,2.2
102593,41,2,4.25
102594,47,1,3.0
102595,54,2,2.5
102596,60,2,3.75
102597,61,2,4.75
102598,25,1,2.2
102598,70,1,3.25
102599,59,1,4.5
102600,28,1,2.0
102601,59,1,4.5
102602,22,1,2.0
102603,43,1,3.0
102604,30,2,3.0
102605,53,1,3.0
102606,46,2,2.5
102607,59,2,4.5
102608,48,2,2.5
102609,32,1,3.0
102610,42,2,2.5
102611,46,1,2.5
102612,52,2,2.5
102612,76,1,3.5
102613,49,2,3.0
102613,17,1,9.5
102614,37,1,3.0
102615,87,1,2.1
102615,72,1,3.25
102616,46,2,2.5
102617,42,2,2.5
102618,49,1,3.0
102619,25,1,2.2
102620,32,1,3.0
102621,42,2,2.5
102622,87,1,2.1
102622,72,1,3.25
102623,37,2,3.0
102623,84,1,0.8
102624,54,2,2.5
102625,51,1,3.0
102626,50,2,2.5
102627,34,1,2.45
102628,48,2,2.5
102629,49,1,3.0
102629,20,1,7.6
102630,32,1,3.0
102631,44,1,2.5
102632,38,1,3.75
102632,70,1,3.25
102633,41,2,4.25
102633,63,2,0.8
102634,39,2,4.25
102634,84,2,0.8
102635,29,1,2.5
102635,73,1,3.75
102636,51,1,3.0
102637,34,1,2.45
102637,79,1,3.75
102638,39,2,4.25
102638,84,2,0.8
102639,57,1,3.1
102640,58,2,3.5
102641,53,1,3.0
102642,53,1,3.0
102643,43,1,3.0
102644,26,2,3.0
102645,54,1,2.5
102646,55,1,4.0
102647,42,1,2.5
102648,30,2,3.0
102649,26,2,3.0
102649,11,1,8.95
102650,59,2,4.5
102651,56,1,2.55
102652,30,1,3.0
102653,60,1,3.75
102653,69,1,3.25
102654,38,1,3.75
102654,63,1,0.8
102655,26,2,3.0
102655,73,1,3.75
102656,59,1,4.5
102656,21,1,13.33
102657,59,2,4.5
102657,70,1,3.25
102658,49,1,3.0
102659,87,2,3.0
102660,36,1,3.75
102661,38,1,3.75
102661,75,1,3.5
102662,45,2,3.0
102662,72,1,3.25
102663,25,2,2.2
102664,44,2,2.5
102665,22,2,2.0
102666,59,1,4.5
102667,48,1,2.5
102668,26,1,3.0
102669,43,2,3.0
102670,41,1,4.25
102671,87,2,3.0
102672,39,2,4.25
102672,64,1,0.8
102673,32,1,3.0
102674,27,1,3.5
102675,33,2,3.5
102675,76,1,3.5
102676,45,2,3.0
102677,50,1,2.5
102677,71,1,3.75
102678,54,1,2.5
102679,53,1,3.0
102680,26,1,3.0
102681,58,2,3.5
102682,48,1,2.5
102683,33,2,3.5
102684,47,1,3.0
102684,76,1,3.5
102685,61,1,4.75
102686,61,2,4.75
102687,47,1,3.0
102688,29,1,2.5
102689,87,1,3.0
102690,24,2,3.0
102691,45,1,3.0
102691,77,1,3.0
102692,54,2,2.5
102693,27,1,3.5
102693,71,1,3.75
102694,22,1,2.0
102695,52,1,2.5
102696,28,2,2.0
102696,69,1,3.25
102696,81,1,28.0
102697,45,2,3.0
102698,39,2,4.25
102698,73,1,3.75
102699,28,1,2.0
102700,60,2,3.75
102701,46,1,2.5
102702,39,1,4.25
102703,55,1,4.0
102704,52,1,2.5
102705,37,1,3.0
102705,64,2,0.8
102706,56,1,2.55
102706,83,1,14.0
102707,42,1,2.5
102708,60,1,3.75
102708,69,1,3.25
102709,41,2,4.25
102709,84,2,0.8
102710,30,1,3.0
102711,31,2,2.2
102712,37,2,3.0
102713,36,1,3.75
102714,59,1,4.5
102715,54,1,2.5
102716,50,2,2.5
102717,48,1,2.5
102718,60,1,3.75
102718,9,1,22.5
102719,57,1,3.1
102720,29,1,2.5
102721,51,2,3.0
102722,33,1,3.5
102723,24,2,3.0
102724,55,1,4.0
102725,24,1,3.0
102726,43,1,3.0
102727,23,1,2.5
102728,26,1,3.0
102729,60,1,3.75
102730,34,2,2.45
102731,30,2,3.0
102732,52,2,2.5
102733,58,1,3.5
102734,36,1,3.75
102735,46,1,2.5
102735,73,1,3.75
102735,13,1,8.95
102736,60,2,3.75
102737,25,2,2.2
102738,29,1,2.5
102739,37,1,3.0
102739,63,2,0.8
102740,52,1,2.5
102740,74,1,3.5
102741,52,1,2.5
102742,54,1,2.5
102743,57,1,3.1
102744,29,2,2.5
102745,48,1,2.5
102746,46,1,2.5
102747,56,2,2.55
102748,60,1,3.75
102749,51,1,3.0
102749,14,1,8.95
102750,60,1,3.75
102751,26,1,3.0
102752,57,2,3.1
102753,37,1,3.0
102753,65,1,0.8
102754,28,1,2.0
102755,45,2,3.0
102756,38,1,3.75
102756,65,2,0.8
102756,79,1,3.75
102757,34,2,2.45
102758,47,2,3.0
102759,30,1,3.0
102760,30,1,3.0
102761,39,1,4.25
102761,64,2,0.8
102762,55,2,4.0
102762,77,1,3.0
102763,47,1,3.0
102764,58,1,3.5
102764,72,1,3.25
102765,27,1,3.5
102766,30,1,3.0
102767,34,2,2.45
102768,28,1,2.0
102769,57,2,3.1
102770,49,2,3.0
102771,31,2,2.2
102771,76,1,3.5
102772,54,2,2.5
102773,46,1,2.5
102774,26,1,3.0
102775,41,1,4.25
102775,16,1,8.95
102776,22,2,2.0
102777,46,2,2.5
102778,60,2,3.75
102779,40,1,3.75
102779,84,2,0.8
102780,36,2,3.75
102781,27,2,3.5
102782,34,1,2.45
102783,47,1,3.0
102784,43,2,3.0
102784,79,1,3.75
102785,27,1,3.5
102786,24,1,3.0
102787,37,1,3.0
102787,65,2,0.8
102788,87,1,2.1
102788,72,1,3.25
102789,35,2,3.1
102790,46,1,2.5
102791,61,2,4.75
102792,56,2,2.55
102793,87,2,3.0
102794,28,1,2.0
102795,35,1,3.1
102796,45,2,3.0
102797,40,1,3.75
102798,51,2,3.0
102799,57,1,3.1
102800,60,1,3.75
102801,22,2,2.0
102802,41,2,4.25
102802,65,2,0.8
102803,29,1,2.5
102803,77,1,3.0
102804,48,1,2.5
102805,36,2,3.75
102806,58,1,3.5
102807,87,1,3.0
102808,58,2,3.5
102809,58,2,3.5
102809,75,1,3.5
102810,27,2,3.5
102811,38,2,3.75
102812,32,1,3.0
102813,38,1,3.75
102813,84,2,0.8
102814,26,1,3.0
102815,30,1,3.0
102815,70,1,3.25
102816,47,1,3.0
102817,31,1,2.2
102818,35,2,3.1
102818,74,1,3.5
102818,81,1,28.0
102819,57,2,3.1
102819,1,1,18.0
102820,59,2,4.5
102820,75,1,3.5
102821,44,2,2.5
102822,61,1,4.75
102823,57,1,3.1
102823,82,1,12.0
102824,48,2,2.5
102825,35,1,3.1
102826,48,1,2.5
102826,72,1,3.25
102827,30,1,3.0
102828,36,2,3.75
102829,39,1,4.25
102829,84,1,0.8
102830,51,1,3.0
102831,24,1,3.0
102832,42,2,2.5
102833,46,1,2.5
102834,47,1,3.0
102835,22,2,2.0
102835,74,1,3.5
102836,22,1,2.0
102837,46,2,2.5
102838,45,2,3.0
102839,59,2,4.5
102840,32,1,3.0
102841,55,2,4.0
102841,73,1,3.75
102842,47,2,3.0
102843,54,1,2.5
102844,28,1,2.0
102845,37,2,3.0
102845,69,1,3.25
102846,61,1,4.75
102847,23,1,2.5
102848,31,2,2.2
102848,69,1,3.25
102849,53,1,3.0
102850,27,1,3.5
102851,22,1,2.0
102852,41,1,4.25
102853,58,2,3.5
102854,28,2,2.0
102855,40,2,3.75
102855,72,1,3.25
102856,61,2,4.75
102857,55,1,4.0
102858,87,1,2.1
102858,72,1,3.25
102859,40,2,3.75
102859,64,1,0.8
102860,50,1,2.5
102861,35,2,3.1
102862,59,1,4.5
102863,39,1,4.25
102863,76,1,3.5
102864,31,1,2.2
102865,34,2,2.45
102866,57,1,3.1
102867,38,1,3.75
102868,61,1,4.75
102868,8,1,45.0
102869,87,2,3.0
102870,54,1,2.5
102871,30,2,3.0
102871,74,1,3.5
102872,35,2,3.1
102872,6,1,21.0
102873,47,1,3.0
102873,77,1,3.0
102874,44,2,2.5
102874,4,1,20.45
102875,33,2,3.5
102876,46,2,2.5
102877,48,1,2.5
102878,61,1,4.75
102879,29,1,2.5
102880,30,2,3.0
102881,29,2,2.5
102882,42,2,2.5
102883,41,1,4.25
102884,44,1,2.5
102885,52,1,2.5
102885,71,1,3.75
102886,29,2,2.5
102887,71,1,3.75
102888,38,1,3.75
102888,64,1,0.8
102889,37,1,3.0
102889,84,2,0.8
102890,36,2,3.75
102891,60,2,3.75
102892,22,1,2.0
102893,48,1,2.5
102894,35,1,3.1
102895,22,1,2.0
102895,18,1,10.95
102896,51,2,3.0
102897,42,2,2.5
102898,42,2,2.5
102899,53,1,3.0
102900,51,2,3.0
102901,33,1,3.5
102902,51,2,3.0
102903,39,2,4.25
102903,84,1,0.8
102904,38,2,3.75
102905,25,1,2.2
102906,58,2,3.5
102907,28,1,2.0
102907,77,1,3.0
102908,26,2,3.0
102908,77,1,3.0
102908,83,1,14.0
102909,50,1,2.5
102910,54,2,2.5
102911,28,2,2.0
102911,83,1,14.0
102912,37,1,3.0
102912,65,1,0.8
102913,34,1,2.45
102914,32,2,3.0
102915,42,2,2.5
102915,79,1,3.75
102916,27,2,3.5
102917,23,2,2.5
102918,41,1,4.25
102918,64,1,0.8
102918,1,1,18.0
102919,43,2,3.0
102919,76,1,3.5
102920,25,1,2.2
102921,71,1,3.75
102922,60,1,3.75
102923,36,1,3.75
102924,24,1,3.0
102925,54,2,2.5
102926,35,2,3.1
102927,35,2,3.1
102928,55,2,4.0
102929,54,2,2.5
102930,32,1,3.0
102931,57,2,3.1
102931,5,1,15.0
102932,30,2,3.0
102933,87,2,3.0
102934,35,2,3.1
102934,17,1,9.5
102935,39,1,4.25
102935,10,1,10.0
102936,60,1,3.75
102937,59,1,4.5
102938,29,1,2.5
102939,51,2,3.0
102940,49,2,3.0
102941,47,1,3.0
102941,71,1,3.75
102942,61,1,4.75
102943,57,1,3.1
102943,70,1,3.25
102944,36,1,3.75
102945,60,1,3.75
102945,78,1,4.5
102946,29,1,2.5
102947,46,1,2.5
102948,28,2,2.0
102949,42,2,2.5
102949,78,1,4.5
102950,59,2,4.5
102951,43,1,3.0
102952,32,2,3.0
102953,44,1,2.5
102954,36,1,3.75
102954,71,1,3.75
102955,32,1,3.0
102955,70,1,3.25
102956,46,1,2.5
102956,75,1,3.5
102957,87,1,3.0
102958,33,2,3.5
102959,55,2,4.0
102960,59,1,4.5
102960,73,1,3.75
102961,36,2,3.75
102962,53,1,3.0
102962,75,1,3.5
102963,26,2,3.0
102964,39,2,4.25
102964,63,1,0.8
102965,29,1,2.5
102966,40,2,3.75
102966,63,1,0.8
102967,27,1,3.5
102968,37,1,3.0
102968,84,1,0.8
102969,61,1,4.75
102970,33,1,3.5
102971,87,1,3.0
102972,23,1,2.5
102972,74,1,3.5
102973,28,1,2.0
102974,59,1,4.5
102974,78,1,4.5
102975,44,1,2.5
102976,38,2,3.75
102976,63,2,0.8
102977,48,1,2.5
102977,71,1,3.75
102978,51,2,3.0
102979,28,1,2.0
102980,47,2,3.0
102981,39,2,4.25
102981,65,1,0.8
102981,77,1,3.0
102981,82,1,12.0
102982,60,2,3.75
102983,26,1,3.0
102984,48,2,2.5
102985,58,1,3.5
102986,50,2,2.5
102987,35,2,3.1
102988,26,1,3.0
102989,58,1,3.5
102990,31,1,2.2
102991,31,1,2.2
102992,23,1,2.5
102992,70,1,3.25
102993,31,1,2.2
102994,22,2,2.0
102994,79,1,3.75
102995,45,2,3.0
102996,50,2,2.5
102996,69,1,3.25
102997,54,1,2.5
102998,41,2,4.25
102998,64,1,0.8
102999,60,1,3.75
103000,57,1,3.1
103001,31,2,2.2
103002,32,2,3.0
103003,37,1,3.0
103003,70,1,3.25
103004,87,1,2.1
103004,72,1,3.25
103005,28,1,2.0
103006,41,2,4.25
103006,84,2,0.8
103007,32,1,3.0
103008,23,1,2.5
103008,69,1,3.25
103009,61,1,4.75
103009,70,1,3.25
103010,50,1,2.5
103011,50,2,2.5
103012,60,2,3.75
103013,27,2,3.5
103014,49,1,3.0
103015,41,2,4.25
103015,63,1,0.8
103016,39,1,4.25
103016,69,1,3.25
103017,36,2,3.75
103018,33,2,3.5
103019,42,1,2.5
103020,55,2,4.0
103021,31,2,2.2
103021,83,1,14.0
103022,52,2,2.5
103022,78,1,4.5
103023,48,1,2.5
103024,60,1,3.75
103025,32,1,3.0
103026,52,1,2.5
103027,27,2,3.5
103027,72,1,3.25
103028,56,1,2.55
103029,52,2,2.5
103029,12,1,8.95
103030,44,2,2.5
103031,35,2,3.1
103032,27,1,3.5
103033,26,2,3.0
103034,38,1,3.75
103034,65,2,0.8
103035,23,2,2.5
103036,55,2,4.0
103037,54,1,2.5
103038,44,1,2.5
103039,56,1,2.55
103040,48,1,2.5
103041,56,2,2.55
103042,37,2,3.0
103042,63,1,0.8
103042,16,1,8.95
103043,27,2,3.5
103044,47,2,3.0
103045,31,2,2.2
103046,35,2,3.1
103046,69,1,3.25
103047,25,2,2.2
103048,60,1,3.75
103049,51,2,3.0
103050,22,1,2.0
103051,59,2,4.5
103052,34,2,2.45
103052,79,1,3.75
103053,50,1,2.5
103053,77,1,3.0
103054,24,2,3.0
103054,17,1,9.5
103055,43,2,3.0
103056,48,1,2.5
103057,49,2,3.0
103058,61,2,4.75
103059,26,1,3.0
103060,59,2,4.5
103061,24,1,3.0
103062,53,1,3.0
103063,32,1,3.0
103064,42,2,2.5
103065,28,2,2.0
103066,87,1,3.0
103067,41,1,4.25
103067,84,2,0.8
103068,26,1,3.0
103068,76,1,3.5
103069,42,2,2.5
103070,47,2,3.0
103071,87,2,3.0
103072,51,2,3.0
103073,39,2,4.25
103073,63,1,0.8
103074,41,2,4.25
103074,64,1,0.8
103075,30,2,3.0
103076,58,1,3.5
103077,44,1,2.5
103077,70,1,3.25
103078,56,2,2.55
103079,28,2,2.0
103080,55,2,4.0
103081,46,2,2.5
103082,41,3,4.25
103082,84,2,0.8
103083,47,1,3.0
103084,22,2,2.0
103085,30,1,3.0
103086,56,1,2.55
103087,27,1,3.5
103088,57,2,3.1
103088,13,1,8.95
103089,53,2,3.0
103089,83,1,14.0
103090,23,2,2.5
103091,57,2,3.1
103091,75,1,3.5
103092,23,1,2.5
103093,46,2,2.5
103093,69,1,3.25
103094,54,2,2.5
103094,83,1,14.0
103095,46,1,2.5
103096,60,2,3.75
103097,24,2,3.0
103097,70,1,3.25
103098,31,2,2.2
103098,73,1,3.75
103099,51,2,3.0
103100,35,1,3.1
103101,55,2,4.0
103102,35,2,3.1
103103,48,2,2.5
103104,25,2,2.2
103105,28,2,2.0
103106,35,2,3.1
103106,79,1,3.75
103107,71,1,3.75
103107,71,1,3.75
103108,46,1,2.5
103109,32,1,3.0
103110,42,1,2.5
103111,31,2,2.2
103112,44,2,2.5
103113,87,1,3.0
103114,53,1,3.0
103114,70,1,3.25
103115,29,2,2.5
103116,24,1,3.0
103117,39,1,4.25
103117,63,1,0.8
103118,45,2,3.0
103119,41,1,4.25
103119,63,2,0.8
103120,37,1,3.0
103120,65,1,0.8
103120,69,1,3.25
103121,37,1,3.0
103122,54,2,2.5
103123,55,2,4.0
103124,54,2,2.5
103125,56,1,2.55
103126,38,2,3.75
103126,84,2,0.8
103127,59,2,4.5
103128,23,1,2.5
103129,32,1,3.0
103130,29,2,2.5
103131,53,1,3.0
103132,25,2,2.2
103132,6,1,21.0
103133,43,2,3.0
103134,48,2,2.5
103135,60,1,3.75
103135,75,1,3.5
103136,44,2,2.5
103137,35,2,3.1
103137,76,1,3.5
103138,25,2,2.2
103139,39,1,4.25
103139,65,2,0.8
103140,38,2,3.75
103140,63,2,0.8
103140,77,1,3.0
103141,55,2,4.0
103141,78,1,4.5
103142,28,1,2.0
103143,38,3,3.75
103143,84,2,0.8
103143,74,1,3.5
103144,25,2,2.2
103145,57,1,3.1
103145,78,1,4.5
103146,30,2,3.0
103147,87,2,3.0
103147,72,1,3.25
103147,21,1,13.33
103148,52,1,2.5
103149,33,1,3.5
103150,50,1,2.5
103151,34,2,2.45
103151,74,1,3.5
103152,56,1,2.55
103152,69,1,3.25
103153,41,2,4.25
103153,63,2,0.8
103154,30,2,3.0
103154,72,1,3.25
103155,32,1,3.0
103155,3,1,14.75
103156,53,1,3.0
103157,57,1,3.1
103158,26,1,3.0
103159,48,1,2.5
103160,56,2,2.55
103161,23,1,2.5
103161,40,2,3.75
103161,63,1,0.8
103162,33,2,3.5
103163,36,2,3.75
103164,87,1,2.1
103164,72,1,3.25
103165,44,1,2.5
103166,45,1,3.0
103167,23,3,2.5
103168,48,1,2.5
103169,50,1,2.5
103170,49,1,3.0
103171,46,1,2.5
103172,44,2,2.5
103172,74,1,3.5
103173,35,1,3.1
103173,11,1,8.95
103174,55,2,4.0
103175,48,2,2.5
103176,34,1,2.45
103177,61,2,4.75
103178,49,1,3.0
103179,39,2,4.25
103179,84,2,0.8
103180,48,3,2.5
103180,79,1,3.75
103180,3,1,14.75
103181,44,2,2.5
103182,37,2,3.0
103182,64,1,0.8
103183,34,1,2.45
103184,44,2,2.5
103185,57,1,3.1
103186,38,1,3.75
103187,22,2,2.0
103188,58,2,3.5
103189,36,1,3.75
103190,25,2,2.2
103191,26,1,3.0
103192,34,1,2.45
103193,58,2,3.5
103194,40,1,3.75
103194,63,1,0.8
103195,55,1,4.0
103195,71,1,3.75
103196,31,2,2.2
103197,39,2,4.25
103197,63,2,0.8
103198,55,1,4.0
103199,46,1,2.5
103200,47,1,3.0
103201,54,2,2.5
103202,42,1,2.5
103203,32,1,3.0
103204,46,2,2.5
103205,24,2,3.0
103205,73,1,3.75
103206,29,1,2.5
103206,69,1,3.25
103207,87,2,3.0
103207,73,1,3.75
103208,46,1,2.5
103209,24,2,3.0
103210,31,1,2.2
103211,32,1,3.0
103211,74,1,3.5
103212,61,2,4.75
103213,22,1,2.0
103213,13,1,8.95
103214,25,2,2.2
103214,74,1,3.5
103215,49,1,3.0
103216,23,2,2.5
103217,36,1,3.75
103217,69,1,3.25
103218,46,2,2.5
103219,61,1,4.75
103220,40,1,3.75
103220,63,1,0.8
103221,39,2,4.25
103221,84,2,0.8
103222,22,1,2.0
103223,51,1,3.0
103224,33,2,3.5
103225,24,2,3.0
103226,61,2,4.75
103226,70,1,3.25
103227,54,2,2.5
103228,53,1,3.0
103229,26,2,3.0
103229,69,1,3.25
103230,56,2,2.55
103231,48,1,2.5
103231,71,1,3.75
103232,57,1,3.1
103233,54,1,2.5
103234,38,1,3.75
103234,84,2,0.8
103234,74,1,3.5
103234,9,1,22.5
103235,44,2,2.5
103236,61,1,4.75
103237,58,1,3.5
103238,51,1,3.0
103239,47,2,3.0
103240,22,1,2.0
103241,56,1,2.55
103242,87,1,3.0
103243,53,2,3.0
103244,48,1,2.5
103245,41,1,4.25
103245,78,1,4.5
103246,61,1,4.75
103247,58,1,3.5
103248,38,1,3.75
103248,65,2,0.8
103249,47,2,3.0
103250,50,2,2.5
103250,74,1,3.5
103251,47,1,3.0
103252,51,1,3.0
103253,37,1,3.0
103253,16,1,8.95
103254,25,1,2.2
103255,32,2,3.0
103256,51,1,3.0
103257,24,2,3.0
103257,2,1,18.0
103258,33,2,3.5
103259,24,1,3.0
103259,16,1,8.95
103259,44,2,2.5
103260,31,1,2.2
103261,61,1,4.75
103262,50,2,2.5
103263,52,1,2.5
103263,75,1,3.5
103264,61,1,4.75
103265,23,2,2.5
103266,46,2,2.5
103267,32,1,3.0
103267,79,1,3.75
103268,23,1,2.5
103269,58,1,3.5
103270,55,1,4.0
103271,49,1,3.0
103272,75,1,3.5
103273,28,2,2.0
103273,75,1,3.5
103274,37,1,3.0
103274,69,1,3.25
103275,54,2,2.5
103276,27,1,3.5
103277,43,2,3.0
103277,78,1,4.5
103278,32,2,3.0
103278,79,1,3.75
103279,25,1,2.2
103280,43,1,3.0
103280,79,1,3.75
103281,42,1,2.5
103281,72,1,3.25
103282,51,1,3.0
103282,79,1,3.75
103283,46,2,2.5
103284,23,1,2.5
103284,46,1,2.5
103285,25,2,2.2
103286,44,1,2.5
103286,77,1,3.0
103287,54,1,2.5
103288,50,2,2.5
103289,23,1,2.5
103290,36,2,3.75
103291,23,1,2.5
103291,73,1,3.75
103292,49,2,3.0
103292,77,1,3.0
103293,42,1,2.5
103294,25,1,2.2
103295,47,2,3.0
103295,74,1,3.5
103296,49,2,3.0
103296,12,1,8.95
103297,41,2,4.25
103297,65,1,0.8
103298,49,2,3.0
103299,57,1,3.1
103300,39,2,4.25
103300,63,1,0.8
103301,23,2,2.5
103302,30,2,3.0
103302,73,1,3.75
103303,32,1,3.0
103304,48,1,2.5
103305,30,1,3.0
103305,71,1,3.75
103306,56,1,2.55
103307,43,1,3.0
103308,32,2,3.0
103308,70,1,3.25
103309,54,1,2.5
103310,27,1,3.5
103311,53,2,3.0
103312,61,1,4.75
103313,36,1,3.75
103314,23,2,2.5
103314,78,1,4.5
103315,32,1,3.0
103315,69,1,3.25
103316,60,2,3.75
103317,60,1,3.75
103318,50,2,2.5
103319,87,1,2.1
103319,79,1,3.75
103319,72,1,3.25
103320,53,2,3.0
103321,36,1,3.75
103322,49,1,3.0
103323,44,2,2.5
103324,23,2,2.5
103325,58,2,3.5
103326,52,1,2.5
103327,54,1,2.5
103328,51,2,3.0
103328,78,1,4.5
103329,57,1,3.1
103330,57,1,3.1
103331,34,1,2.45
103331,78,1,4.5
103332,44,2,2.5
103332,78,1,4.5
103333,31,1,2.2
103333,79,1,3.75
103334,71,1,3.75
103335,33,1,3.5
103336,57,1,3.1
103337,26,1,3.0
103338,53,1,3.0
103339,55,1,4.0
103340,60,1,3.75
103341,25,2,2.2
103342,23,1,2.5
103343,29,2,2.5
103344,52,1,2.5
103345,42,1,2.5
103346,59,1,4.5
103346,72,1,3.25
103347,56,1,2.55
103347,8,1,45.0
103348,49,1,3.0
103349,87,1,2.1
103349,72,1,3.25
103350,53,1,3.0
103351,28,1,2.0
103352,33,2,3.5
103352,76,1,3.5
103353,46,1,2.5
103354,60,2,3.75
103355,47,2,3.0
103356,41,2,4.25
103356,84,2,0.8
103356,79,1,3.75
103357,37,1,3.0
103357,63,1,0.8
103358,48,1,2.5
103359,37,2,3.0
103359,64,2,0.8
103360,24,1,3.0
103361,38,2,3.75
103361,65,1,0.8
103361,15,1,9.25
103362,41,2,4.25
103363,56,2,2.55
103363,69,1,3.25
103364,35,1,3.1
103364,78,1,4.5
103364,8,1,45.0
103365,26,2,3.0
103366,59,1,4.5
103366,69,1,3.25
103367,36,2,3.75
103367,79,1,3.75
103368,59,2,4.5
103369,25,2,2.2
103370,31,1,2.2
103371,29,1,2.5
103371,75,1,3.5
103372,27,2,3.5
103372,4,1,20.45
103373,42,2,2.5
103373,72,1,3.25
103374,26,2,3.0
103375,29,2,2.5
103376,32,2,3.0
103377,23,1,2.5
103378,38,1,3.75
103378,84,2,0.8
103378,74,1,3.5
103379,32,2,3.0
103380,47,1,3.0
103380,78,1,4.5
103381,40,2,3.75
103382,55,1,4.0
103383,41,1,4.25
103383,63,1,0.8
103384,60,2,3.75
103385,41,1,4.25
103385,63,1,0.8
103386,59,2,4.5
103387,54,2,2.5
103388,55,2,4.0
103389,56,1,2.55
103390,38,2,3.75
103390,63,1,0.8
103391,60,2,3.75
103392,54,1,2.5
103393,28,1,2.0
103394,55,1,4.0
103395,38,2,3.75
103395,65,2,0.8
103395,5,1,15.0
103396,71,1,3.75
103396,71,1,3.75
103397,47,1,3.0
103397,73,1,3.75
103398,31,2,2.2
103399,51,2,3.0
103400,50,1,2.5
103401,49,2,3.0
103402,29,1,2.5
103403,49,1,3.0
103404,23,1,2.5
103405,37,1,3.0
103405,63,2,0.8
103406,52,2,2.5
103407,52,2,2.5
103408,44,1,2.5
103408,75,1,3.5
103409,31,2,2.2
103409,74,1,3.5
103410,49,1,3.0
103411,23,1,2.5
103411,71,1,3.75
103412,30,2,3.0
103412,69,1,3.25
103413,24,2,3.0
103413,73,1,3.75
103414,33,1,3.5
103415,28,2,2.0
103415,70,1,3.25
103416,47,1,3.0
103417,61,1,4.75
103418,48,2,2.5
103419,40,2,3.75
103419,63,1,0.8
103419,70,1,3.25
103420,51,1,3.0
103421,87,1,2.1
103421,72,1,3.25
103422,55,2,4.0
103423,37,1,3.0
103423,65,2,0.8
103424,55,1,4.0
103425,42,2,2.5
103426,52,2,2.5
103427,37,1,3.0
103427,65,2,0.8
103428,46,2,2.5
103428,69,1,3.25
103429,44,2,2.5
103430,31,2,2.2
103431,39,1,4.25
103431,63,2,0.8
103432,37,1,3.0
103432,84,2,0.8
103433,29,1,2.5
103434,87,2,3.0
103435,35,1,3.1
103436,42,1,2.5
103437,54,2,2.5
103438,32,1,3.0
103439,30,1,3.0
103440,24,2,3.0
103441,54,1,2.5
103442,37,1,3.0
103442,64,2,0.8
103443,33,1,3.5
103444,40,1,3.75
103444,84,1,0.8
103444,70,1,3.25
103445,24,1,3.0
103445,78,1,4.5
103446,23,2,2.5
103446,1,1,18.0
103447,51,1,3.0
103448,36,1,3.75
103449,50,1,2.5
103449,71,1,3.75
103450,49,2,3.0
103451,44,2,2.5
103451,69,1,3.25
103452,25,2,2.2
103453,27,1,3.5
103454,41,1,4.25
103454,84,1,0.8
103455,61,1,4.75
103456,55,2,4.0
103457,44,1,2.5
103458,36,1,3.75
103458,71,1,3.75
103459,28,1,2.0
103459,79,1,3.75
103460,87,1,2.1
103460,72,1,3.25
103461,29,1,2.5
103462,60,1,3.75
103462,75,1,3.5
103463,57,2,3.1
103464,42,1,2.5
103464,79,1,3.75
103465,48,1,2.5
103465,77,1,3.0
103466,24,1,3.0
103466,6,1,21.0
103467,59,2,4.5
103467,69,1,3.25
103468,45,1,3.0
103469,48,1,2.5
103470,38,2,3.75
103470,65,2,0.8
103471,28,2,2.0
103472,50,1,2.5
103473,29,1,2.5
103474,46,1,2.5
103474,83,1,14.0
103475,27,2,3.5
103476,50,2,2.5
103476,78,1,4.5
103477,52,1,2.5
103478,87,1,3.0
103479,30,1,3.0
103479,74,1,3.5
103480,55,1,4.0
103481,37,1,3.0
103481,64,2,0.8
103482,42,2,2.5
103483,32,2,3.0
103484,43,2,3.0
103484,77,1,3.0
103485,43,2,3.0
103486,48,1,2.5
103486,74,1,3.5
103487,25,2,2.2
103488,55,1,4.0
103489,39,1,4.25
103489,65,1,0.8
103489,11,1,8.95
103490,53,1,3.0
103491,32,2,3.0
103492,36,1,3.75
103492,70,1,3.25
103493,53,2,3.0
103494,24,1,3.0
103495,37,1,3.0
103496,49,1,3.0
103496,2,1,18.0
103497,22,1,2.0
103497,71,1,3.75
103498,29,1,2.5
103498,70,1,3.25
103499,30,1,3.0
103500,59,2,4.5
103500,70,1,3.25
103501,49,1,3.0
103502,48,1,2.5
103503,45,1,3.0
103504,43,1,3.0
103504,79,1,3.75
103505,60,1,3.75
103506,39,1,4.25
103506,84,2,0.8
103507,57,2,3.1
103507,70,1,3.25
103508,44,1,2.5
103509,50,2,2.5
103510,53,2,3.0
103511,28,2,2.0
103512,31,2,2.2
103513,38,2,3.75
103514,32,1,3.0
103515,23,2,2.5
103516,34,1,2.45
103517,31,2,2.2
103518,40,2,3.75
103518,65,2,0.8
103519,36,1,3.75
103519,74,1,3.5
103520,36,1,3.75
103521,42,2,2.5
103522,27,1,3.5
103523,46,1,2.5
103524,52,1,2.5
103525,34,1,2.45
103526,87,1,3.0
103527,61,1,4.75
103528,87,1,3.0
103529,53,2,3.0
103530,43,1,3.0
103530,69,1,3.25
103531,28,1,2.0
103532,39,2,4.25
103532,64,1,0.8
103533,29,2,2.5
103533,73,1,3.75
103534,39,2,4.25
103534,64,2,0.8
103535,28,1,2.0
103535,78,1,4.5
103536,53,2,3.0
103536,17,1,9.5
103537,53,2,3.0
103538,26,2,3.0
103539,35,2,3.1
103540,38,2,3.75
103540,63,1,0.8
103541,27,2,3.5
103542,23,1,2.5
103543,37,1,3.0
103543,64,2,0.8
103544,26,2,3.0
103544,74,1,3.5
103545,28,1,2.0
103545,83,1,14.0
103546,35,1,3.1
103547,38,2,3.75
103548,26,1,3.0
103548,75,1,3.5
103549,38,1,3.75
103550,22,1,2.0
103551,34,2,2.45
103552,24,2,3.0
103553,44,1,2.5
103554,60,1,3.75
103555,31,1,2.2
103556,27,1,3.5
103557,53,1,3.0
103558,47,1,3.0
103559,40,1,3.75
103559,63,2,0.8
103560,57,2,3.1
103561,51,1,3.0
103562,26,1,3.0
103563,40,1,3.75
103563,63,2,0.8
103564,59,1,4.5
103564,5,1,15.0
103565,60,1,3.75
103566,22,1,2.0
103567,55,2,4.0
103568,48,2,2.5
103569,32,2,3.0
103570,27,2,3.5
103571,32,1,3.0
103572,33,2,3.5
103573,49,1,3.0
103574,38,1,3.75
103574,65,1,0.8
103575,45,1,3.0
103576,31,2,2.2
103577,30,2,3.0
103578,45,2,3.0
103579,27,2,3.5
103580,55,1,4.0
103580,72,1,3.25
103581,23,1,2.5
103581,75,1,3.5
103582,33,1,3.5
103582,73,1,3.75
103583,28,1,2.0
103583,71,1,3.75
103584,50,2,2.5
103585,26,2,3.0
103586,28,1,2.0
103587,37,2,3.0
103587,64,1,0.8
103588,54,1,2.5
103588,71,1,3.75
103589,59,1,4.5
103590,52,2,2.5
103591,46,1,2.5
103592,51,1,3.0
103592,20,1,7.6
103593,59,1,4.5
103593,76,1,3.5
103593,20,1,7.6
103594,50,2,2.5
103595,38,2,3.75
103596,49,1,3.0
103597,57,2,3.1
103598,26,2,3.0
103599,50,2,2.5
103600,29,1,2.5
103601,41,1,4.25
103601,65,2,0.8
103602,33,2,3.5
103603,55,2,4.0
103604,59,1,4.5
103605,54,1,2.5
103606,40,1,3.75
103606,63,2,0.8
103607,51,1,3.0
103608,22,1,2.0
103608,75,1,3.5
103609,60,2,3.75
103610,26,1,3.0
103611,41,1,4.25
103612,58,1,3.5
103612,74,1,3.5
103612,81,1,28.0
103613,42,1,2.5
103614,42,1,2.5
103615,43,1,3.0
103616,56,1,2.55
103617,33,1,3.5
103617,71,1,3.75
103617,11,1,8.95
103618,22,2,2.0
103618,73,1,3.75
103619,34,1,2.45
103620,40,2,3.75
103620,64,1,0.8
103621,27,2,3.5
103622,26,2,3.0
103623,37,2,3.0
103624,25,2,2.2
103625,60,1,3.75
103626,41,1,4.25
103626,84,1,0.8
103627,59,1,4.5
103628,38,1,3.75
103628,84,1,0.8
103629,60,1,3.75
103630,48,2,2.5
103631,60,2,3.75
103632,51,1,3.0
103633,87,1,2.1
103633,72,1,3.25
103634,55,1,4.0
103635,35,1,3.1
103636,48,1,2.5
103636,71,1,3.75
103637,26,1,3.0
103638,49,1,3.0
103638,75,1,3.5
103639,35,1,3.1
103640,24,2,3.0
103641,61,2,4.75
103642,54,2,2.5
103642,73,1,3.75
103643,30,1,3.0
103644,49,1,3.0
103645,44,1,2.5
103646,49,1,3.0
103647,26,1,3.0
103647,83,1,14.0
103648,48,1,2.5
103648,72,1,3.25
103649,50,2,2.5
103650,55,2,4.0
103651,51,2,3.0
103652,32,2,3.0
103653,26,1,3.0
103654,44,2,2.5
103655,87,1,3.0
103656,32,1,3.0
103657,40,2,3.75
103657,64,2,0.8
103657,70,1,3.25
103658,60,1,3.75
103659,60,2,3.75
103660,50,1,2.5
103661,51,2,3.0
103662,61,1,4.75
103663,25,1,2.2
103663,82,1,12.0
103664,60,2,3.75
103665,41,2,4.25
103666,60,1,3.75
103667,25,1,2.2
103667,77,1,3.0
103668,49,2,3.0
103669,32,1,3.0
103670,32,2,3.0
103671,55,2,4.0
103672,59,2,4.5
103672,71,1,3.75
103673,48,2,2.5
103674,48,1,2.5
103675,49,2,3.0
103675,78,1,4.5
103676,41,2,4.25
103676,65,1,0.8
103676,82,1,12.0
103677,49,2,3.0
103678,55,1,4.0
103679,50,2,2.5
103680,57,1,3.1
103681,44,1,2.5
103682,55,1,4.0
103682,77,1,3.0
103683,35,2,3.1
103683,76,1,3.5
103684,46,1,2.5
103685,29,1,2.5
103686,36,1,3.75
103687,29,1,2.5
103688,53,2,3.0
103689,22,1,2.0
103690,45,2,3.0
103691,42,1,2.5
103692,53,2,3.0
103693,42,1,2.5
103693,5,1,15.0
103694,23,1,2.5
103695,25,2,2.2
103696,60,1,3.75
103697,59,2,4.5
103698,87,1,3.0
103699,31,1,2.2
103700,30,2,3.0
103700,75,1,3.5
103701,58,2,3.5
103702,56,2,2.55
103703,42,2,2.5
103704,40,2,3.75
103704,65,1,0.8
103705,41,1,4.25
103705,73,1,3.75
103706,45,1,3.0
103706,69,1,3.25
103707,51,1,3.0
103708,22,1,2.0
103708,78,1,4.5
103709,52,1,2.5
103710,43,1,3.0
103711,54,1,2.5
103711,70,1,3.25
103712,55,1,4.0
103713,26,2,3.0
103714,33,1,3.5
103715,31,1,2.2
103716,38,1,3.75
103716,63,2,0.8
103717,26,1,3.0
103718,29,1,2.5
103718,78,1,4.5
103719,45,1,3.0
103720,45,2,3.0
103721,43,1,3.0
103722,47,1,3.0
103723,60,1,3.75
103723,79,1,3.75
103724,32,2,3.0
103725,52,1,2.5
103726,22,2,2.0
103726,83,1,14.0
103727,50,1,2.5
103728,42,2,2.5
103729,51,2,3.0
103730,43,1,3.0
103731,33,1,3.5
103732,43,1,3.0
103732,79,1,3.75
103733,56,1,2.55
103734,31,1,2.2
103735,61,1,4.75
103735,75,1,3.5
103736,47,2,3.0
103737,52,1,2.5
103738,54,1,2.5
103739,28,2,2.0
103740,33,1,3.5
103740,82,1,12.0
103741,43,2,3.0
103742,59,1,4.5
103743,87,1,2.1
103743,69,1,3.25
103743,72,1,3.25
103744,55,1,4.0
103745,24,2,3.0
103746,47,1,3.0
103746,77,1,3.0
103747,25,1,2.2
103748,24,2,3.0
103748,78,1,4.5
103749,44,2,2.5
103750,36,1,3.75
103751,53,1,3.0
103751,77,1,3.0
103752,57,1,3.1
103753,87,1,3.0
103754,34,1,2.45
103754,75,1,3.5
103755,37,2,3.0
103755,65,1,0.8
103756,61,1,4.75
103757,58,2,3.5
103758,55,2,4.0
103759,30,2,3.0
103760,57,1,3.1
103761,59,1,4.5
103762,23,1,2.5
103763,29,1,2.5
103764,29,2,2.5
103765,53,1,3.0
103766,33,2,3.5
103767,36,2,3.75
103768,26,1,3.0
103769,39,1,4.25
103769,65,1,0.8
103770,36,1,3.75
103770,73,1,3.75
103771,38,1,3.75
103771,64,1,0.8
103772,34,2,2.45
103773,54,2,2.5
103774,44,2,2.5
103775,24,2,3.0
103775,11,1,8.95
103776,46,1,2.5
103777,47,1,3.0
103777,70,1,3.25
103778,35,2,3.1
103779,56,1,2.55
103780,42,1,2.5
103781,24,2,3.0
103782,28,2,2.0
103783,49,1,3.0
103784,45,1,3.0
103785,61,1,4.75
103786,40,1,3.75
103787,28,1,2.0
103788,38,2,3.75
103789,50,1,2.5
103789,12,1,8.95
103790,29,2,2.5
103791,30,2,3.0
103792,39,1,4.25
103792,65,2,0.8
103792,77,1,3.0
103793,51,1,3.0
103794,45,2,3.0
103795,30,1,3.0
103796,45,1,3.0
103797,57,2,3.1
103798,50,2,2.5
103799,25,1,2.2
103800,24,2,3.0
103801,60,2,3.75
103802,49,2,3.0
103802,78,1,4.5
103803,57,1,3.1
103803,79,1,3.75
103804,25,2,2.2
103805,42,1,2.5
103806,45,2,3.0
103807,30,1,3.0
103808,30,1,3.0
103809,60,1,3.75
103810,45,2,3.0
103811,30,1,3.0
103812,61,1,4.75
103813,34,1,2.45
103814,51,2,3.0
103815,60,2,3.75
103816,29,1,2.5
103817,33,1,3.5
103818,48,1,2.5
103819,28,1,2.0
103820,60,1,3.75
103821,43,2,3.0
103822,47,2,3.0
103823,45,1,3.0
103824,27,2,3.5
103825,28,1,2.0
103826,28,1,2.0
103827,27,1,3.5
103828,37,1,3.0
103828,65,1,0.8
103829,40,1,3.75
103829,65,1,0.8
103830,42,2,2.5
103831,54,2,2.5
103832,53,2,3.0
103833,55,2,4.0
103834,31,1,2.2
103835,37,2,3.0
103836,23,2,2.5
103837,49,1,3.0
103838,41,2,4.25
103839,43,2,3.0
103839,14,1,8.95
103840,40,1,3.75
103840,64,2,0.8
103841,26,1,3.0
103842,24,2,3.0
103843,61,1,4.75
103844,29,2,2.5
103845,39,2,4.25
103846,22,1,2.0
103847,60,1,3.75
103848,52,1,2.5
103848,75,1,3.5
103849,30,1,3.0
103850,27,2,3.5
103851,54,2,2.5
103852,24,1,3.0
103852,2,1,18.0
103853,35,2,3.1
103854,49,2,3.0
103855,60,1,3.75
103856,52,2,2.5
103857,28,1,2.0
103857,72,1,3.25
103858,60,2,3.75
103859,60,1,3.75
103860,61,2,4.75
103860,73,1,3.75
103861,37,2,3.0
103862,39,1,4.25
103862,64,2,0.8
103863,59,2,4.5
103864,23,2,2.5
103865,38,1,3.75
103866,27,2,3.5
103867,42,2,2.5
103868,23,1,2.5
103868,77,1,3.0
103868,6,1,21.0
103869,59,1,4.5
103870,29,2,2.5
103871,27,2,3.5
103872,37,2,3.0
103873,31,2,2.2
103874,87,1,3.0
103875,41,2,4.25
103876,48,1,2.5
103877,28,2,2.0
103878,27,2,3.5
103879,33,1,3.5
103880,43,1,3.0
103881,45,2,3.0
103882,38,2,3.75
103882,65,2,0.8
103883,23,1,2.5
103883,1,1,18.0
103884,35,1,3.1
103884,75,1,3.5
103885,35,1,3.1
103886,37,1,3.0
103886,84,1,0.8
103887,46,1,2.5
103888,50,1,2.5
103888,72,1,3.25
103889,29,1,2.5
103889,78,1,4.5
103890,61,2,4.75
103891,52,1,2.5
103892,87,2,3.0
103893,35,2,3.1
103894,41,2,4.25
103894,65,2,0.8
103895,27,2,3.5
103896,51,1,3.0
103896,79,1,3.75
103897,49,2,3.0
103898,61,2,4.75
103899,41,1,4.25
103899,84,1,0.8
103900,47,2,3.0
103900,69,1,3.25
103901,22,2,2.0
103902,45,1,3.0
103902,69,1,3.25
103903,87,1,2.1
103903,77,1,3.0
103903,72,1,3.25
103904,52,2,2.5
103904,71,1,3.75
103905,61,1,4.75
103906,53,2,3.0
103906,2,1,18.0
103907,51,2,3.0
103908,47,1,3.0
103908,18,1,10.95
103909,28,1,2.0
103910,25,2,2.2
103911,23,1,2.5
103911,71,1,3.75
103912,48,1,2.5
103912,9,1,22.5
103913,52,2,2.5
103914,57,1,3.1
103915,39,1,4.25
103915,8,1,45.0
103916,31,1,2.2
103917,47,2,3.0
103918,44,2,2.5
103918,77,1,3.0
103919,27,1,3.5
103920,27,2,3.5
103921,36,2,3.75
103922,59,2,4.5
103923,37,1,3.0
103923,64,2,0.8
103923,70,1,3.25
103924,35,1,3.1
103925,43,2,3.0
103926,29,1,2.5
103927,47,2,3.0
103927,69,1,3.25
103928,50,1,2.5
103929,44,1,2.5
103930,24,2,3.0
103931,30,1,3.0
103932,87,3,3.0
103932,73,1,3.75
103933,30,1,3.0
103934,57,1,3.1
103935,29,3,2.5
103936,29,1,2.5
103937,41,2,4.25
103938,49,1,3.0
103939,26,2,3.0
103939,75,1,3.5
103940,36,2,3.75
103940,78,1,4.5
103941,60,2,3.75
103941,70,1,3.25
103942,42,2,2.5
103943,25,2,2.2
103944,24,1,3.0
103944,75,1,3.5
103945,34,2,2.45
103945,70,1,3.25
103946,61,1,4.75
103947,28,1,2.0
103948,59,1,4.5
103948,71,1,3.75
103949,41,1,4.25
103949,65,2,0.8
103950,28,2,2.0
103951,50,2,2.5
103951,73,1,3.75
103952,41,1,4.25
103952,84,1,0.8
103953,54,2,2.5
103954,61,1,4.75
103955,52,2,2.5
103956,35,2,3.1
103957,59,1,4.5
103957,20,1,7.6
103958,46,2,2.5
103959,27,2,3.5
103960,42,1,2.5
103961,49,1,3.0
103962,39,1,4.25
103962,84,2,0.8
103963,30,2,3.0
103964,32,1,3.0
103964,75,1,3.5
103965,25,1,2.2
103966,38,2,3.75
103966,63,1,0.8
103967,61,2,4.75
103968,40,1,3.75
103968,63,1,0.8
103969,45,2,3.0
103970,34,1,2.45
103970,77,1,3.0
103971,43,2,3.0
103972,39,2,4.25
103972,65,2,0.8
103973,40,2,3.75
103973,63,2,0.8
103974,54,2,2.5
103975,33,1,3.5
103976,43,2,3.0
103977,50,1,2.5
103978,40,2,3.75
103978,63,2,0.8
103979,53,1,3.0
103979,72,1,3.25
103980,24,2,3.0
103981,57,1,3.1
103982,44,1,2.5
103982,69,1,3.25
103983,32,1,3.0
103983,72,1,3.25
103984,56,1,2.55
103985,71,1,3.75
103986,49,1,3.0
103987,37,1,3.0
103987,64,2,0.8
103988,36,2,3.75
103989,37,1,3.0
103989,63,1,0.8
103989,76,1,3.5
103990,26,2,3.0
103990,2,1,18.0
103991,40,1,3.75
103991,65,1,0.8
103992,23,1,2.5
103993,37,1,3.0
103993,64,2,0.8
103994,35,2,3.1
103994,74,1,3.5
103995,51,1,3.0
103995,82,1,12.0
103996,28,1,2.0
103997,33,2,3.5
103998,60,2,3.75
103999,26,2,3.0
104000,28,1,2.0
104001,26,2,3.0
104002,54,1,2.5
104003,46,2,2.5
104004,23,1,2.5
104005,40,2,3.75
104005,84,1,0.8
104005,74,1,3.5
104006,40,2,3.75
104006,65,2,0.8
104007,33,1,3.5
104008,32,2,3.0
104008,75,1,3.5
104009,50,2,2.5
104010,28,1,2.0
104011,49,2,3.0
104012,29,2,2.5
104013,36,1,3.75
104013,71,1,3.75
104014,48,2,2.5
104015,24,1,3.0
104015,73,1,3.75
104016,47,2,3.0
104017,23,1,2.5
104018,43,1,3.0
104019,50,2,2.5
104019,78,1,4.5
104020,52,1,2.5
104021,25,2,2.2
104021,74,1,3.5
104021,14,1,8.95
104022,29,2,2.5
104023,27,2,3.5
104024,45,1,3.0
104025,40,2,3.75
104025,63,2,0.8
104026,44,1,2.5
104027,36,2,3.75
104028,25,2,2.2
104028,75,1,3.5
104029,26,2,3.0
104030,45,1,3.0
104031,53,1,3.0
104032,30,2,3.0
104033,34,1,2.45
104034,61,1,4.75
104035,42,1,2.5
104036,54,1,2.5
104037,43,2,3.0
104037,71,1,3.75
104038,51,2,3.0
104039,44,1,2.5
104040,26,1,3.0
104041,44,1,2.5
104041,76,1,3.5
104042,23,1,2.5
104043,50,1,2.5
104044,37,1,3.0
104044,64,2,0.8
104045,53,2,3.0
104046,27,1,3.5
104047,39,2,4.25
104047,84,2,0.8
104047,17,1,9.5
104048,49,2,3.0
104049,41,1,4.25
104049,65,2,0.8
104050,31,1,2.2
104051,30,1,3.0
104051,71,1,3.75
104052,59,2,4.5
104053,87,1,3.0
104054,87,1,3.0
104055,57,1,3.1
104056,39,2,4.25
104056,63,1,0.8
104056,82,1,12.0
104057,51,1,3.0
104058,52,1,2.5
104059,53,1,3.0
104060,59,2,4.5
104061,22,2,2.0
104062,35,1,3.1
104063,57,2,3.1
104063,20,1,7.6
104064,60,1,3.75
104065,50,2,2.5
104066,46,1,2.5
104067,27,2,3.5
104068,29,2,2.5
104068,52,1,2.5
104069,54,1,2.5
104070,40,1,3.75
104070,84,2,0.8
104071,56,2,2.55
104072,28,2,2.0
104073,33,2,3.5
104074,58,1,3.5
104075,29,1,2.5
104076,38,3,3.75
104076,63,1,0.8
104076,75,1,3.5
104077,49,2,3.0
104078,25,2,2.2
104079,26,2,3.0
104080,45,2,3.0
104081,42,2,2.5
104082,56,2,2.55
104082,31,2,2.2
104083,87,1,3.0
104083,77,1,3.0
104084,57,1,3.1
104085,39,1,4.25
104085,64,1,0.8
104086,35,1,3.1
104087,39,1,4.25
104087,64,2,0.8
104088,56,1,2.55
104089,49,2,3.0
104090,42,2,2.5
104091,37,1,3.0
104091,63,1,0.8
104091,71,1,3.75
104092,23,2,2.5
104093,61,1,4.75
104093,77,1,3.0
104094,60,2,3.75
104095,30,2,3.0
104095,79,1,3.75
104096,53,2,3.0
104096,69,1,3.25
104097,52,1,2.5
104098,23,1,2.5
104098,14,1,8.95
104099,58,2,3.5
104100,48,2,2.5
104101,48,1,2.5
104102,30,2,3.0
104103,45,2,3.0
104104,36,2,3.75
104105,37,1,3.0
104105,65,2,0.8
104106,51,1,3.0
104107,36,1,3.75
104108,51,2,3.0
104109,26,1,3.0
104110,24,1,3.0
104111,61,1,4.75
104111,73,1,3.75
104112,29,1,2.5
104113,60,2,3.75
104114,33,2,3.5
104115,71,1,3.75
104115,71,1,3.75
104116,48,1,2.5
104117,54,2,2.5
104118,35,1,3.1
104119,55,2,4.0
104120,26,2,3.0
104121,51,2,3.0
104122,33,1,3.5
104123,55,2,4.0
104124,40,2,3.75
104124,65,1,0.8
104124,71,1,3.75
104125,33,1,3.5
104126,44,1,2.5
104127,34,1,2.45
104128,60,1,3.75
104129,31,1,2.2
104130,45,2,3.0
104130,69,1,3.25
104131,28,1,2.0
104132,49,2,3.0
104132,72,1,3.25
104133,41,2,4.25
104133,65,1,0.8
104134,44,1,2.5
104135,23,1,2.5
104135,79,1,3.75
104136,39,2,4.25
104136,65,2,0.8
104137,55,1,4.0
104138,29,1,2.5
104138,72,1,3.25
104139,42,1,2.5
104139,78,1,4.5
104140,35,2,3.1
104141,57,1,3.1
104142,55,1,4.0
104143,22,1,2.0
104143,77,1,3.0
104143,50,1,2.5
104144,56,2,2.55
104145,52,1,2.5
104146,37,1,3.0
104146,63,1,0.8
104147,31,1,2.2
104147,78,1,4.5
104148,22,1,2.0
104149,39,1,4.25
104149,65,1,0.8
104149,69,1,3.25
104150,48,1,2.5
104151,22,2,2.0
104152,58,2,3.5
104153,50,2,2.5
104154,56,2,2.55
104155,60,1,3.75
104156,30,2,3.0
104156,74,1,3.5
104157,44,1,2.5
104157,69,1,3.25
104158,43,1,3.0
104159,33,1,3.5
104160,33,1,3.5
104161,40,2,3.75
104161,64,1,0.8
104162,48,2,2.5
104162,76,1,3.5
104163,35,2,3.1
104163,70,1,3.25
104164,57,1,3.1
104165,54,1,2.5
104166,31,1,2.2
104167,33,2,3.5
104167,81,1,28.0
104168,49,1,3.0
104168,71,1,3.75
104169,34,2,2.45
104169,76,1,3.5
104169,3,1,14.75
104170,59,2,4.5
104171,42,2,2.5
104172,22,2,2.0
104173,52,2,2.5
104174,32,2,3.0
104175,59,2,4.5
104176,41,2,4.25
104176,84,1,0.8
104177,52,1,2.5
104178,31,2,2.2
104179,32,2,3.0
104180,25,1,2.2
104181,22,2,2.0
104182,49,2,3.0
104183,48,1,2.5
104184,25,1,2.2
104185,47,2,3.0
104186,34,1,2.45
104187,50,1,2.5
104187,77,1,3.0
104188,60,2,3.75
104189,49,2,3.0
104190,42,2,2.5
104191,54,1,2.5
104192,56,1,2.55
104193,43,1,3.0
104194,22,2,2.0
104195,58,1,3.5
104196,38,1,3.75
104196,64,2,0.8
104197,36,1,3.75
104197,73,1,3.75
104198,49,2,3.0
104198,79,1,3.75
104199,32,1,3.0
104200,36,1,3.75
104201,43,2,3.0
104202,50,1,2.5
104202,72,1,3.25
104203,60,2,3.75
104204,28,2,2.0
104205,60,1,3.75
104206,32,2,3.0
104207,24,2,3.0
104208,29,1,2.5
104208,74,1,3.5
104209,30,1,3.0
104210,53,1,3.0
104211,34,2,2.45
104211,72,1,3.25
104212,25,2,2.2
104213,52,1,2.5
104214,51,2,3.0
104215,43,2,3.0
104216,56,2,2.55
104216,9,1,22.5
104217,50,1,2.5
104218,56,1,2.55
104219,59,2,4.5
104220,48,2,2.5
104221,46,2,2.5
104222,49,1,3.0
104223,35,3,3.1
104223,82,1,12.0
104224,47,2,3.0
104224,74,1,3.5
104225,55,2,4.0
104225,71,1,3.75
104226,33,1,3.5
104227,54,2,2.5
104228,34,1,2.45
104229,43,1,3.0
104229,79,1,3.75
104230,31,1,2.2
104230,74,1,3.5
104231,38,2,3.75
104231,76,1,3.5
104232,60,1,3.75
104233,33,2,3.5
104233,73,1,3.75
104234,31,2,2.2
104235,45,1,3.0
104235,83,1,14.0
104236,30,1,3.0
104237,45,1,3.0
104237,73,1,3.75
104238,56,1,2.55
104239,44,1,2.5
104240,50,1,2.5
104241,56,2,2.55
104242,32,1,3.0
104243,28,1,2.0
104243,82,1,12.0
104244,52,1,2.5
104245,61,1,4.75
104245,76,1,3.5
104246,54,2,2.5
104247,40,2,3.75
104247,65,1,0.8
104248,40,1,3.75
104248,84,1,0.8
104249,55,2,4.0
104250,50,2,2.5
104251,28,2,2.0
104252,87,1,2.1
104252,72,1,3.25
104252,8,8,45.0
104253,36,1,3.75
104254,51,1,3.0
104255,39,3,4.25
104255,65,2,0.8
104256,25,1,2.2
104257,56,1,2.55
104257,71,1,3.75
104258,58,2,3.5
104258,71,1,3.75
104258,10,1,10.0
104259,52,2,2.5
104260,59,2,4.5
104261,45,2,3.0
104262,27,2,3.5
104262,70,1,3.25
104263,52,1,2.5
104264,37,2,3.0
104264,65,1,0.8
104265,35,1,3.1
104265,71,1,3.75
104266,56,2,2.55
104267,54,2,2.5
104268,51,1,3.0
104268,69,1,3.25
104269,26,2,3.0
104269,77,1,3.0
104270,45,2,3.0
104271,47,2,3.0
104272,46,1,2.5
104273,37,2,3.0
104273,65,2,0.8
104274,37,1,3.0
104274,84,1,0.8
104274,77,1,3.0
104275,55,2,4.0
104276,44,2,2.5
104276,75,1,3.5
104277,60,1,3.75
104278,40,2,3.75
104278,64,1,0.8
104279,24,2,3.0
104280,35,1,3.1
104281,36,1,3.75
104282,41,2,4.25
104282,84,1,0.8
104282,71,1,3.75
104283,39,1,4.25
104283,64,1,0.8
104283,18,1,10.95
104284,22,2,2.0
104285,27,2,3.5
104285,77,1,3.0
104286,56,1,2.55
104286,74,1,3.5
104287,22,1,2.0
104288,34,1,2.45
104289,22,1,2.0
104290,42,1,2.5
104290,33,1,3.5
104291,22,2,2.0
104291,73,1,3.75
104292,38,2,3.75
104292,65,1,0.8
104293,36,1,3.75
104294,34,1,2.45
104295,46,1,2.5
104295,81,1,28.0
104296,41,1,4.25
104296,65,1,0.8
104297,36,2,3.75
104298,32,1,3.0
104298,15,1,9.25
104299,52,2,2.5
104299,83,1,14.0
104300,39,2,4.25
104300,65,2,0.8
104301,43,1,3.0
104302,29,1,2.5
104302,77,1,3.0
104303,44,1,2.5
104304,39,1,4.25
104304,63,1,0.8
104305,33,2,3.5
104306,26,2,3.0
104307,60,1,3.75
104307,3,1,14.75
104308,28,3,2.0
104308,71,1,3.75
104309,41,1,4.25
104309,65,2,0.8
104309,13,1,8.95
104310,53,2,3.0
104311,59,1,4.5
104311,76,1,3.5
104312,42,1,2.5
104313,54,1,2.5
104313,78,1,4.5
104314,47,1,3.0
104314,4,1,20.45
104315,45,1,3.0
104316,30,1,3.0
104317,32,1,3.0
104318,59,1,4.5
104319,60,1,3.75
104319,73,1,3.75
104320,36,2,3.75
104321,52,1,2.5
104322,51,2,3.0
104322,75,1,3.5
104323,32,1,3.0
104324,44,1,2.5
104325,46,1,2.5
104325,74,1,3.5
104326,71,1,3.75
104327,57,2,3.1
104328,24,2,3.0
104329,61,1,4.75
104329,76,1,3.5
104330,35,2,3.1
104331,43,2,3.0
104332,37,1,3.0
104332,64,2,0.8
104333,22,2,2.0
104334,44,1,2.5
104335,33,2,3.5
104335,83,1,14.0
104336,45,3,3.0
104337,45,2,3.0
104338,32,2,3.0
104338,76,1,3.5
104339,24,1,3.0
104339,75,1,3.5
104340,48,1,2.5
104341,23,2,2.5
104341,79,1,3.75
104342,37,2,3.0
104342,84,1,0.8
104342,78,1,4.5
104343,52,2,2.5
104344,40,1,3.75
104344,84,2,0.8
104345,34,2,2.45
104345,77,1,3.0
104346,57,1,3.1
104347,24,1,3.0
104348,25,1,2.2
104348,70,1,3.25
104349,87,1,2.1
104349,69,1,3.25
104349,72,1,3.25
104349,8,8,45.0
104350,39,2,4.25
104350,64,2,0.8
104350,79,1,3.75
104351,51,2,3.0
104352,61,1,4.75
104353,53,1,3.0
104354,50,2,2.5
104355,52,2,2.5
104356,46,2,2.5
104357,51,2,3.0
104358,87,2,3.0
104358,71,1,3.75
104358,2,1,18.0
104359,55,2,4.0
104360,41,1,4.25
104360,65,2,0.8
104360,74,1,3.5
104361,59,2,4.5
104362,54,2,2.5
104363,51,2,3.0
104363,71,1,3.75
104364,25,1,2.2
104365,71,1,3.75
104366,54,1,2.5
104367,58,1,3.5
104368,39,2,4.25
104368,64,2,0.8
104369,59,1,4.5
104370,25,2,2.2
104371,23,1,2.5
104372,42,1,2.5
104372,74,1,3.5
104373,44,2,2.5
104374,53,2,3.0
104374,83,1,14.0
104375,40,2,3.75
104375,84,1,0.8
104376,54,2,2.5
104376,71,1,3.75
104377,29,1,2.5
104377,75,1,3.5
104378,48,1,2.5
104379,59,1,4.5
104380,56,1,2.55
104381,27,2,3.5
104381,73,1,3.75
104382,54,2,2.5
104383,43,2,3.0
104384,47,2,3.0
104385,45,1,3.0
104386,46,1,2.5
104387,23,1,2.5
104388,46,1,2.5
104388,17,1,9.5
104389,34,1,2.45
104390,29,1,2.5
104391,37,2,3.0
104391,63,1,0.8
104392,39,2,4.25
104392,84,1,0.8
104393,87,1,3.0
104393,75,1,3.5
104394,26,2,3.0
104395,25,2,2.2
104395,72,1,3.25
104396,46,2,2.5
104397,87,1,2.1
104397,72,1,3.25
104397,72,1,3.25
104397,8,8,45.0
104398,56,2,2.55
104399,22,2,2.0
104400,55,1,4.0
104400,79,1,3.75
104401,25,2,2.2
104402,38,2,3.75
104403,54,2,2.5
104404,56,2,2.55
104404,78,1,4.5
104405,47,2,3.0
104406,41,1,4.25
104406,63,1,0.8
104407,39,2,4.25
104408,40,1,3.75
104408,84,1,0.8
104409,47,2,3.0
104410,32,1,3.0
104411,60,1,3.75
104412,32,2,3.0
104413,48,2,2.5
104414,50,1,2.5
104414,78,1,4.5
104415,49,1,3.0
104416,32,1,3.0
104417,40,2,3.75
104418,56,2,2.55
104418,75,1,3.5
104419,31,2,2.2
104419,9,1,22.5
104420,33,2,3.5
104421,60,2,3.75
104422,54,2,2.5
104423,39,2,4.25
104423,84,2,0.8
104424,87,2,3.0
104425,61,1,4.75
104425,78,1,4.5
104426,55,1,4.0
104427,51,2,3.0
104428,37,1,3.0
104428,64,2,0.8
104428,2,1,18.0
104429,36,2,3.75
104430,56,1,2.55
104431,48,1,2.5
104431,74,1,3.5
104432,54,2,2.5
104433,23,2,2.5
104434,55,2,4.0
104435,32,2,3.0
104436,31,2,2.2
104437,34,2,2.45
104437,76,1,3.5
104438,31,1,2.2
104439,40,1,3.75
104439,64,2,0.8
104440,52,1,2.5
104441,38,2,3.75
104441,84,2,0.8
104441,74,1,3.5
104442,22,1,2.0
104443,28,2,2.0
104444,59,1,4.5
104445,52,2,2.5
104445,74,1,3.5
104446,28,1,2.0
104447,23,1,2.5
104447,78,1,4.5
104448,33,1,3.5
104449,50,1,2.5
104450,53,1,3.0
104451,39,2,4.25
104452,39,1,4.25
104452,63,1,0.8
104453,48,2,2.5
104454,24,2,3.0
104455,54,1,2.5
104456,36,1,3.75
104456,81,1,28.0
104457,50,1,2.5
104458,50,2,2.5
104459,48,2,2.5
104459,74,1,3.5
104460,41,1,4.25
104460,63,1,0.8
104460,69,1,3.25
104461,33,1,3.5
104462,26,1,3.0
104463,32,2,3.0
104464,51,1,3.0
104465,54,1,2.5
104465,76,1,3.5
104466,50,2,2.5
104467,24,2,3.0
104468,45,1,3.0
104469,48,1,2.5
104470,27,2,3.5
104471,57,1,3.1
104471,71,1,3.75
104472,30,2,3.0
104472,76,1,3.5
104473,41,1,4.25
104473,63,2,0.8
104474,36,1,3.75
104475,49,1,3.0
104476,61,1,4.75
104477,25,1,2.2
104478,37,1,3.0
104478,73,1,3.75
104479,37,2,3.0
104479,7,1,19.75
104480,23,1,2.5
104481,45,2,3.0
104482,48,1,2.5
104483,23,2,2.5
104484,37,1,3.0
104484,63,1,0.8
104485,42,2,2.5
104486,87,2,3.0
104486,11,1,8.95
104487,23,1,2.5
104487,73,1,3.75
104488,38,1,3.75
104488,65,1,0.8
104489,42,1,2.5
104490,34,2,2.45
104491,32,2,3.0
104492,42,1,2.5
104493,49,2,3.0
104494,31,2,2.2
104495,24,1,3.0
104495,76,1,3.5
104496,34,2,2.45
104497,34,1,2.45
104498,46,1,2.5
104498,9,1,22.5
104499,26,1,3.0
104500,29,1,2.5
104501,31,2,2.2
104501,9,1,22.5
104502,24,2,3.0
104503,29,1,2.5
104504,28,1,2.0
104505,48,2,2.5
104506,32,1,3.0
104507,44,2,2.5
104507,46,1,2.5
104508,31,1,2.2
104509,29,1,2.5
104509,72,1,3.25
104510,32,1,3.0
104511,52,2,2.5
104512,56,1,2.55
104513,55,2,4.0
104514,57,2,3.1
104515,44,1,2.5
104515,78,1,4.5
104516,32,2,3.0
104517,30,1,3.0
104518,50,2,2.5
104519,49,1,3.0
104520,33,2,3.5
104521,35,1,3.1
104522,32,1,3.0
104523,46,1,2.5
104524,49,1,3.0
104525,34,2,2.45
104526,22,1,2.0
104527,38,1,3.75
104527,65,2,0.8
104527,76,1,3.5
104528,61,2,4.75
104528,79,1,3.75
104529,37,1,3.0
104530,87,1,2.1
104530,72,1,3.25
104531,26,1,3.0
104532,50,1,2.5
104533,54,1,2.5
104534,33,1,3.5
104535,25,1,2.2
104536,29,1,2.5
104537,54,1,2.5
104538,22,2,2.0
104538,81,1,28.0
104539,58,2,3.5
104539,74,1,3.5
104540,31,2,2.2
104541,29,1,2.5
104542,58,2,3.5
104543,32,1,3.0
104544,41,1,4.25
104545,37,2,3.0
104545,65,2,0.8
104546,34,1,2.45
104547,40,1,3.75
104548,41,2,4.25
104548,65,2,0.8
104548,77,1,3.0
104549,23,2,2.5
104550,41,1,4.25
104551,35,2,3.1
104552,38,1,3.75
104552,64,2,0.8
104553,54,2,2.5
104554,25,1,2.2
104555,30,2,3.0
104555,74,1,3.5
104556,26,2,3.0
104556,79,1,3.75
104557,47,1,3.0
104558,61,1,4.75
104558,72,1,3.25
104559,61,2,4.75
104560,48,2,2.5
104561,34,1,2.45
104562,35,2,3.1
104563,59,1,4.5
104564,39,2,4.25
104564,65,2,0.8
104565,26,2,3.0
104566,37,1,3.0
104566,63,1,0.8
104567,43,1,3.0
104568,31,1,2.2
104568,78,1,4.5
104569,42,1,2.5
104570,42,1,2.5
104571,37,1,3.0
104571,84,2,0.8
104571,6,1,21.0
104572,49,1,3.0
104573,61,1,4.75
104574,53,2,3.0
104575,56,1,2.55
104576,31,2,2.2
104577,57,1,3.1
104577,83,1,14.0
104578,34,2,2.45
104579,58,1,3.5
104580,37,1,3.0
104581,87,1,3.0
104582,50,1,2.5
104583,32,2,3.0
104584,51,1,3.0
104584,70,1,3.25
104585,41,1,4.25
104585,84,2,0.8
104585,76,1,3.5
104586,24,1,3.0
104587,37,1,3.0
104587,64,1,0.8
104588,41,2,4.25
104588,65,2,0.8
104589,22,2,2.0
104589,78,1,4.5
104590,55,1,4.0
104591,50,1,2.5
104592,28,1,2.0
104592,6,1,21.0
104593,60,1,3.75
104594,45,2,3.0
104595,87,2,3.0
104596,54,1,2.5
104596,69,1,3.25
104597,43,2,3.0
104598,40,2,3.75
104598,63,1,0.8
104599,31,2,2.2
104600,34,2,2.45
104601,36,1,3.75
104602,54,1,2.5
104603,34,1,2.45
104603,74,1,3.5
104604,58,2,3.5
104604,77,1,3.0
104605,25,2,2.2
104606,27,2,3.5
104607,46,1,2.5
104608,34,2,2.45
104608,81,1,28.0
104609,50,1,2.5
104610,54,2,2.5
104610,71,1,3.75
104611,26,1,3.0
104612,34,2,2.45
104612,69,1,3.25
104613,48,2,2.5
104614,50,2,2.5
104615,55,1,4.0
104615,76,1,3.5
104616,27,2,3.5
104617,57,1,3.1
104617,78,1,4.5
104618,40,1,3.75
104618,73,1,3.75
104619,59,2,4.5
104619,72,1,3.25
104620,48,2,2.5
104621,23,1,2.5
104622,41,1,4.25
104622,69,1,3.25
104623,32,1,3.0
104624,39,1,4.25
104625,54,2,2.5
104626,61,2,4.75
104626,69,1,3.25
104627,43,1,3.0
104628,52,2,2.5
104629,50,2,2.5
104630,41,2,4.25
104630,84,1,0.8
104631,31,1,2.2
104631,69,1,3.25
104632,49,1,3.0
104632,1,1,18.0
104633,23,1,2.5
104634,25,1,2.2
104635,33,2,3.5
104636,50,2,2.5
104637,46,2,2.5
104638,25,2,2.2
104639,42,1,2.5
104639,78,1,4.5
104640,43,1,3.0
104641,31,2,2.2
104642,22,2,2.0
104643,49,2,3.0
104644,43,1,3.0
104645,61,1,4.75
104646,32,1,3.0
104647,49,2,3.0
104648,55,1,4.0
104649,23,1,2.5
104650,26,2,3.0
104651,40,1,3.75
104652,23,2,2.5
104653,35,2,3.1
104653,77,1,3.0
104654,56,1,2.55
104655,36,2,3.75
104656,31,1,2.2
104656,78,1,4.5
104657,42,2,2.5
104658,54,1,2.5
104659,55,2,4.0
104659,70,1,3.25
104660,33,2,3.5
104661,46,2,2.5
104662,41,2,4.25
104662,84,2,0.8
104663,54,2,2.5
104663,70,1,3.25
104664,27,2,3.5
104665,26,2,3.0
104666,43,1,3.0
104667,25,2,2.2
104668,24,2,3.0
104668,17,1,9.5
104669,40,2,3.75
104669,63,1,0.8
104670,43,1,3.0
104671,43,2,3.0
104672,51,2,3.0
104672,73,1,3.75
104673,49,2,3.0
104674,33,2,3.5
104674,72,1,3.25
104675,47,2,3.0
104676,45,2,3.0
104677,53,2,3.0
104678,46,1,2.5
104679,33,3,3.5
104680,48,1,2.5
104681,24,2,3.0
104682,87,2,3.0
104682,20,1,7.6
104683,37,1,3.0
104683,84,2,0.8
104683,5,1,15.0
104684,22,2,2.0
104685,52,1,2.5
104686,49,1,3.0
104687,32,1,3.0
104688,30,2,3.0
104688,73,1,3.75
104689,23,2,2.5
104690,50,2,2.5
104691,23,1,2.5
104691,79,1,3.75
104692,47,2,3.0
104692,70,1,3.25
104693,48,1,2.5
104694,56,1,2.55
104695,27,2,3.5
104696,57,1,3.1
104696,77,1,3.0
104697,37,1,3.0
104697,64,2,0.8
104697,71,1,3.75
104698,32,2,3.0
104699,42,1,2.5
104700,33,1,3.5
104700,70,1,3.25
104701,25,1,2.2
104702,40,1,3.75
104702,65,1,0.8
104702,78,1,4.5
104703,24,2,3.0
104704,43,2,3.0
104705,58,1,3.5
104706,37,1,3.0
104706,63,1,0.8
104707,31,1,2.2
104708,41,1,4.25
104708,64,1,0.8
104708,72,1,3.25
104709,33,2,3.5
104710,29,3,2.5
104711,28,2,2.0
104711,18,1,6.4
104712,27,2,3.5
104713,22,1,2.0
104713,2,1,18.0
104714,29,1,2.5
104714,83,1,14.0
104715,36,1,3.75
104716,49,2,3.0
104716,70,1,3.25
104717,25,1,2.2
104718,51,2,3.0
104719,60,1,3.75
104720,31,2,2.2
104720,69,1,3.25
104721,59,2,4.5
104721,75,1,3.5
104722,30,2,3.0
104723,36,1,3.75
104724,87,2,3.0
104724,69,1,3.25
104725,24,1,3.0
104725,14,1,8.95
104726,61,2,4.75
104726,74,1,3.5
104727,23,1,2.5
104728,52,1,2.5
104728,69,1,3.25
104729,46,1,2.5
104730,45,2,3.0
104731,35,1,3.1
104732,55,2,4.0
104733,42,2,2.5
104734,58,2,3.5
104735,39,2,4.25
104735,65,1,0.8
104735,71,1,3.75
104736,46,1,2.5
104737,87,2,3.0
104737,73,1,3.75
104738,24,1,3.0
104739,45,2,3.0
104739,75,1,3.5
104740,22,1,2.0
104741,38,1,3.75
104741,84,2,0.8
104742,37,1,3.0
104742,64,2,0.8
104743,23,1,2.5
104744,41,1,4.25
104744,64,1,0.8
104745,43,2,3.0
104746,24,1,3.0
104747,57,2,3.1
104748,30,2,3.0
104749,43,1,3.0
104750,87,1,2.1
104750,72,1,3.25
104751,46,2,2.5
104752,55,1,4.0
104753,38,1,3.75
104754,52,2,2.5
104754,82,1,12.0
104755,58,1,3.5
104756,32,1,3.0
104757,46,1,2.5
104758,27,1,3.5
104759,34,1,2.45
104760,23,1,2.5
104761,57,2,3.1
104762,25,2,2.2
104762,70,1,3.25
104763,48,2,2.5
104764,35,2,3.1
104764,79,1,3.75
104764,82,1,12.0
104765,37,1,3.0
104765,84,1,0.8
104766,31,2,2.2
104766,70,1,3.25
104767,46,2,2.5
104768,48,1,2.5
104769,40,1,3.75
104769,84,1,0.8
104770,48,1,2.5
104771,57,2,3.1
104772,32,1,3.0
104773,53,2,3.0
104773,78,1,4.5
104774,27,2,3.5
104775,46,1,2.5
104775,77,1,3.0
104776,31,2,2.2
104777,25,1,2.2
104778,34,1,2.45
104779,31,2,2.2
104780,28,2,2.0
104781,35,1,3.1
104782,46,1,2.5
104783,56,2,2.55
104784,61,2,4.75
104784,21,1,13.33
104785,49,1,3.0
104785,78,1,4.5
104786,51,1,3.0
104787,47,1,3.0
104788,41,1,4.25
104788,84,2,0.8
104789,29,1,2.5
104790,31,2,2.2
104790,83,1,14.0
104791,51,1,3.0
104792,53,2,3.0
104793,31,2,2.2
104794,24,1,3.0
104795,42,1,2.5
104795,70,1,3.25
104796,59,1,4.5
104797,25,1,2.2
104797,71,1,3.75
104798,59,2,4.5
104799,51,2,3.0
104800,48,1,2.5
104800,75,1,3.5
104801,39,1,4.25
104802,38,2,3.75
104802,84,1,0.8
104802,70,1,3.25
104803,46,1,2.5
104804,61,2,4.75
104805,56,1,2.55
104806,46,2,2.5
104806,73,1,3.75
104807,32,2,3.0
104808,22,1,2.0
104809,22,1,2.0
104810,51,1,3.0
104811,22,1,2.0
104812,34,2,2.45
104812,78,1,4.5
104813,60,1,3.75
104814,61,1,4.75
104815,57,2,3.1
104815,18,1,6.4
104816,22,1,2.0
104816,75,1,3.5
104817,48,1,2.5
104818,39,2,4.25
104818,64,1,0.8
104819,23,1,2.5
104820,28,2,2.0
104821,58,1,3.5
104822,58,2,3.5
104823,53,2,3.0
104824,59,2,4.5
104825,26,2,3.0
104826,36,2,3.75
104827,54,2,2.5
104827,73,1,3.75
104828,27,2,3.5
104829,55,1,4.0
104829,71,1,3.75
104830,40,1,3.75
104830,65,2,0.8
104830,83,1,14.0
104831,60,2,3.75
104831,73,1,3.75
104832,30,2,3.0
104833,32,1,3.0
104834,54,1,2.5
104834,12,1,8.95
104835,28,1,2.0
104836,46,2,2.5
104837,34,2,2.45
104838,37,2,3.0
104838,84,2,0.8
104839,34,2,2.45
104840,37,2,3.0
104840,84,2,0.8
104840,20,1,7.6
104841,38,1,3.75
104841,64,1,0.8
104842,54,1,2.5
104842,76,1,3.5
104843,50,2,2.5
104844,34,1,2.45
104844,83,1,14.0
104845,33,2,3.5
104845,70,1,3.25
104846,54,2,2.5
104846,11,1,8.95
104847,60,2,3.75
104847,69,1,3.25
104848,56,2,2.55
104849,71,1,3.75
104849,71,1,3.75
104850,57,2,3.1
104851,44,2,2.5
104851,75,1,3.5
104852,40,2,3.75
104852,84,1,0.8
104853,42,1,2.5
104854,29,1,2.5
104854,5,1,15.0
104855,57,2,3.1
104856,57,1,3.1
104857,53,1,3.0
104857,76,1,3.5
104858,46,1,2.5
104858,83,1,14.0
104859,55,2,4.0
104860,50,1,2.5
104861,50,1,2.5
104862,38,2,3.75
104862,84,2,0.8
104863,52,1,2.5
104864,24,2,3.0
104865,40,1,3.75
104865,63,2,0.8
104866,40,1,3.75
104866,84,2,0.8
104867,50,1,2.5
104867,77,1,3.0
104868,42,2,2.5
104869,35,2,3.1
104870,22,2,2.0
104871,26,2,3.0
104872,29,1,2.5
104873,28,2,2.0
104874,48,2,2.5
104875,56,1,2.55
104875,71,1,3.75
104876,40,1,3.75
104876,65,1,0.8
104877,52,2,2.5
104877,7,1,19.75
104878,29,1,2.5
104878,70,1,3.25
104879,59,2,4.5
104880,51,1,3.0
104880,76,1,3.5
104881,32,1,3.0
104881,74,1,3.5
104882,41,2,4.25
104882,84,1,0.8
104883,61,1,4.75
104884,59,2,4.5
104885,27,2,3.5
104886,25,1,2.2
104887,32,2,3.0
104888,44,1,2.5
104889,87,2,3.0
104889,74,1,3.5
104890,61,1,4.75
104891,23,1,2.5
104892,32,1,3.0
104893,51,2,3.0
104893,78,1,4.5
104894,46,1,2.5
104894,76,1,3.5
104895,39,1,4.25
104895,65,2,0.8
104896,56,1,2.55
104896,11,1,8.95
104897,34,2,2.45
104898,49,1,3.0
104899,52,1,2.5
104900,32,1,3.0
104900,44,1,2.5
104901,28,2,2.0
104901,75,1,3.5
104902,50,2,2.5
104903,27,1,3.5
104904,30,1,3.0
104905,22,1,2.0
104905,78,1,4.5
104906,38,2,3.75
104906,64,2,0.8
104906,73,1,3.75
104907,87,2,3.0
104907,77,1,3.0
104908,56,1,2.55
104909,27,2,3.5
104910,25,1,2.2
104911,40,1,3.75
104911,65,2,0.8
104911,18,1,10.95
104912,49,2,3.0
104912,78,1,4.5
104913,49,2,3.0
104914,53,1,3.0
104914,14,1,8.95
104915,45,2,3.0
104916,50,2,2.5
104917,41,1,4.25
104917,64,1,0.8
104918,36,1,3.75
104918,75,1,3.5
104919,39,1,4.25
104919,84,2,0.8
104920,25,1,2.2
104921,35,1,3.1
104922,40,2,3.75
104923,54,2,2.5
104923,77,1,3.0
104924,46,1,2.5
104925,49,2,3.0
104926,55,2,4.0
104926,78,1,4.5
104927,59,2,4.5
104927,72,1,3.25
104928,54,1,2.5
104928,71,1,3.75
104929,27,1,3.5
104930,43,1,3.0
104931,35,2,3.1
104932,49,1,3.0
104933,25,1,2.2
104934,34,1,2.45
104935,31,1,2.2
104936,28,2,2.0
104936,11,1,8.95
104937,41,1,4.25
104937,65,2,0.8
104938,43,1,3.0
104939,27,1,3.5
104940,55,2,4.0
104941,60,2,3.75
104941,69,1,3.25
104942,44,1,2.5
104942,76,1,3.5
104943,46,2,2.5
104944,27,1,3.5
104944,77,1,3.0
104945,31,1,2.2
104946,29,1,2.5
104947,58,2,3.5
104948,47,2,3.0
104948,20,1,7.6
104949,60,2,3.75
104950,31,2,2.2
104950,76,1,3.5
104951,42,2,2.5
104951,77,1,3.0
104952,48,2,2.5
104952,71,1,3.75
104953,31,1,2.2
104953,79,1,3.75
104954,47,1,3.0
104955,52,1,2.5
104955,11,1,8.95
104956,33,2,3.5
104957,47,2,3.0
104958,61,2,4.75
104959,39,2,4.25
104959,64,1,0.8
104960,36,1,3.75
104961,42,2,2.5
104961,74,1,3.5
104962,58,1,3.5
104963,51,2,3.0
104964,26,1,3.0
104965,42,2,2.5
104966,42,1,2.5
104967,26,2,3.0
104968,51,2,3.0
104969,22,2,2.0
104969,3,1,14.75
104970,44,1,2.5
104971,57,2,3.1
104972,22,1,2.0
104972,76,1,3.5
104973,26,2,3.0
104973,71,1,3.75
104974,36,1,3.75
104975,48,2,2.5
104976,36,2,3.75
104977,46,1,2.5
104978,60,1,3.75
104978,76,1,3.5
104979,46,2,2.5
104980,41,1,4.25
104980,65,2,0.8
104981,26,2,3.0
104982,36,1,3.75
104983,46,1,2.5
104984,27,2,3.5
104984,71,1,3.75
104985,58,1,3.5
104985,79,1,3.75
104986,39,1,4.25
104986,84,2,0.8
104987,61,2,4.75
104988,43,2,3.0
104989,36,2,3.75
104989,74,1,3.5
104990,41,3,4.25
104990,65,1,0.8
104991,53,1,3.0
104992,44,1,2.5
104993,60,1,3.75
104993,11,1,8.95
104994,87,1,3.0
104995,35,2,3.1
104996,25,2,2.2
104996,70,1,3.25
104997,44,2,2.5
104998,42,2,2.5
104999,44,1,2.5
105000,33,1,3.5
105001,41,2,4.25
105001,84,2,0.8
105001,21,1,13.33
105002,87,2,2.1
105002,72,2,3.25
105003,33,1,3.5
105004,57,2,3.1
105005,61,1,4.75
105006,58,2,3.5
105006,76,1,3.5
105007,58,2,3.5
105008,41,2,4.25
105008,64,1,0.8
105009,24,1,3.0
105010,50,2,2.5
105011,39,1,4.25
105011,84,1,0.8
105012,33,1,3.5
105013,59,1,4.5
105014,37,2,3.0
105015,54,1,2.5
105016,59,2,4.5
105017,29,2,2.5
105017,72,1,3.25
105018,71,1,3.75
105018,71,1,3.75
105019,44,1,2.5
105020,57,2,3.1
105021,59,2,4.5
105021,79,1,3.75
105022,56,1,2.55
105022,78,1,4.5
105023,27,2,3.5
105023,74,1,3.5
105024,35,2,3.1
105025,39,3,4.25
105025,65,2,0.8
105026,23,2,2.5
105027,37,1,3.0
105027,64,2,0.8
105028,56,1,2.55
105029,22,2,2.0
105030,71,1,3.75
105031,58,1,3.5
105031,71,1,3.75
105032,54,2,2.5
105033,31,2,2.2
105034,33,1,3.5
105035,26,2,3.0
105035,69,1,3.25
105036,32,1,3.0
105036,76,1,3.5
105037,35,2,3.1
105038,33,1,3.5
105039,28,2,2.0
105040,44,1,2.5
105041,55,2,4.0
105042,34,2,2.45
105043,61,1,4.75
105044,30,2,3.0
105044,69,1,3.25
105045,87,1,2.1
105045,70,1,3.25
105045,72,1,3.25
105046,39,1,4.25
105046,63,1,0.8
105047,45,2,3.0
105048,53,2,3.0
105049,53,2,3.0
105049,77,1,3.0
105050,40,1,3.75
105050,65,1,0.8
105051,40,2,3.75
105051,84,2,0.8
105051,72,1,3.25
105052,38,2,3.75
105052,65,1,0.8
105053,41,1,4.25
105054,54,1,2.5
105054,72,1,3.25
105055,33,2,3.5
105056,36,2,3.75
105056,71,1,3.75
105057,32,1,3.0
105057,70,1,3.25
105058,49,1,3.0
105059,59,1,4.5
105060,39,2,4.25
105060,63,2,0.8
105060,8,1,45.0
105061,47,1,3.0
105062,54,1,2.5
105063,42,1,2.5
105064,22,1,2.0
105064,76,1,3.5
105065,59,1,4.5
105065,10,1,10.0
105066,71,1,3.75
105067,37,2,3.0
105067,84,1,0.8
105068,50,1,2.5
105069,25,2,2.2
105069,16,1,8.95
105070,87,2,3.0
105071,55,2,4.0
105072,87,1,2.1
105072,72,1,3.25
105073,45,1,3.0
105074,44,2,2.5
105074,75,1,3.5
105075,52,1,2.5
105076,43,1,3.0
105077,50,2,2.5
105078,46,2,2.5
105079,32,1,3.0
105080,44,1,2.5
105081,59,1,4.5
105082,42,1,2.5
105083,35,2,3.1
105084,42,2,2.5
105085,53,1,3.0
105086,46,2,2.5
105086,75,1,3.5
105087,27,2,3.5
105088,54,1,2.5
105089,58,1,3.5
105090,22,1,2.0
105091,26,2,3.0
105092,55,1,4.0
105093,36,1,3.75
105093,76,1,3.5
105094,26,1,3.0
105095,29,2,2.5
105096,24,1,3.0
105096,8,1,45.0
105097,41,1,4.25
105097,84,2,0.8
105098,61,1,4.75
105099,52,1,2.5
105100,22,1,2.0
105101,87,1,2.1
105101,73,1,3.75
105101,72,1,3.25
105102,37,1,3.0
105102,65,1,0.8
105103,38,1,3.75
105103,65,2,0.8
105104,30,1,3.0
105104,72,1,3.25
105105,54,1,2.5
105106,87,1,3.0
105107,32,1,3.0
105107,79,1,3.75
105108,57,2,3.1
105108,71,1,3.75
105109,39,2,4.25
105110,56,2,2.55
105111,59,2,4.5
105112,22,1,2.0
105112,82,1,12.0
105113,52,1,2.5
105114,41,1,4.25
105114,64,2,0.8
105115,40,2,3.75
105115,65,2,0.8
105115,72,1,3.25
105116,47,1,3.0
105117,47,1,3.0
105118,30,2,3.0
105119,34,1,2.45
105119,70,1,3.25
105119,82,1,12.0
105120,35,1,3.1
105121,41,2,4.25
105121,65,2,0.8
105122,30,2,3.0
105122,73,1,3.75
105123,59,1,4.5
105123,70,1,3.25
105124,28,2,2.0
105125,25,1,2.2
105126,61,1,4.75
105127,41,1,4.25
105127,64,1,0.8
105128,56,1,2.55
105129,36,1,3.75
105129,71,1,3.75
105130,39,1,4.25
105130,65,1,0.8
105131,56,1,2.55
105132,31,1,2.2
105133,23,2,2.5
105134,52,2,2.5
105135,26,1,3.0
105136,34,1,2.45
105137,60,2,3.75
105138,32,2,3.0
105139,41,1,4.25
105139,84,2,0.8
105139,77,1,3.0
105139,9,1,22.5
105140,43,2,3.0
105141,26,2,3.0
105142,47,1,3.0
105143,87,1,3.0
105143,78,1,4.5
105143,55,2,4.0
105144,44,2,2.5
105145,38,2,3.75
105145,65,2,0.8
105146,51,1,3.0
105147,47,2,3.0
105148,29,2,2.5
105149,27,1,3.5
105150,60,1,3.75
105151,60,2,3.75
105152,51,2,3.0
105153,31,2,2.2
105153,11,1,8.95
105154,31,1,2.2
105155,25,2,2.2
105156,34,2,2.45
105157,54,1,2.5
105158,22,2,2.0
105158,76,1,3.5
105159,60,1,3.75
105160,60,2,3.75
105161,28,1,2.0
105162,57,1,3.1
105163,28,2,2.0
105164,55,2,4.0
105165,27,1,3.5
105166,56,1,2.55
105167,56,1,2.55
105168,33,1,3.5
105169,57,2,3.1
105169,7,1,19.75
105170,30,1,3.0
105171,60,2,3.75
105172,22,2,2.0
105172,77,1,3.0
105173,34,1,2.45
105173,78,1,4.5
105174,29,1,2.5
105174,78,1,4.5
105175,26,1,3.0
105175,73,1,3.75
105176,30,1,3.0
105177,52,1,2.5
105177,73,1,3.75
105178,41,1,4.25
105178,65,2,0.8
105178,72,1,3.25
105179,57,1,3.1
105179,73,1,3.75
105180,87,1,2.1
105180,72,1,3.25
105181,27,2,3.5
105182,32,2,3.0
105183,39,1,4.25
105183,64,1,0.8
105184,25,1,2.2
105185,48,1,2.5
105186,39,1,4.25
105186,64,1,0.8
105187,60,2,3.75
105188,60,2,3.75
105189,58,2,3.5
105190,60,2,3.75
105191,60,1,3.75
105192,27,2,3.5
105193,33,2,3.5
105194,22,1,2.0
105195,47,1,3.0
105196,61,2,4.75
105197,30,1,3.0
105198,37,2,3.0
105198,63,1,0.8
105199,50,2,2.5
105200,47,2,3.0
105201,39,1,4.25
105201,64,1,0.8
105201,14,1,8.95
105202,46,1,2.5
105203,39,2,4.25
105203,64,1,0.8
105204,31,1,2.2
105205,26,2,3.0
105206,34,1,2.45
105207,22,2,2.0
105208,54,1,2.5
105209,39,2,4.25
105209,84,2,0.8
105210,57,2,3.1
105211,50,2,2.5
105211,73,1,3.75
105212,54,2,2.5
105213,30,1,3.0
105214,27,1,3.5
105214,79,1,3.75
105215,55,2,4.0
105215,76,1,3.5
105215,11,1,8.95
105216,31,1,2.2
105216,70,1,3.25
105217,30,2,3.0
105218,60,2,3.75
105218,1,1,18.0
105219,56,1,2.55
105219,77,1,3.0
105220,44,2,2.5
105220,2,1,18.0
105221,27,2,3.5
105222,49,2,3.0
105223,47,2,3.0
105224,60,2,3.75
105225,52,1,2.5
105226,57,1,3.1
105227,24,2,3.0
105227,77,1,3.0
105228,52,1,2.5
105228,2,1,18.0
105229,47,1,3.0
105230,57,2,3.1
105231,47,2,3.0
105232,52,1,2.5
105232,74,1,3.5
105233,54,2,2.5
105234,61,1,4.75
105234,76,1,3.5
105235,37,2,3.0
105235,2,1,18.0
105236,42,2,2.5
105237,23,2,2.5
105238,41,1,4.25
105239,46,2,2.5
105240,60,2,3.75
105241,49,2,3.0
105242,51,1,3.0
105243,37,2,3.0
105243,65,1,0.8
105244,87,1,2.1
105244,78,1,4.5
105244,72,1,3.25
105245,49,2,3.0
105246,42,2,2.5
105246,10,1,10.0
105247,39,1,4.25
105247,84,1,0.8
105248,55,1,4.0
105249,29,1,2.5
105250,44,2,2.5
105251,24,1,3.0
105252,42,2,2.5
105253,39,1,4.25
105253,63,2,0.8
105253,17,1,9.5
105254,57,1,3.1
105255,45,1,3.0
105255,74,1,3.5
105256,22,2,2.0
105256,77,1,3.0
105257,29,1,2.5
105257,70,1,3.25
105257,5,1,15.0
105258,55,1,4.0
105258,72,1,3.25
105259,61,2,4.75
105260,25,2,2.2
105261,46,1,2.5
105262,45,1,3.0
105263,48,1,2.5
105264,46,1,2.5
105265,27,2,3.5
105265,79,1,3.75
105266,27,1,3.5
105267,35,2,3.1
105268,50,1,2.5
105269,43,1,3.0
105270,48,2,2.5
105270,79,1,3.75
105270,17,1,9.5
105271,23,2,2.5
105272,59,2,4.5
105273,27,1,3.5
105274,28,1,2.0
105274,75,1,3.5
105275,56,1,2.55
105275,70,1,3.25
105276,43,2,3.0
105277,48,1,2.5
105278,60,2,3.75
105279,42,1,2.5
105280,36,2,3.75
105280,69,1,3.25
105281,49,2,3.0
105282,45,1,3.0
105283,60,2,3.75
105284,61,1,4.75
105285,51,1,3.0
105286,31,2,2.2
105286,77,1,3.0
105286,6,1,21.0
105287,24,1,3.0
105288,54,1,2.5
105289,52,1,2.5
105290,59,2,4.5
105291,33,2,3.5
105292,46,2,2.5
105293,42,2,2.5
105294,53,2,3.0
105295,37,2,3.0
105295,84,1,0.8
105296,40,1,3.75
105297,30,2,3.0
105298,24,2,3.0
105298,77,1,3.0
105299,54,2,2.5
105300,24,1,3.0
105301,30,1,3.0
105302,44,1,2.5
105303,31,2,2.2
105304,52,1,2.5
105305,22,2,2.0
105306,59,1,4.5
105307,29,1,2.5
105308,31,2,2.2
105309,61,2,4.75
105310,53,1,3.0
105311,24,1,3.0
105312,59,2,4.5
105313,52,1,2.5
105314,48,2,2.5
105315,56,1,2.55
105316,38,1,3.75
105316,64,2,0.8
105316,70,1,3.25
105317,28,1,2.0
105318,55,2,4.0
105319,41,1,4.25
105319,73,1,3.75
105319,13,1,8.95
105320,59,2,4.5
105321,43,1,3.0
105321,4,1,20.45
105322,29,2,2.5
105323,51,2,3.0
105324,44,2,2.5
105325,26,1,3.0
105326,29,2,2.5
105326,73,1,3.75
105327,33,2,3.5
105328,34,2,2.45
105329,54,2,2.5
105330,52,1,2.5
105330,72,1,3.25
105331,35,2,3.1
105332,25,1,2.2
105333,41,1,4.25
105333,64,1,0.8
105334,51,1,3.0
105335,57,2,3.1
105336,59,2,4.5
105337,39,1,4.25
105337,84,2,0.8
105338,25,2,2.2
105339,52,1,2.5
105340,61,1,4.75
105341,61,2,4.75
105342,53,2,3.0
105343,34,2,2.45
105344,58,1,3.5
105345,47,2,3.0
105346,30,1,3.0
105347,58,1,3.5
105348,55,2,4.0
105349,44,2,2.5
105350,23,1,2.5
105350,5,1,15.0
105351,37,2,3.0
105351,65,2,0.8
105352,36,1,3.75
105353,49,2,3.0
105353,69,1,3.25
105354,24,2,3.0
105355,55,1,4.0
105355,69,1,3.25
105356,60,1,3.75
105357,61,2,4.75
105358,28,1,2.0
105359,28,2,2.0
105360,36,1,3.75
105360,77,1,3.0
105360,5,1,15.0
105361,40,1,3.75
105361,84,2,0.8
105362,54,1,2.5
105362,73,1,3.75
105363,38,1,3.75
105363,64,1,0.8
105364,30,2,3.0
105365,46,1,2.5
105366,50,1,2.5
105366,75,1,3.5
105367,25,1,2.2
105368,26,1,3.0
105368,73,1,3.75
105369,38,1,3.75
105369,84,1,0.8
105370,40,1,3.75
105370,84,1,0.8
105371,23,1,2.5
105371,78,1,4.5
105372,45,2,3.0
105373,40,1,3.75
105373,63,1,0.8
105374,31,1,2.2
105375,29,2,2.5
105376,60,1,3.75
105376,76,1,3.5
105377,54,1,2.5
105378,56,1,2.55
105378,21,1,13.33
105379,22,2,2.0
105380,26,2,3.0
105381,46,1,2.5
105381,73,1,3.75
105382,27,1,3.5
105383,60,2,3.75
105384,40,1,3.75
105384,63,1,0.8
105384,75,1,3.5
105385,49,1,3.0
105385,71,1,3.75
105386,58,2,3.5
105387,32,1,3.0
105388,39,1,4.25
105388,84,1,0.8
105388,73,1,3.75
105389,38,2,3.75
105390,61,2,4.75
105391,53,2,3.0
105392,49,2,3.0
105393,48,1,2.5
105394,36,2,3.75
105395,28,2,2.0
105396,48,2,2.5
105397,53,2,3.0
105398,60,1,3.75
105399,38,2,3.75
105399,65,2,0.8
105400,29,1,2.5
105401,22,2,2.0
105402,32,2,3.0
105402,83,1,14.0
105403,46,2,2.5
105404,33,2,3.5
105405,61,1,4.75
105405,75,1,3.5
105406,30,2,3.0
105407,25,2,2.2
105408,44,2,2.5
105409,43,1,3.0
105410,47,2,3.0
105410,79,1,3.75
105411,48,2,2.5
105412,45,1,3.0
105413,28,1,2.0
105414,30,1,3.0
105414,18,1,10.95
105415,57,2,3.1
105416,56,2,2.55
105416,74,1,3.5
105417,46,1,2.5
105418,30,2,3.0
105419,35,2,3.1
105420,41,1,4.25
105420,84,1,0.8
105421,41,1,4.25
105421,64,1,0.8
105422,61,1,4.75
105423,57,1,3.1
105424,40,1,3.75
105424,65,1,0.8
105425,56,1,2.55
105426,44,2,2.5
105427,48,1,2.5
105428,55,2,4.0
105429,23,2,2.5
105430,36,2,3.75
105431,30,2,3.0
105432,26,2,3.0
105433,25,2,2.2
105434,51,2,3.0
105435,38,2,3.75
105435,64,1,0.8
105435,77,1,3.0
105436,30,1,3.0
105437,60,1,3.75
105438,40,2,3.75
105439,44,2,2.5
105440,51,1,3.0
105441,30,1,3.0
105442,55,2,4.0
105442,70,1,3.25
105443,54,1,2.5
105444,87,1,3.0
105445,45,1,3.0
105446,22,1,2.0
105446,76,1,3.5
105447,51,1,3.0
105448,46,1,2.5
105449,47,1,3.0
105450,24,1,3.0
105450,75,1,3.5
105451,45,2,3.0
105451,20,1,7.6
105452,29,1,2.5
105453,41,2,4.25
105453,84,2,0.8
105453,79,1,3.75
105454,49,1,3.0
105454,70,1,3.25
105455,60,1,3.75
105456,46,2,2.5
105457,28,2,2.0
105458,54,2,2.5
105459,22,2,2.0
105460,31,2,2.2
105461,32,2,3.0
105462,55,2,4.0
105463,49,2,3.0
105464,26,1,3.0
105464,83,1,14.0
105465,26,1,3.0
105466,58,1,3.5
105467,52,2,2.5
105468,38,2,3.75
105468,65,1,0.8
105469,58,1,3.5
105470,42,1,2.5
105471,29,1,2.5
105472,41,1,4.25
105472,65,2,0.8
105473,25,1,2.2
105474,61,2,4.75
105475,29,1,2.5
105475,69,1,3.25
105476,45,1,3.0
105477,30,1,3.0
105478,24,2,3.0
105479,42,1,2.5
105479,72,1,3.25
105480,23,1,2.5
105480,76,1,3.5
105481,60,2,3.75
105482,37,2,3.0
105482,63,1,0.8
105483,52,2,2.5
105484,22,2,2.0
105485,29,1,2.5
105486,59,2,4.5
105487,56,1,2.55
105487,75,1,3.5
105488,61,1,4.75
105489,26,2,3.0
105490,61,1,4.75
105491,58,2,3.5
105492,28,1,2.0
105493,58,1,3.5
105494,60,2,3.75
105495,35,2,3.1
105495,69,1,3.25
105496,33,2,3.5
105497,40,1,3.75
105497,84,2,0.8
105498,58,1,3.5
105499,49,2,3.0
105499,76,1,3.5
105500,51,2,3.0
105500,17,1,9.5
105501,51,1,3.0
105502,47,1,3.0
105502,78,1,4.5
105503,57,1,3.1
105504,87,2,3.0
105505,27,1,3.5
105506,37,1,3.0
105506,84,2,0.8
105507,49,1,3.0
105507,75,1,3.5
105508,44,1,2.5
105509,36,2,3.75
105509,4,1,20.45
105510,30,2,3.0
105511,52,1,2.5
105512,41,1,4.25
105513,30,2,3.0
105514,26,1,3.0
105514,82,1,12.0
105515,41,2,4.25
105516,42,2,2.5
105516,73,1,3.75
105517,50,2,2.5
105518,87,1,3.0
105519,49,2,3.0
105520,26,1,3.0
105520,74,1,3.5
105521,54,2,2.5
105522,46,1,2.5
105523,40,2,3.75
105524,23,1,2.5
105525,32,2,3.0
105525,6,1,21.0
105526,54,2,2.5
105527,22,1,2.0
105527,78,1,4.5
105528,36,1,3.75
105529,25,1,2.2
105530,52,1,2.5
105531,25,1,2.2
105532,32,1,3.0
105533,59,1,4.5
105534,38,1,3.75
105535,36,1,3.75
105536,40,1,3.75
105536,63,2,0.8
105537,26,2,3.0
105537,77,1,3.0
105538,55,2,4.0
105539,87,1,2.1
105539,72,1,3.25
105540,36,1,3.75
105541,25,2,2.2
105541,76,1,3.5
105541,9,1,22.5
105542,28,2,2.0
105542,69,1,3.25
105543,57,1,3.1
105544,39,1,4.25
105544,84,1,0.8
105544,10,1,10.0
105545,38,1,3.75
105545,63,1,0.8
105546,37,2,3.0
105546,65,2,0.8
105547,56,2,2.55
105548,31,2,2.2
105549,32,1,3.0
105550,48,1,2.5
105551,24,1,3.0
105552,39,2,4.25
105552,63,2,0.8
105552,82,1,12.0
105553,52,2,2.5
105553,82,1,12.0
105554,60,1,3.75
105555,33,2,3.5
105556,43,2,3.0
105556,71,1,3.75
105557,52,2,2.5
105557,74,1,3.5
105558,33,2,3.5
105559,41,2,4.25
105559,77,1,3.0
105560,58,1,3.5
105560,7,1,19.75
105561,34,1,2.45
105562,28,1,2.0
105563,57,2,3.1
105564,51,1,3.0
105565,28,1,2.0
105566,22,1,2.0
105567,32,1,3.0
105567,77,1,3.0
105568,36,1,3.75
105568,78,1,4.5
105568,82,1,12.0
105569,40,2,3.75
105569,74,1,3.5
105570,32,1,3.0
105571,28,1,2.0
105571,70,1,3.25
105572,26,2,3.0
105572,1,1,18.0
105573,52,2,2.5
105574,47,1,3.0
105575,54,2,2.5
105576,32,1,3.0
105577,50,1,2.5
105578,48,1,2.5
105579,44,1,2.5
105580,29,1,2.5
105581,33,2,3.5
105582,48,1,2.5
105583,40,1,3.75
105584,28,2,2.0
105585,56,2,2.55
105586,43,2,3.0
105587,52,1,2.5
105588,25,1,2.2
105588,71,1,3.75
105589,61,1,4.75
105590,60,2,3.75
105591,59,1,4.5
105592,87,1,2.1
105592,72,1,3.25
105593,27,1,3.5
105594,61,2,4.75
105595,40,2,3.75
105596,45,2,3.0
105596,3,1,14.75
105597,52,1,2.5
105598,53,1,3.0
105598,71,1,3.75
105599,31,1,2.2
105600,36,2,3.75
105601,37,1,3.0
105601,84,2,0.8
105602,28,1,2.0
105603,59,2,4.5
105604,37,2,3.0
105604,75,1,3.5
105605,60,1,3.75
105605,14,1,8.95
105606,43,2,3.0
105606,69,1,3.25
105606,81,1,28.0
105607,43,2,3.0
105608,54,2,2.5
105609,27,1,3.5
105610,48,2,2.5
105611,60,1,3.75
105612,48,1,2.5
105613,50,2,2.5
105614,32,2,3.0
105615,23,2,2.5
105616,29,1,2.5
105617,56,1,2.55
105618,54,2,2.5
105619,33,2,3.5
105620,35,1,3.1
105621,28,1,2.0
105621,73,1,3.75
105622,39,2,4.25
105622,65,2,0.8
105623,50,1,2.5
105624,58,2,3.5
105625,31,2,2.2
105626,44,2,2.5
105627,54,2,2.5
105628,53,3,3.0
105628,75,1,3.5
105629,27,2,3.5
105629,74,1,3.5
105630,36,1,3.75
105631,32,1,3.0
105632,35,2,3.1
105633,40,1,3.75
105633,65,2,0.8
105634,29,1,2.5
105635,25,2,2.2
105635,76,1,3.5
105636,43,1,3.0
105636,74,1,3.5
105637,30,2,3.0
105638,60,1,3.75
105638,75,1,3.5
105639,45,2,3.0
105640,46,2,2.5
105641,56,1,2.55
105642,22,2,2.0
105642,74,1,3.5
105643,53,1,3.0
105643,75,1,3.5
105644,48,1,2.5
105645,40,2,3.75
105645,84,1,0.8
105646,43,1,3.0
105647,35,1,3.1
105647,78,1,4.5
105648,44,2,2.5
105649,26,1,3.0
105649,70,1,3.25
105650,29,2,2.5
105651,51,2,3.0
105652,54,2,2.5
105653,45,2,3.0
105654,30,1,3.0
105655,40,2,3.75
105655,38,2,3.75
105655,64,2,0.8
105655,21,1,13.33
105656,45,2,3.0
105657,45,1,3.0
105658,46,2,2.5
105659,46,2,2.5
105660,28,1,2.0
105661,56,1,2.55
105661,10,1,10.0
105662,56,2,2.55
105663,26,2,3.0
105663,69,1,3.25
105664,54,1,2.5
105665,35,1,3.1
105666,61,1,4.75
105667,42,1,2.5
105668,46,1,2.5
105669,26,1,3.0
105670,34,1,2.45
105671,54,1,2.5
105672,25,2,2.2
105673,34,1,2.45
105674,35,2,3.1
105675,41,2,4.25
105675,63,1,0.8
105676,59,2,4.5
105677,40,2,3.75
105677,63,1,0.8
105678,30,2,3.0
105679,41,1,4.25
105679,64,2,0.8
105679,4,1,20.45
105680,35,2,3.1
105681,59,2,4.5
105682,38,2,3.75
105682,64,1,0.8
105683,33,2,3.5
105683,76,1,3.5
105684,22,1,2.0
105685,48,2,2.5
105686,61,2,4.75
105687,45,2,3.0
105688,32,1,3.0
105688,77,1,3.0
105689,43,2,3.0
105690,44,1,2.5
105691,35,1,3.1
105692,54,1,2.5
105692,75,1,3.5
105693,40,1,3.75
105693,65,2,0.8
105694,22,1,2.0
105694,74,1,3.5
105695,42,2,2.5
105696,48,1,2.5
105697,22,1,2.0
105698,44,2,2.5
105699,57,1,3.1
105699,83,1,14.0
105700,58,2,3.5
105701,38,1,3.75
105701,64,1,0.8
105702,27,1,3.5
105702,20,1,7.6
105703,31,1,2.2
105704,44,2,2.5
105705,32,1,3.0
105706,27,1,3.5
105707,46,1,2.5
105708,57,1,3.1
105709,43,1,3.0
105710,27,2,3.5
105710,74,1,3.5
105711,36,2,3.75
105712,36,1,3.75
105713,41,1,4.25
105713,64,2,0.8
105714,24,2,3.0
105715,60,1,3.75
105715,73,1,3.75
105716,47,1,3.0
105717,27,2,3.5
105718,38,2,3.75
105718,84,1,0.8
105719,48,2,2.5
105720,36,2,3.75
105721,55,1,4.0
105721,74,1,3.5
105722,41,1,4.25
105722,64,1,0.8
105722,70,1,3.25
105722,6,1,21.0
105723,23,1,2.5
105724,71,1,3.75
105724,71,1,3.75
105725,22,2,2.0
105726,50,2,2.5
105727,29,2,2.5
105728,37,1,3.0
105728,65,1,0.8
105729,38,1,3.75
105729,64,1,0.8
105730,50,2,2.5
105730,70,1,3.25
105731,51,1,3.0
105731,75,1,3.5
105732,37,2,3.0
105732,63,1,0.8
105733,36,2,3.75
105733,73,1,3.75
105734,44,1,2.5
105734,9,1,22.5
105735,56,2,2.55
105736,22,2,2.0
105737,53,2,3.0
105738,53,2,3.0
105738,81,1,28.0
105739,45,2,3.0
105740,55,2,4.0
105741,45,1,3.0
105741,76,1,3.5
105742,58,1,3.5
105743,52,1,2.5
105744,23,1,2.5
105745,29,2,2.5
105746,33,1,3.5
105746,77,1,3.0
105747,28,1,2.0
105748,36,2,3.75
105749,26,1,3.0
105749,73,1,3.75
105750,61,1,4.75
105751,38,2,3.75
105751,65,1,0.8
105751,70,1,3.25
105752,44,1,2.5
105753,47,2,3.0
105753,79,1,3.75
105754,24,1,3.0
105755,42,1,2.5
105756,52,1,2.5
105757,44,2,2.5
105758,59,2,4.5
105759,61,1,4.75
105759,8,1,45.0
105760,59,2,4.5
105761,37,2,3.0
105761,84,1,0.8
105762,48,1,2.5
105763,42,2,2.5
105764,37,2,3.0
105765,55,1,4.0
105766,41,1,4.25
105766,84,1,0.8
105766,70,1,3.25
105767,31,1,2.2
105768,55,1,4.0
105769,32,1,3.0
105770,61,1,4.75
105770,70,1,3.25
105770,21,1,13.33
105771,33,2,3.5
105771,76,1,3.5
105772,55,1,4.0
105773,53,1,3.0
105773,69,1,3.25
105774,45,1,3.0
105775,58,2,3.5
105775,70,1,3.25
105776,39,2,4.25
105776,63,2,0.8
105776,5,1,15.0
105777,51,1,3.0
105778,26,2,3.0
105779,36,1,3.75
105780,56,2,2.55
105781,61,1,4.75
105782,42,2,2.5
105783,32,2,3.0
105784,57,1,3.1
105785,49,2,3.0
105786,59,2,4.5
105787,22,2,2.0
105788,38,2,3.75
105788,72,1,3.25
105789,44,2,2.5
105790,87,2,3.0
105790,3,1,14.75
105791,27,2,3.5
105792,46,1,2.5
105793,26,2,3.0
105794,47,2,3.0
105794,70,1,3.25
105795,29,1,2.5
105796,51,2,3.0
105797,55,2,4.0
105798,34,2,2.45
105799,47,2,3.0
105800,41,2,4.25
105800,79,1,3.75
105801,43,1,3.0
105802,58,1,3.5
105803,27,2,3.5
105804,22,1,2.0
105804,74,1,3.5
105805,53,2,3.0
105805,71,1,3.75
105805,46,2,2.5
105805,74,1,3.5
105806,29,2,2.5
105807,48,2,2.5
105808,87,2,3.0
105809,30,1,3.0
105809,81,1,28.0
105810,29,2,2.5
105811,32,1,3.0
105812,28,1,2.0
105813,59,1,4.5
105814,40,2,3.75
105815,45,2,3.0
105816,58,2,3.5
105816,71,1,3.75
105817,31,1,2.2
105818,36,2,3.75
105819,32,1,3.0
105820,29,1,2.5
105821,53,2,3.0
105822,54,1,2.5
105822,14,1,8.95
105823,55,2,4.0
105823,57,2,3.1
105823,23,1,2.5
105824,48,2,2.5
105825,87,1,2.1
105825,70,1,3.25
105825,72,1,3.25
105826,30,1,3.0
105826,13,1,8.95
105827,54,3,2.5
105828,31,2,2.2
105829,26,2,3.0
105829,74,1,3.5
105830,59,2,4.5
105831,27,2,3.5
105832,50,1,2.5
105833,32,2,3.0
105834,22,1,2.0
105834,69,1,3.25
105835,35,2,3.1
105836,87,2,3.0
105836,76,1,3.5
105837,58,1,3.5
105837,71,1,3.75
105838,54,1,2.5
105839,61,1,4.75
105840,87,2,3.0
105840,79,1,3.75
105841,37,1,3.0
105841,64,1,0.8
105842,52,1,2.5
105842,78,1,4.5
105843,32,1,3.0
105844,61,2,4.75
105844,75,1,3.5
105845,38,1,3.75
105845,84,2,0.8
105846,41,2,4.25
105846,63,2,0.8
105847,61,2,4.75
105848,51,1,3.0
105849,39,2,4.25
105849,84,2,0.8
105849,79,1,3.75
105850,23,2,2.5
105851,44,1,2.5
105852,34,2,2.45
105853,51,2,3.0
105853,75,1,3.5
105854,23,1,2.5
105855,24,1,3.0
105856,50,2,2.5
105856,71,1,3.75
105857,38,1,3.75
105857,84,1,0.8
105858,27,1,3.5
105858,69,1,3.25
105859,51,2,3.0
105860,42,1,2.5
105861,39,2,4.25
105861,64,2,0.8
105861,79,1,3.75
105862,61,1,4.75
105862,78,1,4.5
105863,55,1,4.0
105864,36,1,3.75
105864,71,1,3.75
105865,25,1,2.2
105866,40,2,3.75
105866,84,1,0.8
105866,77,1,3.0
105867,23,2,2.5
105868,39,1,4.25
105868,84,1,0.8
105869,60,2,3.75
105870,39,1,4.25
105870,84,1,0.8
105871,34,2,2.45
105872,44,2,2.5
105873,56,2,2.55
105874,56,1,2.55
105875,26,1,3.0
105875,69,1,3.25
105876,32,1,3.0
105877,23,1,2.5
105878,40,2,3.75
105878,65,1,0.8
105879,27,1,3.5
105880,45,2,3.0
105880,10,1,10.0
105881,43,1,3.0
105882,42,2,2.5
105883,49,2,3.0
105884,53,2,3.0
105885,48,1,2.5
105886,53,2,3.0
105887,33,2,3.5
105888,23,2,2.5
105888,75,1,3.5
105889,37,1,3.0
105889,65,1,0.8
105889,76,1,3.5
105890,35,2,3.1
105891,46,1,2.5
105892,45,2,3.0
105892,78,1,4.5
105893,36,1,3.75
105894,43,2,3.0
105895,32,2,3.0
105896,39,2,4.25
105896,64,1,0.8
105896,76,1,3.5
105896,34,1,2.45
105897,59,2,4.5
105898,52,1,2.5
105898,73,1,3.75
105899,59,1,4.5
105900,61,1,4.75
105900,79,1,3.75
105901,49,2,3.0
105901,70,1,3.25
105902,60,1,3.75
105903,52,1,2.5
105903,75,1,3.5
105904,28,2,2.0
105905,36,1,3.75
105905,77,1,3.0
105906,27,1,3.5
105907,28,2,2.0
105908,60,2,3.75
105909,61,1,4.75
105909,70,1,3.25
105910,53,1,3.0
105911,55,2,4.0
105912,58,1,3.5
105913,43,2,3.0
105914,56,1,2.55
105915,39,2,4.25
105916,56,2,2.55
105917,58,2,3.5
105918,43,2,3.0
105918,69,1,3.25
105919,40,1,3.75
105919,64,2,0.8
105919,76,1,3.5
105920,41,2,4.25
105920,65,1,0.8
105921,47,2,3.0
105922,23,1,2.5
105923,59,1,4.5
105924,40,1,3.75
105924,84,2,0.8
105924,75,1,3.5
105925,26,1,3.0
105926,49,1,3.0
105927,54,1,2.5
105928,23,2,2.5
105929,41,1,4.25
105929,64,1,0.8
105930,32,2,3.0
105930,73,1,3.75
105931,35,2,3.1
105931,73,1,3.75
105932,22,1,2.0
105933,44,1,2.5
105934,49,2,3.0
105934,79,1,3.75
105935,27,1,3.5
105936,40,1,3.75
105936,63,1,0.8
105936,6,1,21.0
105937,59,2,4.5
105938,29,1,2.5
105938,2,1,18.0
105939,49,1,3.0
105940,60,2,3.75
105941,42,2,2.5
105941,69,1,3.25
105942,45,2,3.0
105943,49,1,3.0
105944,40,1,3.75
105945,36,1,3.75
105946,48,2,2.5
105947,58,1,3.5
105947,71,1,3.75
105948,40,2,3.75
105948,84,2,0.8
105949,50,2,2.5
105950,40,2,3.75
105950,84,2,0.8
105951,52,1,2.5
105952,22,2,2.0
105952,71,1,3.75
105953,47,1,3.0
105954,52,2,2.5
105955,23,2,2.5
105956,61,1,4.75
105957,57,2,3.1
105958,26,1,3.0
105959,87,1,2.1
105959,73,1,3.75
105959,72,1,3.25
105960,31,1,2.2
105961,59,2,4.5
105962,32,1,3.0
105962,77,1,3.0
105963,47,2,3.0
105964,39,2,4.25
105964,64,1,0.8
105964,78,1,4.5
105965,30,2,3.0
105965,70,1,3.25
105966,42,1,2.5
105967,28,1,2.0
105968,36,1,3.75
105969,52,1,2.5
105970,35,1,3.1
105970,73,1,3.75
105971,43,2,3.0
105972,33,1,3.5
105973,59,1,4.5
105973,78,1,4.5
105974,48,1,2.5
105974,76,1,3.5
105975,29,1,2.5
105975,15,1,9.25
105976,25,1,2.2
105977,25,1,2.2
105978,35,1,3.1
105979,26,2,3.0
105980,29,1,2.5
105980,77,1,3.0
105981,34,2,2.45
105982,29,1,2.5
105983,24,1,3.0
105983,11,1,8.95
105984,28,2,2.0
105985,37,1,3.0
105985,63,2,0.8
105986,42,2,2.5
105987,60,2,3.75
105987,71,1,3.75
105988,56,1,2.55
105989,35,2,3.1
105990,58,2,3.5
105990,72,1,3.25
105990,83,1,14.0
105991,48,1,2.5
105992,25,1,2.2
105993,50,2,2.5
105994,24,1,3.0
105994,7,1,19.75
105995,37,2,3.0
105995,84,1,0.8
105995,78,1,4.5
105995,76,1,3.5
105996,41,1,4.25
105996,65,2,0.8
105996,72,1,3.25
105997,26,2,3.0
105997,74,1,3.5
105998,47,2,3.0
105999,39,2,4.25
105999,63,2,0.8
106000,24,1,3.0
106000,76,1,3.5
106001,45,1,3.0
106002,59,2,4.5
106003,42,2,2.5
106004,61,1,4.75
106005,28,2,2.0
106006,44,2,2.5
106007,43,1,3.0
106008,35,1,3.1
106009,51,2,3.0
106010,87,2,3.0
106011,36,1,3.75
106012,58,2,3.5
106013,41,2,4.25
106013,63,1,0.8
106013,76,1,3.5
106014,55,1,4.0
106015,22,1,2.0
106016,55,2,4.0
106017,26,2,3.0
106018,57,1,3.1
106019,24,1,3.0
106020,26,2,3.0
106021,55,2,4.0
106022,57,1,3.1
106023,24,2,3.0
106023,76,1,3.5
106024,49,2,3.0
106024,78,1,4.5
106025,44,2,2.5
106025,70,1,3.25
106026,47,2,3.0
106027,45,1,3.0
106028,41,1,4.25
106028,3,1,14.75
106029,36,2,3.75
106030,33,2,3.5
106031,51,1,3.0
106032,57,2,3.1
106033,57,1,3.1
106034,51,1,3.0
106034,70,1,3.25
106035,22,1,2.0
106036,31,1,2.2
106037,45,2,3.0
106038,50,1,2.5
106039,45,1,3.0
106040,37,1,3.0
106040,63,2,0.8
106040,78,1,4.5
106041,44,1,2.5
106042,31,2,2.2
106043,31,1,2.2
106044,29,1,2.5
106045,50,2,2.5
106046,24,1,3.0
106046,74,1,3.5
106047,42,2,2.5
106048,36,2,3.75
106049,26,2,3.0
106049,70,1,3.25
106050,46,2,2.5
106050,13,1,8.95
106050,83,1,14.0
106051,41,2,4.25
106051,65,1,0.8
106052,27,2,3.5
106052,71,1,3.75
106053,48,2,2.5
106054,42,2,2.5
106055,24,1,3.0
106056,48,1,2.5
106057,39,1,4.25
106057,64,2,0.8
106058,45,2,3.0
106059,53,1,3.0
106060,32,1,3.0
106060,74,1,3.5
106061,35,1,3.1
106062,50,1,2.5
106063,59,1,4.5
106063,78,1,4.5
106064,48,2,2.5
106065,58,2,3.5
106066,31,2,2.2
106067,45,2,3.0
106067,79,1,3.75
106068,87,2,3.0
106069,49,1,3.0
106070,31,2,2.2
106071,58,1,3.5
106072,54,1,2.5
106073,44,2,2.5
106074,34,2,2.45
106075,46,1,2.5
106076,50,1,2.5
106076,75,1,3.5
106077,29,2,2.5
106078,57,1,3.1
106079,38,2,3.75
106079,65,1,0.8
106080,47,2,3.0
106081,33,1,3.5
106082,37,2,3.0
106082,84,2,0.8
106082,77,1,3.0
106083,34,1,2.45
106084,59,2,4.5
106085,53,2,3.0
106086,44,2,2.5
106086,71,1,3.75
106087,37,1,3.0
106087,65,1,0.8
106088,37,2,3.0
106088,65,2,0.8
106089,87,2,3.0
106090,22,2,2.0
106091,31,1,2.2
106091,77,1,3.0
106092,38,2,3.75
106092,65,2,0.8
106093,36,1,3.75
106094,23,2,2.5
106095,52,1,2.5
106096,38,1,3.75
106096,65,2,0.8
106097,44,2,2.5
106097,73,1,3.75
106098,57,2,3.1
106098,76,1,3.5
106099,45,2,3.0
106099,76,1,3.5
106100,46,2,2.5
106101,37,2,3.0
106101,63,1,0.8
106101,76,1,3.5
106102,60,2,3.75
106103,56,2,2.55
106104,35,1,3.1
106105,61,1,4.75
106106,29,1,2.5
106107,55,2,4.0
106108,26,2,3.0
106109,61,2,4.75
106110,22,1,2.0
106111,44,1,2.5
106112,55,3,4.0
106113,35,1,3.1
106114,60,1,3.75
106114,69,1,3.25
106115,54,1,2.5
106116,51,2,3.0
106116,70,1,3.25
106117,49,2,3.0
106118,57,2,3.1
106118,9,1,22.5
106119,51,2,3.0
106120,51,2,3.0
106120,74,1,3.5
106121,24,1,3.0
106122,87,1,2.1
106122,72,1,3.25
106123,24,2,3.0
106123,77,1,3.0
106124,38,1,3.75
106124,63,1,0.8
106125,44,1,2.5
106125,74,1,3.5
106126,27,2,3.5
106127,32,2,3.0
106127,76,1,3.5
106128,27,2,3.5
106129,22,2,2.0
106130,27,2,3.5
106130,5,1,15.0
106131,40,1,3.75
106131,65,1,0.8
106132,60,1,3.75
106132,69,1,3.25
106133,41,1,4.25
106133,84,2,0.8
106134,54,2,2.5
106135,54,2,2.5
106135,6,1,21.0
106136,55,2,4.0
106136,72,1,3.25
106137,39,2,4.25
106137,84,1,0.8
106137,75,1,3.5
106138,31,2,2.2
106138,72,1,3.25
106139,39,2,4.25
106139,64,2,0.8
106140,43,2,3.0
106141,40,2,3.75
106141,63,2,0.8
106141,20,1,7.6
106142,26,1,3.0
106143,51,2,3.0
106144,54,1,2.5
106144,69,1,3.25
106145,41,1,4.25
106145,63,1,0.8
106146,52,2,2.5
106147,36,1,3.75
106147,75,1,3.5
106148,54,1,2.5
106149,40,2,3.75
106150,24,1,3.0
106150,75,1,3.5
106151,48,2,2.5
106152,60,2,3.75
106153,39,2,4.25
106153,84,2,0.8
106154,28,1,2.0
106155,35,1,3.1
106155,74,1,3.5
106156,46,2,2.5
106156,75,1,3.5
106157,46,2,2.5
106158,28,1,2.0
106159,47,2,3.0
106160,47,1,3.0
106161,59,2,4.5
106162,61,1,4.75
106163,39,1,4.25
106163,84,2,0.8
106164,44,2,2.5
106165,43,2,3.0
106166,37,2,3.0
106167,47,1,3.0
106168,87,2,3.0
106169,33,1,3.5
106169,8,1,45.0
106170,50,1,2.5
106170,75,1,3.5
106171,49,1,3.0
106172,51,1,3.0
106172,78,1,4.5
106173,56,2,2.55
106173,11,1,8.95
106174,48,1,2.5
106175,28,1,2.0
106176,57,1,3.1
106176,71,1,3.75
106177,59,1,4.5
106178,52,2,2.5
106179,32,1,3.0
106179,76,1,3.5
106180,33,2,3.5
106180,6,1,21.0
106181,30,2,3.0
106181,18,1,10.95
106182,57,1,3.1
106183,44,1,2.5
106184,36,1,3.75
106185,27,2,3.5
106186,60,2,3.75
106187,30,2,3.0
106188,58,2,3.5
106188,8,1,45.0
106189,57,1,3.1
106190,24,1,3.0
106191,49,2,3.0
106191,83,1,14.0
106192,60,2,3.75
106193,31,2,2.2
106194,42,1,2.5
106195,31,2,2.2
106195,79,1,3.75
106196,44,2,2.5
106197,57,1,3.1
106198,24,1,3.0
106199,25,2,2.2
106200,55,1,4.0
106200,75,1,3.5
106201,54,1,2.5
106201,77,1,3.0
106202,36,1,3.75
106202,81,1,28.0
106203,56,1,2.55
106204,58,1,3.5
106205,39,2,4.25
106205,64,1,0.8
106205,76,1,3.5
106206,30,1,3.0
106207,87,1,2.1
106207,77,1,3.0
106207,72,1,3.25
106208,56,2,2.55
106208,78,1,4.5
106209,53,1,3.0
106210,53,1,3.0
106211,50,2,2.5
106212,51,2,3.0
106213,44,1,2.5
106213,76,1,3.5
106214,25,2,2.2
106214,76,1,3.5
106215,54,2,2.5
106216,31,2,2.2
106217,24,2,3.0
106217,73,1,3.75
106218,32,1,3.0
106219,33,1,3.5
106219,74,1,3.5
106220,48,2,2.5
106221,36,1,3.75
106222,36,2,3.75
106222,75,1,3.5
106223,24,1,3.0
106223,72,1,3.25
106224,43,1,3.0
106224,74,1,3.5
106225,39,1,4.25
106225,65,1,0.8
106226,30,2,3.0
106227,37,1,3.0
106227,65,2,0.8
106228,49,1,3.0
106229,59,2,4.5
106229,77,1,3.0
106230,31,2,2.2
106231,48,2,2.5
106232,28,2,2.0
106232,71,1,3.75
106233,39,1,4.25
106234,35,2,3.1
106235,43,2,3.0
106236,50,1,2.5
106237,29,1,2.5
106238,55,2,4.0
106238,69,1,3.25
106239,29,1,2.5
106239,71,1,3.75
106240,56,1,2.55
106241,28,1,2.0
106242,48,1,2.5
106243,61,1,4.75
106244,43,2,3.0
106245,29,2,2.5
106246,31,2,2.2
106246,72,1,3.25
106247,59,2,4.5
106248,23,1,2.5
106249,51,2,3.0
106249,79,1,3.75
106250,38,2,3.75
106250,64,1,0.8
106250,8,1,45.0
106251,29,2,2.5
106252,33,2,3.5
106253,23,1,2.5
106254,43,2,3.0
106255,29,1,2.5
106256,87,1,2.1
106256,72,1,3.25
106257,42,2,2.5
106258,52,1,2.5
106259,49,1,3.0
106260,51,1,3.0
106261,27,2,3.5
106262,31,1,2.2
106262,14,1,8.95
106263,25,2,2.2
106264,29,2,2.5
106265,41,1,4.25
106265,84,1,0.8
106266,34,1,2.45
106267,24,2,3.0
106268,59,1,4.5
106269,29,1,2.5
106270,29,1,2.5
106271,59,1,4.5
106271,79,1,3.75
106272,87,1,2.1
106272,72,1,3.25
106273,33,1,3.5
106274,25,2,2.2
106275,38,1,3.75
106275,65,2,0.8
106276,33,1,3.5
106277,53,1,3.0
106278,51,2,3.0
106279,41,1,4.25
106280,32,1,3.0
106281,43,2,3.0
106282,56,1,2.55
106283,41,2,4.25
106283,84,1,0.8
106284,39,1,4.25
106284,65,1,0.8
106285,57,1,3.1
106286,87,2,3.0
106287,49,2,3.0
106288,60,1,3.75
106288,78,1,4.5
106289,51,1,3.0
106290,24,2,3.0
106291,48,2,2.5
106292,39,1,4.25
106293,87,1,3.0
106294,33,1,3.5
106294,69,1,3.25
106295,26,1,3.0
106296,56,2,2.55
106297,27,2,3.5
106298,32,1,3.0
106298,79,1,3.75
106299,28,1,2.0
106300,47,1,3.0
106301,47,1,3.0
106302,32,2,3.0
106303,47,2,3.0
106304,30,2,3.0
106305,61,2,4.75
106306,52,1,2.5
106306,70,1,3.25
106307,22,2,2.0
106308,30,1,3.0
106309,56,2,2.55
106310,58,1,3.5
106311,34,1,2.45
106312,39,2,4.25
106312,84,2,0.8
106313,47,1,3.0
106314,22,1,2.0
106315,46,2,2.5
106316,57,1,3.1
106317,59,2,4.5
106318,45,1,3.0
106319,57,2,3.1
106320,49,1,3.0
106321,52,2,2.5
106321,76,1,3.5
106322,40,1,3.75
106322,65,2,0.8
106323,32,2,3.0
106324,25,1,2.2
106325,32,1,3.0
106326,58,1,3.5
106326,82,1,12.0
106327,41,2,4.25
106327,84,1,0.8
106328,60,2,3.75
106329,29,1,2.5
106330,27,2,3.5
106331,51,1,3.0
106332,57,1,3.1
106333,59,1,4.5
106334,44,1,2.5
106335,41,2,4.25
106335,63,2,0.8
106336,31,1,2.2
106337,29,2,2.5
106338,29,1,2.5
106339,34,1,2.45
106339,79,1,3.75
106340,51,2,3.0
106341,57,1,3.1
106342,49,1,3.0
106343,32,2,3.0
106343,72,1,3.25
106344,57,1,3.1
106345,27,2,3.5
106346,31,1,2.2
106347,54,1,2.5
106348,53,2,3.0
106349,55,1,4.0
106350,87,1,2.1
106350,72,1,3.25
106351,40,2,3.75
106351,64,2,0.8
106352,40,1,3.75
106352,17,1,9.5
106353,53,2,3.0
106354,43,2,3.0
106355,32,2,3.0
106356,46,1,2.5
106357,30,1,3.0
106358,39,1,4.25
106358,63,2,0.8
106358,78,1,4.5
106359,40,1,3.75
106359,64,1,0.8
106360,44,1,2.5
106361,40,1,3.75
106361,63,2,0.8
106362,45,2,3.0
106362,72,1,3.25
106363,44,2,2.5
106363,81,1,28.0
106364,24,2,3.0
106365,60,2,3.75
106365,75,1,3.5
106366,56,1,2.55
106367,44,2,2.5
106368,53,1,3.0
106368,70,1,3.25
106369,59,1,4.5
106370,48,1,2.5
106371,44,1,2.5
106372,40,1,3.75
106372,63,2,0.8
106373,60,2,3.75
106374,56,1,2.55
106375,30,2,3.0
106376,39,2,4.25
106376,64,1,0.8
106377,37,1,3.0
106378,55,1,4.0
106379,37,1,3.0
106380,44,1,2.5
106380,1,1,18.0
106381,44,1,2.5
106382,46,1,2.5
106383,23,1,2.5
106384,24,2,3.0
106385,87,1,2.1
106385,72,1,3.25
106386,33,2,3.5
106386,76,1,3.5
106387,87,1,2.1
106387,72,1,3.25
106388,53,1,3.0
106389,51,2,3.0
106390,36,1,3.75
106391,48,1,2.5
106392,24,1,3.0
106393,61,2,4.75
106394,29,1,2.5
106395,45,1,3.0
106395,77,1,3.0
106396,34,1,2.45
106397,28,1,2.0
106398,60,1,3.75
106399,22,2,2.0
106400,87,2,3.0
106401,37,1,3.0
106401,64,1,0.8
106402,36,2,3.75
106402,75,1,3.5
106403,38,1,3.75
106403,84,1,0.8
106404,55,1,4.0
106404,75,1,3.5
106405,22,1,2.0
106406,31,1,2.2
106407,33,1,3.5
106408,31,1,2.2
106409,52,2,2.5
106409,78,1,4.5
106410,29,1,2.5
106410,17,1,9.5
106411,36,1,3.75
106411,1,1,18.0
106412,48,1,2.5
106413,60,2,3.75
106414,28,1,2.0
106414,83,1,14.0
106415,56,1,2.55
106415,76,1,3.5
106416,87,1,2.1
106416,72,1,3.25
106417,57,1,3.1
106418,33,2,3.5
106418,71,1,3.75
106419,43,1,3.0
106420,56,1,2.55
106421,54,1,2.5
106422,61,2,4.75
106423,41,2,4.25
106423,84,2,0.8
106424,36,1,3.75
106425,36,1,3.75
106426,29,2,2.5
106427,24,1,3.0
106428,36,1,3.75
106429,50,2,2.5
106430,54,2,2.5
106431,35,2,3.1
106432,30,1,3.0
106433,57,1,3.1
106434,50,2,2.5
106435,57,1,3.1
106436,87,1,2.1
106436,72,1,3.25
106437,45,1,3.0
106438,57,1,3.1
106439,45,2,3.0
106440,57,2,3.1
106441,55,1,4.0
106442,43,1,3.0
106443,43,2,3.0
106444,49,1,3.0
106444,76,1,3.5
106445,31,2,2.2
106446,50,1,2.5
106447,26,1,3.0
106448,49,1,3.0
106449,25,2,2.2
106450,24,2,3.0
106451,36,1,3.75
106452,37,2,3.0
106452,65,1,0.8
106453,25,2,2.2
106454,45,1,3.0
106455,34,2,2.45
106456,25,2,2.2
106457,55,1,4.0
106458,49,1,3.0
106459,45,1,3.0
106459,72,1,3.25
106459,12,1,8.95
106460,30,2,3.0
106460,82,1,12.0
106461,52,1,2.5
106462,59,2,4.5
106463,56,2,2.55
106464,60,1,3.75
106465,37,2,3.0
106465,65,2,0.8
106466,50,1,2.5
106467,36,1,3.75
106468,33,1,3.5
106468,6,1,21.0
106469,52,2,2.5
106470,35,1,3.1
106471,59,2,4.5
106472,45,2,3.0
106473,54,2,2.5
106474,47,2,3.0
106475,47,1,3.0
106476,26,1,3.0
106477,56,1,2.55
106478,34,1,2.45
106479,40,1,3.75
106479,65,2,0.8
106480,38,1,3.75
106480,65,2,0.8
106481,32,1,3.0
106482,58,1,3.5
106482,72,1,3.25
106483,27,1,3.5
106484,48,2,2.5
106485,31,1,2.2
106486,57,2,3.1
106487,27,1,3.5
106488,60,2,3.75
106489,26,1,3.0
106490,51,1,3.0
106491,55,1,4.0
106492,42,1,2.5
106493,29,1,2.5
106494,42,1,2.5
106495,56,2,2.55
106496,60,2,3.75
106497,27,1,3.5
106497,75,1,3.5
106498,41,1,4.25
106498,76,1,3.5
106499,57,2,3.1
106499,76,1,3.5
106500,36,2,3.75
106501,25,2,2.2
106502,42,1,2.5
106503,61,1,4.75
106504,24,2,3.0
106505,47,1,3.0
106506,25,1,2.2
106507,54,1,2.5
106508,24,1,3.0
106509,32,1,3.0
106510,45,2,3.0
106511,34,1,2.45
106511,16,1,8.95
106512,28,2,2.0
106513,46,1,2.5
106514,32,2,3.0
106515,23,2,2.5
106516,36,1,3.75
106517,61,1,4.75
106518,58,1,3.5
106519,43,2,3.0
106519,77,1,3.0
106520,56,2,2.55
106521,35,1,3.1
106522,50,1,2.5
106522,69,1,3.25
106523,57,1,3.1
106524,57,1,3.1
106525,22,2,2.0
106526,42,1,2.5
106527,55,1,4.0
106528,46,2,2.5
106528,81,1,28.0
106529,27,1,3.5
106530,25,1,2.2
106531,39,1,4.25
106531,63,2,0.8
106532,28,2,2.0
106533,58,2,3.5
106533,75,1,3.5
106534,87,1,3.0
106535,43,1,3.0
106536,32,2,3.0
106537,52,2,2.5
106538,58,2,3.5
106539,40,1,3.75
106540,47,1,3.0
106541,23,2,2.5
106542,30,1,3.0
106542,8,1,45.0
106543,25,1,2.2
106544,52,1,2.5
106545,35,2,3.1
106545,74,1,3.5
106545,81,1,28.0
106546,29,1,2.5
106546,78,1,4.5
106547,61,2,4.75
106548,39,2,4.25
106548,65,2,0.8
106549,48,1,2.5
106549,72,1,3.25
106550,30,1,3.0
106551,56,2,2.55
106552,39,1,4.25
106552,84,1,0.8
106553,51,1,3.0
106554,24,1,3.0
106555,42,2,2.5
106556,40,1,3.75
106557,28,2,2.0
106558,32,1,3.0
106559,56,1,2.55
106560,55,2,4.0
106560,73,1,3.75
106561,47,2,3.0
106562,60,1,3.75
106562,4,1,20.45
106563,54,1,2.5
106564,37,2,3.0
106564,69,1,3.25
106565,23,1,2.5
106566,31,2,2.2
106566,69,1,3.25
106567,37,2,3.0
106567,73,1,3.75
106568,39,2,4.25
106568,63,1,0.8
106569,53,1,3.0
106570,27,1,3.5
106571,57,2,3.1
106572,54,2,2.5
106573,41,1,4.25
106574,37,1,3.0
106574,84,1,0.8
106575,43,1,3.0
106575,4,1,20.45
106576,31,2,2.2
106577,28,2,2.0
106578,59,1,4.5
106579,37,2,3.0
106580,37,1,3.0
106581,44,2,2.5
106582,31,1,2.2
106583,35,2,3.1
106584,42,1,2.5
106585,38,1,3.75
106586,61,1,4.75
106586,8,1,45.0
106587,44,2,2.5
106588,30,2,3.0
106588,74,1,3.5
106589,33,1,3.5
106590,51,1,3.0
106591,35,2,3.1
106591,6,1,21.0
106592,44,2,2.5
106592,4,1,20.45
106593,33,2,3.5
106594,54,1,2.5
106595,61,1,4.75
106596,23,2,2.5
106597,59,1,4.5
106598,54,1,2.5
106599,39,1,4.25
106600,30,2,3.0
106601,42,2,2.5
106602,23,1,2.5
106603,32,1,3.0
106603,74,1,3.5
106604,31,3,2.2
106605,27,2,3.5
106606,35,3,3.1
106606,69,1,3.25
106607,71,1,3.75
106607,71,1,3.75
106608,52,1,2.5
106608,69,1,3.25
106609,30,2,3.0
106610,42,3,2.5
106611,40,1,3.75
106611,65,2,0.8
106612,53,2,3.0
106613,59,2,4.5
106614,51,2,3.0
106615,36,2,3.75
106616,61,2,4.75
106617,53,1,3.0
106617,74,1,3.5
106618,45,1,3.0
106619,56,2,2.55
106619,79,1,3.75
106620,29,1,2.5
106621,36,2,3.75
106622,56,1,2.55
106622,75,1,3.5
106623,35,3,3.1
106624,41,2,4.25
106624,64,2,0.8
106625,61,1,4.75
106626,54,1,2.5
106627,29,1,2.5
106628,34,1,2.45
106629,52,1,2.5
106630,42,1,2.5
106631,60,3,3.75
106632,22,1,2.0
106632,75,1,3.5
106633,37,2,3.0
106633,65,2,0.8
106633,72,1,3.25
106634,87,1,2.1
106634,72,1,2.65
106634,69,1,3.25
106635,48,1,2.5
106636,25,3,2.2
106637,52,2,2.5
106637,73,1,3.75
106638,58,1,3.5
106639,36,1,3.75
106640,55,1,4.0
106640,76,1,3.5
106641,32,1,3.0
106641,72,1,3.25
106642,58,2,3.5
106643,36,2,3.75
106644,51,3,3.0
106645,34,1,2.45
106646,54,1,2.5
106647,40,1,3.75
106647,64,2,0.8
106647,76,1,3.5
106648,44,3,2.5
106649,26,2,3.0
106649,69,1,3.25
106650,52,1,2.5
106650,76,1,3.5
106651,40,2,3.75
106651,63,2,0.8
106651,76,1,3.5
106651,77,1,3.0
106652,36,1,3.75
106652,74,1,3.5
106653,52,1,2.5
106653,78,1,4.5
106654,52,3,2.5
106654,77,1,3.0
106655,47,2,3.0
106656,60,3,3.75
106657,47,1,3.0
106658,28,1,2.0
106659,29,1,2.5
106659,77,1,3.0
106660,35,1,3.1
106660,71,1,3.75
106660,8,1,45.0
106661,24,1,3.0
106661,72,1,3.25
106661,16,1,8.95
106662,28,1,2.0
106662,78,1,4.5
106663,56,1,2.55
106664,44,2,2.5
106665,50,1,2.5
106666,40,1,3.75
106666,84,2,0.8
106667,45,1,3.0
106668,58,1,3.5
106668,72,1,3.25
106669,23,2,2.5
106670,28,1,2.0
106671,37,3,3.0
106671,84,2,0.8
106672,52,1,2.5
106673,47,2,3.0
106673,79,1,3.75
106674,61,1,4.75
106675,52,1,2.5
106675,70,1,3.25
106676,71,1,3.75
106677,38,1,3.75
106677,65,1,0.8
106678,51,2,3.0
106679,55,1,4.0
106680,55,1,4.0
106681,61,2,4.75
106682,52,1,2.5
106683,41,1,4.25
106683,65,2,0.8
106683,75,1,3.5
106683,20,1,7.6
106684,28,1,2.0
106685,61,1,4.75
106686,55,1,4.0
106687,35,3,3.1
106687,70,1,3.25
106688,22,3,2.0
106689,24,1,3.0
106690,35,1,3.1
106691,36,1,3.75
106692,37,2,3.0
106692,63,2,0.8
106693,31,1,2.2
106694,38,2,3.75
106694,64,2,0.8
106695,52,2,2.5
106696,40,2,3.75
106696,84,2,0.8
106697,41,2,4.25
106697,63,1,0.8
106697,73,1,3.75
106698,87,2,3.0
106699,48,2,2.5
106700,51,2,3.0
106701,41,1,4.25
106701,65,1,0.8
106702,27,1,3.5
106703,51,1,3.0
106704,25,1,2.2
106705,28,2,2.0
106706,22,2,2.0
106707,51,2,3.0
106708,36,1,3.75
106708,77,1,3.0
106709,57,1,3.1
106710,61,1,4.75
106710,71,1,3.75
106711,33,1,3.5
106712,43,1,3.0
106713,30,2,3.0
106713,76,1,3.5
106714,29,1,2.5
106715,59,1,4.5
106716,26,1,3.0
106717,60,1,3.75
106718,30,2,3.0
106719,24,1,3.0
106720,58,1,3.5
106721,27,1,3.5
106722,33,1,3.5
106723,50,2,2.5
106724,38,1,3.75
106724,64,1,0.8
106725,38,1,3.75
106725,65,2,0.8
106726,46,1,2.5
106727,60,2,3.75
106728,44,2,2.5
106729,52,1,2.5
106730,61,1,4.75
106731,39,1,4.25
106731,64,1,0.8
106732,23,1,2.5
106733,32,2,3.0
106734,52,2,2.5
106734,15,1,9.25
106735,54,1,2.5
106736,55,2,4.0
106737,53,1,3.0
106737,79,1,3.75
106738,40,1,3.75
106738,74,1,3.5
106739,56,1,2.55
106739,69,1,3.25
106740,50,1,2.5
106741,54,1,2.5
106742,35,1,3.1
106742,11,1,8.95
106743,51,2,3.0
106744,35,1,3.1
106745,44,2,2.5
106746,34,3,2.45
106747,59,1,4.5
106748,25,1,2.2
106749,42,1,2.5
106750,27,1,3.5
106750,74,1,3.5
106751,24,1,3.0
106752,38,3,3.75
106752,84,2,0.8
106752,73,1,3.75
106753,50,1,2.5
106753,71,1,3.75
106753,2,1,18.0
106754,53,1,3.0
106755,60,1,3.75
106756,46,1,2.5
106756,73,1,3.75
106757,87,3,3.0
106758,31,2,2.2
106758,79,1,3.75
106759,57,2,3.1
106759,77,1,3.0
106760,51,1,3.0
106761,56,1,2.55
106762,43,1,3.0
106763,49,1,3.0
106764,71,1,3.75
106765,26,1,3.0
106766,51,1,3.0
106767,45,1,3.0
106768,55,2,4.0
106769,33,1,3.5
106770,27,2,3.5
106771,23,2,2.5
106771,73,1,3.75
106772,48,1,2.5
106773,87,2,3.0
106774,26,2,3.0
106775,40,1,3.75
106775,63,2,0.8
106775,75,1,3.5
106776,24,2,3.0
106777,42,1,2.5
106777,75,1,3.5
106778,59,1,4.5
106779,32,1,3.0
106779,78,1,4.5
106780,42,2,2.5
106781,55,1,4.0
106781,78,1,4.5
106782,22,2,2.0
106783,57,1,3.1
106784,71,1,3.75
106785,45,2,3.0
106786,34,1,2.45
106787,51,1,3.0
106788,54,2,2.5
106788,75,1,3.5
106789,33,1,3.5
106790,33,1,3.5
106791,28,2,2.0
106792,59,2,4.5
106793,60,1,3.75
106794,56,1,2.55
106794,78,1,4.5
106795,23,2,2.5
106796,32,2,3.0
106797,87,2,2.1
106797,72,2,2.65
106798,29,1,2.5
106798,76,1,3.5
106798,15,1,9.25
106799,60,2,3.75
106800,23,1,2.5
106801,49,2,3.0
106802,34,1,2.45
106803,54,1,2.5
106804,71,1,3.75
106804,71,1,3.75
106805,33,2,3.5
106806,38,2,3.75
106806,65,1,0.8
106806,73,1,3.75
106807,43,1,3.0
106808,23,1,2.5
106808,72,1,3.25
106809,46,3,2.5
106809,74,1,3.5
106810,38,1,3.75
106811,48,2,2.5
106812,48,3,2.5
106813,51,1,3.0
106814,29,1,2.5
106815,45,2,3.0
106816,33,2,3.5
106817,55,3,4.0
106818,35,1,3.1
106819,24,1,3.0
106820,61,2,4.75
106821,26,2,3.0
106822,57,1,3.1
106823,33,1,3.5
106824,48,1,2.5
106825,40,1,3.75
106825,84,2,0.8
106826,29,1,2.5
106826,74,1,3.5
106827,30,2,3.0
106828,59,2,4.5
106829,45,1,3.0
106830,58,1,3.5
106830,11,1,8.95
106831,47,2,3.0
106831,83,1,14.0
106832,24,1,3.0
106833,41,3,4.25
106833,64,2,0.8
106833,70,1,3.25
106834,39,1,4.25
106834,64,2,0.8
106834,77,1,3.0
106835,25,1,2.2
106836,51,1,3.0
106836,76,1,3.5
106837,54,3,2.5
106838,28,1,2.0
106838,78,1,4.5
106839,71,1,3.75
106840,60,2,3.75
106840,21,1,13.33
106841,59,1,4.5
106842,43,1,3.0
106843,45,1,3.0
106844,55,1,4.0
106844,7,1,19.75
106845,26,2,3.0
106846,36,2,3.75
106847,38,1,3.75
106847,63,1,0.8
106847,4,1,20.45
106848,50,2,2.5
106849,51,1,3.0
106850,56,1,2.55
106851,25,1,2.2
106851,76,1,3.5
106851,11,1,8.95
106852,39,1,4.25
106852,63,2,0.8
106853,40,2,3.75
106853,84,1,0.8
106853,70,1,3.25
106854,49,1,3.0
106855,40,1,3.75
106855,65,2,0.8
106856,45,1,3.0
106857,25,1,2.2
106858,57,1,3.1
106858,74,1,3.5
106859,41,1,4.25
106859,65,1,0.8
106860,28,2,2.0
106861,71,1,3.75
106861,71,1,3.75
106862,44,1,2.5
106862,75,1,3.5
106863,41,1,4.25
106863,63,2,0.8
106864,71,1,3.75
106864,71,1,3.75
106865,47,2,3.0
106866,36,2,3.75
106866,76,1,3.5
106867,36,2,3.75
106868,45,1,3.0
106868,87,1,3.0
106869,22,2,2.0
106870,54,2,2.5
106870,76,1,3.5
106871,47,1,3.0
106872,34,1,2.45
106873,58,1,3.5
106874,71,1,3.75
106874,71,1,3.75
106875,52,1,2.5
106875,74,1,3.5
106876,48,1,2.5
106876,6,1,21.0
106877,60,1,3.75
106878,54,1,2.5
106878,16,1,8.95
106879,51,1,3.0
106879,70,1,3.25
106880,39,2,4.25
106880,63,2,0.8
106881,35,1,3.1
106882,60,1,3.75
106883,24,1,3.0
106884,32,1,3.0
106884,77,1,3.0
106885,44,3,2.5
106886,24,1,3.0
106886,74,1,3.5
106887,38,1,3.75
106887,65,2,0.8
106888,40,2,3.75
106888,65,2,0.8
106889,56,3,2.55
106889,74,1,3.5
106890,43,2,3.0
106891,30,1,3.0
106892,53,2,3.0
106893,45,1,3.0
106894,39,1,4.25
106894,63,2,0.8
106895,87,2,3.0
106896,25,2,2.2
106896,3,1,14.75
106897,31,1,2.2
106897,69,1,3.25
106898,71,1,3.75
106899,31,1,2.2
106899,59,1,4.5
106899,76,1,3.5
106900,25,1,2.2
106900,69,1,3.25
106901,25,1,2.2
106902,38,2,3.75
106902,65,1,0.8
106903,43,1,3.0
106904,33,1,3.5
106905,71,1,3.75
106906,50,1,2.5
106907,43,3,3.0
106908,56,1,2.55
106909,49,2,3.0
106910,56,2,2.55
106911,47,1,3.0
106912,37,2,3.0
106912,84,1,0.8
106913,43,1,3.0
106914,31,1,2.2
106914,72,1,3.25
106915,23,1,2.5
106916,44,1,2.5
106917,71,1,3.75
106917,71,1,3.75
106918,29,2,2.5
106919,54,1,2.5
106919,79,1,3.75
106920,37,3,3.0
106920,84,1,0.8
106921,60,1,3.75
106922,39,1,4.25
106922,84,1,0.8
106923,71,1,3.75
106923,71,1,3.75
106924,40,2,3.75
106924,65,2,0.8
106925,87,1,2.1
106925,72,1,2.65
106926,30,3,3.0
106926,76,1,3.5
106927,48,1,2.5
106928,59,1,4.5
106929,60,1,3.75
106929,75,1,3.5
106929,17,1,9.5
106930,25,1,2.2
106931,36,2,3.75
106931,70,1,3.25
106932,48,2,2.5
106933,55,2,4.0
106933,15,1,9.25
106934,40,2,3.75
106934,84,1,0.8
106935,54,1,2.5
106936,47,1,3.0
106936,71,1,3.75
106937,1,1,18.0
106938,27,1,3.5
106939,61,1,4.75
106940,33,1,3.5
106940,75,1,3.5
106941,36,1,3.75
106942,50,2,2.5
106943,24,2,3.0
106944,48,2,2.5
106944,70,1,3.25
106945,34,2,2.45
106946,71,1,3.75
106947,42,1,2.5
106948,37,1,3.0
106948,64,1,0.8
106949,58,1,3.5
106950,58,1,3.5
106950,72,1,3.25
106951,25,1,2.2
106951,77,1,3.0
106952,60,2,3.75
106953,31,1,2.2
106954,46,2,2.5
106955,60,1,3.75
106956,28,1,2.0
106957,40,3,3.75
106957,64,2,0.8
106957,72,1,3.25
106958,60,1,3.75
106959,71,1,3.75
106960,55,2,4.0
106960,73,1,3.75
106961,39,1,4.25
106961,84,2,0.8
106962,60,1,3.75
106962,72,1,3.25
106963,23,1,2.5
106963,76,1,3.5
106964,55,2,4.0
106964,78,1,4.5
106965,45,1,3.0
106966,53,2,3.0
106967,43,2,3.0
106967,78,1,4.5
106967,29,1,2.5
106968,24,2,3.0
106969,42,2,2.5
106970,61,1,4.75
106970,77,1,3.0
106971,33,3,3.5
106972,26,3,3.0
106973,58,1,3.5
106973,43,1,3.0
106974,49,1,3.0
106974,69,1,3.25
106974,82,1,12.0
106975,61,1,4.75
106976,36,1,3.75
106977,53,1,3.0
106977,18,1,10.95
106978,50,1,2.5
106979,23,1,2.5
106979,69,1,3.25
106980,41,1,4.25
106980,84,2,0.8
106981,33,2,3.5
106982,57,1,3.1
106983,45,2,3.0
106983,79,1,3.75
106984,24,1,3.0
106985,30,1,3.0
106986,32,1,3.0
106987,60,2,3.75
106988,48,2,2.5
106989,28,2,2.0
106990,57,1,3.1
106990,71,1,3.75
106991,40,2,3.75
106991,64,1,0.8
106992,53,1,3.0
106992,74,1,3.5
106993,43,2,3.0
106993,79,1,3.75
106994,44,1,2.5
106995,23,1,2.5
106995,74,1,3.5
106996,71,1,3.75
106997,48,1,2.5
106998,26,1,3.0
106998,69,1,3.25
106999,40,1,3.75
106999,64,1,0.8
107000,54,1,2.5
107001,71,1,3.75
107001,71,1,3.75
107002,56,1,2.55
107002,77,1,3.0
107003,22,2,2.0
107004,60,1,3.75
107004,75,1,3.5
107005,51,2,3.0
107006,27,1,3.5
107007,32,2,3.0
107008,29,1,2.5
107008,71,1,3.75
107009,55,1,4.0
107009,77,1,3.0
107010,42,2,2.5
107011,48,1,2.5
107012,43,3,3.0
107012,79,1,3.75
107013,27,1,3.5
107014,57,1,3.1
107015,30,1,3.0
107016,57,1,3.1
107017,58,1,3.5
107017,74,1,3.5
107018,45,1,3.0
107018,72,1,3.25
107019,36,2,3.75
107020,43,1,3.0
107021,26,1,3.0
107022,87,2,3.0
107022,76,1,3.5
107023,47,2,3.0
107024,61,1,4.75
107024,77,1,3.0
107024,6,1,21.0
107025,54,2,2.5
107026,87,2,3.0
107026,77,1,3.0
107027,43,2,3.0
107028,40,2,3.75
107028,84,2,0.8
107029,36,1,3.75
107029,73,1,3.75
107030,25,1,2.2
107031,53,2,3.0
107032,55,1,4.0
107033,46,1,2.5
107034,26,1,3.0
107035,36,2,3.75
107036,44,2,2.5
107037,23,2,2.5
107038,43,1,3.0
107039,48,2,2.5
107040,45,1,3.0
107040,4,1,20.45
107041,26,3,3.0
107042,53,2,3.0
107043,47,1,3.0
107044,34,1,2.45
107045,39,2,4.25
107045,63,2,0.8
107046,23,1,2.5
107047,52,1,2.5
107048,23,2,2.5
107048,71,1,3.75
107049,30,2,3.0
107050,26,1,3.0
107051,36,2,3.75
107051,81,1,28.0
107052,38,1,3.75
107052,65,1,0.8
107052,11,1,8.95
107053,46,3,2.5
107054,87,1,2.1
107054,72,1,2.65
107054,77,1,3.0
107054,9,1,22.5
107055,43,1,3.0
107056,29,3,2.5
107057,30,1,3.0
107057,72,1,3.25
107057,3,1,14.75
107058,58,2,3.5
107059,52,2,2.5
107060,40,3,3.75
107060,84,2,0.8
107060,76,1,3.5
107061,51,2,3.0
107062,59,2,4.5
107062,75,1,3.5
107063,40,1,3.75
107064,32,3,3.0
107065,42,1,2.5
107066,26,1,3.0
107067,27,2,3.5
107067,13,1,8.95
107068,32,2,3.0
107068,49,1,3.0
107068,69,1,3.25
107069,44,1,2.5
107070,61,1,4.75
107071,30,1,3.0
107072,59,1,4.5
107072,77,1,3.0
107073,41,2,4.25
107073,84,2,0.8
107074,54,2,2.5
107075,30,3,3.0
107076,42,2,2.5
107076,76,1,3.5
107077,60,1,3.75
107078,39,1,4.25
107078,65,2,0.8
107079,57,1,3.1
107080,25,2,2.2
107081,22,1,2.0
107082,40,1,3.75
107082,65,1,0.8
107083,61,2,4.75
107084,87,2,2.1
107084,72,2,2.65
107085,61,1,4.75
107086,87,1,3.0
107087,40,2,3.75
107087,84,2,0.8
107087,77,1,3.0
107088,37,2,3.0
107088,63,1,0.8
107089,60,1,3.75
107090,47,1,3.0
107091,57,1,3.1
107092,40,1,3.75
107093,34,1,2.45
107094,61,1,4.75
107095,36,2,3.75
107096,57,2,3.1
107096,76,1,3.5
107097,26,1,3.0
107098,33,2,3.5
107099,30,1,3.0
107099,70,1,3.25
107099,20,1,7.6
107100,56,1,2.55
107100,78,1,4.5
107101,25,1,2.2
107102,61,1,4.75
107102,78,1,4.5
107103,31,1,2.2
107104,53,1,3.0
107105,38,3,3.75
107105,65,2,0.8
107105,73,1,3.75
107106,45,1,3.0
107107,44,2,2.5
107108,45,1,3.0
107109,24,1,3.0
107110,36,2,3.75
107111,58,1,3.5
107112,87,1,2.1
107112,72,1,2.65
107113,36,1,3.75
107114,45,1,3.0
107114,73,1,3.75
107115,52,1,2.5
107116,33,1,3.5
107117,87,3,3.0
107118,23,1,2.5
107119,39,2,4.25
107119,65,1,0.8
107120,23,1,2.5
107121,28,2,2.0
107121,75,1,3.5
107122,31,1,2.2
107123,44,2,2.5
107124,23,1,2.5
107125,31,3,2.2
107126,46,3,2.5
107126,7,1,19.75
107127,59,1,4.5
107128,23,1,2.5
107128,73,1,3.75
107129,44,1,2.5
107129,78,1,4.5
107130,45,1,3.0
107131,22,1,2.0
107132,37,1,3.0
107132,69,1,3.25
107133,23,1,2.5
107134,27,1,3.5
107135,35,2,3.1
107135,75,1,3.5
107136,87,1,2.1
107136,72,1,2.65
107137,60,2,3.75
107137,69,1,3.25
107138,54,1,2.5
107138,76,1,3.5
107139,39,2,4.25
107139,84,2,0.8
107139,69,1,3.25
107140,87,2,2.1
107140,72,1,2.65
107140,2,1,18.0
107141,30,2,3.0
107142,23,1,2.5
107143,30,2,3.0
107144,50,2,2.5
107145,28,1,2.0
107146,47,1,3.0
107147,42,1,2.5
107148,38,1,3.75
107148,63,1,0.8
107149,42,1,2.5
107149,76,1,3.5
107150,26,2,3.0
107151,50,1,2.5
107151,11,1,8.95
107152,46,1,2.5
107153,51,1,3.0
107154,26,2,3.0
107155,31,1,2.2
107156,42,2,2.5
107157,46,2,2.5
107158,44,1,2.5
107159,61,1,4.75
107159,77,1,3.0
107160,22,2,2.0
107161,87,1,3.0
107162,32,1,3.0
107163,36,1,3.75
107164,32,1,3.0
107164,72,1,3.25
107165,53,1,3.0
107166,9,1,22.5
107167,38,2,3.75
107167,84,1,0.8
107167,75,1,3.5
107168,25,1,2.2
107169,49,2,3.0
107170,42,2,2.5
107171,87,2,3.0
107172,57,1,3.1
107172,74,1,3.5
107173,61,1,4.75
107174,43,1,3.0
107175,37,3,3.0
107175,63,1,0.8
107176,59,1,4.5
107176,75,1,3.5
107177,47,1,3.0
107177,72,1,3.25
107178,49,1,3.0
107178,18,1,10.95
107179,30,1,3.0
107179,76,1,3.5
107180,29,2,2.5
107181,57,1,3.1
107182,40,1,3.75
107183,39,1,4.25
107183,65,1,0.8
107184,24,2,3.0
107184,74,1,3.5
107185,41,3,4.25
107185,63,2,0.8
107186,39,1,4.25
107186,65,1,0.8
107186,9,1,22.5
107187,50,1,2.5
107188,35,2,3.1
107189,56,1,2.55
107190,42,1,2.5
107191,51,1,3.0
107191,72,1,3.25
107192,61,1,4.75
107192,71,1,3.75
107193,46,2,2.5
107194,52,1,2.5
107194,74,1,3.5
107195,55,1,4.0
107195,76,1,3.5
107196,33,1,3.5
107196,71,1,3.75
107197,39,3,4.25
107197,63,1,0.8
107198,55,1,4.0
107198,71,1,3.75
107199,45,2,3.0
107200,49,1,3.0
107201,57,1,3.1
107202,44,2,2.5
107203,60,2,3.75
107204,30,3,3.0
107205,48,3,2.5
107206,26,1,3.0
107207,58,1,3.5
107208,37,1,3.0
107208,63,2,0.8
107209,25,3,2.2
107209,75,1,3.5
107210,37,1,3.0
107210,84,1,0.8
107210,73,1,3.75
107211,36,1,3.75
107211,9,1,22.5
107212,42,1,2.5
107212,76,1,3.5
107213,45,1,3.0
107214,34,1,2.45
107214,74,1,3.5
107215,26,1,3.0
107216,38,3,3.75
107216,65,2,0.8
107216,78,1,4.5
107217,33,2,3.5
107218,28,2,2.0
107219,26,1,3.0
107220,50,1,2.5
107221,28,2,2.0
107222,54,3,2.5
107223,57,1,3.1
107224,36,1,3.75
107224,73,1,3.75
107225,25,1,2.2
107225,71,1,3.75
107226,36,1,3.75
107227,36,1,3.75
107228,38,2,3.75
107228,63,2,0.8
107229,26,1,3.0
107229,12,1,8.95
107230,52,1,2.5
107230,78,1,4.5
107231,37,1,3.0
107231,74,1,3.5
107232,24,2,3.0
107233,49,2,3.0
107234,31,2,2.2
107235,29,1,2.5
107236,22,1,2.0
107237,44,2,2.5
107237,72,1,3.25
107238,58,2,3.5
107239,50,3,2.5
107239,71,1,3.75
107240,51,1,3.0
107240,72,1,3.25
107241,54,2,2.5
107241,78,1,4.5
107242,49,1,3.0
107242,15,1,9.25
107243,55,1,4.0
107243,79,1,3.75
107244,45,1,3.0
107244,12,1,8.95
107245,33,1,3.5
107246,57,3,3.1
107247,60,1,3.75
107247,78,1,4.5
107248,53,1,3.0
107248,77,1,3.0
107248,5,1,15.0
107249,26,1,3.0
107249,72,1,3.25
107250,48,2,2.5
107250,72,1,3.25
107251,44,2,2.5
107251,79,1,3.75
107251,18,1,10.95
107252,55,1,4.0
107253,49,1,3.0
107253,77,1,3.0
107253,1,1,18.0
107254,42,2,2.5
107255,54,1,2.5
107256,23,1,2.5
107257,23,2,2.5
107258,55,1,4.0
107259,52,1,2.5
107260,48,3,2.5
107260,70,1,3.25
107261,29,1,2.5
107262,56,1,2.55
107263,61,1,4.75
107263,69,1,3.25
107264,47,2,3.0
107265,45,3,3.0
107266,31,1,2.2
107267,53,2,3.0
107268,37,1,3.0
107268,63,1,0.8
107269,38,2,3.75
107269,63,1,0.8
107270,35,1,3.1
107270,77,1,3.0
107271,87,1,3.0
107272,55,1,4.0
107273,40,1,3.75
107273,84,2,0.8
107274,44,3,2.5
107274,69,1,3.25
107275,22,2,2.0
107276,57,1,3.1
107277,22,3,2.0
107278,53,1,3.0
107278,74,1,3.5
107279,46,1,2.5
107280,25,2,2.2
107281,59,1,4.5
107281,8,1,45.0
107282,46,3,2.5
107283,28,1,2.0
107283,20,1,7.6
107284,57,2,3.1
107285,53,3,3.0
107286,37,1,3.0
107287,34,3,2.45
107288,33,2,3.5
107289,57,1,3.1
107290,60,2,3.75
107291,41,1,4.25
107291,63,1,0.8
107292,26,1,3.0
107292,77,1,3.0
107293,32,2,3.0
107293,75,1,3.5
107294,23,1,2.5
107294,70,1,3.25
107295,54,1,2.5
107296,49,1,3.0
107297,30,1,3.0
107298,30,2,3.0
107299,27,1,3.5
107299,73,1,3.75
107300,46,2,2.5
107301,48,3,2.5
107302,30,2,3.0
107303,41,2,4.25
107303,84,1,0.8
107304,43,1,3.0
107305,48,1,2.5
107306,59,2,4.5
107306,74,1,3.5
107307,45,3,3.0
107308,32,1,3.0
107309,53,1,3.0
107310,52,2,2.5
107311,27,1,3.5
107311,72,1,3.25
107312,32,2,3.0
107313,51,2,3.0
107314,55,3,4.0
107315,51,1,3.0
107316,32,1,3.0
107317,25,2,2.2
107318,60,2,3.75
107319,33,3,3.5
107320,31,2,2.2
107321,47,1,3.0
107321,79,1,3.75
107322,25,2,2.2
107322,79,1,3.75
107323,29,1,2.5
107323,70,1,3.25
107324,41,1,4.25
107324,64,2,0.8
107325,49,1,3.0
107325,75,1,3.5
107326,22,1,2.0
107327,57,3,3.1
107328,57,1,3.1
107328,74,1,3.5
107329,61,2,4.75
107330,29,1,2.5
107330,8,1,45.0
107331,46,1,2.5
107332,34,1,2.45
107332,69,1,3.25
107333,36,1,3.75
107334,26,2,3.0
107335,41,1,4.25
107335,65,2,0.8
107335,76,1,3.5
107336,36,1,3.75
107336,70,1,3.25
107337,45,1,3.0
107338,46,1,2.5
107339,59,1,4.5
107340,47,3,3.0
107340,82,1,12.0
107341,37,2,3.0
107341,64,2,0.8
107342,42,2,2.5
107342,77,1,3.0
107343,22,3,2.0
107344,31,1,2.2
107345,25,2,2.2
107345,71,1,3.75
107346,49,2,3.0
107347,26,3,3.0
107348,37,2,3.0
107348,84,2,0.8
107349,27,1,3.5
107349,74,1,3.5
107350,53,1,3.0
107351,22,1,2.0
107352,59,3,4.5
107353,46,1,2.5
107353,69,1,3.25
107354,24,3,3.0
107354,75,1,3.5
107354,71,1,3.75
107355,36,2,3.75
107356,43,1,3.0
107357,58,1,3.5
107358,59,3,4.5
107359,36,1,3.75
107359,79,1,3.75
107360,37,1,3.0
107361,55,2,4.0
107361,69,1,3.25
107362,32,1,3.0
107362,73,1,3.75
107363,61,1,4.75
107364,31,2,2.2
107365,36,1,3.75
107366,50,1,2.5
107366,73,1,3.75
107367,29,1,2.5
107367,77,1,3.0
107368,29,1,2.5
107369,37,1,3.0
107369,63,1,0.8
107369,82,1,12.0
107370,42,1,2.5
107371,33,2,3.5
107372,28,1,2.0
107373,27,2,3.5
107374,47,2,3.0
107375,24,2,3.0
107376,52,2,2.5
107377,42,1,2.5
107377,72,1,3.25
107378,36,1,3.75
107379,33,1,3.5
107380,29,1,2.5
107381,40,1,3.75
107381,84,1,0.8
107382,37,1,3.0
107382,63,2,0.8
107383,32,1,3.0
107383,73,1,3.75
107384,29,2,2.5
107385,54,1,2.5
107385,72,1,3.25
107386,53,1,3.0
107387,56,1,2.55
107388,22,1,2.0
107388,74,1,3.5
107389,30,1,3.0
107389,78,1,4.5
107390,34,2,2.45
107391,42,1,2.5
107392,23,1,2.5
107393,45,1,3.0
107394,61,2,4.75
107394,72,1,3.25
107395,45,1,3.0
107395,70,1,3.25
107396,36,1,3.75
107396,69,1,3.25
107396,21,1,13.33
107397,30,1,3.0
107398,40,1,3.75
107398,65,1,0.8
107399,26,1,3.0
107400,28,2,2.0
107401,32,2,3.0
107402,26,2,3.0
107403,44,1,2.5
107403,78,1,4.5
107404,52,1,2.5
107405,54,2,2.5
107406,46,2,2.5
107407,54,2,2.5
107408,42,1,2.5
107408,73,1,3.75
107409,23,1,2.5
107409,18,1,6.4
107410,53,2,3.0
107411,37,1,3.0
107411,75,1,3.5
107412,38,2,3.75
107412,64,2,0.8
107413,51,1,3.0
107414,57,1,3.1
107414,73,1,3.75
107415,55,1,4.0
107416,28,1,2.0
107417,39,1,4.25
107417,65,1,0.8
107417,74,1,3.5
107418,26,1,3.0
107419,36,1,3.75
107420,31,1,2.2
107421,48,1,2.5
107422,35,1,3.1
107422,17,1,9.5
107423,37,2,3.0
107423,63,2,0.8
107423,77,1,3.0
107424,87,2,3.0
107425,38,1,3.75
107425,63,1,0.8
107426,60,2,3.75
107427,39,2,4.25
107427,84,1,0.8
107427,71,1,3.75
107428,24,2,3.0
107429,28,1,2.0
107430,58,2,3.5
107430,83,1,14.0
107431,45,2,3.0
107432,53,2,3.0
107433,57,2,3.1
107434,45,1,3.0
107435,52,2,2.5
107435,9,1,22.5
107436,58,2,3.5
107437,32,1,3.0
107438,24,3,3.0
107439,37,2,3.0
107439,84,2,0.8
107440,23,1,2.5
107441,23,2,2.5
107442,61,3,4.75
107443,41,2,4.25
107443,84,2,0.8
107443,72,1,3.25
107443,1,1,18.0
107444,50,2,2.5
107444,79,1,3.75
107445,56,2,2.55
107446,40,3,3.75
107446,64,2,0.8
107447,41,1,4.25
107447,64,1,0.8
107448,87,3,3.0
107448,69,1,3.25
107448,81,1,28.0
107449,24,3,3.0
107450,25,1,2.2
107451,22,1,2.0
107452,34,1,2.45
107453,57,2,3.1
107454,32,1,3.0
107454,14,1,8.95
107455,60,1,3.75
107456,61,3,4.75
107457,56,1,2.55
107458,30,1,3.0
107459,52,2,2.5
107460,57,1,3.1
107461,56,3,2.55
107462,25,3,2.2
107463,31,2,2.2
107464,32,3,3.0
107464,15,1,9.25
107465,87,2,2.1
107465,72,2,2.65
107465,69,1,3.25
107466,54,2,2.5
107467,47,2,3.0
107467,79,1,3.75
107468,38,3,3.75
107468,65,2,0.8
107469,58,2,3.5
107470,61,1,4.75
107470,69,1,3.25
107471,42,1,2.5
107471,74,1,3.5
107472,34,2,2.45
107473,46,2,2.5
107474,32,1,3.0
107475,32,2,3.0
107476,40,3,3.75
107476,64,2,0.8
107477,26,1,3.0
107478,50,3,2.5
107479,24,1,3.0
107480,49,2,3.0
107480,74,1,3.5
107481,60,2,3.75
107482,55,1,4.0
107483,25,1,2.2
107484,24,1,3.0
107484,75,1,3.5
107485,27,2,3.5
107485,74,1,3.5
107486,45,2,3.0
107487,42,1,2.5
107488,30,2,3.0
107489,55,2,4.0
107489,71,1,3.75
107490,31,3,2.2
107491,58,2,3.5
107491,74,1,3.5
107492,54,1,2.5
107493,27,1,3.5
107493,77,1,3.0
107494,57,1,3.1
107495,37,1,3.0
107495,65,1,0.8
107495,70,1,3.25
107496,23,2,2.5
107497,56,1,2.55
107498,54,1,2.5
107499,37,2,3.0
107499,65,1,0.8
107500,22,1,2.0
107500,21,1,13.33
107501,29,2,2.5
107502,46,1,2.5
107503,22,1,2.0
107504,35,2,3.1
107505,64,2,0.8
107505,72,1,3.25
107506,25,3,2.2
107507,56,2,2.55
107508,44,2,2.5
107508,70,1,3.25
107509,41,1,4.25
107509,84,1,0.8
107510,28,1,2.0
107511,32,1,3.0
107512,42,2,2.5
107513,61,2,4.75
107514,44,1,2.5
107515,50,2,2.5
107516,71,1,3.75
107516,71,1,3.75
107517,28,2,2.0
107518,29,1,2.5
107519,57,1,3.1
107519,74,1,3.5
107520,46,1,2.5
107521,31,1,2.2
107521,69,1,3.25
107521,5,1,15.0
107522,46,2,2.5
107523,25,1,2.2
107524,42,1,2.5
107525,26,1,3.0
107526,23,3,2.5
107527,41,2,4.25
107527,65,1,0.8
107528,59,1,4.5
107529,28,2,2.0
107529,74,1,3.5
107530,56,2,2.55
107530,77,1,3.0
107531,61,2,4.75
107531,73,1,3.75
107532,44,3,2.5
107533,87,3,3.0
107534,26,1,3.0
107535,26,1,3.0
107536,45,2,3.0
107536,74,1,3.5
107537,71,1,3.75
107538,23,2,2.5
107539,41,1,4.25
107539,64,2,0.8
107540,40,1,3.75
107540,65,1,0.8
107541,60,2,3.75
107542,26,1,3.0
107543,34,2,2.45
107544,52,1,2.5
107544,81,1,28.0
107545,59,2,4.5
107545,76,1,3.5
107546,50,2,2.5
107546,8,1,45.0
107547,39,1,4.25
107547,84,1,0.8
107548,37,1,3.0
107548,65,2,0.8
107549,26,1,3.0
107550,53,2,3.0
107551,34,1,2.45
107552,58,1,3.5
107552,78,1,4.5
107553,54,2,2.5
107553,13,1,8.95
107554,51,1,3.0
107554,79,1,3.75
107555,55,1,4.0
107556,51,1,3.0
107557,30,1,3.0
107557,82,1,12.0
107558,71,1,3.75
107559,44,2,2.5
107560,34,1,2.45
107561,28,1,2.0
107562,53,1,3.0
107563,55,1,4.0
107564,45,1,3.0
107565,55,1,4.0
107566,31,2,2.2
107567,59,1,4.5
107568,56,2,2.55
107568,76,1,3.5
107568,2,1,18.0
107569,26,1,3.0
107570,52,1,2.5
107571,53,1,3.0
107572,25,2,2.2
107572,71,1,3.75
107573,60,2,3.75
107574,60,3,3.75
107574,75,1,3.5
107575,71,1,3.75
107576,30,1,3.0
107577,46,1,2.5
107578,48,2,2.5
107578,81,1,28.0
107579,29,1,2.5
107580,57,2,3.1
107581,36,1,3.75
107582,53,1,3.0
107583,54,1,2.5
107584,53,1,3.0
107585,29,2,2.5
107585,71,1,3.75
107586,43,2,3.0
107587,45,2,3.0
107588,52,2,2.5
107589,24,2,3.0
107590,26,2,3.0
107591,32,1,3.0
107592,87,1,3.0
107593,59,2,4.5
107594,57,2,3.1
107595,33,1,3.5
107596,51,2,3.0
107597,23,1,2.5
107598,51,2,3.0
107599,22,1,2.0
107600,30,2,3.0
107601,59,1,4.5
107602,49,1,3.0
107603,56,2,2.55
107604,54,1,2.5
107604,13,1,8.95
107605,34,1,2.45
107606,26,3,3.0
107607,59,1,4.5
107608,59,1,4.5
107609,56,1,2.55
107609,6,1,21.0
107610,61,3,4.75
107611,60,1,3.75
107612,48,2,2.5
107613,40,1,3.75
107613,65,1,0.8
107614,46,2,2.5
107615,54,2,2.5
107615,79,1,3.75
107616,24,1,3.0
107617,22,2,2.0
107618,61,1,4.75
107619,38,1,3.75
107619,65,2,0.8
107619,76,1,3.5
107620,36,1,3.75
107620,72,1,3.25
107621,56,2,2.55
107622,43,1,3.0
107623,54,1,2.5
107624,30,1,3.0
107625,22,1,2.0
107625,79,1,3.75
107626,42,1,2.5
107627,55,2,4.0
107627,72,1,3.25
107628,40,2,3.75
107628,64,2,0.8
107629,35,2,3.1
107630,32,2,3.0
107631,61,1,4.75
107632,51,2,3.0
107632,73,1,3.75
107633,25,1,2.2
107633,69,1,3.25
107634,47,1,3.0
107635,59,1,4.5
107636,24,2,3.0
107637,30,2,3.0
107638,27,1,3.5
107639,24,2,3.0
107640,51,2,3.0
107640,79,1,3.75
107641,27,2,3.5
107641,71,1,3.75
107642,48,1,2.5
107643,42,3,2.5
107643,72,1,3.25
107644,56,2,2.55
107645,35,3,3.1
107646,24,1,3.0
107647,45,2,3.0
107647,74,1,3.5
107648,26,1,3.0
107649,25,1,2.2
107650,27,2,3.5
107651,27,1,3.5
107652,39,1,4.25
107652,64,1,0.8
107653,39,2,4.25
107653,65,2,0.8
107654,60,2,3.75
107655,41,2,4.25
107655,84,2,0.8
107656,42,1,2.5
107657,44,1,2.5
107657,13,1,8.95
107658,43,1,3.0
107658,76,1,3.5
107659,43,1,3.0
107660,45,1,3.0
107661,59,3,4.5
107662,53,2,3.0
107663,55,2,4.0
107664,55,2,4.0
107665,87,2,3.0
107666,71,1,3.75
107667,27,2,3.5
107668,59,2,4.5
107669,33,1,3.5
107669,75,1,3.5
107670,29,2,2.5
107670,71,1,3.75
107671,38,1,3.75
107671,63,1,0.8
107672,33,1,3.5
107673,23,3,2.5
107674,43,1,3.0
107675,30,2,3.0
107676,27,2,3.5
107676,39,1,4.25
107676,63,1,0.8
107677,47,2,3.0
107678,41,2,4.25
107678,64,1,0.8
107679,22,1,2.0
107680,50,3,2.5
107680,71,1,3.75
107681,39,2,4.25
107681,63,1,0.8
107682,40,1,3.75
107682,64,2,0.8
107683,34,2,2.45
107684,55,2,4.0
107685,49,1,3.0
107686,55,2,4.0
107687,33,2,3.5
107688,47,1,3.0
107688,81,1,28.0
107689,27,2,3.5
107689,79,1,3.75
107690,37,1,3.0
107690,84,2,0.8
107691,40,1,3.75
107691,63,1,0.8
107691,74,1,3.5
107692,45,1,3.0
107692,71,1,3.75
107693,23,1,2.5
107694,23,2,2.5
107695,57,1,3.1
107695,77,1,3.0
107696,39,1,4.25
107696,65,2,0.8
107697,32,2,3.0
107697,18,1,6.4
107698,22,1,2.0
107698,69,1,3.25
107699,29,1,2.5
107699,79,1,3.75
107700,46,2,2.5
107701,29,1,2.5
107702,22,1,2.0
107703,40,3,3.75
107703,84,2,0.8
107704,59,2,4.5
107704,72,1,3.25
107705,55,1,4.0
107705,75,1,3.5
107706,42,2,2.5
107707,51,2,3.0
107707,69,1,3.25
107708,46,2,2.5
107709,39,2,4.25
107709,84,1,0.8
107710,51,1,3.0
107710,72,1,3.25
107711,56,2,2.55
107712,37,2,3.0
107712,64,2,0.8
107712,7,1,19.75
107713,51,2,3.0
107714,26,2,3.0
107715,41,2,4.25
107715,63,1,0.8
107715,76,1,3.5
107716,42,2,2.5
107717,29,2,2.5
107718,87,1,3.0
107719,42,1,2.5
107720,57,2,3.1
107721,54,2,2.5
107722,60,1,3.75
107723,71,1,3.75
107724,25,2,2.2
107725,56,2,2.55
107726,29,2,2.5
107726,78,1,4.5
107727,32,1,3.0
107727,74,2,3.5
107728,38,1,3.75
107728,64,2,0.8
107729,31,2,2.2
107730,44,2,2.5
107731,40,2,3.75
107731,64,2,0.8
107732,42,2,2.5
107733,54,1,2.5
107733,24,1,3.0
107734,71,1,3.75
107735,57,1,3.1
107735,71,1,3.75
107736,41,1,4.25
107736,63,2,0.8
107736,72,1,3.25
107737,71,1,3.75
107738,42,1,2.5
107739,61,1,4.75
107739,81,1,28.0
107740,36,2,3.75
107741,46,2,2.5
107741,72,1,3.25
107741,82,1,23.0
107742,30,1,3.0
107743,57,1,3.1
107744,57,2,3.1
107745,49,2,3.0
107746,33,2,3.5
107747,24,2,3.0
107748,47,2,3.0
107749,29,1,2.5
107749,77,1,3.0
107750,52,1,2.5
107751,27,2,3.5
107752,56,2,2.55
107753,27,1,3.5
107754,52,1,2.5
107755,25,1,2.2
107755,72,1,3.25
107756,48,1,2.5
107757,38,2,3.75
107757,84,1,0.8
107757,76,1,3.5
107758,56,1,2.55
107759,49,2,3.0
107760,44,1,2.5
107761,61,1,4.75
107762,47,2,3.0
107763,30,1,3.0
107763,10,1,10.0
107764,71,1,3.75
107764,71,1,3.75
107765,48,3,2.5
107765,3,1,14.75
107766,41,1,4.25
107766,64,1,0.8
107767,60,1,3.75
107768,40,1,3.75
107768,64,2,0.8
107769,28,2,2.0
107770,54,1,2.5
107770,71,1,3.75
107771,27,2,3.5
107771,2,1,18.0
107772,48,1,2.5
107773,46,3,2.5
107774,61,1,4.75
107775,47,1,3.0
107775,75,1,3.5
107776,40,1,3.75
107776,84,1,0.8
107777,23,1,2.5
107778,47,3,3.0
107779,49,2,3.0
107780,22,1,2.0
107780,73,1,3.75
107781,60,1,3.75
107782,43,2,3.0
107782,82,1,12.0
107783,35,1,3.1
107784,30,1,3.0
107785,42,3,2.5
107786,42,1,2.5
107787,43,2,3.0
107787,79,1,3.75
107788,55,2,4.0
107788,71,1,3.75
107788,2,1,18.0
107789,48,3,2.5
107789,69,1,3.25
107790,52,1,2.5
107791,44,2,2.5
107792,41,1,4.25
107792,65,1,0.8
107793,55,1,4.0
107793,78,1,4.5
107794,61,1,4.75
107794,71,1,3.75
107795,25,2,2.2
107796,25,1,2.2
107797,51,1,3.0
107797,72,1,3.25
107798,48,2,2.5
107799,47,1,3.0
107800,30,1,3.0
107801,28,1,2.0
107802,47,1,3.0
107803,23,1,2.5
107804,52,2,2.5
107804,69,1,3.25
107805,29,1,2.5
107806,31,3,2.2
107807,36,2,3.75
107807,79,1,3.75
107808,38,2,3.75
107808,63,1,0.8
107809,48,1,2.5
107810,26,2,3.0
107811,32,1,3.0
107812,23,1,2.5
107813,26,2,3.0
107814,57,1,3.1
107815,61,2,4.75
107816,30,2,3.0
107817,41,2,4.25
107817,64,2,0.8
107817,5,1,15.0
107818,22,2,2.0
107819,55,1,4.0
107820,42,1,2.5
107821,35,1,3.1
107822,36,1,3.75
107823,49,2,3.0
107824,31,2,2.2
107825,47,3,3.0
107826,30,2,3.0
107827,33,3,3.5
107827,77,1,3.0
107828,51,2,3.0
107828,69,1,3.25
107829,40,1,3.75
107829,84,2,0.8
107830,59,2,4.5
107831,41,2,4.25
107831,64,2,0.8
107832,43,1,3.0
107833,28,1,2.0
107833,75,1,3.5
107834,30,1,3.0
107835,31,1,2.2
107836,87,2,3.0
107837,87,2,2.1
107837,72,2,2.65
107838,33,1,3.5
107839,58,2,3.5
107840,53,1,3.0
107841,45,1,3.0
107842,38,2,3.75
107842,84,2,0.8
107843,39,2,4.25
107843,84,2,0.8
107844,59,2,4.5
107845,49,1,3.0
107846,45,1,3.0
107847,25,1,2.2
107848,43,1,3.0
107848,73,1,3.75
107849,26,2,3.0
107850,56,2,2.55
107851,23,2,2.5
107852,59,1,4.5
107853,44,2,2.5
107854,45,2,3.0
107855,36,1,3.75
107856,48,3,2.5
107856,70,1,3.25
107857,34,2,2.45
107858,43,1,3.0
107858,75,1,3.5
107859,47,2,3.0
107860,45,2,3.0
107861,24,2,3.0
107862,87,1,3.0
107862,8,1,45.0
107863,44,2,2.5
107864,87,2,3.0
107865,87,1,3.0
107866,51,2,3.0
107867,54,1,2.5
107867,4,1,20.45
107868,61,1,4.75
107869,38,2,3.75
107869,63,2,0.8
107870,44,1,2.5
107871,47,1,3.0
107872,51,1,3.0
107872,82,1,12.0
107873,27,2,3.5
107873,69,1,3.25
107874,38,1,3.75
107874,84,1,0.8
107875,53,2,3.0
107875,72,1,3.25
107876,23,1,2.5
107877,39,2,4.25
107877,65,1,0.8
107878,22,1,2.0
107878,79,1,3.75
107878,17,1,9.5
107879,30,1,3.0
107880,56,2,2.55
107881,52,1,2.5
107882,24,1,3.0
107883,26,1,3.0
107884,53,1,3.0
107885,31,1,2.2
107885,60,2,3.75
107886,53,2,3.0
107887,45,1,3.0
107888,26,1,3.0
107889,46,1,2.5
107890,26,2,3.0
107891,53,1,3.0
107891,18,1,6.4
107892,22,2,2.0
107893,59,1,4.5
107894,56,2,2.55
107895,44,1,2.5
107896,42,2,2.5
107897,56,1,2.55
107897,76,1,3.5
107898,24,1,3.0
107899,45,2,3.0
107899,15,1,9.25
107900,44,3,2.5
107901,48,1,2.5
107902,50,2,2.5
107903,23,2,2.5
107903,76,1,3.5
107904,46,1,2.5
107905,56,1,2.55
107906,33,1,3.5
107906,81,1,23.0
107907,48,1,2.5
107908,58,2,3.5
107909,27,2,3.5
107910,51,1,3.0
107911,52,2,2.5
107912,58,2,3.5
107912,73,1,3.75
107913,25,2,2.2
107913,78,1,4.5
107914,22,2,2.0
107915,55,1,4.0
107916,27,2,3.5
107917,87,1,2.1
107917,72,1,3.25
107917,79,1,3.75
107918,53,1,3.0
107919,51,3,3.0
107920,45,2,3.0
107920,72,1,3.25
107920,6,1,21.0
107921,61,1,4.75
107922,57,2,3.1
107923,61,2,4.75
107924,44,1,2.5
107924,72,1,3.25
107925,25,2,2.2
107926,57,2,3.1
107927,37,2,3.0
107927,64,1,0.8
107928,52,2,2.5
107929,34,1,2.45
107930,39,1,4.25
107930,84,1,0.8
107931,35,1,3.1
107932,33,2,3.5
107933,47,1,3.0
107934,71,1,3.75
107934,71,1,3.75
107935,57,1,3.1
107935,70,1,3.25
107936,28,1,2.0
107936,11,1,8.95
107937,25,2,2.2
107938,29,2,2.5
107939,71,1,3.75
107939,71,1,3.75
107940,48,2,2.5
107941,38,2,3.75
107941,64,2,0.8
107942,41,1,4.25
107942,84,2,0.8
107943,59,3,4.5
107944,23,2,2.5
107945,32,2,3.0
107945,72,1,3.25
107946,26,1,3.0
107946,71,1,3.75
107947,42,3,2.5
107948,27,1,3.5
107949,25,3,2.2
107950,32,2,3.0
107951,41,2,4.25
107951,63,2,0.8
107952,61,1,4.75
107953,46,3,2.5
107954,87,2,3.0
107955,34,2,2.45
107956,44,1,2.5
107957,22,2,2.0
107958,61,2,4.75
107959,47,1,3.0
107960,43,2,3.0
107960,69,1,3.25
107961,55,2,4.0
107962,40,3,3.75
107962,65,2,0.8
107963,30,3,3.0
107963,75,1,3.5
107964,31,1,2.2
107965,87,1,2.1
107965,72,1,2.65
107966,26,1,3.0
107967,30,1,3.0
107967,71,1,3.75
107968,87,2,3.0
107968,70,1,3.25
107969,30,2,3.0
107970,40,1,3.75
107970,63,2,0.8
107971,44,3,2.5
107972,48,1,2.5
107973,25,1,2.2
107973,73,1,3.75
107974,29,3,2.5
107975,26,1,3.0
107976,58,1,3.5
107977,32,3,3.0
107978,57,2,3.1
107979,53,2,3.0
107980,39,3,4.25
107980,84,1,0.8
107981,22,2,2.0
107982,25,2,2.2
107983,43,1,3.0
107983,8,1,45.0
107983,59,1,4.5
107983,79,1,3.75
107984,29,1,2.5
107985,61,2,4.75
107986,27,1,3.5
107987,34,2,2.45
107987,77,1,3.0
107988,43,2,3.0
107988,71,1,3.75
107989,51,2,3.0
107989,70,1,3.25
107990,35,1,3.1
107990,71,1,3.75
107991,57,1,3.1
107992,26,1,3.0
107992,73,1,3.75
107993,55,1,4.0
107994,55,1,4.0
107995,50,2,2.5
107996,25,1,2.2
107997,37,2,3.0
107997,63,1,0.8
107998,31,1,2.2
107999,32,1,3.0
108000,51,2,3.0
108000,76,1,3.5
108001,24,1,3.0
108002,27,2,3.5
108003,87,1,3.0
108004,44,1,2.5
108005,49,2,3.0
108006,27,1,3.5
108006,79,1,3.75
108007,22,3,2.0
108007,70,1,3.25
108008,41,1,4.25
108008,65,2,0.8
108009,46,2,2.5
108010,87,2,2.1
108010,72,2,2.65
108011,28,1,2.0
108012,29,1,2.5
108013,41,1,4.25
108013,64,2,0.8
108014,45,2,3.0
108015,30,2,3.0
108016,58,1,3.5
108017,35,2,3.1
108017,7,1,19.75
108018,27,2,3.5
108019,59,1,4.5
108020,29,2,2.5
108021,46,1,2.5
108021,73,1,3.75
108022,59,1,4.5
108023,34,1,2.45
108024,29,1,2.5
108025,50,2,2.5
108025,75,1,3.5
108026,60,1,3.75
108027,33,1,3.5
108027,20,1,7.6
108028,32,2,3.0
108029,44,2,2.5
108029,71,1,3.75
108030,27,1,3.5
108031,22,1,2.0
108032,39,2,4.25
108032,65,2,0.8
108033,40,1,3.75
108033,63,1,0.8
108033,81,1,28.0
108034,55,1,4.0
108035,49,3,3.0
108035,75,1,3.5
108036,38,1,3.75
108036,63,2,0.8
108037,36,1,3.75
108038,22,2,2.0
108038,82,1,12.0
108039,24,2,3.0
108039,75,1,3.5
108040,87,2,3.0
108040,71,1,3.75
108040,9,1,22.5
108041,42,2,2.5
108041,9,1,22.5
108042,52,1,2.5
108042,83,1,14.0
108043,58,1,3.5
108044,87,2,3.0
108044,72,1,3.25
108045,34,2,2.45
108046,57,3,3.1
108046,73,1,3.75
108047,31,2,2.2
108048,61,2,4.75
108048,70,1,3.25
108049,87,1,2.1
108049,72,1,2.65
108050,51,3,3.0
108051,52,1,2.5
108051,79,1,3.75
108052,40,1,3.75
108052,64,1,0.8
108053,50,1,2.5
108054,58,1,3.5
108055,47,2,3.0
108055,9,1,22.5
108056,55,1,4.0
108056,79,1,3.75
108057,50,1,2.5
108058,23,2,2.5
108059,22,2,2.0
108059,79,1,3.75
108060,30,2,3.0
108061,44,1,2.5
108061,69,1,3.25
108062,47,1,3.0
108062,69,1,3.25
108063,47,1,3.0
108064,56,2,2.55
108065,87,2,3.0
108066,87,1,2.1
108066,72,1,2.65
108066,70,1,3.25
108067,49,1,3.0
108068,55,2,4.0
108068,7,1,19.75
108069,54,2,2.5
108069,74,1,3.5
108070,25,2,2.2
108070,74,1,3.5
108071,41,1,4.25
108071,64,2,0.8
108071,79,1,3.75
108072,23,2,2.5
108073,41,1,4.25
108073,65,1,0.8
108074,42,3,2.5
108074,72,1,3.25
108075,33,1,3.5
108075,71,1,3.75
108076,60,2,3.75
108076,71,1,3.75
108077,33,1,3.5
108077,78,1,4.5
108078,52,3,2.5
108079,87,1,3.0
108080,45,2,3.0
108081,30,2,3.0
108082,25,3,2.2
108083,32,2,3.0
108084,22,1,2.0
108085,50,1,2.5
108086,53,2,3.0
108086,18,1,6.4
108087,52,1,2.5
108088,45,1,3.0
108089,87,1,3.0
108090,27,2,3.5
108090,73,1,3.75
108091,52,1,2.5
108092,87,1,3.0
108093,27,1,3.5
108093,69,1,3.25
108094,36,3,3.75
108095,32,1,3.0
108096,50,1,2.5
108096,75,1,3.5
108097,56,1,2.55
108098,53,2,3.0
108098,71,1,3.75
108099,57,2,3.1
108100,61,1,4.75
108101,87,1,3.0
108102,59,2,4.5
108102,72,1,3.25
108102,2,1,18.0
108103,33,1,3.5
108104,35,1,3.1
108105,37,2,3.0
108105,65,1,0.8
108106,25,2,2.2
108106,79,1,3.75
108107,52,2,2.5
108108,27,1,3.5
108108,75,1,3.5
108109,52,1,2.5
108109,74,1,3.5
108110,40,1,3.75
108110,84,2,0.8
108110,71,1,3.75
108111,58,1,3.5
108111,6,1,21.0
108111,81,1,28.0
108112,32,1,3.0
108113,59,2,4.5
108113,20,1,7.6
108114,38,3,3.75
108114,84,1,0.8
108114,70,1,3.25
108115,56,1,2.55
108116,37,1,3.0
108116,63,1,0.8
108116,83,1,23.0
108117,38,1,3.75
108117,64,1,0.8
108118,39,1,4.25
108118,65,2,0.8
108119,58,1,3.5
108120,22,2,2.0
108121,37,2,3.0
108121,65,2,0.8
108122,26,1,3.0
108123,53,1,3.0
108124,49,2,3.0
108125,44,1,2.5
108125,73,1,3.75
108126,61,1,4.75
108127,36,2,3.75
108127,74,1,3.5
108128,35,3,3.1
108128,69,1,3.25
108129,38,3,3.75
108129,64,2,0.8
108130,49,1,3.0
108131,31,1,2.2
108131,15,1,9.25
108132,28,2,2.0
108133,28,2,2.0
108134,30,3,3.0
108134,79,1,3.75
108135,48,1,2.5
108135,77,1,3.0
108135,11,1,8.95
108136,33,2,3.5
108137,38,1,3.75
108137,64,2,0.8
108138,45,2,3.0
108139,24,1,3.0
108140,59,2,4.5
108141,58,1,3.5
108142,28,2,2.0
108143,48,1,2.5
108144,46,2,2.5
108144,71,1,3.75
108145,27,1,3.5
108146,28,1,2.0
108147,51,1,3.0
108148,52,1,2.5
108149,38,1,3.75
108149,63,2,0.8
108150,45,2,3.0
108151,59,1,4.5
108152,23,2,2.5
108153,87,2,3.0
108154,44,2,2.5
108155,44,1,2.5
108155,78,1,4.5
108156,29,2,2.5
108157,61,2,4.75
108157,72,1,3.25
108158,26,2,3.0
108159,61,2,4.75
108160,26,2,3.0
108161,57,2,3.1
108162,31,2,2.2
108163,34,3,2.45
108164,54,2,2.5
108164,72,1,3.25
108165,28,2,2.0
108166,34,2,2.45
108167,53,1,3.0
108168,39,1,4.25
108168,64,2,0.8
108169,49,2,3.0
108170,50,3,2.5
108171,35,2,3.1
108172,43,2,3.0
108173,23,1,2.5
108174,41,2,4.25
108175,44,1,2.5
108176,52,3,2.5
108177,59,1,4.5
108178,61,2,4.75
108179,24,1,3.0
108180,64,2,0.8
108180,72,1,3.25
108181,47,1,3.0
108182,45,3,3.0
108183,61,2,4.75
108184,36,1,3.75
108185,60,1,3.75
108186,37,3,3.0
108186,84,2,0.8
108187,44,1,2.5
108188,38,1,3.75
108188,65,1,0.8
108189,50,2,2.5
108190,33,1,3.5
108190,78,1,4.5
108191,45,1,3.0
108191,74,1,3.5
108192,56,1,2.55
108192,69,1,3.25
108193,50,1,2.5
108194,49,1,3.0
108195,47,3,3.0
108196,48,1,2.5
108197,42,1,2.5
108198,40,3,3.75
108198,65,2,0.8
108199,25,1,2.2
108199,75,1,3.5
108200,41,2,4.25
108200,63,2,0.8
108201,29,2,2.5
108202,58,2,3.5
108202,13,1,8.95
108203,37,1,3.0
108203,65,2,0.8
108204,47,2,3.0
108205,30,2,3.0
108206,48,2,2.5
108206,73,1,3.75
108207,40,2,3.75
108207,64,2,0.8
108208,46,1,2.5
108208,75,1,3.5
108209,41,1,4.25
108209,84,2,0.8
108210,47,1,3.0
108211,45,1,3.0
108212,31,2,2.2
108213,53,2,3.0
108213,72,1,3.25
108214,87,1,2.1
108214,72,1,3.25
108215,32,2,3.0
108215,79,1,3.75
108215,3,1,14.75
108216,28,2,2.0
108217,53,2,3.0
108218,36,1,3.75
108219,31,2,2.2
108220,32,1,3.0
108221,26,2,3.0
108222,43,1,3.0
108223,56,1,2.55
108224,41,1,4.25
108224,63,2,0.8
108225,51,2,3.0
108226,43,1,3.0
108227,40,2,3.75
108227,65,2,0.8
108227,81,1,28.0
108228,40,2,3.75
108228,64,2,0.8
108228,70,1,3.25
108229,27,1,3.5
108230,43,2,3.0
108231,51,1,3.0
108232,45,2,3.0
108233,38,1,3.75
108233,84,2,0.8
108233,83,1,14.0
108234,48,2,2.5
108235,28,2,2.0
108236,61,2,4.75
108237,55,2,4.0
108238,87,2,3.0
108239,40,1,3.75
108239,84,2,0.8
108239,74,1,3.5
108240,47,2,3.0
108241,56,2,2.55
108242,31,2,2.2
108243,23,2,2.5
108244,46,1,2.5
108245,41,1,4.25
108245,63,1,0.8
108246,61,2,4.75
108247,36,2,3.75
108248,47,1,3.0
108249,35,2,3.1
108249,75,1,3.5
108250,40,1,3.75
108250,65,2,0.8
108251,54,2,2.5
108252,50,1,2.5
108252,78,1,4.5
108253,22,2,2.0
108253,75,1,3.5
108254,59,1,4.5
108255,56,2,2.55
108256,24,1,3.0
108256,8,1,45.0
108257,47,1,3.0
108258,87,1,3.0
108259,48,1,2.5
108260,27,2,3.5
108261,39,2,4.25
108261,65,2,0.8
108262,24,3,3.0
108263,40,2,3.75
108263,65,2,0.8
108264,45,1,3.0
108265,38,3,3.75
108265,65,2,0.8
108265,73,1,3.75
108266,57,1,3.1
108267,22,2,2.0
108268,54,1,2.5
108268,73,1,3.75
108269,44,1,2.5
108269,70,1,3.25
108270,24,1,3.0
108271,41,1,4.25
108271,65,1,0.8
108272,87,3,3.0
108273,31,2,2.2
108274,35,2,3.1
108274,18,1,10.95
108275,87,1,3.0
108275,77,1,3.0
108276,40,3,3.75
108276,84,2,0.8
108277,23,1,2.5
108278,57,1,3.1
108278,73,1,3.75
108279,55,2,4.0
108280,43,3,3.0
108280,76,1,3.5
108281,54,2,2.5
108282,25,3,2.2
108283,87,2,3.0
108283,75,1,3.5
108284,24,1,3.0
108285,58,1,3.5
108286,53,2,3.0
108286,73,1,3.75
108287,47,3,3.0
108288,58,2,3.5
108288,73,1,3.75
108289,44,2,2.5
108290,55,1,4.0
108291,59,1,4.5
108291,76,1,3.5
108292,22,1,2.0
108293,61,2,4.75
108294,87,2,2.1
108294,72,2,2.65
108295,29,1,2.5
108296,49,2,3.0
108296,73,1,3.75
108297,31,1,2.2
108298,71,1,3.75
108299,58,1,3.5
108300,30,2,3.0
108301,27,1,3.5
108302,39,1,4.25
108302,63,1,0.8
108303,41,2,4.25
108304,32,1,3.0
108305,23,1,2.5
108306,23,3,2.5
108307,26,1,3.0
108308,24,1,3.0
108309,29,1,2.5
108310,60,2,3.75
108310,70,1,3.25
108311,49,1,3.0
108312,44,1,2.5
108313,33,1,3.5
108314,52,1,2.5
108315,30,2,3.0
108316,49,2,3.0
108317,31,1,2.2
108318,30,2,3.0
108319,47,2,3.0
108320,48,3,2.5
108321,38,1,3.75
108322,22,1,2.0
108322,71,1,3.75
108323,58,2,3.5
108324,87,1,3.0
108325,43,2,3.0
108326,48,1,2.5
108327,38,1,3.75
108328,39,2,4.25
108329,31,3,2.2
108330,49,3,3.0
108331,43,1,3.0
108332,52,3,2.5
108333,41,1,4.25
108334,32,1,3.0
108335,53,2,3.0
108336,33,1,3.5
108337,31,2,2.2
108338,51,1,3.0
108338,72,1,3.25
108339,47,2,3.0
108340,56,3,2.55
108340,72,1,3.25
108341,46,1,2.5
108342,29,2,2.5
108343,59,1,4.5
108344,48,1,2.5
108345,87,2,3.0
108346,60,3,3.75
108347,58,2,3.5
108347,83,1,14.0
108348,42,2,2.5
108349,50,1,2.5
108350,27,2,3.5
108351,57,2,3.1
108352,32,1,3.0
108353,61,1,4.75
108353,78,1,4.5
108354,41,2,4.25
108355,27,1,3.5
108356,52,1,2.5
108357,22,1,2.0
108358,46,1,2.5
108359,53,3,3.0
108360,46,2,2.5
108361,51,1,3.0
108362,25,1,2.2
108363,26,2,3.0
108364,39,2,4.25
108365,48,2,2.5
108366,47,1,3.0
108367,44,2,2.5
108368,45,1,3.0
108369,55,1,4.0
108370,44,2,2.5
108371,42,2,2.5
108371,15,1,9.25
108372,50,3,2.5
108373,36,1,3.75
108374,70,1,3.25
108375,36,3,3.75
108376,61,2,4.75
108377,56,2,2.55
108378,46,2,2.5
108379,22,1,2.0
108380,50,2,2.5
108381,47,1,3.0
108382,43,1,3.0
108383,41,2,4.25
108384,28,1,2.0
108385,22,2,2.0
108385,70,1,3.25
108386,40,2,3.75
108387,53,1,3.0
108388,27,2,3.5
108389,39,1,4.25
108390,29,2,2.5
108391,56,1,2.55
108392,61,2,4.75
108392,74,1,3.5
108393,41,1,4.25
108394,31,1,2.2
108395,48,2,2.5
108395,71,1,3.75
108396,33,2,3.5
108397,49,3,3.0
108397,69,1,3.25
108398,74,1,3.5
108399,72,1,3.25
108399,87,1,2.1
108400,35,2,3.1
108401,73,1,3.75
108402,35,1,3.1
108403,39,2,4.25
108404,40,2,3.75
108405,36,2,3.75
108406,38,2,3.75
108407,58,3,3.5
108408,87,2,3.0
108409,33,2,3.5
108410,30,1,3.0
108411,87,2,3.0
108412,39,2,4.25
108413,87,1,3.0
108413,73,1,3.75
108414,29,2,2.5
108415,32,3,3.0
108416,76,1,3.5
108417,87,1,3.0
108418,36,2,3.75
108419,22,2,2.0
108420,50,2,2.5
108421,57,1,3.1
108422,56,2,2.55
108423,33,2,3.5
108424,48,2,2.5
108425,22,2,2.0
108426,36,2,3.75
108427,22,2,2.0
108428,47,3,3.0
108428,69,1,3.25
108429,79,1,3.75
108430,38,2,3.75
108430,64,1,0.8
108431,48,2,2.5
108432,45,2,3.0
108433,77,1,3.0
108434,39,2,4.25
108434,63,2,0.8
108435,58,1,3.5
108436,52,1,2.5
108437,30,3,3.0
108438,71,1,3.75
108439,53,2,3.0
108439,69,1,3.25
108440,30,3,3.0
108440,9,1,22.5
108441,42,2,2.5
108441,75,1,3.5
108442,32,2,3.0
108443,31,2,2.2
108444,41,1,4.25
108445,57,1,3.1
108446,45,1,3.0
108446,76,1,3.5
108447,49,2,3.0
108448,28,3,2.0
108449,37,2,3.0
108450,51,1,3.0
108451,30,2,3.0
108451,71,1,3.75
108452,46,2,2.5
108452,1,1,18.0
108453,51,1,3.0
108454,61,2,4.75
108455,49,2,3.0
108456,27,1,3.5
108457,32,2,3.0
108458,38,3,3.75
108458,64,2,0.8
108459,48,1,2.5
108460,33,1,3.5
108460,74,1,3.5
108461,31,1,2.2
108462,43,2,3.0
108463,56,2,2.55
108464,51,2,3.0
108464,75,1,3.5
108465,25,1,2.2
108466,53,3,3.0
108467,55,2,4.0
108468,22,2,2.0
108469,30,3,3.0
108470,39,2,4.25
108470,64,1,0.8
108471,38,1,3.75
108471,84,2,0.8
108472,27,2,3.5
108473,59,1,4.5
108474,34,2,2.45
108475,32,3,3.0
108475,69,1,3.25
108476,31,2,2.2
108477,45,1,3.0
108478,42,3,2.5
108478,70,1,3.25
108479,57,1,3.1
108480,51,2,3.0
108481,70,1,3.25
108482,42,2,2.5
108483,55,1,4.0
108484,30,1,3.0
108484,16,1,8.95
108485,41,3,4.25
108485,65,1,0.8
108486,41,2,4.25
108486,73,1,3.75
108487,58,2,3.5
108488,61,1,4.75
108489,48,1,2.5
108490,22,1,2.0
108491,35,3,3.1
108491,73,1,3.75
108492,61,2,4.75
108492,71,1,3.75
108493,33,1,3.5
108494,23,1,2.5
108495,79,1,3.75
108496,33,3,3.5
108497,29,2,2.5
108498,42,1,2.5
108499,54,1,2.5
108500,49,1,3.0
108501,27,2,3.5
108502,37,1,3.0
108503,58,2,3.5
108504,37,1,3.0
108504,77,1,3.0
108505,59,1,4.5
108506,49,2,3.0
108507,27,2,3.5
108508,58,2,3.5
108509,45,1,3.0
108510,74,1,3.5
108511,50,2,2.5
108512,28,2,2.0
108512,69,1,3.25
108513,23,2,2.5
108513,78,1,4.5
108514,74,1,3.5
108515,45,2,3.0
108516,51,1,3.0
108517,31,2,2.2
108518,36,2,3.75
108519,69,1,3.25
108520,27,1,3.5
108521,60,1,3.75
108522,61,2,4.75
108523,60,3,3.75
108524,23,1,2.5
108525,31,2,2.2
108525,72,1,3.25
108526,26,1,3.0
108526,74,1,3.5
108527,73,1,3.75
108528,58,3,3.5
108529,44,2,2.5
108530,39,1,4.25
108531,44,1,2.5
108532,44,2,2.5
108533,61,1,4.75
108534,23,3,2.5
108535,2,1,18.0
108536,38,1,3.75
108537,39,1,4.25
108538,42,1,2.5
108539,54,3,2.5
108539,76,1,3.5
108540,35,2,3.1
108541,46,1,2.5
108542,87,3,2.1
108542,72,3,2.65
108543,26,1,3.0
108544,61,3,4.75
108545,59,2,4.5
108546,27,2,3.5
108547,78,1,4.5
108548,52,2,2.5
108549,53,2,3.0
108549,73,1,3.75
108550,23,1,2.5
108551,44,2,2.5
108551,78,1,4.5
108552,39,1,4.25
108552,64,2,0.8
108552,20,1,7.6
108553,70,1,3.25
108554,47,2,3.0
108555,27,1,3.5
108556,58,1,3.5
108557,39,1,4.25
108557,63,1,0.8
108558,25,3,2.2
108559,23,2,2.5
108560,37,1,3.0
108560,64,2,0.8
108561,60,1,3.75
108562,53,3,3.0
108563,55,2,4.0
108564,32,1,3.0
108565,61,1,4.75
108566,37,2,3.0
108567,60,1,3.75
108568,56,2,2.55
108569,38,2,3.75
108569,63,1,0.8
108570,36,2,3.75
108571,73,1,3.75
108572,74,1,3.5
108572,75,1,3.5
108573,22,2,2.0
108574,42,3,2.5
108574,72,1,3.25
108575,24,2,3.0
108576,52,1,2.5
108577,46,1,2.5
108578,38,1,3.75
108578,63,2,0.8
108579,33,2,3.5
108580,46,1,2.5
108580,74,1,3.5
108581,50,2,2.5
108582,56,2,2.55
108583,38,1,3.75
108583,75,1,3.5
108584,43,2,3.0
108585,39,1,4.25
108585,64,1,0.8
108585,78,1,4.5
108586,46,2,2.5
108586,78,1,4.5
108587,69,1,3.25
108588,40,2,3.75
108589,53,1,3.0
108590,57,1,3.1
108591,53,2,3.0
108592,36,2,3.75
108593,77,1,3.0
108594,52,2,2.5
108595,55,1,4.0
108596,48,2,2.5
108597,50,1,2.5
108597,76,1,3.5
108598,57,1,3.1
108599,47,1,3.0
108600,47,1,3.0
108601,52,1,2.5
108602,56,1,2.55
108603,58,1,3.5
108604,30,2,3.0
108605,57,2,3.1
108606,79,1,3.75
108606,4,1,20.45
108607,76,1,3.5
108608,22,1,2.0
108609,43,3,3.0
108610,33,2,3.5
108611,41,2,4.25
108611,75,1,3.5
108612,25,2,2.2
108613,33,2,3.5
108614,25,1,2.2
108615,56,2,2.55
108616,23,2,2.5
108617,49,2,3.0
108618,38,1,3.75
108619,54,2,2.5
108620,22,2,2.0
108621,57,2,3.1
108622,70,1,3.25
108623,72,1,3.25
108623,87,1,2.1
108624,60,2,3.75
108624,78,1,4.5
108625,46,1,2.5
108626,44,2,2.5
108627,28,1,2.0
108628,42,2,2.5
108628,79,1,3.75
108628,1,1,18.0
108629,22,3,2.0
108630,29,1,2.5
108631,34,1,2.45
108632,78,1,4.5
108633,58,1,3.5
108634,45,2,3.0
108635,59,2,4.5
108636,54,2,2.5
108637,30,1,3.0
108638,58,1,3.5
108639,60,1,3.75
108640,47,2,3.0
108641,36,2,3.75
108642,51,3,3.0
108643,46,1,2.5
108643,79,1,3.75
108644,59,2,4.5
108645,25,3,2.2
108646,45,2,3.0
108647,50,2,2.5
108648,46,1,2.5
108649,28,2,2.0
108650,59,1,4.5
108651,33,2,3.5
108652,28,1,2.0
108653,87,1,3.0
108654,35,1,3.1
108655,87,2,2.1
108655,72,2,2.65
108656,71,1,3.75
108657,59,2,4.5
108657,79,1,3.75
108658,59,2,4.5
108659,42,2,2.5
108660,27,1,3.5
108661,51,3,3.0
108662,33,1,3.5
108663,28,1,2.0
108664,61,2,4.75
108665,50,1,2.5
108666,45,2,3.0
108667,37,1,3.0
108667,64,1,0.8
108667,76,1,3.5
108668,56,2,2.55
108669,31,1,2.2
108670,44,2,2.5
108671,51,2,3.0
108672,37,1,3.0
108673,37,2,3.0
108674,22,1,2.0
108675,60,2,3.75
108676,33,2,3.5
108677,49,1,3.0
108678,49,2,3.0
108679,40,1,3.75
108679,84,2,0.8
108680,34,1,2.45
108681,44,2,2.5
108682,35,2,3.1
108683,50,2,2.5
108683,69,1,3.25
108684,58,2,3.5
108685,35,2,3.1
108686,58,2,3.5
108687,87,1,2.1
108687,72,1,2.65
108687,69,1,3.25
108688,35,3,3.1
108689,22,2,2.0
108690,33,1,3.5
108690,78,1,4.5
108690,6,1,21.0
108691,40,1,3.75
108692,52,3,2.5
108692,1,1,18.0
108693,39,2,4.25
108693,63,1,0.8
108694,73,1,3.75
108695,22,1,2.0
108696,69,1,3.25
108697,51,2,3.0
108698,23,3,2.5
108699,41,1,4.25
108700,75,1,3.5
108701,31,3,2.2
108701,82,1,12.0
108702,58,1,3.5
108703,58,1,3.5
108704,51,1,3.0
108705,35,1,3.1
108706,42,2,2.5
108707,44,2,2.5
108708,45,1,3.0
108709,40,1,3.75
108709,65,1,0.8
108710,53,2,3.0
108711,24,2,3.0
108712,29,1,2.5
108713,45,1,3.0
108714,39,2,4.25
108715,23,2,2.5
108716,49,2,3.0
108716,72,1,3.25
108717,45,1,3.0
108717,73,1,3.75
108718,31,2,2.2
108719,44,1,2.5
108720,59,2,4.5
108720,78,1,4.5
108721,48,1,2.5
108722,27,1,3.5
108723,87,2,3.0
108724,57,2,3.1
108725,58,1,3.5
108726,44,1,2.5
108727,42,2,2.5
108728,35,1,3.1
108729,39,2,4.25
108730,38,1,3.75
108731,54,1,2.5
108732,49,1,3.0
108733,75,1,3.5
108734,52,1,2.5
108735,28,1,2.0
108736,44,2,2.5
108737,77,1,3.0
108738,25,1,2.2
108739,24,2,3.0
108740,56,3,2.55
108740,74,1,3.5
108741,35,2,3.1
108742,50,1,2.5
108743,37,3,3.0
108743,64,1,0.8
108744,22,2,2.0
108745,61,1,4.75
108746,47,2,3.0
108746,78,1,4.5
108747,57,2,3.1
108748,39,1,4.25
108749,58,2,3.5
108750,45,1,3.0
108751,57,2,3.1
108752,72,1,3.25
108752,87,1,2.1
108753,39,3,4.25
108753,64,2,0.8
108754,41,2,4.25
108755,36,1,3.75
108756,32,2,3.0
108757,32,2,3.0
108758,52,1,2.5
108758,79,1,3.75
108759,59,2,4.5
108760,57,1,3.1
108760,76,1,3.5
108761,46,1,2.5
108762,75,1,3.5
108763,24,2,3.0
108764,26,2,3.0
108764,74,1,3.5
108764,3,1,14.75
108765,23,1,2.5
108766,49,2,3.0
108767,33,1,3.5
108768,22,2,2.0
108769,24,2,3.0
108770,43,2,3.0
108770,79,1,3.75
108771,26,2,3.0
108772,22,3,2.0
108773,36,1,3.75
108774,54,1,2.5
108774,71,1,3.75
108775,31,2,2.2
108776,59,2,4.5
108777,50,2,2.5
108778,48,2,2.5
108779,35,3,3.1
108780,31,1,2.2
108781,59,1,4.5
108782,46,1,2.5
108783,87,2,2.1
108783,72,2,2.65
108783,15,1,9.25
108784,53,2,3.0
108785,30,1,3.0
108786,29,1,2.5
108786,76,1,3.5
108787,54,1,2.5
108788,43,2,3.0
108789,32,3,3.0
108790,22,2,2.0
108791,44,1,2.5
108792,52,1,2.5
108793,41,2,4.25
108793,65,1,0.8
108794,23,1,2.5
108795,56,2,2.55
108795,69,1,3.25
108796,43,1,3.0
108796,70,1,3.25
108797,52,2,2.5
108798,41,1,4.25
108799,51,1,3.0
108800,53,2,3.0
108801,27,1,3.5
108802,45,2,3.0
108802,69,1,3.25
108803,43,2,3.0
108804,47,2,3.0
108805,58,2,3.5
108805,70,1,3.25
108806,42,1,2.5
108807,77,1,3.0
108808,30,1,3.0
108809,70,1,3.25
108810,59,1,4.5
108811,22,2,2.0
108812,42,1,2.5
108813,43,2,3.0
108813,78,1,4.5
108814,54,2,2.5
108815,33,1,3.5
108816,87,1,2.1
108816,72,1,3.25
108817,49,2,3.0
108818,24,2,3.0
108819,33,1,3.5
108819,73,1,3.75
108820,50,1,2.5
108821,31,2,2.2
108822,39,3,4.25
108822,84,1,0.8
108823,54,1,2.5
108824,41,2,4.25
108824,64,1,0.8
108825,49,2,3.0
108826,27,2,3.5
108827,51,2,3.0
108828,40,2,3.75
108829,27,2,3.5
108830,50,2,2.5
108831,28,1,2.0
108832,61,2,4.75
108833,48,2,2.5
108834,54,1,2.5
108835,61,1,4.75
108836,39,2,4.25
108837,51,1,3.0
108838,54,2,2.5
108839,30,1,3.0
108840,33,1,3.5
108841,50,2,2.5
108841,17,1,9.5
108842,34,1,2.45
108843,35,2,3.1
108844,26,2,3.0
108845,37,3,3.0
108845,64,1,0.8
108846,87,1,3.0
108847,49,2,3.0
108848,58,2,3.5
108849,30,1,3.0
108849,40,1,3.75
108850,53,1,3.0
108851,50,1,2.5
108852,54,2,2.5
108853,36,2,3.75
108854,35,1,3.1
108855,50,1,2.5
108856,54,2,2.5
108857,26,1,3.0
108857,79,1,3.75
108858,56,1,2.55
108859,50,2,2.5
108860,51,2,3.0
108860,69,1,3.25
108861,61,2,4.75
108862,36,2,3.75
108863,24,2,3.0
108864,41,2,4.25
108865,37,2,3.0
108865,65,1,0.8
108866,25,1,2.2
108867,51,1,3.0
108868,25,1,2.2
108869,27,2,3.5
108870,56,2,2.55
108871,61,2,4.75
108872,51,2,3.0
108873,42,1,2.5
108874,59,1,4.5
108875,57,2,3.1
108876,48,1,2.5
108876,77,1,3.0
108877,43,1,3.0
108878,30,2,3.0
108879,87,1,3.0
108880,38,2,3.75
108881,49,2,3.0
108882,55,2,4.0
108883,50,1,2.5
108883,69,1,3.25
108884,43,3,3.0
108884,73,1,3.75
108885,40,2,3.75
108886,28,2,2.0
108887,59,2,4.5
108888,26,2,3.0
108888,73,1,3.75
108889,50,2,2.5
108889,74,1,3.5
108890,57,2,3.1
108890,73,1,3.75
108891,45,2,3.0
108892,47,1,3.0
108893,61,1,4.75
108894,26,1,3.0
108895,57,2,3.1
108895,69,1,3.25
108896,40,1,3.75
108896,65,2,0.8
108897,27,1,3.5
108898,51,1,3.0
108899,33,1,3.5
108900,29,3,2.5
108901,57,1,3.1
108902,45,1,3.0
108903,27,2,3.5
108904,42,2,2.5
108905,42,1,2.5
108906,33,1,3.5
108907,48,2,2.5
108908,60,2,3.75
108909,52,3,2.5
108910,52,2,2.5
108911,41,2,4.25
108912,69,1,3.25
108913,60,2,3.75
108913,71,1,3.75
108914,29,2,2.5
108915,33,2,3.5
108916,41,1,4.25
108916,84,1,0.8
108917,56,1,2.55
108918,60,2,3.75
108919,75,1,3.5
108920,29,1,2.5
108921,52,2,2.5
108922,41,2,4.25
108922,63,2,0.8
108923,39,2,4.25
108924,49,1,3.0
108925,51,2,3.0
108926,28,1,2.0
108927,45,2,3.0
108928,28,1,2.0
108929,36,1,3.75
108929,75,1,3.5
108930,60,2,3.75
108930,75,1,3.5
108931,51,2,3.0
108932,57,2,3.1
108932,71,1,3.75
108933,27,1,3.5
108934,50,1,2.5
108934,76,1,3.5
108935,57,2,3.1
108936,39,2,4.25
108937,60,3,3.75
108938,47,1,3.0
108939,61,2,4.75
108940,23,2,2.5
108941,31,2,2.2
108941,10,1,10.0
108942,61,2,4.75
108943,44,2,2.5
108944,51,2,3.0
108945,45,2,3.0
108946,47,2,3.0
108947,40,2,3.75
108947,63,1,0.8
108948,34,1,2.45
108948,5,1,15.0
108949,51,1,3.0
108950,56,2,2.55
108951,52,1,2.5
108952,40,3,3.75
108952,63,1,0.8
108953,30,2,3.0
108954,54,2,2.5
108955,56,2,2.55
108956,61,1,4.75
108956,3,1,14.75
108957,33,1,3.5
108958,27,2,3.5
108959,34,2,2.45
108960,22,2,2.0
108961,30,2,3.0
108961,23,2,2.5
108962,24,2,3.0
108962,77,1,3.0
108963,29,1,2.5
108964,25,1,2.2
108965,70,1,3.25
108966,79,1,3.75
108967,57,1,3.1
108968,31,2,2.2
108969,39,2,4.25
108970,87,2,3.0
108971,48,2,2.5
108972,50,2,2.5
108973,22,1,2.0
108974,45,1,3.0
108975,49,1,3.0
108976,39,3,4.25
108976,64,1,0.8
108976,70,1,3.25
108977,23,1,2.5
108978,23,1,2.5
108979,40,1,3.75
108980,52,1,2.5
108981,30,2,3.0
108982,30,2,3.0
108983,25,1,2.2
108984,53,1,3.0
108984,71,1,3.75
108985,53,2,3.0
108986,23,1,2.5
108987,47,1,3.0
108988,58,1,3.5
108989,42,2,2.5
108990,57,2,3.1
108991,53,2,3.0
108992,56,2,2.55
108993,52,2,2.5
108994,53,2,3.0
108995,69,1,3.25
108995,16,1,8.95
108996,38,1,3.75
108996,72,1,3.25
108997,47,1,3.0
108998,48,3,2.5
108998,78,1,4.5
108999,48,2,2.5
109000,33,1,3.5
109001,38,1,3.75
109002,53,3,3.0
109003,35,1,3.1
109004,59,2,4.5
109005,44,2,2.5
109006,48,2,2.5
109007,44,2,2.5
109008,29,3,2.5
109008,78,1,4.5
109009,37,2,3.0
109010,25,2,2.2
109010,71,1,3.75
109011,27,1,3.5
109012,53,2,3.0
109012,75,1,3.5
109013,39,3,4.25
109013,63,1,0.8
109013,48,3,2.5
109013,82,1,12.0
109014,46,2,2.5
109015,54,1,2.5
109015,70,1,3.25
109016,33,1,3.5
109016,76,1,3.5
109017,22,3,2.0
109018,42,1,2.5
109019,57,2,3.1
109020,34,3,2.45
109021,42,1,2.5
109022,48,2,2.5
109023,36,3,3.75
109024,35,2,3.1
109025,42,2,2.5
109026,22,1,2.0
109026,77,1,3.0
109027,34,1,2.45
109028,45,1,3.0
109029,31,2,2.2
109030,36,2,3.75
109031,59,1,4.5
109032,41,1,4.25
109032,79,1,3.75
109033,55,1,4.0
109034,44,1,2.5
109035,44,1,2.5
109036,29,3,2.5
109036,75,1,3.5
109037,39,2,4.25
109038,38,2,3.75
109039,24,1,3.0
109040,45,1,3.0
109040,77,1,3.0
109041,52,2,2.5
109042,36,2,3.75
109043,45,2,3.0
109044,39,2,4.25
109045,31,2,2.2
109045,70,1,3.25
109046,30,1,3.0
109047,56,1,2.55
109048,39,2,4.25
109049,33,1,3.5
109050,49,1,3.0
109051,44,2,2.5
109052,56,1,2.55
109053,27,2,3.5
109054,34,1,2.45
109055,51,1,3.0
109056,55,2,4.0
109057,59,1,4.5
109058,50,2,2.5
109059,38,2,3.75
109060,39,2,4.25
109061,36,2,3.75
109061,71,1,3.75
109062,22,2,2.0
109063,32,1,3.0
109063,71,1,3.75
109064,31,1,2.2
109064,75,1,3.5
109065,38,1,3.75
109066,87,2,3.0
109067,49,2,3.0
109068,24,1,3.0
109069,69,1,3.25
109070,56,1,2.55
109071,22,2,2.0
109071,78,1,4.5
109072,39,1,4.25
109073,28,1,2.0
109074,36,2,3.75
109075,43,2,3.0
109076,29,2,2.5
109077,39,2,4.25
109077,64,2,0.8
109077,73,1,3.75
109078,50,3,2.5
109079,56,2,2.55
109080,58,2,3.5
109080,71,1,3.75
109081,44,2,2.5
109082,23,2,2.5
109083,55,3,4.0
109084,74,1,3.5
109085,30,1,3.0
109086,52,2,2.5
109087,37,3,3.0
109087,65,2,0.8
109088,31,1,2.2
109089,49,1,3.0
109089,79,1,3.75
109090,58,2,3.5
109090,77,1,3.0
109091,58,1,3.5
109092,25,2,2.2
109093,29,2,2.5
109093,74,1,3.5
109094,46,2,2.5
109095,43,1,3.0
109096,28,1,2.0
109097,28,1,2.0
109098,45,2,3.0
109099,43,1,3.0
109100,53,2,3.0
109101,57,3,3.1
109102,37,1,3.0
109102,84,1,0.8
109103,40,2,3.75
109103,65,2,0.8
109103,18,1,10.95
109104,30,1,3.0
109105,50,1,2.5
109105,20,1,7.6
109106,32,3,3.0
109107,23,2,2.5
109108,31,2,2.2
109108,79,1,3.75
109109,74,1,3.5
109110,44,2,2.5
109111,29,1,2.5
109112,39,1,4.25
109112,64,1,0.8
109113,28,1,2.0
109114,47,2,3.0
109115,61,2,4.75
109116,57,1,3.1
109117,61,1,4.75
109118,51,1,3.0
109118,74,1,3.5
109119,50,1,2.5
109120,25,1,2.2
109121,40,1,3.75
109122,60,1,3.75
109123,54,2,2.5
109124,23,1,2.5
109125,27,2,3.5
109126,61,2,4.75
109127,27,1,3.5
109128,34,2,2.45
109129,24,1,3.0
109130,69,1,3.25
109131,36,2,3.75
109132,25,1,2.2
109132,69,1,3.25
109133,53,1,3.0
109134,26,1,3.0
109135,32,1,3.0
109136,53,1,3.0
109137,48,2,2.5
109138,41,3,4.25
109138,65,2,0.8
109139,87,1,3.0
109140,34,2,2.45
109141,60,1,3.75
109142,25,2,2.2
109143,44,1,2.5
109144,57,1,3.1
109145,48,2,2.5
109146,70,1,3.25
109147,22,2,2.0
109148,59,2,4.5
109149,48,2,2.5
109150,51,2,3.0
109151,50,2,2.5
109152,28,2,2.0
109153,24,1,3.0
109153,76,1,3.5
109154,28,2,2.0
109155,50,1,2.5
109156,46,1,2.5
109157,56,2,2.55
109158,52,2,2.5
109159,52,2,2.5
109160,49,2,3.0
109161,28,2,2.0
109162,28,2,2.0
109163,37,1,3.0
109164,42,1,2.5
109165,54,2,2.5
109166,47,2,3.0
109167,33,1,3.5
109168,60,2,3.75
109169,69,1,3.25
109170,26,2,3.0
109171,51,2,3.0
109172,46,2,2.5
109173,37,2,3.0
109174,56,2,2.55
109175,31,2,2.2
109176,35,2,3.1
109177,61,1,4.75
109178,57,1,3.1
109179,50,2,2.5
109180,53,1,3.0
109181,42,2,2.5
109182,38,2,3.75
109183,52,2,2.5
109184,29,1,2.5
109185,29,1,2.5
109186,39,1,4.25
109187,35,1,3.1
109188,55,2,4.0
109189,37,1,3.0
109190,37,1,3.0
109191,58,1,3.5
109192,24,2,3.0
109193,41,2,4.25
109193,70,1,3.25
109194,45,2,3.0
109195,13,1,8.95
109196,6,1,21.0
109197,55,1,4.0
109198,35,1,3.1
109199,55,1,4.0
109200,38,2,3.75
109200,63,1,0.8
109201,22,1,2.0
109202,58,2,3.5
109203,35,2,3.1
109204,31,1,2.2
109205,55,2,4.0
109206,42,2,2.5
109207,31,2,2.2
109208,30,2,3.0
109209,51,2,3.0
109209,71,1,3.75
109210,37,2,3.0
109211,72,1,3.25
109211,87,1,2.1
109212,36,1,3.75
109213,36,2,3.75
109214,47,1,3.0
109215,33,1,3.5
109216,34,2,2.45
109217,26,1,3.0
109218,29,2,2.5
109219,60,2,3.75
109220,37,1,3.0
109220,65,2,0.8
109221,28,2,2.0
109221,18,1,10.95
109222,32,2,3.0
109223,44,2,2.5
109224,51,1,3.0
109225,61,2,4.75
109226,26,2,3.0
109227,72,1,3.25
109228,56,2,2.55
109229,53,2,3.0
109230,44,2,2.5
109231,32,1,3.0
109232,52,1,2.5
109233,59,1,4.5
109234,22,3,2.0
109235,47,2,3.0
109236,35,1,3.1
109237,31,1,2.2
109238,29,2,2.5
109239,58,2,3.5
109240,37,1,3.0
109240,84,1,0.8
109241,25,1,2.2
109242,31,1,2.2
109243,59,3,4.5
109244,60,1,3.75
109244,14,1,8.95
109245,45,2,3.0
109246,42,2,2.5
109247,44,1,2.5
109248,76,1,3.5
109249,24,1,3.0
109250,74,1,3.5
109251,45,1,3.0
109252,40,3,3.75
109252,64,1,0.8
109253,28,1,2.0
109253,77,1,3.0
109254,73,1,3.75
109255,16,1,8.95
109256,49,2,3.0
109257,23,1,2.5
109257,69,1,3.25
109258,58,2,3.5
109259,49,2,3.0
109260,40,3,3.75
109260,65,2,0.8
109261,53,2,3.0
109262,27,1,3.5
109263,49,2,3.0
109264,36,2,3.75
109265,46,3,2.5
109265,76,1,3.5
109266,39,1,4.25
109267,30,2,3.0
109268,50,2,2.5
109269,49,2,3.0
109270,58,3,3.5
109270,83,1,14.0
109271,34,1,2.45
109272,52,2,2.5
109273,49,3,3.0
109274,46,3,2.5
109274,15,1,9.25
109275,44,3,2.5
109275,76,1,3.5
109276,54,3,2.5
109277,33,2,3.5
109278,24,1,3.0
109279,53,2,3.0
109280,24,1,3.0
109281,47,1,3.0
109282,27,1,3.5
109283,56,1,2.55
109284,42,2,2.5
109285,26,2,3.0
109285,79,1,3.75
109286,25,2,2.2
109286,7,1,19.75
109287,56,2,2.55
109287,78,1,4.5
109288,79,1,3.75
109289,40,2,3.75
109290,60,1,3.75
109291,23,3,2.5
109292,50,2,2.5
109293,43,3,3.0
109294,35,2,3.1
109295,45,1,3.0
109296,46,1,2.5
109296,5,1,15.0
109297,61,1,4.75
109298,40,1,3.75
109299,46,1,2.5
109300,46,1,2.5
109301,22,2,2.0
109302,47,1,3.0
109303,57,1,3.1
109304,50,2,2.5
109305,39,2,4.25
109305,63,2,0.8
109306,87,1,2.1
109306,72,1,2.65
109306,16,1,8.95
109307,22,2,2.0
109308,37,2,3.0
109309,28,2,2.0
109310,35,3,3.1
109311,77,1,3.0
109312,47,3,3.0
109313,54,2,2.5
109313,18,1,6.4
109314,40,2,3.75
109315,26,3,3.0
109316,87,2,2.1
109316,72,2,2.65
109317,79,1,3.75
109318,39,1,4.25
109319,51,2,3.0
109320,54,1,2.5
109321,60,2,3.75
109322,73,1,3.75
109323,57,2,3.1
109324,51,2,3.0
109325,60,1,3.75
109326,38,1,3.75
109326,64,2,0.8
109327,53,2,3.0
109327,77,1,3.0
109328,29,1,2.5
109329,43,2,3.0
109330,70,1,3.25
109331,36,1,3.75
109332,60,1,3.75
109333,61,2,4.75
109334,59,2,4.5
109335,28,1,2.0
109335,78,1,4.5
109336,39,1,4.25
109337,24,2,3.0
109337,75,1,3.5
109338,45,2,3.0
109339,57,1,3.1
109340,25,1,2.2
109341,43,1,3.0
109342,79,1,3.75
109343,45,2,3.0
109344,38,2,3.75
109344,64,1,0.8
109345,39,2,4.25
109345,65,2,0.8
109346,56,2,2.55
109347,55,1,4.0
109347,70,1,3.25
109348,41,2,4.25
109348,84,2,0.8
109349,23,2,2.5
109350,55,1,4.0
109351,41,1,4.25
109352,59,1,4.5
109352,69,1,3.25
109353,33,2,3.5
109354,51,1,3.0
109355,41,1,4.25
109356,24,1,3.0
109357,59,2,4.5
109358,22,1,2.0
109359,87,2,3.0
109360,69,1,3.25
109361,53,2,3.0
109362,45,3,3.0
109363,57,2,3.1
109364,45,1,3.0
109365,75,1,3.5
109366,33,2,3.5
109367,29,1,2.5
109368,40,1,3.75
109368,84,2,0.8
109369,49,2,3.0
109370,60,1,3.75
109371,34,1,2.45
109372,43,2,3.0
109373,46,1,2.5
109374,87,2,2.1
109374,72,2,3.25
109375,69,1,3.25
109376,58,1,3.5
109377,40,2,3.75
109377,84,1,0.8
109377,16,1,8.95
109378,55,3,4.0
109379,33,2,3.5
109380,31,3,2.2
109381,39,2,4.25
109381,73,1,3.75
109382,38,2,3.75
109383,47,1,3.0
109384,56,2,2.55
109385,46,2,2.5
109386,39,2,4.25
109387,28,2,2.0
109388,60,2,3.75
109389,27,1,3.5
109390,60,2,3.75
109391,39,1,4.25
109391,65,1,0.8
109392,35,1,3.1
109393,78,1,4.5
109394,43,2,3.0
109395,24,2,3.0
109396,58,2,3.5
109397,39,3,4.25
109397,65,2,0.8
109398,45,2,3.0
109398,7,1,19.75
109399,59,2,4.5
109399,70,1,3.25
109399,14,1,8.95
109400,42,2,2.5
109400,72,1,3.25
109401,45,1,3.0
109402,40,2,3.75
109402,84,1,0.8
109403,53,2,3.0
109404,38,1,3.75
109405,41,2,4.25
109405,65,1,0.8
109406,44,2,2.5
109407,47,3,3.0
109408,40,2,3.75
109409,34,1,2.45
109410,28,1,2.0
109411,53,2,3.0
109412,44,2,2.5
109413,34,1,2.45
109414,40,1,3.75
109415,37,1,3.0
109416,34,2,2.45
109417,54,1,2.5
109418,60,2,3.75
109418,78,1,4.5
109418,1,1,18.0
109419,71,1,3.75
109420,12,1,8.95
109421,39,1,4.25
109421,84,1,0.8
109422,36,1,3.75
109423,41,2,4.25
109424,23,1,2.5
109425,35,1,3.1
109426,33,1,3.5
109427,71,1,3.75
109428,70,1,3.25
109429,35,2,3.1
109429,75,1,3.5
109430,30,1,3.0
109431,33,2,3.5
109432,51,1,3.0
109433,31,3,2.2
109434,34,2,2.45
109435,23,1,2.5
109436,50,3,2.5
109437,35,1,3.1
109438,54,2,2.5
109439,33,1,3.5
109440,43,2,3.0
109441,38,1,3.75
109442,28,1,2.0
109443,31,2,2.2
109444,87,2,2.1
109444,72,2,3.25
109445,58,2,3.5
109446,54,2,2.5
109447,56,2,2.55
109448,56,1,2.55
109449,59,2,4.5
109450,55,1,4.0
109451,30,1,3.0
109452,44,1,2.5
109453,87,3,2.1
109453,72,3,2.65
109453,32,1,3.0
109454,29,1,2.5
109454,71,1,3.75
109455,23,1,2.5
109456,54,3,2.5
109457,36,1,3.75
109458,87,1,2.1
109458,72,1,2.65
109459,27,2,3.5
109460,44,1,2.5
109461,28,2,2.0
109462,37,1,3.0
109463,31,3,2.2
109464,76,1,3.5
109465,59,1,4.5
109465,71,1,3.75
109466,32,1,3.0
109467,38,3,3.75
109467,65,2,0.8
109468,30,2,3.0
109469,50,1,2.5
109470,24,2,3.0
109471,35,1,3.1
109472,72,1,3.25
109473,43,1,3.0
109474,25,1,2.2
109475,37,3,3.0
109475,65,2,0.8
109476,33,2,3.5
109477,30,2,3.0
109478,30,2,3.0
109479,57,1,3.1
109480,24,1,3.0
109481,25,3,2.2
109482,23,2,2.5
109483,39,2,4.25
109483,64,1,0.8
109483,10,1,10.0
109484,24,1,3.0
109485,26,1,3.0
109486,37,2,3.0
109486,84,2,0.8
109487,23,2,2.5
109488,35,2,3.1
109489,50,2,2.5
109490,47,1,3.0
109491,38,1,3.75
109491,84,1,0.8
109491,77,1,3.0
109492,29,1,2.5
109493,34,2,2.45
109494,32,2,3.0
109495,73,1,3.75
109496,41,3,4.25
109496,84,1,0.8
109497,29,2,2.5
109498,29,1,2.5
109499,27,3,3.5
109499,77,1,3.0
109500,40,2,3.75
109501,39,2,4.25
109502,30,1,3.0
109502,71,1,3.75
109503,31,2,2.2
109504,51,2,3.0
109505,23,3,2.5
109506,22,1,2.0
109507,87,1,2.1
109507,72,1,3.25
109508,56,1,2.55
109509,39,2,4.25
109510,32,2,3.0
109510,70,1,3.25
109511,33,2,3.5
109511,72,1,3.25
109512,44,1,2.5
109512,71,1,3.75
109513,22,1,2.0
109514,23,2,2.5
109515,52,1,2.5
109516,79,1,3.75
109517,34,1,2.45
109518,8,1,45.0
109519,30,1,3.0
109519,75,1,3.5
109520,30,3,3.0
109521,87,1,2.1
109521,72,1,3.25
109522,34,3,2.45
109523,60,2,3.75
109524,50,1,2.5
109525,26,1,3.0
109525,77,1,3.0
109526,31,2,2.2
109527,36,1,3.75
109528,27,1,3.5
109529,58,1,3.5
109530,60,2,3.75
109531,32,3,3.0
109532,31,3,2.2
109533,48,2,2.5
109534,73,1,3.75
109535,54,2,2.5
109536,56,3,2.55
109537,2,1,18.0
109538,50,1,2.5
109539,46,1,2.5
109540,36,1,3.75
109541,87,3,3.0
109541,74,1,3.5
109542,24,2,3.0
109543,34,1,2.45
109544,87,1,2.1
109544,72,1,3.25
109545,30,2,3.0
109546,87,1,2.1
109546,72,1,3.25
109547,34,2,2.45
109548,48,1,2.5
109548,75,1,3.5
109549,47,2,3.0
109550,28,2,2.0
109551,23,2,2.5
109552,53,2,3.0
109553,22,3,2.0
109554,47,1,3.0
109554,70,1,3.25
109555,87,1,2.1
109555,72,1,3.25
109556,45,1,3.0
109557,57,1,3.1
109558,53,2,3.0
109559,39,1,4.25
109559,84,1,0.8
109560,54,2,2.5
109561,71,1,3.75
109562,32,2,3.0
109563,26,1,3.0
109564,34,1,2.45
109565,55,2,4.0
109566,30,2,3.0
109567,39,1,4.25
109568,37,1,3.0
109569,79,1,3.75
109570,47,2,3.0
109571,42,2,2.5
109572,43,3,3.0
109573,61,2,4.75
109573,79,1,3.75
109574,36,2,3.75
109575,59,3,4.5
109576,27,1,3.5
109577,27,2,3.5
109578,36,2,3.75
109579,50,2,2.5
109579,77,1,3.0
109580,37,3,3.0
109580,84,2,0.8
109581,38,2,3.75
109582,60,1,3.75
109582,73,1,3.75
109583,24,3,3.0
109584,60,1,3.75
109585,49,2,3.0
109586,44,3,2.5
109587,38,1,3.75
109588,87,3,3.0
109589,47,2,3.0
109590,30,2,3.0
109591,33,2,3.5
109592,40,2,3.75
109593,37,3,3.0
109593,65,1,0.8
109594,30,1,3.0
109595,43,1,3.0
109596,38,2,3.75
109596,64,1,0.8
109597,39,1,4.25
109597,84,1,0.8
109597,76,1,3.5
109598,42,2,2.5
109599,39,1,4.25
109600,50,1,2.5
109601,27,1,3.5
109601,71,1,3.75
109602,56,1,2.55
109603,46,1,2.5
109603,77,1,3.0
109604,23,1,2.5
109605,87,1,2.1
109605,72,1,3.25
109605,79,1,3.75
109605,28,2,2.0
109606,31,1,2.2
109607,45,1,3.0
109608,36,2,3.75
109609,57,2,3.1
109609,71,1,3.75
109610,52,2,2.5
109611,43,1,3.0
109612,33,1,3.5
109613,75,1,3.5
109614,33,2,3.5
109615,46,1,2.5
109616,34,2,2.45
109617,56,1,2.55
109618,24,1,3.0
109618,70,1,3.25
109619,33,1,3.5
109620,42,2,2.5
109621,42,2,2.5
109622,50,2,2.5
109623,53,2,3.0
109624,24,1,3.0
109624,75,1,3.5
109625,49,1,3.0
109626,50,1,2.5
109627,54,1,2.5
109628,87,1,3.0
109629,53,2,3.0
109629,73,1,3.75
109630,31,1,2.2
109630,21,1,13.33
109631,38,3,3.75
109631,64,2,0.8
109632,38,2,3.75
109633,53,1,3.0
109634,61,1,4.75
109635,71,1,3.75
109636,55,2,4.0
109637,37,2,3.0
109637,84,1,0.8
109637,17,1,9.5
109638,32,2,3.0
109639,39,1,4.25
109639,63,1,0.8
109640,55,1,4.0
109641,41,3,4.25
109641,65,1,0.8
109642,45,2,3.0
109643,74,1,3.5
109644,49,1,3.0
109645,40,1,3.75
109645,64,2,0.8
109646,45,2,3.0
109647,77,1,3.0
109648,39,1,4.25
109649,33,2,3.5
109650,42,1,2.5
109651,57,3,3.1
109652,30,2,3.0
109653,33,2,3.5
109653,73,1,3.75
109654,31,2,2.2
109655,30,1,3.0
109656,71,1,3.75
109656,71,1,3.75
109657,25,3,2.2
109658,60,2,3.75
109659,69,1,3.25
109660,41,1,4.25
109661,59,2,4.5
109662,44,1,2.5
109663,59,3,4.5
109663,71,1,3.75
109664,59,3,4.5
109665,30,2,3.0
109665,77,1,3.0
109666,30,2,3.0
109666,21,1,13.33
109667,33,2,3.5
109668,56,3,2.55
109669,38,3,3.75
109669,65,1,0.8
109670,56,2,2.55
109670,69,1,3.25
109671,32,1,3.0
109672,40,2,3.75
109673,24,3,3.0
109674,47,2,3.0
109675,32,2,3.0
109676,58,2,3.5
109677,37,1,3.0
109678,49,2,3.0
109679,35,1,3.1
109679,7,1,19.75
109679,28,2,2.0
109680,32,2,3.0
109681,32,2,3.0
109682,8,1,45.0
109683,46,2,2.5
109684,49,2,3.0
109685,52,2,2.5
109686,33,2,3.5
109687,23,1,2.5
109688,39,2,4.25
109689,22,3,2.0
109690,49,2,3.0
109690,78,1,4.5
109691,35,1,3.1
109692,54,2,2.5
109693,71,1,3.75
109694,32,1,3.0
109695,40,1,3.75
109696,30,1,3.0
109697,56,1,2.55
109698,24,2,3.0
109699,41,1,4.25
109700,32,1,3.0
109701,32,1,3.0
109702,25,1,2.2
109703,51,2,3.0
109704,53,2,3.0
109704,73,1,3.75
109705,41,2,4.25
109706,44,1,2.5
109707,45,2,3.0
109708,25,2,2.2
109709,56,2,2.55
109710,8,1,45.0
109711,53,2,3.0
109712,30,2,3.0
109713,54,2,2.5
109714,58,3,3.5
109715,26,1,3.0
109716,26,1,3.0
109717,59,2,4.5
109718,38,2,3.75
109719,59,1,4.5
109720,51,1,3.0
109720,75,1,3.5
109721,56,1,2.55
109722,56,2,2.55
109723,40,3,3.75
109723,65,2,0.8
109724,33,2,3.5
109725,23,1,2.5
109726,51,3,3.0
109727,36,2,3.75
109727,78,1,4.5
109728,32,3,3.0
109729,87,1,2.1
109729,72,1,3.25
109730,46,2,2.5
109731,39,1,4.25
109731,65,2,0.8
109732,57,2,3.1
109732,78,1,4.5
109733,30,1,3.0
109734,51,1,3.0
109735,35,1,3.1
109736,52,2,2.5
109736,14,1,8.95
109737,48,1,2.5
109738,31,2,2.2
109739,45,1,3.0
109740,38,2,3.75
109740,55,1,4.0
109741,33,2,3.5
109742,43,2,3.0
109743,42,1,2.5
109744,28,2,2.0
109745,45,1,3.0
109746,53,2,3.0
109747,38,1,3.75
109748,28,1,2.0
109749,40,2,3.75
109750,33,2,3.5
109751,41,1,4.25
109751,79,1,3.75
109752,30,2,3.0
109753,22,2,2.0
109754,48,3,2.5
109755,42,2,2.5
109756,48,1,2.5
109757,27,2,3.5
109758,45,1,3.0
109759,33,2,3.5
109760,54,2,2.5
109761,37,2,3.0
109762,28,1,2.0
109763,41,1,4.25
109764,49,2,3.0
109765,22,1,2.0
109765,74,1,3.5
109766,46,2,2.5
109767,33,1,3.5
109767,71,1,3.75
109768,38,2,3.75
109769,57,2,3.1
109770,57,1,3.1
109771,32,2,3.0
109772,51,1,3.0
109773,47,2,3.0
109773,69,1,3.25
109774,59,2,4.5
109775,28,2,2.0
109776,57,2,3.1
109777,42,1,2.5
109778,24,1,3.0
109779,45,1,3.0
109780,43,2,3.0
109781,45,1,3.0
109782,42,1,2.5
109783,87,2,3.0
109784,29,2,2.5
109784,69,1,3.25
109785,60,1,3.75
109786,26,2,3.0
109787,47,2,3.0
109788,24,2,3.0
109789,27,1,3.5
109790,47,2,3.0
109791,53,1,3.0
109792,35,1,3.1
109793,50,1,2.5
109794,36,2,3.75
109795,44,1,2.5
109796,29,2,2.5
109797,43,2,3.0
109798,53,1,3.0
109799,23,3,2.5
109800,56,2,2.55
109801,22,1,2.0
109802,26,1,3.0
109803,25,1,2.2
109804,41,2,4.25
109804,64,1,0.8
109804,83,1,14.0
109805,61,3,4.75
109806,24,3,3.0
109807,58,2,3.5
109808,35,1,3.1
109809,87,3,3.0
109810,52,2,2.5
109811,43,1,3.0
109812,55,2,4.0
109813,29,2,2.5
109814,34,1,2.45
109815,61,1,4.75
109816,54,2,2.5
109817,44,2,2.5
109818,35,1,3.1
109819,33,1,3.5
109820,33,1,3.5
109821,31,2,2.2
109822,56,1,2.55
109823,36,1,3.75
109824,53,2,3.0
109825,46,1,2.5
109825,69,1,3.25
109826,55,1,4.0
109827,45,2,3.0
109828,44,2,2.5
109828,69,1,3.25
109829,33,1,3.5
109830,22,2,2.0
109831,46,1,2.5
109832,59,2,4.5
109833,43,1,3.0
109834,23,2,2.5
109835,43,2,3.0
109836,55,2,4.0
109836,70,1,3.25
109837,37,1,3.0
109837,63,1,0.8
109838,35,1,3.1
109839,36,2,3.75
109840,2,1,18.0
109841,34,2,2.45
109841,77,1,3.0
109842,38,1,3.75
109843,30,2,3.0
109844,33,1,3.5
109845,44,3,2.5
109846,38,2,3.75
109847,52,2,2.5
109848,29,2,2.5
109849,33,1,3.5
109850,39,1,4.25
109851,55,2,4.0
109852,40,1,3.75
109853,43,1,3.0
109854,46,1,2.5
109855,31,3,2.2
109856,38,2,3.75
109857,49,2,3.0
109858,22,3,2.0
109859,49,2,3.0
109860,22,2,2.0
109861,27,2,3.5
109862,87,1,2.1
109862,72,1,2.65
109862,73,1,3.75
109862,1,1,18.0
109863,49,2,3.0
109864,60,2,3.75
109865,23,1,2.5
109865,78,1,4.5
109866,27,2,3.5
109867,29,1,2.5
109868,24,1,3.0
109868,71,1,3.75
109869,46,2,2.5
109870,34,1,2.45
109871,31,1,2.2
109871,79,1,3.75
109872,38,1,3.75
109873,47,2,3.0
109874,28,1,2.0
109875,22,1,2.0
109876,27,1,3.5
109877,23,1,2.5
109878,61,1,4.75
109879,41,1,4.25
109880,54,1,2.5
109881,32,2,3.0
109882,31,1,2.2
109882,76,1,3.5
109883,23,2,2.5
109884,59,1,4.5
109885,33,1,3.5
109886,31,1,2.2
109887,22,2,2.0
109888,55,2,4.0
109889,58,1,3.5
109890,30,1,3.0
109891,47,1,3.0
109892,53,2,3.0
109893,22,1,2.0
109894,45,2,3.0
109895,23,2,2.5
109895,70,1,3.25
109896,26,1,3.0
109897,60,1,3.75
109897,69,1,3.25
109898,44,3,2.5
109899,60,1,3.75
109900,48,1,2.5
109900,69,1,3.25
109901,25,2,2.2
109902,50,1,2.5
109903,44,1,2.5
109904,60,2,3.75
109905,61,1,4.75
109906,75,1,3.5
109907,31,2,2.2
109908,43,1,3.0
109908,75,1,3.5
109909,78,1,4.5
109910,56,2,2.55
109911,28,1,2.0
109912,50,1,2.5
109912,73,1,3.75
109913,27,2,3.5
109914,46,2,2.5
109915,57,1,3.1
109916,33,2,3.5
109917,56,1,2.55
109918,25,2,2.2
109919,44,2,2.5
109920,33,2,3.5
109921,25,1,2.2
109922,34,1,2.45
109923,52,1,2.5
109924,23,2,2.5
109925,37,1,3.0
109926,50,1,2.5
109927,36,1,3.75
109928,56,1,2.55
109929,47,1,3.0
109930,41,1,4.25
109931,75,1,3.5
109932,33,2,3.5
109933,29,1,2.5
109934,57,2,3.1
109935,38,1,3.75
109936,57,1,3.1
109937,23,3,2.5
109937,17,1,9.5
109938,45,1,3.0
109939,50,1,2.5
109940,39,1,4.25
109940,46,2,2.5
109941,40,2,3.75
109942,51,1,3.0
109942,79,1,3.75
109943,30,2,3.0
109944,87,2,3.0
109945,45,2,3.0
109946,42,1,2.5
109947,28,1,2.0
109948,33,2,3.5
109949,25,1,2.2
109950,33,2,3.5
109951,39,1,4.25
109951,84,1,0.8
109952,46,1,2.5
109953,58,1,3.5
109954,46,1,2.5
109955,32,2,3.0
109956,61,3,4.75
109957,38,3,3.75
109957,84,2,0.8
109958,44,2,2.5
109959,42,2,2.5
109960,31,2,2.2
109961,46,2,2.5
109962,52,1,2.5
109963,41,1,4.25
109963,77,1,3.0
109964,39,2,4.25
109964,63,1,0.8
109965,50,1,2.5
109966,42,1,2.5
109966,78,1,4.5
109967,26,1,3.0
109968,42,1,2.5
109969,32,1,3.0
109970,53,1,3.0
109971,40,1,3.75
109972,38,1,3.75
109972,63,2,0.8
109973,33,2,3.5
109974,54,3,2.5
109975,54,1,2.5
109975,69,1,3.25
109976,57,2,3.1
109977,27,1,3.5
109978,46,1,2.5
109979,35,1,3.1
109979,70,1,3.25
109980,46,2,2.5
109981,53,2,3.0
109982,45,1,3.0
109983,24,2,3.0
109984,58,2,3.5
109985,29,1,2.5
109986,22,2,2.0
109986,70,1,3.25
109987,30,1,3.0
109988,32,2,3.0
109989,52,3,2.5
109990,41,2,4.25
109991,58,1,3.5
109992,38,2,3.75
109993,59,1,4.5
109993,15,1,9.25
109994,31,2,2.2
109995,34,2,2.45
109996,57,2,3.1
109997,52,2,2.5
109998,35,1,3.1
109999,50,3,2.5
110000,57,1,3.1
110001,50,2,2.5
110002,36,1,3.75
110002,75,1,3.5
110003,34,2,2.45
110004,26,2,3.0
110005,34,1,2.45
110006,48,1,2.5
110007,39,1,4.25
110008,22,1,2.0
110008,78,1,4.5
110009,27,3,3.5
110010,55,2,4.0
110011,53,2,3.0
110012,45,1,3.0
110013,48,2,2.5
110014,47,1,3.0
110015,28,1,2.0
110016,45,2,3.0
110016,78,1,4.5
110017,31,1,2.2
110017,73,1,3.75
110018,58,2,3.5
110019,45,1,3.0
110019,70,1,3.25
110020,51,2,3.0
110021,38,1,3.75
110021,64,1,0.8
110022,45,1,3.0
110023,31,2,2.2
110024,69,1,3.25
110025,47,1,3.0
110026,44,2,2.5
110027,55,1,4.0
110028,37,3,3.0
110028,63,1,0.8
110029,40,1,3.75
110030,32,3,3.0
110031,58,1,3.5
110032,45,1,3.0
110033,32,1,3.0
110034,34,1,2.45
110035,33,2,3.5
110036,32,3,3.0
110037,23,2,2.5
110038,69,1,3.25
110039,40,2,3.75
110040,54,2,2.5
110040,74,1,3.5
110041,23,2,2.5
110041,71,1,3.75
110042,34,2,2.45
110043,23,1,2.5
110044,30,1,3.0
110044,69,1,3.25
110045,23,2,2.5
110046,55,2,4.0
110047,36,3,3.75
110048,45,1,3.0
110049,55,1,4.0
110050,47,2,3.0
110051,31,1,2.2
110052,43,1,3.0
110053,41,2,4.25
110053,84,1,0.8
110054,41,2,4.25
110054,65,2,0.8
110055,30,1,3.0
110056,23,1,2.5
110057,41,2,4.25
110058,38,1,3.75
110059,87,2,3.0
110060,58,2,3.5
110061,29,2,2.5
110062,23,2,2.5
110063,60,2,3.75
110063,79,1,3.75
110064,27,2,3.5
110065,46,3,2.5
110066,32,2,3.0
110067,34,2,2.45
110068,49,1,3.0
110068,70,1,3.25
110069,61,2,4.75
110070,61,2,4.75
110071,39,1,4.25
110071,79,1,3.75
110072,33,2,3.5
110073,60,2,3.75
110074,33,1,3.5
110075,59,2,4.5
110076,22,2,2.0
110077,36,2,3.75
110078,23,2,2.5
110078,72,1,3.25
110079,53,2,3.0
110079,72,1,3.25
110080,50,2,2.5
110081,23,2,2.5
110082,37,1,3.0
110082,64,1,0.8
110083,26,2,3.0
110084,48,1,2.5
110085,61,1,4.75
110086,50,1,2.5
110087,52,2,2.5
110088,42,1,2.5
110089,55,1,4.0
110090,45,3,3.0
110091,47,3,3.0
110092,48,1,2.5
110093,44,2,2.5
110094,29,2,2.5
110095,23,2,2.5
110096,36,2,3.75
110097,36,2,3.75
110097,79,1,3.75
110098,25,2,2.2
110099,41,1,4.25
110100,55,2,4.0
110101,36,1,3.75
110102,37,2,3.0
110103,58,1,3.5
110104,36,1,3.75
110105,30,2,3.0
110105,70,1,3.25
110106,38,2,3.75
110107,57,2,3.1
110108,47,2,3.0
110108,79,1,3.75
110109,53,2,3.0
110109,70,1,3.25
110110,34,3,2.45
110111,31,1,2.2
110112,55,2,4.0
110113,23,2,2.5
110114,33,2,3.5
110115,37,1,3.0
110115,84,2,0.8
110116,35,2,3.1
110117,32,2,3.0
110118,36,2,3.75
110119,51,2,3.0
110120,51,1,3.0
110121,38,2,3.75
110122,32,2,3.0
110123,40,2,3.75
110123,76,1,3.5
110124,31,2,2.2
110125,61,2,4.75
110126,24,2,3.0
110127,47,1,3.0
110128,24,2,3.0
110129,76,1,3.5
110130,35,2,3.1
110131,23,2,2.5
110132,38,2,3.75
110133,79,1,3.75
110134,33,2,3.5
110135,78,1,4.5
110136,22,2,2.0
110137,58,2,3.5
110138,79,1,3.75
110139,28,1,2.0
110140,32,1,3.0
110141,54,1,2.5
110142,52,2,2.5
110143,52,2,2.5
110144,58,1,3.5
110145,26,1,3.0
110146,23,1,2.5
110147,53,2,3.0
110148,54,2,2.5
110149,43,1,3.0
110150,40,2,3.75
110151,36,1,3.75
110152,24,2,3.0
110153,29,1,2.5
110154,31,1,2.2
110155,44,1,2.5
110156,54,2,2.5
110157,28,1,2.0
110158,56,1,2.55
110159,87,1,2.1
110159,72,1,3.25
110160,24,1,3.0
110161,56,2,2.55
110162,45,2,3.0
110163,40,1,3.75
110164,26,2,3.0
110165,34,2,2.45
110166,31,1,2.2
110167,57,2,3.1
110168,58,1,3.5
110169,36,2,3.75
110170,26,2,3.0
110170,73,1,3.75
110171,33,2,3.5
110171,70,1,3.25
110172,35,1,3.1
110172,78,1,4.5
110173,87,1,2.1
110173,72,1,3.25
110174,56,1,2.55
110174,72,1,3.25
110175,28,2,2.0
110176,53,1,3.0
110177,30,2,3.0
110178,38,2,3.75
110179,59,1,4.5
110180,26,1,3.0
110181,35,2,3.1
110182,77,1,3.0
110183,43,1,3.0
110184,51,1,3.0
110185,35,2,3.1
110186,59,2,4.5
110187,41,1,4.25
110188,61,2,4.75
110189,42,1,2.5
110190,30,1,3.0
110191,38,2,3.75
110191,70,1,3.25
110192,59,1,4.5
110193,25,1,2.2
110194,60,2,3.75
110195,31,1,2.2
110196,47,2,3.0
110197,48,3,2.5
110198,25,3,2.2
110199,34,1,2.45
110200,44,2,2.5
110200,79,1,3.75
110200,2,1,18.0
110201,23,1,2.5
110202,50,1,2.5
110203,55,2,4.0
110204,87,2,2.1
110204,72,2,2.65
110205,27,1,3.5
110206,27,1,3.5
110207,24,1,3.0
110207,79,1,3.75
110208,51,3,3.0
110209,61,3,4.75
110209,81,1,28.0
110210,42,2,2.5
110211,24,2,3.0
110212,58,3,3.5
110212,20,1,7.6
110213,44,2,2.5
110214,42,1,2.5
110215,59,2,4.5
110216,59,1,4.5
110217,23,2,2.5
110218,58,2,3.5
110218,69,1,3.25
110219,74,1,3.5
110220,35,2,3.1
110221,61,1,4.75
110222,22,2,2.0
110223,46,1,2.5
110223,73,1,3.75
110224,52,1,2.5
110225,44,2,2.5
110226,56,2,2.55
110227,34,1,2.45
110228,48,1,2.5
110229,28,2,2.0
110230,44,1,2.5
110231,78,1,4.5
110232,54,1,2.5
110233,56,3,2.55
110233,74,1,3.5
110234,26,2,3.0
110235,44,1,2.5
110236,37,1,3.0
110237,29,1,2.5
110238,47,1,3.0
110239,47,1,3.0
110240,59,2,4.5
110241,70,1,3.25
110242,34,1,2.45
110243,60,2,3.75
110244,59,2,4.5
110245,59,3,4.5
110245,70,1,3.25
110246,59,1,4.5
110246,79,1,3.75
110247,29,2,2.5
110248,22,1,2.0
110249,56,1,2.55
110249,75,1,3.5
110250,48,1,2.5
110251,32,3,3.0
110252,22,1,2.0
110253,57,3,3.1
110254,70,1,3.25
110254,14,1,8.95
110255,28,1,2.0
110256,26,1,3.0
110257,36,1,3.75
110258,43,2,3.0
110259,48,1,2.5
110260,38,2,3.75
110261,42,1,2.5
110261,74,1,3.5
110262,61,1,4.75
110263,36,1,3.75
110264,41,1,4.25
110265,87,1,3.0
110266,46,2,2.5
110267,61,1,4.75
110268,36,2,3.75
110269,22,1,2.0
110270,56,1,2.55
110271,32,1,3.0
110272,54,1,2.5
110273,87,1,3.0
110274,37,2,3.0
110275,56,3,2.55
110276,52,1,2.5
110277,33,2,3.5
110278,75,1,3.5
110279,46,2,2.5
110280,78,1,4.5
110281,56,1,2.55
110282,56,1,2.55
110282,79,1,3.75
110283,71,1,3.75
110283,71,1,3.75
110284,54,1,2.5
110285,36,2,3.75
110286,25,1,2.2
110287,48,3,2.5
110288,27,2,3.5
110289,43,2,3.0
110290,59,2,4.5
110291,39,2,4.25
110292,39,1,4.25
110293,25,2,2.2
110294,45,2,3.0
110294,78,1,4.5
110295,44,2,2.5
110296,87,2,2.1
110296,72,2,3.25
110297,33,1,3.5
110298,24,1,3.0
110299,41,2,4.25
110300,61,2,4.75
110301,45,3,3.0
110302,36,1,3.75
110303,52,1,2.5
110304,45,1,3.0
110305,73,1,3.75
110306,27,1,3.5
110307,56,1,2.55
110308,36,1,3.75
110309,51,2,3.0
110309,78,1,4.5
110310,55,1,4.0
110311,72,1,3.25
110312,43,1,3.0
110312,78,1,4.5
110313,27,3,3.5
110314,53,1,3.0
110314,73,1,3.75
110315,27,2,3.5
110316,29,2,2.5
110317,52,1,2.5
110318,45,1,3.0
110319,40,2,3.75
110319,65,2,0.8
110319,71,1,3.75
110320,1,1,18.0
110321,50,2,2.5
110322,59,3,4.5
110323,23,2,2.5
110324,87,1,2.1
110324,87,1,2.1
110324,72,1,2.65
110325,23,2,2.5
110326,28,2,2.0
110327,57,1,3.1
110328,54,2,2.5
110329,33,2,3.5
110329,77,1,3.0
110330,37,2,3.0
110330,70,1,3.25
110331,59,1,4.5
110332,24,1,3.0
110333,32,2,3.0
110334,71,1,3.75
110334,71,1,3.75
110335,47,1,3.0
110336,58,3,3.5
110337,40,1,3.75
110338,44,3,2.5
110339,72,1,3.25
110340,30,1,3.0
110341,60,1,3.75
110342,38,3,3.75
110342,84,2,0.8
110342,75,1,3.5
110343,51,2,3.0
110344,41,2,4.25
110345,52,2,2.5
110346,25,3,2.2
110347,34,1,2.45
110348,31,2,2.2
110349,22,1,2.0
110349,77,1,3.0
110350,34,3,2.45
110350,75,1,3.5
110351,30,1,3.0
110352,79,1,3.75
110353,34,2,2.45
110354,46,2,2.5
110355,28,1,2.0
110356,56,1,2.55
110357,47,2,3.0
110357,73,1,3.75
110358,26,2,3.0
110359,49,1,3.0
110360,43,3,3.0
110361,75,1,3.5
110362,25,1,2.2
110363,73,1,3.75
110364,45,1,3.0
110364,76,1,3.5
110365,4,1,20.45
110366,36,2,3.75
110367,57,2,3.1
110367,71,1,3.75
110368,48,1,2.5
110369,31,2,2.2
110370,25,2,2.2
110371,35,1,3.1
110372,49,3,3.0
110373,45,1,3.0
110374,46,1,2.5
110375,48,1,2.5
110376,38,1,3.75
110376,70,1,3.25
110377,36,1,3.75
110378,30,2,3.0
110378,73,1,3.75
110378,9,1,22.5
110379,31,1,2.2
110380,54,2,2.5
110381,24,1,3.0
110382,87,1,2.1
110382,72,1,2.65
110383,45,2,3.0
110384,49,2,3.0
110385,79,1,3.75
110386,70,1,3.25
110387,32,3,3.0
110388,27,2,3.5
110389,42,2,2.5
110390,28,1,2.0
110391,32,2,3.0
110392,27,1,3.5
110393,57,2,3.1
110394,48,2,2.5
110395,49,1,3.0
110396,50,1,2.5
110397,50,1,2.5
110398,29,2,2.5
110399,52,1,2.5
110399,70,1,3.25
110400,42,1,2.5
110401,51,1,3.0
110401,76,1,3.5
110402,51,1,3.0
110403,42,1,2.5
110403,75,1,3.5
110404,47,1,3.0
110405,59,1,4.5
110406,59,1,4.5
110406,79,1,3.75
110407,32,2,3.0
110408,38,1,3.75
110408,71,1,3.75
110409,23,2,2.5
110410,57,2,3.1
110411,43,1,3.0
110412,57,2,3.1
110413,25,1,2.2
110414,46,2,2.5
110415,33,2,3.5
110416,40,1,3.75
110416,84,2,0.8
110417,40,2,3.75
110417,65,1,0.8
110417,77,1,3.0
110418,48,1,2.5
110419,72,1,3.25
110420,33,2,3.5
110421,46,1,2.5
110422,26,1,3.0
110423,72,1,3.25
110424,27,1,3.5
110425,32,2,3.0
110426,47,2,3.0
110427,47,1,3.0
110427,79,1,3.75
110428,47,2,3.0
110429,50,3,2.5
110430,54,2,2.5
110431,36,1,3.75
110432,50,1,2.5
110432,79,1,3.75
110433,87,2,3.0
110434,31,1,2.2
110435,69,1,3.25
110436,41,1,4.25
110437,31,2,2.2
110438,46,1,2.5
110439,38,1,3.75
110439,64,2,0.8
110440,42,1,2.5
110441,50,1,2.5
110442,75,1,3.5
110443,22,2,2.0
110443,78,1,4.5
110444,55,3,4.0
110445,36,2,3.75
110446,32,3,3.0
110447,34,3,2.45
110447,81,1,28.0
110448,57,1,3.1
110449,33,2,3.5
110450,46,1,2.5
110450,74,1,3.5
110451,76,1,3.5
110452,74,1,3.5
110453,46,3,2.5
110454,58,1,3.5
110455,28,2,2.0
110456,30,3,3.0
110456,78,1,4.5
110457,50,1,2.5
110458,54,1,2.5
110459,29,1,2.5
110460,49,1,3.0
110461,55,1,4.0
110462,28,1,2.0
110463,35,1,3.1
110464,56,2,2.55
110465,59,3,4.5
110465,76,1,3.5
110466,41,1,4.25
110467,35,2,3.1
110468,69,1,3.25
110469,49,2,3.0
110470,48,2,2.5
110471,39,3,4.25
110471,65,2,0.8
110472,35,2,3.1
110473,32,1,3.0
110474,34,2,2.45
110475,47,2,3.0
110476,22,2,2.0
110477,55,1,4.0
110477,42,2,2.5
110478,47,3,3.0
110478,16,1,8.95
110479,87,1,2.1
110479,87,1,2.1
110479,72,1,2.65
110480,46,1,2.5
110481,47,1,3.0
110482,42,2,2.5
110483,42,3,2.5
110484,58,2,3.5
110485,59,1,4.5
110486,69,1,3.25
110487,25,2,2.2
110488,52,3,2.5
110488,81,1,28.0
110489,55,2,4.0
110490,40,1,3.75
110490,64,1,0.8
110490,71,1,3.75
110491,49,2,3.0
110492,77,1,3.0
110493,22,2,2.0
110493,78,1,4.5
110494,29,3,2.5
110494,77,1,3.0
110495,32,1,3.0
110496,25,1,2.2
110497,58,1,3.5
110497,70,1,3.25
110498,55,2,4.0
110499,87,1,2.1
110499,87,1,2.1
110499,72,1,2.65
110500,69,1,3.25
110501,59,2,4.5
110502,28,1,2.0
110502,76,1,3.5
110503,79,1,3.75
110504,34,2,2.45
110505,77,1,3.0
110506,32,2,3.0
110506,79,1,3.75
110507,29,1,2.5
110507,73,1,3.75
110508,45,1,3.0
110508,70,1,3.25
110509,59,2,4.5
110510,25,1,2.2
110511,40,2,3.75
110512,33,2,3.5
110513,44,1,2.5
110514,40,2,3.75
110515,35,3,3.1
110516,27,2,3.5
110517,50,1,2.5
110518,53,1,3.0
110519,50,2,2.5
110519,36,2,3.75
110520,71,1,3.75
110521,44,2,2.5
110522,73,1,3.75
110523,72,1,3.25
110524,32,3,3.0
110525,87,2,3.0
110526,60,1,3.75
110527,61,1,4.75
110527,69,1,3.25
110528,31,2,2.2
110529,46,1,2.5
110530,40,2,3.75
110530,63,1,0.8
110531,60,2,3.75
110532,38,1,3.75
110532,84,2,0.8
110533,25,1,2.2
110534,47,2,3.0
110535,87,1,3.0
110535,79,1,3.75
110536,26,2,3.0
110537,56,3,2.55
110538,33,2,3.5
110539,23,1,2.5
110540,37,2,3.0
110540,73,1,3.75
110541,33,1,3.5
110542,47,2,3.0
110543,23,2,2.5
110544,55,1,4.0
110545,56,2,2.55
110546,47,1,3.0
110546,72,1,3.25
110547,47,1,3.0
110548,46,1,2.5
110549,27,1,3.5
110549,78,1,4.5
110550,55,1,4.0
110551,25,2,2.2
110552,49,2,3.0
110553,22,2,2.0
110554,61,2,4.75
110555,24,2,3.0
110556,37,1,3.0
110557,43,2,3.0
110558,29,2,2.5
110559,52,2,2.5
110560,77,1,3.0
110561,27,3,3.5
110562,42,1,2.5
110563,23,2,2.5
110564,32,1,3.0
110565,30,3,3.0
110566,27,2,3.5
110567,53,1,3.0
110567,78,1,4.5
110568,54,1,2.5
110569,26,1,3.0
110570,61,1,4.75
110571,25,3,2.2
110572,25,2,2.2
110573,31,1,2.2
110573,87,2,3.0
110574,23,1,2.5
110575,53,3,3.0
110576,40,1,3.75
110576,64,2,0.8
110577,59,1,4.5
110578,10,1,10.0
110579,53,2,3.0
110580,57,1,3.1
110581,47,1,3.0
110582,45,1,3.0
110583,31,1,2.2
110584,49,2,3.0
110584,76,1,3.5
110585,60,3,3.75
110586,40,1,3.75
110586,65,1,0.8
110587,53,2,3.0
110587,69,1,3.25
110588,71,1,3.75
110589,54,1,2.5
110590,41,2,4.25
110591,37,2,3.0
110591,78,1,4.5
110592,25,2,2.2
110593,37,2,3.0
110593,64,2,0.8
110594,6,1,21.0
110595,47,2,3.0
110596,59,2,4.5
110597,24,2,3.0
110597,72,1,3.25
110598,42,2,2.5
110599,42,1,2.5
110600,33,3,3.5
110601,55,3,4.0
110601,70,1,3.25
110602,61,2,4.75
110603,45,3,3.0
110604,34,1,2.45
110605,15,1,9.25
110606,33,1,3.5
110606,83,1,14.0
110607,34,2,2.45
110608,43,2,3.0
110609,48,2,2.5
110610,26,3,3.0
110611,42,2,2.5
110612,59,2,4.5
110613,57,2,3.1
110614,50,2,2.5
110615,57,1,3.1
110616,39,3,4.25
110616,65,2,0.8
110617,58,2,3.5
110617,69,1,3.25
110618,42,2,2.5
110619,50,3,2.5
110620,34,1,2.45
110621,31,2,2.2
110622,39,2,4.25
110623,43,1,3.0
110624,52,1,2.5
110625,35,2,3.1
110626,61,1,4.75
110627,39,2,4.25
110628,36,2,3.75
110629,58,1,3.5
110630,44,2,2.5
110631,49,1,3.0
110632,31,1,2.2
110633,33,2,3.5
110634,37,2,3.0
110635,35,1,3.1
110636,37,1,3.0
110636,63,1,0.8
110637,54,2,2.5
110638,55,2,4.0
110639,42,2,2.5
110640,40,1,3.75
110640,84,2,0.8
110640,12,1,8.95
110641,53,1,3.0
110642,26,1,3.0
110643,28,1,2.0
110644,30,1,3.0
110645,38,3,3.75
110645,63,1,0.8
110646,44,2,2.5
110646,69,1,3.25
110647,52,1,2.5
110648,32,1,3.0
110649,60,2,3.75
110650,35,2,3.1
110651,35,1,3.1
110652,57,2,3.1
110653,39,2,4.25
110654,54,2,2.5
110655,33,2,3.5
110656,71,1,3.75
110657,28,1,2.0
110658,57,2,3.1
110659,60,2,3.75
110660,47,1,3.0
110661,45,2,3.0
110662,28,2,2.0
110663,32,1,3.0
110664,55,1,4.0
110665,48,2,2.5
110666,54,2,2.5
110667,40,2,3.75
110668,45,2,3.0
110668,76,1,3.5
110669,26,3,3.0
110670,55,1,4.0
110671,22,2,2.0
110672,30,1,3.0
110673,44,2,2.5
110674,59,1,4.5
110675,59,1,4.5
110676,31,2,2.2
110677,31,1,2.2
110678,35,2,3.1
110678,69,1,3.25
110679,38,2,3.75
110679,64,2,0.8
110679,13,1,8.95
110680,44,2,2.5
110681,45,1,3.0
110682,23,2,2.5
110683,26,2,3.0
110684,26,1,3.0
110684,69,1,3.25
110685,26,1,3.0
110686,47,2,3.0
110686,72,1,3.25
110687,59,1,4.5
110688,55,2,4.0
110688,70,1,3.25
110689,35,2,3.1
110690,28,1,2.0
110691,58,2,3.5
110692,52,1,2.5
110692,70,1,3.25
110693,34,2,2.45
110694,60,1,3.75
110694,77,1,3.0
110695,52,3,2.5
110695,70,1,3.25
110696,56,2,2.55
110697,39,2,4.25
110698,36,1,3.75
110699,30,2,3.0
110700,75,1,3.5
110701,29,1,2.5
110702,38,2,3.75
110703,41,1,4.25
110704,28,2,2.0
110705,36,1,3.75
110706,59,2,4.5
110707,29,2,2.5
110708,27,2,3.5
110709,48,1,2.5
110710,51,1,3.0
110711,87,2,3.0
110712,34,1,2.45
110712,77,1,3.0
110713,49,3,3.0
110714,60,2,3.75
110715,50,2,2.5
110716,33,2,3.5
110717,61,2,4.75
110717,1,1,18.0
110718,33,1,3.5
110719,36,2,3.75
110720,49,1,3.0
110721,56,2,2.55
110722,38,1,3.75
110723,28,2,2.0
110724,57,1,3.1
110725,41,3,4.25
110725,64,1,0.8
110726,44,1,2.5
110727,87,2,2.1
110727,72,2,2.65
110727,71,1,3.75
110728,30,1,3.0
110728,73,1,3.75
110729,39,2,4.25
110729,84,1,0.8
110730,48,1,2.5
110731,35,2,3.1
110732,30,1,3.0
110733,30,1,3.0
110734,23,2,2.5
110734,78,1,4.5
110735,49,1,3.0
110736,26,1,3.0
110736,79,1,3.75
110737,48,2,2.5
110738,55,1,4.0
110739,60,2,3.75
110740,7,1,19.75
110741,47,2,3.0
110742,39,2,4.25
110743,56,1,2.55
110744,60,2,3.75
110745,58,1,3.5
110746,26,1,3.0
110746,72,1,3.25
110747,47,2,3.0
110748,60,2,3.75
110749,61,1,4.75
110750,58,1,3.5
110751,31,1,2.2
110752,69,1,3.25
110753,35,1,3.1
110754,53,2,3.0
110755,50,2,2.5
110756,60,1,3.75
110756,77,1,3.0
110757,87,1,2.1
110757,87,1,2.1
110757,72,1,2.65
110758,61,1,4.75
110759,29,2,2.5
110760,35,2,3.1
110761,43,2,3.0
110762,37,1,3.0
110762,70,1,3.25
110763,53,2,3.0
110764,57,1,3.1
110765,29,1,2.5
110766,51,2,3.0
110767,45,1,3.0
110768,47,1,3.0
110769,33,1,3.5
110769,74,1,3.5
110770,44,2,2.5
110771,33,2,3.5
110771,78,1,4.5
110772,23,2,2.5
110773,27,2,3.5
110774,45,1,3.0
110775,22,1,2.0
110776,32,1,3.0
110777,41,1,4.25
110778,43,3,3.0
110779,56,1,2.55
110780,39,1,4.25
110781,49,2,3.0
110782,35,1,3.1
110783,36,1,3.75
110784,39,1,4.25
110784,63,1,0.8
110785,29,2,2.5
110785,77,1,3.0
110786,36,2,3.75
110787,33,2,3.5
110788,32,2,3.0
110789,43,1,3.0
110790,30,1,3.0
110791,28,2,2.0
110792,38,2,3.75
110793,58,2,3.5
110794,52,1,2.5
110795,55,2,4.0
110796,41,2,4.25
110796,74,1,3.5
110797,51,2,3.0
110798,42,1,2.5
110799,23,2,2.5
110799,73,1,3.75
110800,73,1,3.75
110801,53,3,3.0
110802,47,2,3.0
110803,56,2,2.55
110804,43,1,3.0
110805,43,2,3.0
110806,55,2,4.0
110807,36,2,3.75
110808,29,1,2.5
110809,43,1,3.0
110810,30,2,3.0
110811,42,2,2.5
110812,60,2,3.75
110813,49,2,3.0
110814,43,3,3.0
110815,42,2,2.5
110816,41,3,4.25
110816,84,2,0.8
110817,39,2,4.25
110818,35,2,3.1
110819,33,1,3.5
110820,28,2,2.0
110821,40,1,3.75
110821,65,2,0.8
110822,26,2,3.0
110822,77,1,3.0
110823,50,2,2.5
110824,41,2,4.25
110825,30,2,3.0
110825,70,1,3.25
110826,27,2,3.5
110827,34,2,2.45
110828,36,1,3.75
110829,36,1,3.75
110830,22,1,2.0
110830,74,1,3.5
110831,49,2,3.0
110832,34,2,2.45
110833,25,1,2.2
110834,29,2,2.5
110835,36,2,3.75
110835,71,1,3.75
110836,29,2,2.5
110837,54,1,2.5
110837,79,1,3.75
110838,37,2,3.0
110839,57,2,3.1
110840,41,1,4.25
110841,45,1,3.0
110842,55,1,4.0
110843,59,2,4.5
110844,49,2,3.0
110845,26,2,3.0
110846,39,1,4.25
110847,30,2,3.0
110848,87,2,2.1
110848,72,2,2.65
110849,53,1,3.0
110849,72,1,3.25
110850,58,1,3.5
110851,87,1,2.1
110851,72,1,2.65
110852,41,1,4.25
110853,44,1,2.5
110854,61,1,4.75
110855,34,1,2.45
110856,39,2,4.25
110856,72,1,3.25
110857,39,2,4.25
110858,46,1,2.5
110858,79,1,3.75
110859,40,2,3.75
110860,29,1,2.5
110861,48,2,2.5
110862,33,1,3.5
110863,35,1,3.1
110864,47,1,3.0
110865,36,2,3.75
110866,38,2,3.75
110867,56,1,2.55
110868,34,3,2.45
110868,76,1,3.5
110869,46,2,2.5
110870,39,1,4.25
110870,63,2,0.8
110871,52,2,2.5
110872,26,1,3.0
110872,78,1,4.5
110873,30,2,3.0
110874,30,2,3.0
110875,28,1,2.0
110876,46,2,2.5
110877,47,1,3.0
110878,30,1,3.0
110878,83,1,14.0
110879,55,2,4.0
110880,47,1,3.0
110881,44,2,2.5
110881,76,1,3.5
110882,22,3,2.0
110883,38,1,3.75
110884,43,1,3.0
110885,22,2,2.0
110886,44,1,2.5
110886,79,1,3.75
110887,29,1,2.5
110888,58,1,3.5
110888,73,1,3.75
110889,27,1,3.5
110890,24,1,3.0
110891,34,2,2.45
110892,26,1,3.0
110893,39,2,4.25
110893,84,1,0.8
110894,35,2,3.1
110895,22,2,2.0
110895,14,1,8.95
110896,35,1,3.1
110897,46,1,2.5
110898,87,2,2.1
110898,72,2,2.65
110899,26,2,3.0
110899,77,1,3.0
110900,33,2,3.5
110901,27,1,3.5
110902,26,2,3.0
110903,33,3,3.5
110904,32,1,3.0
110905,61,3,4.75
110906,39,1,4.25
110907,29,1,2.5
110908,29,1,2.5
110909,29,2,2.5
110910,23,2,2.5
110911,43,2,3.0
110912,57,1,3.1
110912,74,1,3.5
110913,54,2,2.5
110914,30,3,3.0
110915,48,2,2.5
110916,41,2,4.25
110917,60,1,3.75
110918,39,2,4.25
110919,29,2,2.5
110920,54,1,2.5
110921,22,1,2.0
110922,58,1,3.5
110923,39,2,4.25
110923,84,2,0.8
110924,55,1,4.0
110924,76,1,3.5
110925,29,1,2.5
110926,31,1,2.2
110926,75,1,3.5
110927,61,2,4.75
110928,35,1,3.1
110928,78,1,4.5
110929,42,3,2.5
110930,34,2,2.45
110931,44,3,2.5
110932,47,2,3.0
110933,44,2,2.5
110934,50,2,2.5
110935,61,3,4.75
110936,35,1,3.1
110937,22,2,2.0
110938,52,2,2.5
110938,79,1,3.75
110939,59,2,4.5
110939,77,1,3.0
110940,31,2,2.2
110941,50,2,2.5
110942,22,3,2.0
110943,37,2,3.0
110944,35,1,3.1
110945,28,1,2.0
110946,26,2,3.0
110947,53,2,3.0
110948,59,2,4.5
110949,23,3,2.5
110950,49,1,3.0
110951,46,3,2.5
110952,59,2,4.5
110953,38,2,3.75
110953,84,2,0.8
110954,48,3,2.5
110955,33,2,3.5
110956,52,1,2.5
110956,75,1,3.5
110957,29,1,2.5
110958,54,2,2.5
110959,30,1,3.0
110959,73,1,3.75
110960,47,1,3.0
110961,38,1,3.75
110962,24,1,3.0
110963,34,1,2.45
110963,72,1,3.25
110964,60,1,3.75
110965,44,2,2.5
110966,49,2,3.0
110967,37,1,3.0
110968,49,2,3.0
110968,77,1,3.0
110969,46,1,2.5
110970,31,3,2.2
110971,47,1,3.0
110972,59,1,4.5
110973,87,2,2.1
110973,72,2,3.25
110974,30,1,3.0
110975,42,1,2.5
110976,37,2,3.0
110977,52,3,2.5
110978,38,1,3.75
110978,65,2,0.8
110979,41,2,4.25
110980,23,2,2.5
110981,42,3,2.5
110982,24,2,3.0
110983,58,1,3.5
110984,33,1,3.5
110985,28,2,2.0
110986,53,2,3.0
110987,39,1,4.25
110988,24,1,3.0
110989,45,2,3.0
110989,71,1,3.75
110990,24,1,3.0
110991,59,2,4.5
110991,76,1,3.5
110992,51,1,3.0
110993,48,1,2.5
110994,39,1,4.25
110995,87,1,2.1
110995,72,1,3.25
110996,45,1,3.0
110997,51,1,3.0
110998,46,3,2.5
110998,79,1,3.75
110999,30,1,3.0
111000,59,1,4.5
111001,56,2,2.55
111002,53,1,3.0
111003,37,2,3.0
111004,54,2,2.5
111005,27,1,3.5
111006,41,3,4.25
111006,65,1,0.8
111007,51,1,3.0
111008,44,3,2.5
111009,43,3,3.0
111010,60,1,3.75
111011,49,1,3.0
111012,40,1,3.75
111013,38,1,3.75
111014,22,2,2.0
111015,59,2,4.5
111016,39,2,4.25
111016,65,2,0.8
111017,54,1,2.5
111018,26,1,3.0
111019,30,3,3.0
111020,27,1,3.5
111021,30,1,3.0
111022,78,1,4.5
111023,28,3,2.0
111024,26,1,3.0
111025,44,1,2.5
111026,30,2,3.0
111027,23,1,2.5
111028,53,2,3.0
111029,42,2,2.5
111029,15,1,9.25
111030,54,2,2.5
111031,25,1,2.2
111032,87,1,2.1
111032,72,1,2.65
111033,56,1,2.55
111034,60,1,3.75
111035,29,2,2.5
111036,53,1,3.0
111037,56,2,2.55
111037,70,1,3.25
111038,48,1,2.5
111039,45,1,3.0
111039,69,1,3.25
111040,29,2,2.5
111041,29,1,2.5
111042,52,2,2.5
111042,78,1,4.5
111043,22,1,2.0
111044,40,2,3.75
111045,38,1,3.75
111046,41,1,4.25
111047,60,2,3.75
111048,35,1,3.1
111049,39,1,4.25
111050,56,1,2.55
111051,58,1,3.5
111052,58,1,3.5
111053,48,2,2.5
111054,29,2,2.5
111055,46,2,2.5
111056,59,2,4.5
111057,33,2,3.5
111058,34,1,2.45
111059,59,1,4.5
111060,43,1,3.0
111061,43,3,3.0
111062,54,1,2.5
111063,58,2,3.5
111064,47,2,3.0
111065,34,1,2.45
111066,26,1,3.0
111067,47,1,3.0
111068,52,2,2.5
111069,37,1,3.0
111070,42,3,2.5
111071,87,2,3.0
111072,33,1,3.5
111073,42,2,2.5
111074,37,1,3.0
111075,42,2,2.5
111075,76,1,3.5
111076,24,2,3.0
111077,39,3,4.25
111077,63,1,0.8
111078,30,3,3.0
111079,31,2,2.2
111080,33,1,3.5
111080,74,1,3.5
111081,30,2,3.0
111082,37,2,3.0
111083,44,1,2.5
111083,77,1,3.0
111084,25,2,2.2
111085,22,1,2.0
111086,58,2,3.5
111087,56,2,2.55
111088,52,2,2.5
111089,70,1,3.25
111090,59,2,4.5
111090,73,1,3.75
111091,23,2,2.5
111092,58,1,3.5
111093,49,3,3.0
111093,70,1,3.25
111094,30,2,3.0
111095,22,1,2.0
111096,38,1,3.75
111097,70,1,3.25
111098,27,2,3.5
111099,25,1,2.2
111100,36,2,3.75
111100,76,1,3.5
111101,55,2,4.0
111102,56,2,2.55
111103,56,2,2.55
111103,70,1,3.25
111104,55,2,4.0
111105,57,2,3.1
111106,53,1,3.0
111107,41,1,4.25
111108,71,1,3.75
111109,28,1,2.0
111110,31,2,2.2
111110,70,1,3.25
111111,24,2,3.0
111112,53,1,3.0
111112,73,1,3.75
111113,32,2,3.0
111114,45,1,3.0
111115,52,2,2.5
111116,52,3,2.5
111116,20,1,7.6
111117,60,2,3.75
111118,37,1,3.0
111118,64,2,0.8
111119,30,2,3.0
111120,61,2,4.75
111121,31,1,2.2
111122,49,2,3.0
111123,55,1,4.0
111123,69,1,3.25
111124,37,2,3.0
111124,65,2,0.8
111125,26,1,3.0
111126,55,1,4.0
111127,28,1,2.0
111128,43,1,3.0
111128,71,1,3.75
111129,33,2,3.5
111130,39,1,4.25
111130,65,2,0.8
111131,33,2,3.5
111132,39,2,4.25
111133,61,2,4.75
111134,39,2,4.25
111135,30,2,3.0
111136,56,2,2.55
111137,56,2,2.55
111138,57,1,3.1
111139,9,1,22.5
111140,51,3,3.0
111141,39,2,4.25
111142,30,1,3.0
111143,29,1,2.5
111144,28,1,2.0
111145,61,1,4.75
111146,79,1,3.75
111147,61,1,4.75
111148,54,2,2.5
111149,36,1,3.75
111150,60,1,3.75
111151,48,2,2.5
111152,55,2,4.0
111153,57,2,3.1
111154,28,1,2.0
111155,22,2,2.0
111155,74,1,3.5
111156,70,1,3.25
111157,37,2,3.0
111158,34,1,2.45
111158,77,1,3.0
111159,61,2,4.75
111160,58,1,3.5
111161,30,1,3.0
111161,77,1,3.0
111162,60,2,3.75
111163,46,1,2.5
111163,76,1,3.5
111164,24,2,3.0
111165,38,2,3.75
111166,45,2,3.0
111167,25,2,2.2
111167,72,1,3.25
111168,39,2,4.25
111168,70,1,3.25
111169,22,2,2.0
111170,60,2,3.75
111171,41,2,4.25
111172,49,1,3.0
111173,28,1,2.0
111174,33,1,3.5
111175,14,1,8.95
111176,49,2,3.0
111177,52,1,2.5
111178,57,1,3.1
111179,52,2,2.5
111180,38,1,3.75
111181,37,2,3.0
111182,61,2,4.75
111182,71,1,3.75
111183,54,1,2.5
111184,87,1,2.1
111184,87,1,2.1
111184,72,1,2.65
111185,34,1,2.45
111186,34,1,2.45
111187,24,2,3.0
111188,49,2,3.0
111189,48,1,2.5
111190,42,2,2.5
111191,23,2,2.5
111192,61,1,4.75
111193,25,1,2.2
111194,26,1,3.0
111195,61,2,4.75
111196,56,2,2.55
111197,38,2,3.75
111198,23,2,2.5
111198,76,1,3.5
111199,45,1,3.0
111200,33,1,3.5
111201,22,1,2.0
111202,46,1,2.5
111203,47,1,3.0
111204,25,2,2.2
111205,36,2,3.75
111206,87,3,3.0
111207,48,3,2.5
111208,53,1,3.0
111209,59,1,4.5
111210,23,1,2.5
111211,31,3,2.2
111212,58,2,3.5
111212,11,1,8.95
111213,44,1,2.5
111214,87,2,2.1
111214,72,2,2.65
111214,73,1,3.75
111215,47,3,3.0
111216,36,2,3.75
111217,38,1,3.75
111217,63,1,0.8
111218,59,3,4.5
111219,55,1,4.0
111220,58,2,3.5
111221,50,3,2.5
111221,10,1,10.0
111222,43,2,3.0
111223,46,1,2.5
111224,26,2,3.0
111225,56,2,2.55
111226,40,3,3.75
111226,65,2,0.8
111227,36,2,3.75
111228,35,1,3.1
111229,61,2,4.75
111230,41,2,4.25
111230,84,2,0.8
111231,57,1,3.1
111232,53,1,3.0
111233,43,2,3.0
111234,39,1,4.25
111235,55,1,4.0
111236,30,2,3.0
111237,29,1,2.5
111237,77,1,3.0
111238,45,1,3.0
111238,69,1,3.25
111239,25,2,2.2
111240,30,2,3.0
111240,16,1,8.95
111241,33,1,3.5
111242,25,2,2.2
111243,87,1,2.1
111243,72,1,3.25
111244,27,2,3.5
111245,25,3,2.2
111245,77,1,3.0
111246,50,1,2.5
111247,39,1,4.25
111247,84,1,0.8
111248,54,1,2.5
111249,56,2,2.55
111250,60,1,3.75
111251,41,2,4.25
111252,22,1,2.0
111253,46,3,2.5
111254,45,1,3.0
111254,74,1,3.5
111255,73,1,3.75
111256,31,2,2.2
111257,31,1,2.2
111258,31,2,2.2
111259,38,1,3.75
111260,77,1,3.0
111261,30,1,3.0
111262,29,2,2.5
111263,34,1,2.45
111264,71,1,3.75
111265,52,2,2.5
111266,50,2,2.5
111267,32,1,3.0
111268,32,2,3.0
111269,31,1,2.2
111270,47,2,3.0
111271,14,1,8.95
111272,38,3,3.75
111272,63,1,0.8
111273,44,1,2.5
111274,59,3,4.5
111275,59,1,4.5
111276,28,2,2.0
111277,25,2,2.2
111278,29,3,2.5
111279,60,2,3.75
111280,87,1,3.0
111281,78,1,4.5
111282,28,2,2.0
111282,70,1,3.25
111283,23,2,2.5
111284,87,2,3.0
111285,79,1,3.75
111286,46,2,2.5
111287,43,1,3.0
111287,70,1,3.25
111288,87,1,2.1
111288,72,1,2.65
111288,15,1,9.25
111289,26,2,3.0
111290,87,1,2.1
111290,72,1,2.65
111290,72,1,3.25
111291,51,2,3.0
111292,51,2,3.0
111293,74,1,3.5
111294,51,2,3.0
111295,56,1,2.55
111296,32,2,3.0
111297,25,2,2.2
111298,54,2,2.5
111298,72,1,3.25
111299,26,1,3.0
111300,59,2,4.5
111301,56,1,2.55
111302,27,2,3.5
111303,40,2,3.75
111303,64,2,0.8
111304,43,2,3.0
111305,55,1,4.0
111306,49,2,3.0
111306,78,1,4.5
111307,34,3,2.45
111307,71,1,3.75
111308,61,1,4.75
111309,41,1,4.25
111309,84,1,0.8
111310,51,2,3.0
111310,69,1,3.25
111310,1,1,18.0
111311,44,1,2.5
111312,34,2,2.45
111313,31,3,2.2
111314,36,1,3.75
111315,57,1,3.1
111316,52,1,2.5
111317,78,1,4.5
111318,58,1,3.5
111319,87,1,2.1
111319,72,1,3.25
111320,46,1,2.5
111321,49,1,3.0
111321,76,1,3.5
111322,53,2,3.0
111323,44,1,2.5
111324,48,1,2.5
111325,56,1,2.55
111326,33,2,3.5
111327,46,1,2.5
111328,58,2,3.5
111328,76,1,3.5
111329,42,1,2.5
111330,45,2,3.0
111330,77,1,3.0
111331,40,2,3.75
111332,50,1,2.5
111333,40,1,3.75
111334,50,1,2.5
111335,58,1,3.5
111335,71,1,3.75
111336,46,1,2.5
111337,59,3,4.5
111337,71,1,3.75
111338,30,3,3.0
111339,73,1,3.75
111340,45,3,3.0
111340,4,1,20.45
111341,28,2,2.0
111342,43,1,3.0
111343,46,2,2.5
111344,32,2,3.0
111344,69,1,3.25
111345,26,2,3.0
111346,49,1,3.0
111347,69,1,3.25
111348,39,2,4.25
111348,64,1,0.8
111348,77,1,3.0
111349,30,3,3.0
111350,26,1,3.0
111351,22,1,2.0
111352,38,3,3.75
111352,64,2,0.8
111352,75,1,3.5
111353,45,2,3.0
111354,37,2,3.0
111354,64,1,0.8
111355,23,1,2.5
111356,37,2,3.0
111357,27,1,3.5
111358,39,2,4.25
111358,64,2,0.8
111358,79,1,3.75
111359,36,1,3.75
111360,29,2,2.5
111361,43,1,3.0
111362,42,1,2.5
111363,28,2,2.0
111364,71,1,3.75
111365,31,2,2.2
111366,73,1,3.75
111367,45,1,3.0
111368,36,2,3.75
111369,56,2,2.55
111370,46,2,2.5
111371,29,2,2.5
111372,26,2,3.0
111373,87,2,2.1
111373,72,2,3.25
111374,46,2,2.5
111374,72,1,3.25
111375,53,1,3.0
111376,30,2,3.0
111377,29,1,2.5
111378,33,2,3.5
111379,48,2,2.5
111380,28,2,2.0
111381,24,1,3.0
111382,57,2,3.1
111382,70,1,3.25
111383,35,2,3.1
111384,54,1,2.5
111384,69,1,3.25
111385,29,2,2.5
111386,38,2,3.75
111386,64,1,0.8
111387,32,2,3.0
111387,77,1,3.0
111388,39,1,4.25
111389,52,2,2.5
111389,76,1,3.5
111390,31,1,2.2
111391,38,2,3.75
111392,45,1,3.0
111393,47,2,3.0
111394,42,2,2.5
111395,37,3,3.0
111395,84,2,0.8
111396,46,2,2.5
111397,40,1,3.75
111397,76,1,3.5
111398,40,1,3.75
111398,64,1,0.8
111399,34,1,2.45
111400,40,1,3.75
111401,53,2,3.0
111402,34,1,2.45
111403,55,3,4.0
111404,45,2,3.0
111405,34,1,2.45
111406,59,2,4.5
111406,79,1,3.75
111407,27,2,3.5
111408,59,2,4.5
111409,34,2,2.45
111410,32,2,3.0
111411,54,2,2.5
111411,81,1,28.0
111412,44,2,2.5
111412,34,2,2.45
111413,52,1,2.5
111413,71,1,3.75
111414,58,1,3.5
111415,38,1,3.75
111415,65,1,0.8
111416,18,1,10.95
111417,31,3,2.2
111418,27,3,3.5
111418,79,1,3.75
111419,59,1,4.5
111420,52,1,2.5
111421,54,3,2.5
111422,55,2,4.0
111423,48,3,2.5
111424,16,1,8.95
111425,28,2,2.0
111426,37,1,3.0
111427,57,1,3.1
111428,36,2,3.75
111429,29,2,2.5
111430,40,1,3.75
111430,63,1,0.8
111431,58,3,3.5
111431,71,1,3.75
111432,45,1,3.0
111433,52,1,2.5
111433,61,2,4.75
111434,23,3,2.5
111435,57,1,3.1
111435,81,1,28.0
111436,37,3,3.0
111436,84,2,0.8
111437,57,3,3.1
111438,48,1,2.5
111439,24,3,3.0
111440,56,1,2.55
111441,37,2,3.0
111442,45,1,3.0
111443,53,2,3.0
111444,27,2,3.5
111444,75,1,3.5
111444,2,1,18.0
111445,46,2,2.5
111446,27,2,3.5
111447,71,1,3.75
111448,58,1,3.5
111449,42,2,2.5
111450,55,2,4.0
111451,47,1,3.0
111451,6,1,21.0
111452,49,3,3.0
111453,41,1,4.25
111454,39,1,4.25
111455,39,1,4.25
111456,61,1,4.75
111457,72,1,3.25
111458,53,3,3.0
111459,28,2,2.0
111460,57,3,3.1
111460,70,1,3.25
111461,31,2,2.2
111462,61,2,4.75
111463,40,1,3.75
111463,64,1,0.8
111464,38,1,3.75
111465,53,2,3.0
111465,79,1,3.75
111466,72,1,3.25
111467,52,2,2.5
111468,38,2,3.75
111468,63,1,0.8
111469,48,2,2.5
111470,11,1,8.95
111471,28,1,2.0
111471,70,1,3.25
111472,42,2,2.5
111473,25,2,2.2
111474,52,3,2.5
111475,34,1,2.45
111475,75,1,3.5
111476,27,1,3.5
111477,46,2,2.5
111478,33,2,3.5
111479,42,2,2.5
111480,36,1,3.75
111481,61,2,4.75
111482,33,2,3.5
111483,39,1,4.25
111483,63,1,0.8
111483,74,1,3.5
111484,61,1,4.75
111484,78,1,4.5
111485,58,2,3.5
111486,57,3,3.1
111487,51,2,3.0
111488,52,1,2.5
111489,29,2,2.5
111490,24,1,3.0
111491,34,2,2.45
111491,73,1,3.75
111492,40,1,3.75
111493,26,2,3.0
111494,52,2,2.5
111495,30,3,3.0
111495,6,1,21.0
111496,53,2,3.0
111497,32,2,3.0
111498,50,1,2.5
111499,50,2,2.5
111500,23,2,2.5
111501,41,1,4.25
111502,46,3,2.5
111502,71,1,3.75
111503,43,2,3.0
111504,41,2,4.25
111504,65,1,0.8
111505,75,1,3.5
111506,74,1,3.5
111507,22,1,2.0
111508,12,1,8.95
111509,36,2,3.75
111510,77,1,3.0
111511,25,1,2.2
111512,50,1,2.5
111513,26,1,3.0
111514,46,2,2.5
111515,52,1,2.5
111516,87,1,2.1
111516,72,1,2.65
111517,24,2,3.0
111518,45,1,3.0
111518,73,1,3.75
111519,74,1,3.5
111520,51,2,3.0
111521,55,1,4.0
111522,61,1,4.75
111523,25,2,2.2
111524,32,2,3.0
111525,46,1,2.5
111526,29,1,2.5
111527,24,2,3.0
111528,43,2,3.0
111529,28,2,2.0
111529,2,1,18.0
111530,52,1,2.5
111531,42,2,2.5
111532,29,2,2.5
111533,29,3,2.5
111534,54,3,2.5
111535,36,1,3.75
111536,34,3,2.45
111537,77,1,3.0
111538,31,1,2.2
111539,59,3,4.5
111540,28,1,2.0
111541,53,2,3.0
111542,59,1,4.5
111543,23,2,2.5
111544,49,3,3.0
111545,37,1,3.0
111545,65,2,0.8
111546,41,1,4.25
111546,64,1,0.8
111546,70,1,3.25
111547,32,2,3.0
111548,30,2,3.0
111549,70,1,3.25
111550,18,1,6.4
111551,22,1,2.0
111552,45,1,3.0
111553,31,2,2.2
111553,75,1,3.5
111554,55,2,4.0
111555,87,3,3.0
111556,32,2,3.0
111557,87,1,3.0
111557,69,1,3.25
111558,44,1,2.5
111558,72,1,3.25
111559,87,1,2.1
111559,72,1,3.25
111560,71,1,3.75
111561,46,2,2.5
111562,76,1,3.5
111563,36,2,3.75
111564,36,1,3.75
111565,60,2,3.75
111566,37,2,3.0
111566,84,2,0.8
111567,50,2,2.5
111568,22,1,2.0
111569,42,1,2.5
111570,73,1,3.75
111571,29,2,2.5
111572,43,3,3.0
111572,73,1,3.75
111573,28,2,2.0
111574,44,1,2.5
111575,57,2,3.1
111576,38,1,3.75
111576,75,1,3.5
111577,40,1,3.75
111577,63,1,0.8
111577,69,1,3.25
111578,30,2,3.0
111579,46,1,2.5
111580,55,2,4.0
111581,58,1,3.5
111582,61,2,4.75
111583,34,2,2.45
111584,25,2,2.2
111585,44,1,2.5
111586,25,3,2.2
111586,78,1,4.5
111587,40,3,3.75
111587,63,1,0.8
111588,34,1,2.45
111588,74,1,3.5
111589,45,2,3.0
111590,46,2,2.5
111591,51,2,3.0
111592,58,2,3.5
111593,45,2,3.0
111593,72,1,3.25
111594,30,1,3.0
111595,31,2,2.2
111596,36,1,3.75
111597,61,1,4.75
111598,39,2,4.25
111599,48,2,2.5
111600,78,1,4.5
111601,46,2,2.5
111602,53,2,3.0
111602,76,1,3.5
111603,28,2,2.0
111604,40,1,3.75
111605,26,2,3.0
111606,45,2,3.0
111607,78,1,4.5
111608,55,1,4.0
111609,56,1,2.55
111610,24,2,3.0
111611,31,1,2.2
111612,23,2,2.5
111613,87,1,3.0
111614,32,2,3.0
111615,38,1,3.75
111615,64,1,0.8
111615,4,1,20.45
111616,31,1,2.2
111617,25,1,2.2
111618,28,3,2.0
111619,61,1,4.75
111620,55,3,4.0
111621,36,1,3.75
111622,32,2,3.0
111623,37,2,3.0
111623,77,1,3.0
111624,87,1,2.1
111624,72,1,2.65
111625,44,3,2.5
111626,52,2,2.5
111626,78,1,4.5
111627,26,2,3.0
111628,75,1,3.5
111629,35,3,3.1
111630,29,2,2.5
111631,59,1,4.5
111632,42,2,2.5
111633,28,2,2.0
111634,27,2,3.5
111635,25,3,2.2
111636,42,1,2.5
111637,45,2,3.0
111638,40,2,3.75
111639,37,1,3.0
111640,70,1,3.25
111641,47,2,3.0
111642,45,2,3.0
111642,72,1,3.25
111643,61,1,4.75
111644,35,2,3.1
111645,32,1,3.0
111645,71,1,3.75
111646,49,2,3.0
111647,31,1,2.2
111648,74,1,3.5
111648,5,1,15.0
111649,34,2,2.45
111650,32,2,3.0
111651,45,2,3.0
111651,11,1,8.95
111652,48,1,2.5
111653,26,2,3.0
111654,76,1,3.5
111655,23,1,2.5
111656,45,3,3.0
111657,50,2,2.5
111658,36,3,3.75
111659,54,1,2.5
111660,23,2,2.5
111660,71,1,3.75
111661,61,1,4.75
111662,69,1,3.25
111663,47,2,3.0
111664,47,1,3.0
111665,22,3,2.0
111666,44,2,2.5
111667,52,1,2.5
111668,26,1,3.0
111669,58,2,3.5
111670,87,1,3.0
111671,56,2,2.55
111672,59,1,4.5
111673,38,2,3.75
111673,65,1,0.8
111674,58,1,3.5
111675,37,1,3.0
111676,79,1,3.75
111677,38,2,3.75
111678,23,1,2.5
111679,25,2,2.2
111680,24,2,3.0
111680,75,1,3.5
111681,78,1,4.5
111682,56,2,2.55
111683,40,1,3.75
111683,64,1,0.8
111684,87,1,2.1
111684,72,1,3.25
111685,56,3,2.55
111686,24,1,3.0
111687,28,1,2.0
111688,57,2,3.1
111689,34,2,2.45
111690,28,2,2.0
111691,60,2,3.75
111692,69,1,3.25
111693,40,2,3.75
111694,53,2,3.0
111695,31,2,2.2
111696,60,2,3.75
111697,52,2,2.5
111697,79,1,3.75
111698,76,1,3.5
111699,44,2,2.5
111700,78,1,4.5
111701,41,1,4.25
111702,50,1,2.5
111703,54,2,2.5
111704,24,2,3.0
111705,75,1,3.5
111706,23,1,2.5
111707,69,1,3.25
111708,38,2,3.75
111709,51,3,3.0
111710,35,1,3.1
111711,52,1,2.5
111712,32,2,3.0
111713,28,1,2.0
111714,49,2,3.0
111715,34,2,2.45
111715,79,1,3.75
111716,54,1,2.5
111717,37,1,3.0
111718,69,1,3.25
111719,58,1,3.5
111720,56,2,2.55
111721,60,1,3.75
111722,1,1,18.0
111723,30,1,3.0
111724,57,2,3.1
111724,78,1,4.5
111725,45,2,3.0
111726,27,1,3.5
111727,61,1,4.75
111728,49,2,3.0
111729,46,1,2.5
111730,58,2,3.5
111731,48,1,2.5
111732,27,3,3.5
111732,71,1,3.75
111733,54,1,2.5
111734,52,2,2.5
111735,87,2,2.1
111735,72,2,2.65
111736,30,2,3.0
111737,45,2,3.0
111738,55,2,4.0
111739,44,2,2.5
111740,45,1,3.0
111741,57,2,3.1
111742,47,1,3.0
111743,35,1,3.1
111743,76,1,3.5
111744,49,2,3.0
111745,57,2,3.1
111746,39,2,4.25
111747,59,2,4.5
111748,61,1,4.75
111749,54,1,2.5
111750,59,1,4.5
111750,79,1,3.75
111751,56,2,2.55
111752,28,2,2.0
111753,56,2,2.55
111754,25,2,2.2
111755,56,1,2.55
111756,28,1,2.0
111757,73,1,3.75
111758,25,1,2.2
111759,9,1,22.5
111760,22,2,2.0
111760,75,1,3.5
111761,41,2,4.25
111762,25,1,2.2
111763,44,2,2.5
111764,34,1,2.45
111765,43,2,3.0
111766,35,2,3.1
111767,44,1,2.5
111768,33,1,3.5
111769,48,2,2.5
111770,25,2,2.2
111771,56,2,2.55
111772,31,1,2.2
111773,61,2,4.75
111774,25,1,2.2
111774,77,1,3.0
111775,35,1,3.1
111776,23,1,2.5
111777,36,1,3.75
111778,59,2,4.5
111779,30,2,3.0
111779,71,1,3.75
111780,56,1,2.55
111781,33,1,3.5
111782,31,2,2.2
111783,53,2,3.0
111784,37,2,3.0
111785,37,2,3.0
111786,48,1,2.5
111786,79,1,3.75
111787,31,1,2.2
111788,23,1,2.5
111788,20,1,7.6
111789,29,1,2.5
111789,83,1,14.0
111790,45,1,3.0
111791,36,2,3.75
111791,72,1,3.25
111792,37,1,3.0
111792,75,1,3.5
111793,38,2,3.75
111793,65,1,0.8
111794,32,2,3.0
111794,75,1,3.5
111795,56,2,2.55
111796,38,2,3.75
111796,64,1,0.8
111796,76,1,3.5
111797,30,2,3.0
111797,71,1,3.75
111798,53,2,3.0
111798,70,1,3.25
111799,40,2,3.75
111799,64,1,0.8
111799,16,1,8.95
111800,45,1,3.0
111801,43,2,3.0
111802,51,1,3.0
111803,40,2,3.75
111804,30,1,3.0
111805,45,2,3.0
111806,24,1,3.0
111807,32,1,3.0
111807,75,1,3.5
111808,41,1,4.25
111808,84,1,0.8
111809,71,1,3.75
111810,27,1,3.5
111811,54,2,2.5
111812,58,1,3.5
111813,25,1,2.2
111813,69,1,3.25
111814,61,1,4.75
111814,78,1,4.5
111815,38,1,3.75
111816,52,1,2.5
111817,37,1,3.0
111818,60,2,3.75
111819,40,1,3.75
111820,42,1,2.5
111821,42,1,2.5
111822,22,1,2.0
111823,43,1,3.0
111824,25,1,2.2
111825,73,1,3.75
111826,46,1,2.5
111827,48,1,2.5
111828,50,1,2.5
111829,27,2,3.5
111830,43,2,3.0
111831,25,3,2.2
111832,41,2,4.25
111833,47,2,3.0
111834,87,2,2.1
111834,72,2,3.25
111835,31,2,2.2
111836,24,1,3.0
111837,49,1,3.0
111838,39,2,4.25
111839,29,1,2.5
111840,54,2,2.5
111841,52,1,2.5
111841,78,1,4.5
111842,55,1,4.0
111842,76,1,3.5
111843,26,1,3.0
111844,60,2,3.75
111844,79,1,3.75
111845,32,1,3.0
111846,25,2,2.2
111846,71,1,3.75
111847,50,3,2.5
111848,27,2,3.5
111849,24,1,3.0
111849,77,1,3.0
111850,60,1,3.75
111851,46,3,2.5
111852,53,1,3.0
111853,60,1,3.75
111854,59,2,4.5
111855,59,1,4.5
111856,52,2,2.5
111857,28,2,2.0
111858,58,2,3.5
111859,6,1,21.0
111860,46,2,2.5
111861,50,3,2.5
111862,29,3,2.5
111863,34,1,2.45
111864,31,1,2.2
111865,23,1,2.5
111865,79,1,3.75
111866,87,3,2.1
111866,72,3,2.65
111866,70,1,3.25
111867,43,2,3.0
111868,23,3,2.5
111869,87,3,3.0
111869,79,1,3.75
111870,44,1,2.5
111871,46,1,2.5
111872,29,2,2.5
111873,22,1,2.0
111874,44,2,2.5
111875,32,2,3.0
111876,23,2,2.5
111877,26,1,3.0
111878,23,2,2.5
111879,44,1,2.5
111880,30,1,3.0
111881,48,1,2.5
111882,43,2,3.0
111883,87,1,3.0
111884,22,1,2.0
111885,31,3,2.2
111886,45,2,3.0
111887,36,1,3.75
111888,11,1,8.95
111889,24,2,3.0
111890,53,1,3.0
111891,38,2,3.75
111892,54,1,2.5
111893,41,2,4.25
111894,54,2,2.5
111895,47,1,3.0
111896,57,2,3.1
111896,74,1,3.5
111897,43,2,3.0
111898,31,2,2.2
111899,59,2,4.5
111900,33,2,3.5
111901,56,3,2.55
111902,38,1,3.75
111903,59,1,4.5
111904,57,2,3.1
111905,38,1,3.75
111906,43,1,3.0
111907,33,1,3.5
111908,22,2,2.0
111909,52,2,2.5
111910,42,1,2.5
111911,32,1,3.0
111912,25,2,2.2
111913,40,1,3.75
111914,55,3,4.0
111915,25,2,2.2
111916,27,2,3.5
111917,45,2,3.0
111918,31,2,2.2
111918,78,1,4.5
111919,42,1,2.5
111919,70,1,3.25
111920,42,2,2.5
111921,35,1,3.1
111922,26,1,3.0
111923,59,2,4.5
111924,57,1,3.1
111925,29,2,2.5
111926,44,1,2.5
111927,30,1,3.0
111928,33,2,3.5
111929,23,3,2.5
111930,26,3,3.0
111931,25,3,2.2
111932,33,1,3.5
111933,87,2,3.0
111934,33,3,3.5
111935,78,1,4.5
111935,15,1,9.25
111936,59,1,4.5
111936,71,1,3.75
111937,61,1,4.75
111938,51,2,3.0
111939,36,2,3.75
111940,32,1,3.0
111941,77,1,3.0
111942,48,2,2.5
111943,27,1,3.5
111944,36,1,3.75
111945,87,1,2.1
111945,72,1,3.25
111946,49,1,3.0
111946,69,1,3.25
111947,30,1,3.0
111948,57,1,3.1
111949,44,3,2.5
111949,76,1,3.5
111949,10,1,10.0
111950,59,1,4.5
111951,44,2,2.5
111952,28,1,2.0
111953,28,3,2.0
111954,51,1,3.0
111955,27,2,3.5
111956,30,1,3.0
111957,45,2,3.0
111958,31,2,2.2
111959,47,1,3.0
111960,41,1,4.25
111961,37,1,3.0
111962,49,1,3.0
111962,75,1,3.5
111963,32,3,3.0
111964,52,2,2.5
111965,33,1,3.5
111966,48,1,2.5
111967,53,1,3.0
111968,25,1,2.2
111968,70,1,3.25
111969,22,1,2.0
111970,49,3,3.0
111971,42,2,2.5
111972,40,2,3.75
111973,57,2,3.1
111974,40,1,3.75
111974,64,2,0.8
111974,73,1,3.75
111975,31,1,2.2
111976,26,2,3.0
111977,24,1,3.0
111978,54,1,2.5
111979,60,1,3.75
111980,46,1,2.5
111981,22,1,2.0
111982,59,1,4.5
111983,59,1,4.5
111984,37,2,3.0
111985,54,1,2.5
111986,55,1,4.0
111987,60,2,3.75
111987,2,1,18.0
111988,36,2,3.75
111988,74,1,3.5
111989,42,1,2.5
111990,27,1,3.5
111991,44,1,2.5
111992,35,3,3.1
111993,34,2,2.45
111994,42,1,2.5
111995,38,2,3.75
111995,63,1,0.8
111996,36,2,3.75
111997,30,1,3.0
111998,25,2,2.2
111999,40,2,3.75
112000,23,1,2.5
112001,45,2,3.0
112002,31,2,2.2
112003,29,1,2.5
112004,55,1,4.0
112005,28,2,2.0
112006,34,3,2.45
112007,43,3,3.0
112008,51,3,3.0
112009,40,1,3.75
112009,84,2,0.8
112010,23,1,2.5
112010,76,1,3.5
112011,31,1,2.2
112012,71,1,3.75
112013,47,1,3.0
112014,50,1,2.5
112015,42,1,2.5
112016,27,1,3.5
112017,28,1,2.0
112018,76,1,3.5
112019,27,3,3.5
112020,39,2,4.25
112021,38,3,3.75
112021,65,2,0.8
112022,28,1,2.0
112023,57,1,3.1
112024,37,2,3.0
112025,22,1,2.0
112026,57,2,3.1
112027,45,1,3.0
112028,28,1,2.0
112029,38,2,3.75
112030,26,2,3.0
112031,37,1,3.0
112032,23,1,2.5
112032,73,1,3.75
112033,39,2,4.25
112033,64,2,0.8
112034,30,3,3.0
112035,58,1,3.5
112036,54,3,2.5
112037,23,2,2.5
112038,61,3,4.75
112038,78,1,4.5
112039,30,2,3.0
112040,26,1,3.0
112041,42,2,2.5
112042,59,1,4.5
112043,27,1,3.5
112044,54,1,2.5
112045,35,1,3.1
112046,36,1,3.75
112046,79,1,3.75
112047,46,2,2.5
112048,45,1,3.0
112048,72,1,3.25
112049,78,1,4.5
112050,24,2,3.0
112051,58,2,3.5
112052,71,1,3.75
112053,36,2,3.75
112054,35,1,3.1
112055,50,3,2.5
112055,77,1,3.0
112056,61,1,4.75
112057,57,2,3.1
112057,69,1,3.25
112058,55,2,4.0
112059,46,2,2.5
112060,36,1,3.75
112061,40,3,3.75
112061,65,1,0.8
112062,31,1,2.2
112063,36,1,3.75
112064,41,2,4.25
112064,70,1,3.25
112065,60,2,3.75
112066,22,1,2.0
112067,58,1,3.5
112068,55,2,4.0
112069,61,2,4.75
112070,28,2,2.0
112071,40,3,3.75
112071,63,1,0.8
112072,52,2,2.5
112073,57,2,3.1
112074,60,2,3.75
112075,50,1,2.5
112076,28,1,2.0
112077,23,2,2.5
112078,23,1,2.5
112079,40,1,3.75
112080,61,2,4.75
112081,34,2,2.45
112082,24,2,3.0
112083,23,2,2.5
112084,32,2,3.0
112085,28,2,2.0
112086,24,1,3.0
112087,55,2,4.0
112088,24,1,3.0
112089,54,1,2.5
112090,55,1,4.0
112091,60,2,3.75
112092,58,2,3.5
112093,35,1,3.1
112094,39,2,4.25
112095,40,1,3.75
112096,71,1,3.75
112097,41,2,4.25
112097,65,1,0.8
112098,30,2,3.0
112099,56,1,2.55
112100,45,3,3.0
112101,58,3,3.5
112101,79,1,3.75
112102,27,1,3.5
112103,44,3,2.5
112103,75,1,3.5
112104,53,1,3.0
112105,55,1,4.0
112106,34,2,2.45
112107,44,1,2.5
112108,43,2,3.0
112109,38,2,3.75
112109,64,2,0.8
112110,71,1,3.75
112111,38,1,3.75
112112,47,1,3.0
112113,22,2,2.0
112114,32,3,3.0
112114,69,1,3.25
112115,33,2,3.5
112116,23,2,2.5
112116,75,1,3.5
112117,47,2,3.0
112117,72,1,3.25
112118,44,2,2.5
112119,24,1,3.0
112120,71,1,3.75
112120,13,1,8.95
112121,43,1,3.0
112122,58,2,3.5
112122,73,1,3.75
112123,23,2,2.5
112124,24,1,3.0
112125,33,2,3.5
112126,26,1,3.0
112127,52,1,2.5
112128,56,2,2.55
112129,33,1,3.5
112130,57,2,3.1
112131,24,2,3.0
112132,38,1,3.75
112133,44,2,2.5
112134,54,1,2.5
112135,25,2,2.2
112136,53,1,3.0
112137,30,2,3.0
112138,60,2,3.75
112138,73,1,3.75
112139,59,1,4.5
112140,43,2,3.0
112141,53,2,3.0
112142,48,1,2.5
112143,50,2,2.5
112143,72,1,3.25
112144,29,1,2.5
112145,57,2,3.1
112146,31,2,2.2
112147,28,1,2.0
112148,47,2,3.0
112149,57,2,3.1
112150,57,2,3.1
112151,58,1,3.5
112152,61,2,4.75
112153,87,2,3.0
112154,52,2,2.5
112155,38,1,3.75
112156,30,2,3.0
112157,59,1,4.5
112158,43,1,3.0
112159,30,2,3.0
112160,23,2,2.5
112161,59,1,4.5
112162,43,1,3.0
112163,59,2,4.5
112164,34,2,2.45
112165,55,1,4.0
112166,47,1,3.0
112167,61,1,4.75
112168,45,2,3.0
112169,50,2,2.5
112170,34,1,2.45
112171,52,2,2.5
112172,49,2,3.0
112173,55,2,4.0
112174,24,1,3.0
112175,22,1,2.0
112176,55,1,4.0
112177,53,1,3.0
112178,41,1,4.25
112179,47,1,3.0
112180,58,1,3.5
112181,58,2,3.5
112182,25,2,2.2
112183,47,2,3.0
112184,87,2,2.1
112184,72,2,3.25
112185,37,2,3.0
112185,71,1,3.75
112186,53,1,3.0
112187,32,3,3.0
112188,58,2,3.5
112189,45,1,3.0
112189,51,1,3.0
112190,44,3,2.5
112191,59,2,4.5
112192,61,3,4.75
112192,78,1,4.5
112193,46,1,2.5
112194,51,3,3.0
112195,26,3,3.0
112195,75,1,3.5
112196,58,1,3.5
112197,29,3,2.5
112197,72,1,3.25
112198,52,2,2.5
112199,58,1,3.5
112200,36,1,3.75
112201,44,1,2.5
112202,32,1,3.0
112203,49,1,3.0
112204,39,1,4.25
112205,49,2,3.0
112206,53,1,3.0
112207,72,1,3.25
112208,49,1,3.0
112209,33,3,3.5
112209,75,1,3.5
112210,60,2,3.75
112211,4,1,20.45
112212,41,3,4.25
112212,64,2,0.8
112213,34,1,2.45
112214,61,2,4.75
112215,58,3,3.5
112216,52,3,2.5
112217,36,1,3.75
112218,42,3,2.5
112218,9,1,22.5
112219,52,1,2.5
112220,24,2,3.0
112220,70,1,3.25
112220,17,1,9.5
112221,39,2,4.25
112221,63,2,0.8
112222,43,3,3.0
112223,39,1,4.25
112224,31,2,2.2
112225,47,1,3.0
112226,37,2,3.0
112227,55,1,4.0
112228,70,1,3.25
112229,29,1,2.5
112230,39,3,4.25
112230,84,1,0.8
112231,59,3,4.5
112231,70,1,3.25
112232,38,3,3.75
112232,63,1,0.8
112232,77,1,3.0
112233,34,2,2.45
112234,72,1,3.25
112235,50,1,2.5
112236,28,2,2.0
112237,33,2,3.5
112238,38,3,3.75
112238,63,2,0.8
112239,16,1,8.95
112240,24,2,3.0
112241,45,1,3.0
112242,29,2,2.5
112243,44,2,2.5
112244,40,1,3.75
112245,24,1,3.0
112246,44,3,2.5
112247,51,2,3.0
112248,61,1,4.75
112249,35,1,3.1
112250,45,2,3.0
112251,23,1,2.5
112252,31,2,2.2
112253,55,1,4.0
112254,52,1,2.5
112255,26,2,3.0
112256,55,1,4.0
112257,45,3,3.0
112257,74,1,3.5
112258,57,2,3.1
112258,69,1,3.25
112259,32,1,3.0
112260,34,2,2.45
112261,38,2,3.75
112261,65,2,0.8
112262,51,2,3.0
112263,39,2,4.25
112264,71,1,3.75
112265,28,1,2.0
112266,45,1,3.0
112266,70,1,3.25
112267,33,2,3.5
112268,35,1,3.1
112269,44,3,2.5
112270,36,1,3.75
112271,29,3,2.5
112272,58,2,3.5
112273,48,2,2.5
112274,46,2,2.5
112274,69,1,3.25
112275,53,1,3.0
112275,70,1,3.25
112276,50,1,2.5
112277,61,2,4.75
112278,49,1,3.0
112279,47,1,3.0
112280,71,1,3.75
112281,41,2,4.25
112282,45,2,3.0
112282,75,1,3.5
112283,52,2,2.5
112283,79,1,3.75
112284,4,1,20.45
112285,79,1,3.75
112286,57,2,3.1
112287,28,1,2.0
112288,30,1,3.0
112288,78,1,4.5
112289,35,2,3.1
112290,54,2,2.5
112291,51,3,3.0
112292,43,3,3.0
112293,58,1,3.5
112294,46,3,2.5
112295,41,1,4.25
112295,69,1,3.25
112296,45,2,3.0
112297,31,1,2.2
112298,48,1,2.5
112299,32,1,3.0
112300,87,3,2.1
112300,72,3,2.65
112301,36,2,3.75
112302,49,1,3.0
112303,59,2,4.5
112304,58,3,3.5
112305,31,1,2.2
112306,45,3,3.0
112306,77,1,3.0
112306,83,1,14.0
112307,41,2,4.25
112307,65,2,0.8
112307,77,1,3.0
112308,18,1,10.95
112309,50,1,2.5
112310,24,2,3.0
112311,35,2,3.1
112312,23,1,2.5
112313,48,2,2.5
112314,40,2,3.75
112314,64,1,0.8
112315,27,2,3.5
112315,73,1,3.75
112316,34,1,2.45
112317,22,1,2.0
112318,27,2,3.5
112318,76,1,3.5
112319,38,2,3.75
112319,63,2,0.8
112320,33,2,3.5
112321,43,2,3.0
112321,79,1,3.75
112322,46,2,2.5
112322,71,1,3.75
112323,25,2,2.2
112324,25,1,2.2
112325,28,1,2.0
112326,60,1,3.75
112327,61,1,4.75
112328,59,2,4.5
112329,48,2,2.5
112329,5,1,15.0
112330,31,3,2.2
112331,28,2,2.0
112332,52,1,2.5
112333,40,2,3.75
112333,77,1,3.0
112334,36,2,3.75
112335,22,3,2.0
112335,76,1,3.5
112336,36,1,3.75
112337,38,2,3.75
112338,33,1,3.5
112339,46,1,2.5
112339,70,1,3.25
112339,3,1,14.75
112340,26,1,3.0
112340,20,1,7.6
112341,43,1,3.0
112342,32,2,3.0
112343,42,1,2.5
112344,34,2,2.45
112345,76,1,3.5
112346,23,2,2.5
112347,49,1,3.0
112348,35,2,3.1
112349,31,2,2.2
112350,50,1,2.5
112351,38,1,3.75
112352,46,1,2.5
112353,87,1,3.0
112353,73,1,3.75
112353,83,1,14.0
112354,43,1,3.0
112355,56,1,2.55
112356,31,2,2.2
112356,70,1,3.25
112357,39,2,4.25
112358,39,1,4.25
112359,50,2,2.5
112360,58,3,3.5
112361,31,1,2.2
112362,52,1,2.5
112363,44,2,2.5
112364,30,1,3.0
112364,72,1,3.25
112365,31,1,2.2
112366,43,1,3.0
112367,47,3,3.0
112368,54,1,2.5
112369,43,1,3.0
112370,43,1,3.0
112371,30,2,3.0
112372,38,2,3.75
112373,40,3,3.75
112373,65,1,0.8
112374,30,2,3.0
112375,30,1,3.0
112376,25,2,2.2
112377,60,1,3.75
112378,25,3,2.2
112379,25,2,2.2
112380,51,2,3.0
112381,38,2,3.75
112382,42,1,2.5
112383,42,2,2.5
112384,31,1,2.2
112385,58,2,3.5
112386,74,1,3.5
112387,32,1,3.0
112388,53,2,3.0
112388,70,1,3.25
112389,24,1,3.0
112389,73,1,3.75
112390,32,1,3.0
112391,27,2,3.5
112391,78,1,4.5
112392,87,2,2.1
112392,72,2,3.25
112393,50,2,2.5
112393,79,1,3.75
112394,32,2,3.0
112395,52,3,2.5
112395,72,1,3.25
112396,26,3,3.0
112397,45,1,3.0
112397,76,1,3.5
112398,32,2,3.0
112398,72,1,3.25
112399,32,2,3.0
112400,75,1,3.5
112401,54,2,2.5
112402,78,1,4.5
112403,60,2,3.75
112404,61,2,4.75
112404,70,1,3.25
112405,46,3,2.5
112406,46,2,2.5
112407,28,2,2.0
112408,57,1,3.1
112409,7,1,19.75
112410,22,1,2.0
112411,49,1,3.0
112412,49,1,3.0
112413,37,1,3.0
112413,84,1,0.8
112414,27,2,3.5
112414,72,1,3.25
112415,52,1,2.5
112415,74,1,3.5
112416,44,2,2.5
112417,39,3,4.25
112417,84,2,0.8
112417,69,1,3.25
112418,78,1,4.5
112419,61,1,4.75
112420,79,1,3.75
112421,46,1,2.5
112422,44,1,2.5
112423,43,2,3.0
112424,25,1,2.2
112425,40,1,3.75
112425,64,2,0.8
112426,43,2,3.0
112427,42,1,2.5
112428,61,2,4.75
112429,42,1,2.5
112430,61,1,4.75
112431,79,1,3.75
112432,56,2,2.55
112433,37,1,3.0
112433,65,2,0.8
112434,35,1,3.1
112435,28,1,2.0
112436,61,2,4.75
112437,39,1,4.25
112438,27,1,3.5
112439,35,1,3.1
112440,50,2,2.5
112441,27,3,3.5
112441,72,1,3.25
112442,47,2,3.0
112443,87,3,2.1
112443,72,3,2.65
112444,51,2,3.0
112444,79,1,3.75
112445,39,1,4.25
112446,57,2,3.1
112447,22,2,2.0
112448,87,1,3.0
112449,55,1,4.0
112450,37,1,3.0
112450,84,2,0.8
112451,45,2,3.0
112452,50,3,2.5
112453,87,2,3.0
112454,32,2,3.0
112455,35,2,3.1
112456,56,2,2.55
112457,56,1,2.55
112457,75,1,3.5
112458,44,1,2.5
112458,75,1,3.5
112459,38,1,3.75
112459,64,2,0.8
112460,23,2,2.5
112461,53,1,3.0
112462,87,1,2.1
112462,72,1,3.25
112463,46,2,2.5
112464,59,1,4.5
112464,78,1,4.5
112465,61,2,4.75
112466,87,1,3.0
112467,58,1,3.5
112468,38,1,3.75
112469,53,2,3.0
112470,53,1,3.0
112470,52,1,2.5
112471,47,2,3.0
112472,75,1,3.5
112473,51,2,3.0
112473,74,1,3.5
112474,40,1,3.75
112475,31,1,2.2
112476,56,2,2.55
112477,40,1,3.75
112477,63,1,0.8
112477,73,1,3.75
112478,32,1,3.0
112479,42,2,2.5
112480,36,2,3.75
112481,38,2,3.75
112482,34,2,2.45
112483,29,2,2.5
112483,74,1,3.5
112484,20,1,7.6
112485,33,1,3.5
112486,55,2,4.0
112487,36,2,3.75
112487,76,1,3.5
112488,60,3,3.75
112488,69,1,3.25
112489,47,3,3.0
112489,18,1,10.95
112490,40,2,3.75
112491,78,1,4.5
112492,29,1,2.5
112493,22,2,2.0
112494,50,1,2.5
112495,28,3,2.0
112496,29,3,2.5
112496,81,1,28.0
112497,36,3,3.75
112498,29,2,2.5
112499,35,1,3.1
112500,29,2,2.5
112501,27,1,3.5
112502,57,2,3.1
112503,48,1,2.5
112504,40,1,3.75
112505,40,2,3.75
112506,27,2,3.5
112507,69,1,3.25
112507,14,1,8.95
112508,24,2,3.0
112509,31,2,2.2
112510,40,2,3.75
112510,65,1,0.8
112511,49,1,3.0
112512,48,2,2.5
112513,36,2,3.75
112514,50,1,2.5
112515,43,1,3.0
112516,31,2,2.2
112516,76,1,3.5
112517,36,1,3.75
112518,78,1,4.5
112519,15,1,9.25
112520,54,2,2.5
112521,46,2,2.5
112522,45,2,3.0
112523,60,1,3.75
112524,48,2,2.5
112524,17,1,9.5
112525,25,1,2.2
112526,57,2,3.1
112526,73,1,3.75
112527,55,1,4.0
112528,53,1,3.0
112529,26,3,3.0
112530,57,2,3.1
112530,73,1,3.75
112531,31,2,2.2
112532,33,1,3.5
112533,52,2,2.5
112534,23,2,2.5
112535,22,1,2.0
112536,32,2,3.0
112537,51,1,3.0
112538,70,1,3.25
112539,61,1,4.75
112540,52,1,2.5
112541,50,2,2.5
112542,38,2,3.75
112542,84,1,0.8
112543,29,3,2.5
112544,56,2,2.55
112545,24,2,3.0
112546,58,1,3.5
112546,78,1,4.5
112547,87,1,3.0
112548,59,2,4.5
112549,59,2,4.5
112550,70,1,3.25
112550,18,1,10.95
112551,30,1,3.0
112552,55,1,4.0
112553,46,3,2.5
112554,59,1,4.5
112555,26,1,3.0
112556,61,1,4.75
112557,87,2,2.1
112557,72,2,3.25
112558,50,3,2.5
112559,49,3,3.0
112559,75,1,3.5
112560,39,2,4.25
112561,36,1,3.75
112562,33,2,3.5
112563,25,2,2.2
112564,48,1,2.5
112565,37,2,3.0
112566,33,2,3.5
112567,46,3,2.5
112568,43,1,3.0
112569,29,2,2.5
112570,57,1,3.1
112571,58,1,3.5
112572,31,2,2.2
112573,71,1,3.75
112574,39,1,4.25
112575,60,1,3.75
112575,78,1,4.5
112576,42,2,2.5
112577,51,1,3.0
112578,35,1,3.1
112578,72,1,3.25
112579,29,1,2.5
112580,37,3,3.0
112580,63,2,0.8
112581,42,1,2.5
112581,72,1,3.25
112582,45,2,3.0
112583,22,1,2.0
112584,28,2,2.0
112585,23,3,2.5
112586,53,2,3.0
112587,51,2,3.0
112588,41,1,4.25
112589,55,2,4.0
112590,49,3,3.0
112591,38,1,3.75
112591,84,1,0.8
112592,31,1,2.2
112593,79,1,3.75
112594,46,2,2.5
112595,76,1,3.5
112596,53,1,3.0
112597,87,1,3.0
112598,29,1,2.5
112599,41,1,4.25
112599,84,1,0.8
112599,69,1,3.25
112600,33,2,3.5
112600,75,1,3.5
112601,31,2,2.2
112602,87,1,3.0
112603,59,2,4.5
112603,70,1,3.25
112604,31,2,2.2
112605,32,2,3.0
112606,43,1,3.0
112607,87,2,3.0
112607,75,1,3.5
112608,39,1,4.25
112609,36,3,3.75
112610,31,1,2.2
112611,53,1,3.0
112612,55,1,4.0
112613,75,1,3.5
112614,24,1,3.0
112614,70,1,3.25
112615,51,2,3.0
112615,78,1,4.5
112616,24,2,3.0
112617,24,2,3.0
112618,50,2,2.5
112619,51,2,3.0
112620,23,2,2.5
112621,35,1,3.1
112622,48,2,2.5
112623,57,1,3.1
112624,29,1,2.5
112625,59,1,4.5
112626,53,2,3.0
112627,26,2,3.0
112628,39,2,4.25
112629,42,1,2.5
112630,35,3,3.1
112631,36,1,3.75
112632,56,1,2.55
112633,27,1,3.5
112634,29,2,2.5
112635,47,1,3.0
112636,40,1,3.75
112636,65,2,0.8
112637,87,1,3.0
112638,25,2,2.2
112639,47,2,3.0
112640,59,1,4.5
112641,27,2,3.5
112641,70,1,3.25
112642,26,1,3.0
112643,23,2,2.5
112644,25,1,2.2
112645,22,1,2.0
112646,78,1,4.5
112647,31,2,2.2
112647,77,1,3.0
112648,50,1,2.5
112649,31,3,2.2
112650,15,1,9.25
112651,78,1,4.5
112652,52,1,2.5
112653,48,2,2.5
112654,41,2,4.25
112655,27,1,3.5
112656,47,2,3.0
112657,45,3,3.0
112657,72,1,3.25
112658,58,2,3.5
112659,38,1,3.75
112659,64,2,0.8
112660,26,2,3.0
112661,23,2,2.5
112662,22,1,2.0
112663,49,2,3.0
112664,24,2,3.0
112665,49,1,3.0
112666,23,3,2.5
112667,45,1,3.0
112668,60,1,3.75
112669,60,1,3.75
112670,27,1,3.5
112671,77,1,3.0
112672,44,1,2.5
112673,22,2,2.0
112674,58,2,3.5
112675,77,1,3.0
112676,61,2,4.75
112677,58,1,3.5
112678,23,3,2.5
112679,31,2,2.2
112680,49,1,3.0
112681,50,1,2.5
112682,54,2,2.5
112683,45,2,3.0
112684,23,1,2.5
112685,41,3,4.25
112685,64,1,0.8
112686,53,1,3.0
112687,39,2,4.25
112687,65,2,0.8
112687,73,1,3.75
112688,35,1,3.1
112689,28,2,2.0
112690,23,2,2.5
112691,40,2,3.75
112692,38,1,3.75
112693,46,2,2.5
112693,75,1,3.5
112693,15,1,9.25
112694,41,2,4.25
112695,38,1,3.75
112696,33,2,3.5
112697,48,2,2.5
112698,33,1,3.5
112699,44,3,2.5
112700,37,2,3.0
112701,34,1,2.45
112702,30,1,3.0
112703,32,1,3.0
112704,44,2,2.5
112705,34,1,2.45
112706,45,1,3.0
112707,34,1,2.45
112708,36,2,3.75
112709,50,2,2.5
112710,39,1,4.25
112711,24,2,3.0
112712,71,1,3.75
112713,50,1,2.5
112714,56,1,2.55
112715,59,2,4.5
112715,6,1,21.0
112716,39,1,4.25
112716,65,2,0.8
112717,41,1,4.25
112718,24,1,3.0
112719,57,2,3.1
112719,78,1,4.5
112720,40,1,3.75
112721,73,1,3.75
112722,40,1,3.75
112723,36,2,3.75
112724,26,2,3.0
112725,25,2,2.2
112726,46,1,2.5
112727,52,1,2.5
112728,22,2,2.0
112729,34,2,2.45
112730,57,2,3.1
112731,58,1,3.5
112732,24,1,3.0
112733,34,2,2.45
112734,60,2,3.75
112735,26,3,3.0
112736,30,2,3.0
112737,41,1,4.25
112737,63,2,0.8
112738,38,2,3.75
112738,63,2,0.8
112739,47,3,3.0
112740,53,2,3.0
112740,77,1,3.0
112741,40,1,3.75
112742,38,3,3.75
112742,65,1,0.8
112743,35,1,3.1
112744,22,1,2.0
112745,51,2,3.0
112746,42,1,2.5
112747,33,2,3.5
112748,27,2,3.5
112749,39,1,4.25
112749,84,2,0.8
112750,27,1,3.5
112751,45,2,3.0
112752,46,1,2.5
112753,76,1,3.5
112754,61,2,4.75
112755,32,1,3.0
112756,87,1,3.0
112757,55,1,4.0
112758,26,1,3.0
112758,70,1,3.25
112759,26,2,3.0
112760,45,2,3.0
112761,29,1,2.5
112762,69,1,3.25
112763,22,3,2.0
112764,32,2,3.0
112765,28,2,2.0
112766,33,1,3.5
112767,54,3,2.5
112768,25,2,2.2
112769,46,1,2.5
112770,54,1,2.5
112771,30,2,3.0
112772,25,2,2.2
112772,70,1,3.25
112773,44,2,2.5
112774,51,1,3.0
112775,55,2,4.0
112776,28,1,2.0
112777,54,2,2.5
112778,42,1,2.5
112779,39,2,4.25
112780,25,1,2.2
112781,25,1,2.2
112782,44,2,2.5
112783,54,3,2.5
112784,36,1,3.75
112785,73,1,3.75
112786,87,1,3.0
112787,33,2,3.5
112788,42,2,2.5
112789,37,2,3.0
112790,36,1,3.75
112791,28,2,2.0
112792,57,2,3.1
112793,87,3,2.1
112793,72,3,2.65
112793,79,1,3.75
112794,47,1,3.0
112794,79,1,3.75
112795,61,2,4.75
112796,54,1,2.5
112797,57,1,3.1
112798,60,1,3.75
112799,35,1,3.1
112800,46,1,2.5
112801,26,1,3.0
112802,41,2,4.25
112803,43,3,3.0
112804,45,3,3.0
112805,50,2,2.5
112806,37,1,3.0
112807,59,1,4.5
112808,73,1,3.75
112809,28,3,2.0
112809,69,1,3.25
112810,55,2,4.0
112811,39,1,4.25
112811,79,1,3.75
112812,26,2,3.0
112813,30,2,3.0
112814,49,3,3.0
112815,42,1,2.5
112816,57,1,3.1
112817,36,1,3.75
112818,40,2,3.75
112819,47,1,3.0
112820,29,2,2.5
112821,39,2,4.25
112822,28,2,2.0
112823,58,1,3.5
112824,44,1,2.5
112825,42,1,2.5
112826,45,1,3.0
112827,31,3,2.2
112828,36,1,3.75
112828,69,1,3.25
112829,28,2,2.0
112830,52,1,2.5
112831,33,1,3.5
112832,61,1,4.75
112832,72,1,3.25
112833,71,1,3.75
112834,87,2,3.0
112835,69,1,3.25
112836,60,1,3.75
112837,27,3,3.5
112837,75,1,3.5
112837,81,1,28.0
112838,39,3,4.25
112838,63,1,0.8
112839,44,2,2.5
112840,23,1,2.5
112841,87,3,3.0
112842,59,2,4.5
112843,27,2,3.5
112844,34,2,2.45
112844,2,1,18.0
112845,38,2,3.75
112846,49,2,3.0
112847,26,2,3.0
112848,29,1,2.5
112849,29,1,2.5
112850,50,2,2.5
112850,70,1,3.25
112851,36,2,3.75
112852,70,1,3.25
112853,36,1,3.75
112854,36,2,3.75
112855,47,1,3.0
112856,39,2,4.25
112857,41,1,4.25
112857,84,1,0.8
112858,36,2,3.75
112859,54,2,2.5
112860,37,2,3.0
112861,52,2,2.5
112861,1,1,18.0
112862,70,1,3.25
112863,54,2,2.5
112864,42,1,2.5
112864,78,1,4.5
112865,28,2,2.0
112866,41,2,4.25
112867,42,2,2.5
112867,72,1,3.25
112868,36,1,3.75
112869,59,2,4.5
112870,76,1,3.5
112871,26,2,3.0
112872,42,2,2.5
112873,24,1,3.0
112874,54,1,2.5
112875,29,3,2.5
112875,71,1,3.75
112876,37,1,3.0
112876,63,1,0.8
112876,79,1,3.75
112877,30,2,3.0
112878,33,2,3.5
112879,23,2,2.5
112880,59,1,4.5
112881,28,2,2.0
112882,58,1,3.5
112883,42,2,2.5
112884,55,1,4.0
112885,49,2,3.0
112886,87,1,3.0
112886,71,1,3.75
112887,72,1,3.25
112888,71,1,3.75
112889,39,1,4.25
112889,63,1,0.8
112890,41,2,4.25
112890,64,2,0.8
112891,60,1,3.75
112892,44,1,2.5
112893,39,1,4.25
112893,76,1,3.5
112894,26,2,3.0
112895,36,1,3.75
112896,34,2,2.45
112897,43,2,3.0
112898,42,1,2.5
112899,27,1,3.5
112900,59,2,4.5
112901,27,2,3.5
112902,39,2,4.25
112902,74,1,3.5
112903,33,2,3.5
112904,45,1,3.0
112905,49,3,3.0
112906,52,2,2.5
112906,76,1,3.5
112907,25,2,2.2
112907,71,1,3.75
112908,47,1,3.0
112909,61,3,4.75
112910,38,2,3.75
112911,26,2,3.0
112912,44,1,2.5
112913,24,2,3.0
112914,28,2,2.0
112915,32,2,3.0
112916,34,1,2.45
112916,77,1,3.0
112917,38,1,3.75
112918,38,3,3.75
112918,63,1,0.8
112919,53,1,3.0
112920,36,3,3.75
112921,28,2,2.0
112922,60,2,3.75
112923,51,1,3.0
112924,44,1,2.5
112925,59,3,4.5
112926,35,2,3.1
112927,23,2,2.5
112927,74,1,3.5
112928,45,1,3.0
112929,48,1,2.5
112930,22,2,2.0
112931,27,1,3.5
112931,77,1,3.0
112932,47,2,3.0
112933,44,2,2.5
112934,25,1,2.2
112935,23,1,2.5
112935,70,1,3.25
112936,87,2,3.0
112936,71,1,3.75
112937,35,1,3.1
112938,40,2,3.75
112939,38,1,3.75
112940,33,2,3.5
112941,44,1,2.5
112941,71,1,3.75
112942,26,2,3.0
112943,50,1,2.5
112944,36,2,3.75
112945,25,1,2.2
112946,59,2,4.5
112947,54,2,2.5
112947,79,1,3.75
112948,46,1,2.5
112949,57,1,3.1
112950,45,1,3.0
112951,23,2,2.5
112952,87,1,3.0
112953,60,1,3.75
112954,27,1,3.5
112955,46,1,2.5
112956,87,2,3.0
112957,28,3,2.0
112958,49,1,3.0
112959,22,1,2.0
112959,76,1,3.5
112960,40,2,3.75
112960,63,2,0.8
112960,69,1,3.25
112961,24,2,3.0
112962,57,1,3.1
112962,74,1,3.5
112963,37,2,3.0
112964,33,3,3.5
112964,7,1,19.75
112965,45,1,3.0
112966,25,1,2.2
112967,45,1,3.0
112968,48,2,2.5
112969,59,2,4.5
112970,36,2,3.75
112971,56,2,2.55
112972,56,1,2.55
112972,74,1,3.5
112973,49,2,3.0
112974,28,2,2.0
112975,22,1,2.0
112976,23,2,2.5
112977,57,2,3.1
112978,37,1,3.0
112979,29,2,2.5
112980,49,1,3.0
112981,55,1,4.0
112982,36,2,3.75
112983,53,2,3.0
112984,40,2,3.75
112985,22,2,2.0
112986,55,1,4.0
112987,41,2,4.25
112988,36,2,3.75
112988,77,1,3.0
112989,52,1,2.5
112990,26,2,3.0
112991,60,1,3.75
112992,40,2,3.75
112993,34,2,2.45
112994,61,1,4.75
112995,25,1,2.2
112996,41,2,4.25
112996,84,2,0.8
112996,79,1,3.75
112997,35,2,3.1
112998,44,1,2.5
112999,57,2,3.1
113000,55,2,4.0
113000,56,2,2.55
113001,49,1,3.0
113001,72,1,3.25
113002,30,2,3.0
113003,55,2,4.0
113004,54,3,2.5
113005,47,3,3.0
113006,30,1,3.0
113007,24,1,3.0
113008,23,1,2.5
113009,26,1,3.0
113009,74,1,3.5
113010,36,1,3.75
113011,35,2,3.1
113012,51,1,3.0
113012,75,1,3.5
113013,50,1,2.5
113013,70,1,3.25
113014,28,2,2.0
113015,40,1,3.75
113016,39,1,4.25
113017,32,2,3.0
113018,39,1,4.25
113019,54,1,2.5
113020,55,1,4.0
113020,77,1,3.0
113021,30,3,3.0
113022,43,2,3.0
113023,45,2,3.0
113024,30,1,3.0
113025,47,2,3.0
113026,38,2,3.75
113027,27,2,3.5
113028,25,1,2.2
113029,23,2,2.5
113030,49,2,3.0
113031,49,2,3.0
113032,56,2,2.55
113033,25,1,2.2
113034,26,1,3.0
113035,51,2,3.0
113036,57,1,3.1
113037,24,1,3.0
113038,49,1,3.0
113039,27,1,3.5
113040,25,1,2.2
113041,53,3,3.0
113041,71,1,3.75
113042,39,1,4.25
113042,63,1,0.8
113043,22,3,2.0
113044,42,2,2.5
113045,54,1,2.5
113046,45,2,3.0
113047,38,2,3.75
113048,56,2,2.55
113049,27,2,3.5
113050,43,3,3.0
113050,74,1,3.5
113051,54,1,2.5
113052,38,2,3.75
113052,84,2,0.8
113053,42,2,2.5
113054,35,2,3.1
113055,39,2,4.25
113056,60,1,3.75
113057,24,1,3.0
113057,81,1,28.0
113058,58,1,3.5
113059,54,1,2.5
113060,43,2,3.0
113061,56,1,2.55
113062,48,2,2.5
113063,50,3,2.5
113064,48,2,2.5
113065,49,2,3.0
113066,29,1,2.5
113067,58,2,3.5
113068,26,1,3.0
113069,61,1,4.75
113070,51,1,3.0
113071,45,1,3.0
113072,50,1,2.5
113073,56,2,2.55
113074,58,1,3.5
113074,70,1,3.25
113075,22,2,2.0
113076,26,2,3.0
113077,48,1,2.5
113078,59,2,4.5
113079,42,2,2.5
113080,50,1,2.5
113081,23,2,2.5
113082,59,3,4.5
113083,44,2,2.5
113084,41,2,4.25
113085,27,1,3.5
113086,35,2,3.1
113087,35,2,3.1
113088,42,2,2.5
113088,74,1,3.5
113089,50,2,2.5
113090,22,1,2.0
113091,28,1,2.0
113092,31,2,2.2
113093,36,2,3.75
113093,74,1,3.5
113094,32,1,3.0
113095,56,1,2.55
113096,31,1,2.2
113097,25,1,2.2
113098,30,1,3.0
113099,27,1,3.5
113100,76,1,3.5
113101,45,1,3.0
113102,30,3,3.0
113102,77,1,3.0
113103,49,1,3.0
113104,38,1,3.75
113105,42,1,2.5
113106,56,2,2.55
113107,39,2,4.25
113108,57,2,3.1
113109,23,1,2.5
113110,56,1,2.55
113111,26,1,3.0
113111,77,1,3.0
113112,39,2,4.25
113112,65,2,0.8
113113,22,2,2.0
113114,45,1,3.0
113114,77,1,3.0
113115,33,2,3.5
113116,23,2,2.5
113117,37,2,3.0
113118,24,1,3.0
113119,78,1,4.5
113120,53,1,3.0
113121,41,1,4.25
113121,71,1,3.75
113122,39,1,4.25
113123,58,1,3.5
113124,23,1,2.5
113125,59,2,4.5
113126,27,1,3.5
113127,25,2,2.2
113128,42,1,2.5
113129,43,1,3.0
113130,48,2,2.5
113130,74,1,3.5
113131,23,1,2.5
113132,48,1,2.5
113133,34,1,2.45
113134,23,1,2.5
113134,77,1,3.0
113135,59,1,4.5
113136,41,2,4.25
113137,32,2,3.0
113138,52,1,2.5
113139,41,1,4.25
113140,51,1,3.0
113141,50,1,2.5
113142,60,1,3.75
113143,49,2,3.0
113144,56,2,2.55
113145,14,1,8.95
113146,51,2,3.0
113146,70,1,3.25
113147,49,2,3.0
113148,26,1,3.0
113149,28,2,2.0
113150,28,2,2.0
113151,48,2,2.5
113152,47,2,3.0
113153,37,1,3.0
113154,25,2,2.2
113155,39,2,4.25
113156,30,1,3.0
113156,71,1,3.75
113157,56,1,2.55
113158,45,1,3.0
113159,39,1,4.25
113159,65,2,0.8
113160,49,1,3.0
113161,26,2,3.0
113162,44,1,2.5
113163,28,2,2.0
113164,48,2,2.5
113165,26,2,3.0
113165,72,1,3.25
113166,49,2,3.0
113167,51,2,3.0
113168,49,2,3.0
113168,71,1,3.75
113169,58,1,3.5
113170,42,2,2.5
113170,79,1,3.75
113171,30,1,3.0
113172,35,2,3.1
113173,53,1,3.0
113174,44,1,2.5
113175,53,2,3.0
113175,73,1,3.75
113176,55,1,4.0
113177,30,1,3.0
113178,54,1,2.5
113179,27,1,3.5
113180,60,2,3.75
113181,26,2,3.0
113182,79,1,3.75
113183,69,1,3.25
113184,61,2,4.75
113185,48,2,2.5
113186,32,2,3.0
113187,28,1,2.0
113188,46,2,2.5
113189,27,3,3.5
113190,87,1,2.1
113190,72,1,2.65
113191,61,2,4.75
113192,42,2,2.5
113193,57,1,3.1
113194,24,1,3.0
113195,48,1,2.5
113196,42,2,2.5
113197,34,1,2.45
113198,37,2,3.0
113198,63,2,0.8
113198,81,1,28.0
113199,52,1,2.5
113200,27,2,3.5
113201,29,1,2.5
113202,23,2,2.5
113202,78,1,4.5
113203,30,1,3.0
113204,26,1,3.0
113205,57,2,3.1
113206,31,2,2.2
113207,24,3,3.0
113208,36,1,3.75
113209,41,1,4.25
113209,63,2,0.8
113210,46,1,2.5
113211,46,2,2.5
113212,57,1,3.1
113213,36,1,3.75
113214,46,3,2.5
113215,56,1,2.55
113215,78,1,4.5
113216,44,2,2.5
113217,56,2,2.55
113217,75,1,3.5
113218,35,1,3.1
113219,45,2,3.0
113220,52,2,2.5
113221,53,1,3.0
113222,28,3,2.0
113223,30,1,3.0
113224,39,2,4.25
113224,64,1,0.8
113225,30,1,3.0
113226,44,3,2.5
113227,45,2,3.0
113228,33,1,3.5
113228,75,1,3.5
113229,58,3,3.5
113230,42,1,2.5
113231,32,2,3.0
113232,44,2,2.5
113233,50,1,2.5
113234,56,2,2.55
113235,56,3,2.55
113236,59,1,4.5
113237,35,1,3.1
113237,2,1,18.0
113238,57,3,3.1
113239,40,2,3.75
113239,63,2,0.8
113240,48,1,2.5
113240,75,1,3.5
113241,33,1,3.5
113242,59,1,4.5
113242,79,1,3.75
113243,51,1,3.0
113244,25,1,2.2
113245,87,1,2.1
113245,72,1,2.65
113245,76,1,3.5
113246,38,1,3.75
113246,72,1,3.25
113247,35,2,3.1
113247,8,1,45.0
113248,44,1,2.5
113249,36,1,3.75
113250,87,2,2.1
113250,72,2,2.65
113250,75,1,3.5
113251,32,3,3.0
113252,48,2,2.5
113253,22,2,2.0
113254,55,3,4.0
113255,50,1,2.5
113256,47,1,3.0
113257,41,2,4.25
113257,63,2,0.8
113258,61,1,4.75
113259,30,2,3.0
113260,25,1,2.2
113261,29,3,2.5
113262,22,1,2.0
113263,31,1,2.2
113263,76,1,3.5
113264,39,2,4.25
113264,84,1,0.8
113265,40,2,3.75
113265,84,2,0.8
113266,56,1,2.55
113267,49,3,3.0
113267,74,1,3.5
113268,31,1,2.2
113269,35,2,3.1
113270,52,3,2.5
113271,23,1,2.5
113272,54,3,2.5
113273,46,2,2.5
113274,23,1,2.5
113275,24,2,3.0
113276,41,1,4.25
113276,63,1,0.8
113277,26,1,3.0
113278,47,1,3.0
113278,76,1,3.5
113279,45,1,3.0
113280,31,1,2.2
113281,56,2,2.55
113282,53,2,3.0
113283,46,1,2.5
113284,44,1,2.5
113285,56,3,2.55
113286,87,1,3.0
113287,54,2,2.5
113288,87,2,3.0
113289,58,2,3.5
113290,45,1,3.0
113291,55,1,4.0
113292,47,2,3.0
113292,76,1,3.5
113293,60,1,3.75
113294,33,1,3.5
113295,87,1,3.0
113296,40,2,3.75
113296,84,2,0.8
113297,51,1,3.0
113298,25,2,2.2
113299,29,2,2.5
113300,54,1,2.5
113301,47,2,3.0
113302,50,1,2.5
113302,73,1,3.75
113303,24,2,3.0
113304,33,3,3.5
113305,26,1,3.0
113306,60,2,3.75
113307,45,1,3.0
113308,55,3,4.0
113308,74,1,3.5
113309,42,1,2.5
113310,33,3,3.5
113310,78,1,4.5
113311,47,2,3.0
113311,72,1,3.25
113312,51,3,3.0
113313,87,1,2.1
113313,72,1,2.65
113314,46,2,2.5
113315,45,2,3.0
113316,55,1,4.0
113317,30,2,3.0
113318,71,1,3.75
113319,58,1,3.5
113320,47,1,3.0
113321,71,1,3.75
113322,37,1,3.0
113322,65,2,0.8
113323,41,1,4.25
113323,84,1,0.8
113324,61,2,4.75
113325,55,2,4.0
113326,41,3,4.25
113326,63,2,0.8
113326,74,1,3.5
113327,87,1,2.1
113327,72,1,3.25
113328,25,1,2.2
113329,45,2,3.0
113330,32,1,3.0
113331,46,2,2.5
113332,55,1,4.0
113333,40,2,3.75
113333,64,2,0.8
113334,33,1,3.5
113335,57,1,3.1
113336,57,1,3.1
113337,39,1,4.25
113337,84,1,0.8
113338,55,2,4.0
113339,43,1,3.0
113340,87,1,2.1
113340,72,1,3.25
113341,34,1,2.45
113342,47,1,3.0
113343,40,2,3.75
113343,84,1,0.8
113344,46,2,2.5
113345,32,2,3.0
113346,59,1,4.5
113347,31,2,2.2
113347,74,1,3.5
113348,61,1,4.75
113349,22,1,2.0
113350,49,1,3.0
113351,24,2,3.0
113352,27,2,3.5
113353,28,1,2.0
113354,31,3,2.2
113355,32,1,3.0
113356,29,2,2.5
113357,28,3,2.0
113358,55,1,4.0
113359,54,1,2.5
113360,57,2,3.1
113360,75,1,3.5
113361,53,2,3.0
113362,56,1,2.55
113363,71,1,3.75
113364,58,3,3.5
113365,27,1,3.5
113366,45,3,3.0
113367,49,1,3.0
113368,49,2,3.0
113369,34,1,2.45
113369,71,1,3.75
113370,57,1,3.1
113371,51,1,3.0
113372,44,1,2.5
113373,29,2,2.5
113374,23,1,2.5
113375,23,1,2.5
113376,43,1,3.0
113376,73,1,3.75
113377,44,2,2.5
113378,36,1,3.75
113379,40,2,3.75
113379,65,2,0.8
113380,26,2,3.0
113381,39,1,4.25
113381,84,1,0.8
113382,23,1,2.5
113383,50,1,2.5
113384,54,2,2.5
113385,51,1,3.0
113386,26,3,3.0
113387,42,3,2.5
113388,26,3,3.0
113389,23,2,2.5
113390,71,1,3.75
113391,44,2,2.5
113392,30,1,3.0
113393,51,2,3.0
113394,25,2,2.2
113395,48,2,2.5
113396,87,1,2.1
113396,72,1,3.25
113397,58,2,3.5
113398,44,2,2.5
113399,32,1,3.0
113400,54,2,2.5
113401,50,1,2.5
113401,73,1,3.75
113402,53,2,3.0
113403,43,2,3.0
113404,60,2,3.75
113405,41,2,4.25
113405,64,1,0.8
113406,59,1,4.5
113407,30,2,3.0
113408,59,2,4.5
113409,33,1,3.5
113410,44,1,2.5
113411,53,1,3.0
113412,39,1,4.25
113412,76,1,3.5
113413,71,1,3.75
113413,71,1,3.75
113414,45,1,3.0
113415,25,2,2.2
113415,76,1,3.5
113416,32,1,3.0
113417,59,1,4.5
113418,23,2,2.5
113419,46,2,2.5
113419,71,1,3.75
113420,55,2,4.0
113421,37,1,3.0
113421,65,2,0.8
113422,47,1,3.0
113423,46,1,2.5
113423,73,1,3.75
113424,33,1,3.5
113425,87,1,2.1
113425,72,1,3.25
113426,25,2,2.2
113427,56,2,2.55
113428,59,1,4.5
113429,51,1,3.0
113430,36,3,3.75
113431,48,1,2.5
113432,26,2,3.0
113432,77,1,3.0
113433,42,2,2.5
113434,71,1,3.75
113435,59,1,4.5
113436,47,1,3.0
113437,25,2,2.2
113438,37,1,3.0
113438,64,1,0.8
113439,56,2,2.55
113440,35,2,3.1
113441,37,1,3.0
113441,65,2,0.8
113442,44,1,2.5
113443,30,2,3.0
113444,58,3,3.5
113445,25,1,2.2
113446,58,2,3.5
113447,24,1,3.0
113448,51,2,3.0
113449,36,1,3.75
113450,24,2,3.0
113450,76,1,3.5
113451,55,3,4.0
113452,51,2,3.0
113453,50,2,2.5
113454,52,2,2.5
113455,57,1,3.1
113456,61,2,4.75
113457,87,1,2.1
113457,72,1,2.65
113457,70,1,3.25
113458,54,2,2.5
113459,51,2,3.0
113460,37,1,3.0
113460,64,1,0.8
113461,87,1,3.0
113461,70,1,3.25
113462,35,3,3.1
113462,31,1,2.2
113462,75,1,3.5
113463,59,1,4.5
113464,27,2,3.5
113465,57,2,3.1
113466,34,2,2.45
113467,55,1,4.0
113468,33,1,3.5
113469,33,1,3.5
113470,47,1,3.0
113471,40,1,3.75
113471,63,2,0.8
113472,28,3,2.0
113473,42,1,2.5
113474,23,2,2.5
113475,71,1,3.75
113476,57,2,3.1
113477,26,2,3.0
113478,52,1,2.5
113479,42,2,2.5
113480,40,2,3.75
113481,22,1,2.0
113482,52,3,2.5
113483,58,1,3.5
113484,57,3,3.1
113484,15,1,9.25
113485,29,1,2.5
113486,51,2,3.0
113487,40,2,3.75
113488,28,3,2.0
113489,48,1,2.5
113490,49,1,3.0
113491,53,2,3.0
113492,44,2,2.5
113493,30,2,3.0
113494,40,1,3.75
113494,64,1,0.8
113495,28,2,2.0
113495,42,3,2.5
113496,59,2,4.5
113497,34,2,2.45
113498,23,1,2.5
113499,61,1,4.75
113500,58,1,3.5
113500,73,1,3.75
113501,33,2,3.5
113502,38,2,3.75
113502,84,1,0.8
113503,45,2,3.0
113504,23,1,2.5
113505,26,3,3.0
113506,29,3,2.5
113507,59,1,4.5
113508,52,1,2.5
113509,38,1,3.75
113509,64,1,0.8
113510,32,2,3.0
113511,47,2,3.0
113512,44,2,2.5
113513,56,1,2.55
113514,23,2,2.5
113515,34,2,2.45
113515,70,1,3.25
113516,34,1,2.45
113517,33,1,3.5
113518,37,1,3.0
113518,65,1,0.8
113519,60,2,3.75
113520,29,2,2.5
113521,50,1,2.5
113522,71,1,3.75
113522,71,1,3.75
113523,53,2,3.0
113524,57,1,3.1
113525,45,2,3.0
113525,71,1,3.75
113526,42,2,2.5
113527,45,1,3.0
113528,51,1,3.0
113529,29,3,2.5
113530,38,2,3.75
113530,84,1,0.8
113531,71,1,3.75
113532,39,1,4.25
113532,64,1,0.8
113533,53,3,3.0
113534,54,2,2.5
113535,42,3,2.5
113535,78,1,4.5
113536,29,2,2.5
113537,48,1,2.5
113538,44,3,2.5
113539,51,1,3.0
113539,75,1,3.5
113540,41,3,4.25
113540,64,2,0.8
113540,75,1,3.5
113541,31,3,2.2
113542,25,2,2.2
113543,41,3,4.25
113543,63,2,0.8
113543,77,1,3.0
113544,28,3,2.0
113544,74,1,3.5
113545,39,1,4.25
113545,84,2,0.8
113546,87,1,2.1
113546,72,1,3.25
113546,73,1,3.75
113547,87,1,3.0
113548,87,1,2.1
113548,72,1,3.25
113549,34,2,2.45
113550,27,1,3.5
113551,23,1,2.5
113552,28,1,2.0
113553,43,2,3.0
113554,54,1,2.5
113555,48,3,2.5
113556,58,1,3.5
113556,74,1,3.5
113557,87,2,3.0
113558,34,2,2.45
113559,71,1,3.75
113560,22,2,2.0
113561,71,1,3.75
113562,23,1,2.5
113563,31,3,2.2
113564,23,3,2.5
113565,59,2,4.5
113566,54,2,2.5
113567,24,1,3.0
113567,76,1,3.5
113568,39,2,4.25
113568,64,1,0.8
113569,60,2,3.75
113570,29,1,2.5
113570,38,2,3.75
113570,64,2,0.8
113571,45,1,3.0
113572,22,3,2.0
113573,23,1,2.5
113574,31,1,2.2
113575,37,1,3.0
113575,63,1,0.8
113576,37,3,3.0
113576,63,1,0.8
113576,83,1,14.0
113577,34,1,2.45
113578,32,1,3.0
113579,37,2,3.0
113579,84,2,0.8
113580,60,2,3.75
113581,51,2,3.0
113582,87,2,3.0
113583,40,3,3.75
113583,63,1,0.8
113583,79,1,3.75
113584,61,2,4.75
113584,73,1,3.75
113585,25,2,2.2
113585,71,1,3.75
113586,50,1,2.5
113587,61,1,4.75
113587,77,1,3.0
113588,22,1,2.0
113589,37,2,3.0
113589,79,1,3.75
113590,50,2,2.5
113591,37,1,3.0
113591,64,2,0.8
113592,61,1,4.75
113593,56,2,2.55
113594,54,2,2.5
113595,52,1,2.5
113595,77,1,3.0
113596,30,2,3.0
113597,57,1,3.1
113598,87,1,2.1
113598,72,1,2.65
113598,73,1,3.75
113598,52,3,2.5
113599,33,2,3.5
113600,49,1,3.0
113601,87,1,3.0
113602,57,3,3.1
113603,27,2,3.5
113604,44,2,2.5
113605,38,1,3.75
113606,55,2,4.0
113607,29,2,2.5
113608,58,2,3.5
113608,76,1,3.5
113609,23,1,2.5
113610,43,2,3.0
113611,51,1,3.0
113612,44,2,2.5
113613,43,3,3.0
113614,54,1,2.5
113615,24,1,3.0
113616,41,2,4.25
113616,84,2,0.8
113617,61,2,4.75
113617,75,1,3.5
113618,35,2,3.1
113619,25,1,2.2
113620,50,1,2.5
113620,70,1,3.25
113621,30,1,3.0
113622,53,1,3.0
113622,69,1,3.25
113623,39,1,4.25
113624,61,2,4.75
113625,47,1,3.0
113626,35,3,3.1
113627,26,2,3.0
113627,76,1,3.5
113628,22,1,2.0
113629,57,1,3.1
113630,33,1,3.5
113631,60,1,3.75
113632,22,2,2.0
113632,74,1,3.5
113632,58,1,3.5
113633,30,2,3.0
113634,57,2,3.1
113635,51,2,3.0
113635,34,2,2.45
113636,48,3,2.5
113637,46,2,2.5
113638,51,1,3.0
113639,45,2,3.0
113640,53,2,3.0
113641,32,2,3.0
113642,57,1,3.1
113643,38,2,3.75
113644,50,1,2.5
113645,28,2,2.0
113646,48,2,2.5
113647,42,2,2.5
113648,39,2,4.25
113648,64,2,0.8
113649,59,1,4.5
113650,49,2,3.0
113651,54,1,2.5
113652,29,2,2.5
113653,34,2,2.45
113654,56,1,2.55
113655,48,3,2.5
113656,23,2,2.5
113657,50,2,2.5
113658,23,1,2.5
113659,31,3,2.2
113660,53,2,3.0
113661,24,1,3.0
113662,46,3,2.5
113663,30,1,3.0
113664,39,1,4.25
113665,36,2,3.75
113666,30,2,3.0
113667,33,2,3.5
113668,87,1,2.1
113668,72,1,3.25
113669,41,2,4.25
113669,63,2,0.8
113670,22,2,2.0
113671,27,1,3.5
113672,48,1,2.5
113673,24,1,3.0
113674,61,1,4.75
113675,22,1,2.0
113675,70,1,3.25
113676,34,3,2.45
113677,27,1,3.5
113678,31,1,2.2
113678,71,1,3.75
113679,23,1,2.5
113680,35,1,3.1
113681,87,1,2.1
113681,72,1,3.25
113682,42,2,2.5
113683,59,3,4.5
113684,59,2,4.5
113685,60,3,3.75
113686,54,2,2.5
113687,54,2,2.5
113688,56,1,2.55
113689,22,2,2.0
113690,43,2,3.0
113691,45,2,3.0
113692,23,3,2.5
113693,24,1,3.0
113694,43,1,3.0
113694,77,1,3.0
113695,43,2,3.0
113696,59,1,4.5
113697,36,1,3.75
113698,54,1,2.5
113699,51,1,3.0
113700,53,2,3.0
113701,52,1,2.5
113701,79,1,3.75
113702,35,3,3.1
113702,41,1,4.25
113702,84,1,0.8
113703,44,1,2.5
113703,70,1,3.25
113703,1,1,18.0
113704,35,3,3.1
113704,69,1,3.25
113705,30,2,3.0
113705,74,1,3.5
113706,47,1,3.0
113707,27,3,3.5
113707,76,1,3.5
113708,61,1,4.75
113709,52,2,2.5
113710,51,3,3.0
113711,60,1,3.75
113712,28,1,2.0
113713,44,1,2.5
113714,54,1,2.5
113715,50,3,2.5
113716,48,1,2.5
113717,44,2,2.5
113718,32,3,3.0
113719,32,1,3.0
113720,37,1,3.0
113721,31,1,2.2
113722,61,2,4.75
113723,32,1,3.0
113724,48,1,2.5
113724,73,1,3.75
113725,56,2,2.55
113725,71,1,3.75
113726,26,1,3.0
113727,50,2,2.5
113728,34,1,2.45
113728,82,1,12.0
113729,24,1,3.0
113730,31,2,2.2
113731,23,2,2.5
113731,3,1,14.75
113732,49,3,3.0
113733,26,1,3.0
113734,41,1,4.25
113735,47,3,3.0
113736,25,2,2.2
113737,33,2,3.5
113738,26,1,3.0
113739,42,1,2.5
113739,70,1,3.25
113740,47,2,3.0
113741,28,3,2.0
113742,56,2,2.55
113743,28,1,2.0
113744,25,1,2.2
113745,43,2,3.0
113745,74,1,3.5
113746,41,1,4.25
113747,25,2,2.2
113748,55,2,4.0
113748,77,1,3.0
113749,55,1,4.0
113749,79,1,3.75
113750,22,1,2.0
113750,72,1,3.25
113751,23,2,2.5
113752,60,2,3.75
113753,24,1,3.0
113753,77,1,3.0
113754,59,2,4.5
113755,60,2,3.75
113755,77,1,3.0
113756,32,2,3.0
113757,25,2,2.2
113758,58,2,3.5
113759,58,1,3.5
113760,46,2,2.5
113761,34,1,2.45
113762,55,2,4.0
113763,43,2,3.0
113764,44,2,2.5
113765,29,2,2.5
113766,36,1,3.75
113766,70,1,3.25
113767,39,1,4.25
113767,74,1,3.5
113768,29,2,2.5
113769,54,1,2.5
113770,60,1,3.75
113771,38,2,3.75
113771,84,2,0.8
113772,51,1,3.0
113773,39,2,4.25
113774,59,2,4.5
113775,43,1,3.0
113776,38,2,3.75
113776,65,2,0.8
113777,32,2,3.0
113778,56,2,2.55
113779,87,1,2.1
113779,72,1,2.65
113779,8,1,45.0
113780,29,2,2.5
113780,76,1,3.5
113781,47,2,3.0
113782,41,2,4.25
113783,58,1,3.5
113784,31,2,2.2
113785,55,1,4.0
113786,46,2,2.5
113787,53,2,3.0
113788,44,2,2.5
113789,38,2,3.75
113789,84,1,0.8
113790,32,1,3.0
113791,42,1,2.5
113792,51,3,3.0
113793,49,2,3.0
113794,31,1,2.2
113794,76,1,3.5
113795,34,1,2.45
113796,22,2,2.0
113797,23,1,2.5
113798,25,2,2.2
113799,42,2,2.5
113800,60,2,3.75
113800,77,1,3.0
113801,57,1,3.1
113802,54,1,2.5
113803,87,2,3.0
113804,24,2,3.0
113805,53,2,3.0
113806,35,1,3.1
113806,71,1,3.75
113807,39,2,4.25
113808,27,1,3.5
113809,38,2,3.75
113810,54,2,2.5
113811,55,2,4.0
113812,30,2,3.0
113813,37,3,3.0
113813,63,2,0.8
113814,43,2,3.0
113815,45,2,3.0
113816,60,1,3.75
113817,22,1,2.0
113818,53,2,3.0
113818,74,1,3.5
113819,56,2,2.55
113820,34,2,2.45
113821,60,1,3.75
113822,34,1,2.45
113823,30,2,3.0
113824,29,1,2.5
113824,75,1,3.5
113825,41,1,4.25
113825,84,1,0.8
113826,25,1,2.2
113827,25,2,2.2
113827,79,1,3.75
113828,51,1,3.0
113828,71,1,3.75
113829,23,3,2.5
113830,43,2,3.0
113831,30,1,3.0
113832,58,2,3.5
113833,54,1,2.5
113834,48,1,2.5
113834,72,1,3.25
113835,37,1,3.0
113836,38,2,3.75
113837,44,2,2.5
113838,34,1,2.45
113839,52,1,2.5
113840,34,1,2.45
113841,52,3,2.5
113841,75,1,3.5
113842,87,1,3.0
113843,61,1,4.75
113844,30,2,3.0
113845,49,2,3.0
113846,56,2,2.55
113847,27,2,3.5
113848,55,1,4.0
113849,50,1,2.5
113850,44,1,2.5
113851,53,2,3.0
113852,30,2,3.0
113853,22,1,2.0
113854,22,1,2.0
113855,35,1,3.1
113855,72,1,3.25
113856,45,1,3.0
113857,87,1,2.1
113857,72,1,3.25
113858,45,1,3.0
113859,54,1,2.5
113860,60,1,3.75
113861,39,2,4.25
113861,63,1,0.8
113862,55,2,4.0
113863,41,1,4.25
113864,55,1,4.0
113865,43,1,3.0
113866,43,1,3.0
113867,48,1,2.5
113868,34,2,2.45
113869,27,2,3.5
113869,70,1,3.25
113870,23,2,2.5
113871,59,2,4.5
113872,44,1,2.5
113873,26,1,3.0
113874,51,2,3.0
113874,76,1,3.5
113875,32,1,3.0
113875,76,1,3.5
113876,31,3,2.2
113877,47,1,3.0
113878,40,1,3.75
113878,77,1,3.0
113879,42,1,2.5
113880,29,1,2.5
113881,28,1,2.0
113882,57,2,3.1
113883,40,1,3.75
113883,65,2,0.8
113884,43,3,3.0
113885,43,1,3.0
113885,72,1,3.25
113886,25,1,2.2
113887,46,2,2.5
113888,49,1,3.0
113889,29,1,2.5
113890,42,3,2.5
113891,59,1,4.5
113892,27,1,3.5
113893,54,1,2.5
113894,32,1,3.0
113895,34,1,2.45
113896,57,1,3.1
113896,72,1,3.25
113897,40,1,3.75
113898,28,2,2.0
113898,77,1,3.0
113899,35,1,3.1
113900,52,3,2.5
113901,54,2,2.5
113902,25,1,2.2
113903,59,2,4.5
113904,29,2,2.5
113905,58,1,3.5
113906,55,2,4.0
113907,40,1,3.75
113908,50,1,2.5
113909,56,1,2.55
113910,44,1,2.5
113911,52,1,2.5
113912,29,3,2.5
113913,46,2,2.5
113914,59,2,4.5
113915,44,1,2.5
113916,38,1,3.75
113916,76,1,3.5
113917,41,2,4.25
113918,60,2,3.75
113919,39,2,4.25
113920,53,2,3.0
113921,30,1,3.0
113921,72,1,3.25
113922,36,2,3.75
113923,34,2,2.45
113924,27,1,3.5
113925,31,2,2.2
113926,50,3,2.5
113927,52,1,2.5
113928,49,2,3.0
113929,26,1,3.0
113930,56,2,2.55
113931,33,2,3.5
113931,73,1,3.75
113932,40,2,3.75
113932,64,1,0.8
113933,43,1,3.0
113934,60,2,3.75
113935,87,3,3.0
113936,30,2,3.0
113937,47,3,3.0
113938,60,1,3.75
113939,40,1,3.75
113940,55,1,4.0
113941,35,1,3.1
113942,53,1,3.0
113943,28,3,2.0
113943,82,1,12.0
113944,48,1,2.5
113945,22,2,2.0
113946,59,2,4.5
113947,24,1,3.0
113948,35,2,3.1
113949,61,2,4.75
113950,55,1,4.0
113951,51,1,3.0
113951,78,1,4.5
113952,36,2,3.75
113952,72,1,3.25
113953,52,1,2.5
113953,70,1,3.25
113953,81,1,28.0
113954,28,2,2.0
113955,45,2,3.0
113955,78,1,4.5
113956,51,2,3.0
113957,38,3,3.75
113957,84,1,0.8
113958,57,2,3.1
113959,87,1,2.1
113959,72,1,2.65
113959,18,1,6.4
113960,29,2,2.5
113961,24,2,3.0
113962,58,2,3.5
113963,25,1,2.2
113964,40,2,3.75
113964,64,2,0.8
113965,58,3,3.5
113965,76,1,3.5
113966,23,1,2.5
113967,35,1,3.1
113968,61,1,4.75
113969,32,1,3.0
113970,54,3,2.5
113971,56,2,2.55
113972,40,1,3.75
113972,65,2,0.8
113973,87,1,2.1
113973,72,1,2.65
113974,24,1,3.0
113975,57,1,3.1
113976,51,1,3.0
113976,73,1,3.75
113977,24,2,3.0
113978,47,3,3.0
113979,36,1,3.75
113980,46,2,2.5
113981,43,2,3.0
113982,24,2,3.0
113983,61,3,4.75
113984,36,1,3.75
113985,39,3,4.25
113985,65,1,0.8
113985,77,1,3.0
113986,55,1,4.0
113987,87,2,2.1
113987,72,2,2.65
113988,42,1,2.5
113989,48,1,2.5
113990,28,1,2.0
113991,48,1,2.5
113992,87,1,3.0
113993,29,3,2.5
113993,72,1,3.25
113994,61,2,4.75
113995,52,2,2.5
113996,45,2,3.0
113997,61,2,4.75
113998,23,1,2.5
113999,47,2,3.0
114000,58,1,3.5
114001,28,1,2.0
114002,36,3,3.75
114002,18,1,6.4
114003,25,2,2.2
114004,45,2,3.0
114005,49,1,3.0
114006,33,3,3.5
114007,60,1,3.75
114008,45,2,3.0
114009,57,1,3.1
114010,53,2,3.0
114011,38,2,3.75
114011,76,1,3.5
114012,43,2,3.0
114013,87,1,3.0
114014,23,2,2.5
114015,29,2,2.5
114015,72,1,3.25
114016,60,1,3.75
114017,58,2,3.5
114018,25,1,2.2
114019,48,1,2.5
114020,23,3,2.5
114021,59,1,4.5
114022,36,2,3.75
114023,25,3,2.2
114024,29,2,2.5
114025,37,1,3.0
114025,63,2,0.8
114026,36,1,3.75
114027,31,1,2.2
114028,34,1,2.45
114029,36,3,3.75
114029,6,1,21.0
114030,34,1,2.45
114031,58,1,3.5
114032,37,1,3.0
114032,74,1,3.5
114033,53,2,3.0
114034,35,1,3.1
114035,45,2,3.0
114036,23,2,2.5
114037,41,2,4.25
114037,73,1,3.75
114038,41,1,4.25
114038,63,1,0.8
114039,36,1,3.75
114040,46,2,2.5
114041,46,2,2.5
114042,56,2,2.55
114043,60,1,3.75
114044,29,1,2.5
114045,57,1,3.1
114046,41,1,4.25
114046,65,1,0.8
114047,58,2,3.5
114048,87,3,3.0
114049,61,1,4.75
114050,29,3,2.5
114051,57,1,3.1
114052,55,1,4.0
114053,29,2,2.5
114054,44,1,2.5
114055,43,2,3.0
114056,26,1,3.0
114056,76,1,3.5
114057,54,2,2.5
114058,45,1,3.0
114059,38,1,3.75
114059,84,1,0.8
114060,38,2,3.75
114060,78,1,4.5
114061,41,2,4.25
114062,39,1,4.25
114063,42,2,2.5
114064,28,2,2.0
114065,26,2,3.0
114066,59,2,4.5
114067,26,2,3.0
114068,27,2,3.5
114069,38,3,3.75
114069,65,1,0.8
114070,38,2,3.75
114070,63,2,0.8
114071,61,1,4.75
114072,52,2,2.5
114073,26,1,3.0
114074,61,1,4.75
114075,47,3,3.0
114075,69,1,3.25
114076,49,3,3.0
114077,54,2,2.5
114078,33,3,3.5
114079,52,1,2.5
114080,54,1,2.5
114081,53,1,3.0
114082,44,3,2.5
114083,37,1,3.0
114083,65,1,0.8
114083,75,1,3.5
114084,32,2,3.0
114085,58,2,3.5
114085,76,1,3.5
114086,26,2,3.0
114087,56,1,2.55
114088,25,2,2.2
114089,24,1,3.0
114090,25,1,2.2
114091,50,2,2.5
114092,39,1,4.25
114092,64,2,0.8
114093,46,2,2.5
114094,36,1,3.75
114094,75,1,3.5
114095,60,2,3.75
114096,34,2,2.45
114097,54,1,2.5
114098,52,1,2.5
114099,33,1,3.5
114100,59,2,4.5
114101,42,2,2.5
114102,22,2,2.0
114103,48,1,2.5
114104,47,1,3.0
114105,48,1,2.5
114106,61,2,4.75
114107,29,1,2.5
114107,15,1,9.25
114108,56,2,2.55
114109,22,2,2.0
114110,52,2,2.5
114111,40,1,3.75
114111,65,1,0.8
114112,23,2,2.5
114112,77,1,3.0
114113,34,2,2.45
114114,40,2,3.75
114114,63,2,0.8
114115,22,1,2.0
114116,55,1,4.0
114117,60,3,3.75
114117,70,1,3.25
114118,26,1,3.0
114118,69,1,3.25
114119,43,1,3.0
114120,37,2,3.0
114121,50,1,2.5
114121,77,1,3.0
114122,31,1,2.2
114123,42,2,2.5
114124,22,2,2.0
114125,59,1,4.5
114126,31,2,2.2
114127,54,1,2.5
114128,27,1,3.5
114129,34,1,2.45
114130,30,2,3.0
114131,87,1,2.1
114131,72,1,3.25
114132,87,1,3.0
114133,40,1,3.75
114133,72,1,3.25
114134,48,1,2.5
114135,87,1,2.1
114135,72,1,2.65
114135,73,1,3.75
114136,34,2,2.45
114137,46,3,2.5
114138,50,2,2.5
114139,51,2,3.0
114140,57,3,3.1
114141,52,2,2.5
114142,27,2,3.5
114143,44,2,2.5
114143,73,1,3.75
114144,38,1,3.75
114145,55,2,4.0
114146,52,2,2.5
114147,22,2,2.0
114148,57,2,3.1
114149,30,1,3.0
114150,29,2,2.5
114151,55,1,4.0
114152,22,2,2.0
114152,71,1,3.75
114153,55,2,4.0
114154,31,1,2.2
114154,75,1,3.5
114155,53,2,3.0
114156,25,2,2.2
114157,25,2,2.2
114158,32,2,3.0
114159,23,2,2.5
114160,34,2,2.45
114161,24,2,3.0
114162,25,2,2.2
114163,50,1,2.5
114163,79,1,3.75
114164,30,1,3.0
114164,79,1,3.75
114165,43,2,3.0
114166,44,2,2.5
114167,22,2,2.0
114167,78,1,4.5
114168,30,2,3.0
114169,54,1,2.5
114170,27,1,3.5
114171,58,1,3.5
114172,45,1,3.0
114173,31,1,2.2
114174,24,1,3.0
114175,22,1,2.0
114176,45,2,3.0
114176,75,1,3.5
114177,52,1,2.5
114178,43,1,3.0
114179,32,2,3.0
114180,33,1,3.5
114181,44,1,2.5
114181,69,1,3.25
114182,58,2,3.5
114183,50,1,2.5
114184,57,2,3.1
114184,70,1,3.25
114185,55,1,4.0
114186,44,2,2.5
114187,31,2,2.2
114188,58,1,3.5
114189,58,1,3.5
114190,59,1,4.5
114191,30,1,3.0
114192,49,1,3.0
114193,38,2,3.75
114194,52,2,2.5
114195,29,2,2.5
114196,52,1,2.5
114197,31,2,2.2
114197,78,1,4.5
114198,29,2,2.5
114199,47,2,3.0
114200,36,1,3.75
114201,52,2,2.5
114201,74,1,3.5
114202,56,2,2.55
114203,23,2,2.5
114204,24,2,3.0
114205,27,1,3.5
114206,39,1,4.25
114206,63,2,0.8
114207,29,2,2.5
114208,49,2,3.0
114209,39,1,4.25
114209,63,2,0.8
114210,53,1,3.0
114211,22,1,2.0
114212,58,2,3.5
114213,87,1,2.1
114213,72,1,3.25
114213,69,1,3.25
114214,52,2,2.5
114215,27,2,3.5
114216,40,1,3.75
114216,64,2,0.8
114217,24,2,3.0
114218,26,2,3.0
114219,47,2,3.0
114220,48,1,2.5
114221,26,1,3.0
114222,46,2,2.5
114223,28,2,2.0
114224,25,2,2.2
114225,57,2,3.1
114226,43,2,3.0
114227,30,1,3.0
114228,42,1,2.5
114229,55,2,4.0
114230,26,2,3.0
114231,35,1,3.1
114232,33,1,3.5
114233,28,2,2.0
114234,54,1,2.5
114235,39,1,4.25
114236,43,2,3.0
114237,60,2,3.75
114238,39,1,4.25
114239,54,2,2.5
114240,46,2,2.5
114240,76,1,3.5
114241,31,2,2.2
114241,70,1,3.25
114242,36,1,3.75
114243,22,1,2.0
114244,61,2,4.75
114244,74,1,3.5
114245,37,1,3.0
114246,46,2,2.5
114247,42,2,2.5
114248,41,1,4.25
114249,57,2,3.1
114250,38,1,3.75
114251,33,2,3.5
114252,52,2,2.5
114253,61,1,4.75
114254,29,2,2.5
114254,75,1,3.5
114255,27,1,3.5
114256,54,1,2.5
114257,33,1,3.5
114258,26,2,3.0
114259,28,2,2.0
114260,54,1,2.5
114261,58,1,3.5
114262,26,2,3.0
114263,38,2,3.75
114263,75,1,3.5
114264,38,2,3.75
114265,56,2,2.55
114266,28,1,2.0
114267,44,2,2.5
114268,43,2,3.0
114269,33,1,3.5
114270,60,1,3.75
114270,76,1,3.5
114271,57,2,3.1
114272,29,2,2.5
114273,45,1,3.0
114274,34,2,2.45
114274,74,1,3.5
114275,35,2,3.1
114276,24,1,3.0
114277,36,1,3.75
114278,51,1,3.0
114279,51,1,3.0
114280,48,2,2.5
114280,77,1,3.0
114281,35,2,3.1
114282,87,2,2.1
114282,72,2,2.65
114283,57,1,3.1
114284,46,1,2.5
114285,61,1,4.75
114286,43,2,3.0
114287,27,2,3.5
114288,46,2,2.5
114289,47,2,3.0
114290,53,2,3.0
114291,57,2,3.1
114292,59,2,4.5
114293,41,1,4.25
114294,28,2,2.0
114295,36,2,3.75
114296,38,1,3.75
114297,55,1,4.0
114298,50,2,2.5
114299,61,2,4.75
114300,57,2,3.1
114301,35,1,3.1
114301,74,1,3.5
114302,38,2,3.75
114303,58,2,3.5
114304,50,1,2.5
114304,74,1,3.5
114305,30,1,3.0
114306,34,2,2.45
114306,55,2,4.0
114307,31,1,2.2
114308,41,1,4.25
114309,54,2,2.5
114310,36,1,3.75
114311,61,2,4.75
114312,57,2,3.1
114312,72,1,3.25
114313,33,2,3.5
114314,47,1,3.0
114315,34,2,2.45
114316,42,2,2.5
114317,57,1,3.1
114318,59,1,4.5
114319,40,1,3.75
114320,49,1,3.0
114321,56,2,2.55
114322,47,1,3.0
114323,87,2,3.0
114324,42,1,2.5
114325,45,1,3.0
114326,42,2,2.5
114327,51,2,3.0
114328,32,1,3.0
114329,47,2,3.0
114330,40,1,3.75
114331,59,1,4.5
114332,44,2,2.5
114333,38,2,3.75
114334,50,2,2.5
114335,60,2,3.75
114335,69,1,3.25
114336,54,1,2.5
114336,74,1,3.5
114337,52,1,2.5
114338,31,2,2.2
114339,55,1,4.0
114340,49,1,3.0
114341,32,2,3.0
114342,22,1,2.0
114343,25,2,2.2
114344,61,1,4.75
114345,50,2,2.5
114346,22,1,2.0
114347,25,2,2.2
114348,45,2,3.0
114349,36,1,3.75
114350,87,2,2.1
114350,72,2,2.65
114350,74,1,3.5
114351,37,2,3.0
114352,52,1,2.5
114353,53,1,3.0
114354,56,1,2.55
114355,48,2,2.5
114355,40,1,3.75
114356,57,2,3.1
114357,54,1,2.5
114358,24,2,3.0
114359,22,1,2.0
114360,60,2,3.75
114361,24,2,3.0
114361,78,1,4.5
114362,26,1,3.0
114362,78,1,4.5
114363,49,1,3.0
114364,33,1,3.5
114365,57,1,3.1
114366,28,1,2.0
114366,72,1,3.25
114367,48,2,2.5
114368,50,1,2.5
114369,32,1,3.0
114370,38,1,3.75
114371,45,2,3.0
114372,42,1,2.5
114372,75,1,3.5
114373,54,2,2.5
114374,28,2,2.0
114374,79,1,3.75
114375,49,2,3.0
114376,52,2,2.5
114377,22,2,2.0
114378,27,2,3.5
114379,24,1,3.0
114380,56,2,2.55
114381,28,1,2.0
114382,42,2,2.5
114383,46,1,2.5
114384,24,2,3.0
114385,52,1,2.5
114386,40,2,3.75
114386,75,1,3.5
114387,26,2,3.0
114388,52,1,2.5
114389,38,2,3.75
114390,32,1,3.0
114391,45,2,3.0
114391,70,1,3.25
114392,48,1,2.5
114392,73,1,3.75
114393,39,2,4.25
114394,36,1,3.75
114394,75,1,3.5
114395,38,1,3.75
114396,29,1,2.5
114397,47,2,3.0
114398,59,2,4.5
114398,74,1,3.5
114399,41,2,4.25
114400,52,1,2.5
114401,36,1,3.75
114402,57,1,3.1
114403,49,2,3.0
114403,78,1,4.5
114404,25,2,2.2
114405,36,2,3.75
114406,43,2,3.0
114407,58,2,3.5
114408,48,1,2.5
114409,33,2,3.5
114410,59,2,4.5
114411,24,1,3.0
114412,51,1,3.0
114413,87,1,2.1
114413,72,1,2.65
114414,37,1,3.0
114414,76,1,3.5
114415,28,2,2.0
114416,33,1,3.5
114417,42,2,2.5
114418,53,2,3.0
114419,38,2,3.75
114420,30,2,3.0
114421,58,1,3.5
114422,28,1,2.0
114423,26,1,3.0
114424,24,1,3.0
114425,58,2,3.5
114426,53,1,3.0
114427,33,1,3.5
114428,32,2,3.0
114429,48,2,2.5
114430,26,1,3.0
114431,55,2,4.0
114432,59,2,4.5
114433,58,1,3.5
114433,72,1,3.25
114434,41,1,4.25
114434,79,1,3.75
114435,87,1,3.0
114436,47,1,3.0
114437,53,1,3.0
114438,24,1,3.0
114439,46,1,2.5
114439,69,1,3.25
114440,31,2,2.2
114441,27,1,3.5
114442,37,1,3.0
114443,40,1,3.75
114444,25,1,2.2
114445,28,2,2.0
114446,59,1,4.5
114447,60,2,3.75
114447,77,1,3.0
114448,46,1,2.5
114449,53,1,3.0
114449,71,1,3.75
114450,31,2,2.2
114451,32,2,3.0
114452,46,1,2.5
114453,29,1,2.5
114454,38,2,3.75
114455,47,2,3.0
114456,60,2,3.75
114456,74,1,3.5
114457,45,1,3.0
114458,32,1,3.0
114459,44,2,2.5
114460,41,1,4.25
114461,44,1,2.5
114461,74,1,3.5
114462,36,1,3.75
114463,26,2,3.0
114464,29,1,2.5
114465,54,1,2.5
114465,75,1,3.5
114466,22,2,2.0
114467,59,1,4.5
114468,48,1,2.5
114469,39,2,4.25
114469,75,1,3.5
114470,46,1,2.5
114471,25,1,2.2
114472,28,2,2.0
114473,55,2,4.0
114474,43,2,3.0
114475,36,2,3.75
114476,22,2,2.0
114477,52,1,2.5
114478,33,2,3.5
114479,26,2,3.0
114479,77,1,3.0
114480,26,1,3.0
114481,54,1,2.5
114482,48,2,2.5
114483,61,1,4.75
114484,57,2,3.1
114485,39,1,4.25
114486,56,1,2.55
114487,24,2,3.0
114488,48,2,2.5
114489,48,2,2.5
114490,25,2,2.2
114491,31,1,2.2
114491,70,1,3.25
114492,42,2,2.5
114493,38,1,3.75
114494,24,2,3.0
114494,76,1,3.5
114495,57,2,3.1
114495,71,1,3.75
114496,56,1,2.55
114497,45,1,3.0
114497,73,1,3.75
114498,45,2,3.0
114499,58,2,3.5
114500,45,2,3.0
114501,87,1,2.1
114502,87,1,2.1
114503,60,1,3.75
114504,40,2,3.75
114505,24,2,3.0
114506,30,2,3.0
114507,36,1,3.75
114508,49,2,3.0
114509,50,2,2.5
114509,72,1,3.25
114510,54,2,2.5
114511,38,1,3.75
114512,49,2,3.0
114513,24,2,3.0
114514,56,1,2.55
114514,78,1,4.5
114515,28,1,2.0
114516,48,2,2.5
114517,41,1,4.25
114518,43,1,3.0
114519,59,1,4.5
114520,54,1,2.5
114521,28,2,2.0
114522,87,2,3.0
114523,52,2,2.5
114524,39,1,4.25
114525,35,1,3.1
114526,52,2,2.5
114527,38,1,3.75
114528,23,1,2.5
114529,47,1,3.0
114529,70,1,3.25
114530,30,1,3.0
114531,37,2,3.0
114532,22,2,2.0
114533,50,1,2.5
114533,79,1,3.75
114534,46,2,2.5
114534,76,1,3.5
114535,44,1,2.5
114536,30,2,3.0
114537,50,2,2.5
114538,60,2,3.75
114539,40,2,3.75
114540,40,2,3.75
114541,29,2,2.5
114542,24,1,3.0
114543,49,1,3.0
114544,56,1,2.55
114545,25,1,2.2
114545,71,1,3.75
114546,34,1,2.45
114547,34,1,2.45
114548,27,2,3.5
114548,69,1,3.25
114549,53,2,3.0
114550,41,2,4.25
114550,79,1,3.75
114551,51,2,3.0
114552,34,1,2.45
114553,56,1,2.55
114553,50,1,2.5
114554,53,2,3.0
114555,50,2,2.5
114555,71,1,3.75
114556,27,2,3.5
114557,44,1,2.5
114558,26,2,3.0
114559,23,2,2.5
114559,71,1,3.75
114560,30,2,3.0
114561,58,2,3.5
114562,43,2,3.0
114563,59,2,4.5
114564,40,1,3.75
114565,50,2,2.5
114566,55,2,4.0
114567,44,2,2.5
114568,61,1,4.75
114568,70,1,3.25
114569,23,2,2.5
114570,41,1,4.25
114571,49,2,3.0
114572,50,1,2.5
114573,25,2,2.2
114574,53,2,3.0
114575,47,1,3.0
114575,79,1,3.75
114576,27,1,3.5
114577,54,1,2.5
114578,44,2,2.5
114578,79,1,3.75
114579,33,2,3.5
114580,44,1,2.5
114581,33,2,3.5
114581,78,1,4.5
114582,25,2,2.2
114583,35,1,3.1
114583,69,1,3.25
114584,51,1,3.0
114585,28,1,2.0
114585,71,1,3.75
114586,44,1,2.5
114587,61,2,4.75
114588,35,1,3.1
114589,57,2,3.1
114590,39,1,4.25
114591,24,1,3.0
114592,29,1,2.5
114593,26,1,3.0
114593,71,1,3.75
114594,87,1,3.0
114595,57,2,3.1
114596,39,1,4.25
114596,69,1,3.25
114597,40,1,3.75
114597,79,1,3.75
114598,55,2,4.0
114599,37,2,3.0
114600,33,2,3.5
114601,37,1,3.0
114602,43,1,3.0
114603,87,2,2.1
114603,72,2,2.65
114604,44,1,2.5
114604,70,1,3.25
114605,57,1,3.1
114605,74,1,3.5
114606,31,1,2.2
114607,23,1,2.5
114608,26,1,3.0
114609,29,2,2.5
114610,35,1,3.1
114611,38,2,3.75
114612,46,2,2.5
114613,33,1,3.5
114614,43,1,3.0
114615,48,1,2.5
114616,28,2,2.0
114617,46,2,2.5
114618,27,2,3.5
114619,27,1,3.5
114620,27,2,3.5
114621,55,2,4.0
114622,34,1,2.45
114623,53,2,3.0
114623,70,1,3.25
114624,31,2,2.2
114625,30,2,3.0
114626,37,1,3.0
114627,37,2,3.0
114628,47,2,3.0
114629,32,1,3.0
114630,40,2,3.75
114631,48,2,2.5
114631,69,1,3.25
114632,42,1,2.5
114633,32,2,3.0
114634,44,1,2.5
114635,23,1,2.5
114636,37,1,3.0
114637,87,2,3.0
114638,32,2,3.0
114639,50,2,2.5
114640,41,2,4.25
114641,46,1,2.5
114642,33,2,3.5
114643,22,2,2.0
114644,32,1,3.0
114645,24,1,3.0
114646,44,1,2.5
114647,35,1,3.1
114648,57,1,3.1
114649,38,2,3.75
114649,72,1,3.25
114650,87,1,2.1
114650,72,1,3.25
114651,27,1,3.5
114652,45,2,3.0
114653,29,1,2.5
114654,24,1,3.0
114655,23,2,2.5
114656,30,1,3.0
114657,42,1,2.5
114658,22,2,2.0
114659,49,1,3.0
114660,55,1,4.0
114660,79,1,3.75
114661,53,2,3.0
114662,26,2,3.0
114663,32,1,3.0
114664,53,1,3.0
114665,49,1,3.0
114666,29,2,2.5
114667,26,2,3.0
114668,54,2,2.5
114669,39,2,4.25
114670,56,1,2.55
114671,37,1,3.0
114672,30,2,3.0
114673,23,2,2.5
114674,26,1,3.0
114675,30,2,3.0
114676,41,1,4.25
114677,27,1,3.5
114678,31,2,2.2
114679,40,2,3.75
114680,36,1,3.75
114681,43,1,3.0
114682,40,2,3.75
114683,32,1,3.0
114684,27,2,3.5
114685,41,2,4.25
114685,70,1,3.25
114686,45,1,3.0
114687,26,2,3.0
114687,77,1,3.0
114688,22,2,2.0
114689,32,2,3.0
114690,37,2,3.0
114690,75,1,3.5
114691,35,2,3.1
114692,36,2,3.75
114693,29,1,2.5
114694,28,2,2.0
114695,40,1,3.75
114695,69,1,3.25
114696,22,1,2.0
114696,75,1,3.5
114697,33,2,3.5
114697,76,1,3.5
114698,26,2,3.0
114699,61,2,4.75
114700,45,2,3.0
114701,55,2,4.0
114702,33,2,3.5
114703,53,1,3.0
114704,25,2,2.2
114705,56,1,2.55
114706,25,2,2.2
114707,60,2,3.75
114708,29,2,2.5
114709,35,1,3.1
114710,37,2,3.0
114711,87,2,3.0
114712,36,2,3.75
114712,71,1,3.75
114713,33,1,3.5
114714,61,1,4.75
114714,69,1,3.25
114715,38,1,3.75
114716,60,1,3.75
114717,60,2,3.75
114718,29,2,2.5
114719,45,1,3.0
114720,49,1,3.0
114721,54,2,2.5
114721,79,1,3.75
114722,58,2,3.5
114723,57,1,3.1
114724,54,1,2.5
114725,29,2,2.5
114726,26,2,3.0
114727,61,1,4.75
114728,27,1,3.5
114729,32,1,3.0
114730,58,2,3.5
114731,60,2,3.75
114732,58,1,3.5
114732,72,1,3.25
114733,45,2,3.0
114734,44,2,2.5
114735,61,1,4.75
114736,49,2,3.0
114737,23,1,2.5
114738,40,1,3.75
114739,45,1,3.0
114740,36,1,3.75
114741,60,2,3.75
114742,26,1,3.0
114743,59,1,4.5
114744,35,1,3.1
114745,26,2,3.0
114746,37,2,3.0
114747,26,1,3.0
114748,42,2,2.5
114749,38,2,3.75
114750,23,2,2.5
114751,45,1,3.0
114752,55,1,4.0
114753,59,2,4.5
114754,31,2,2.2
114755,46,1,2.5
114756,55,2,4.0
114757,44,2,2.5
114758,31,2,2.2
114759,51,1,3.0
114760,57,2,3.1
114761,22,2,2.0
114762,50,1,2.5
114763,37,1,3.0
114764,49,1,3.0
114765,56,1,2.55
114766,38,2,3.75
114767,60,1,3.75
114768,61,1,4.75
114769,52,2,2.5
114770,53,1,3.0
114771,57,1,3.1
114771,70,1,3.25
114772,33,2,3.5
114773,24,2,3.0
114773,76,1,3.5
114774,42,2,2.5
114775,58,1,3.5
114776,51,1,3.0
114777,30,1,3.0
114778,57,1,3.1
114779,51,1,3.0
114780,46,1,2.5
114781,49,2,3.0
114782,56,2,2.55
114783,59,1,4.5
114784,53,2,3.0
114785,46,2,2.5
114785,78,1,4.5
114786,52,1,2.5
114787,87,2,2.1
114787,72,2,2.65
114788,51,1,3.0
114789,26,1,3.0
114790,45,1,3.0
114790,79,1,3.75
114791,33,1,3.5
114791,73,1,3.75
114792,42,2,2.5
114793,25,2,2.2
114794,48,2,2.5
114795,34,2,2.45
114796,30,1,3.0
114797,61,2,4.75
114798,40,1,3.75
114799,41,1,4.25
114800,27,2,3.5
114801,87,2,3.0
114801,78,1,4.5
114802,30,2,3.0
114803,26,2,3.0
114804,51,1,3.0
114805,23,2,2.5
114806,44,2,2.5
114807,40,1,3.75
114808,26,2,3.0
114808,69,1,3.25
114809,40,2,3.75
114809,69,1,3.25
114810,37,1,3.0
114811,43,1,3.0
114812,87,1,3.0
114813,35,2,3.1
114814,50,2,2.5
114815,51,2,3.0
114816,27,1,3.5
114817,41,1,4.25
114818,48,1,2.5
114818,79,1,3.75
114819,51,2,3.0
114820,55,2,4.0
114820,69,1,3.25
114821,34,1,2.45
114822,31,2,2.2
114823,44,2,2.5
114824,33,1,3.5
114825,61,1,4.75
114826,32,2,3.0
114827,61,1,4.75
114828,49,2,3.0
114828,79,1,3.75
114829,25,2,2.2
114830,56,2,2.55
114830,76,1,3.5
114831,28,2,2.0
114832,32,1,3.0
114833,41,1,4.25
114834,59,1,4.5
114835,32,2,3.0
114836,42,1,2.5
114837,41,1,4.25
114838,36,1,3.75
114839,24,2,3.0
114840,53,1,3.0
114841,58,1,3.5
114842,30,1,3.0
114843,22,2,2.0
114844,26,1,3.0
114845,58,2,3.5
114846,47,1,3.0
114847,42,2,2.5
114848,33,2,3.5
114849,27,1,3.5
114850,34,1,2.45
114850,70,1,3.25
114851,22,2,2.0
114852,58,1,3.5
114853,41,2,4.25
114854,38,2,3.75
114855,61,1,4.75
114855,75,1,3.5
114856,27,2,3.5
114857,58,2,3.5
114858,61,2,4.75
114859,33,2,3.5
114860,33,1,3.5
114860,40,1,3.75
114860,76,1,3.5
114861,87,1,2.1
114861,72,1,2.65
114862,38,1,3.75
114863,60,2,3.75
114863,70,1,3.25
114864,42,1,2.5
114865,58,1,3.5
114866,50,2,2.5
114867,48,2,2.5
114868,38,1,3.75
114869,33,1,3.5
114870,33,2,3.5
114871,56,1,2.55
114872,46,1,2.5
114873,34,2,2.45
114874,25,2,2.2
114875,35,2,3.1
114875,74,1,3.5
114876,27,1,3.5
114876,72,1,3.25
114877,49,2,3.0
114878,51,2,3.0
114879,33,2,3.5
114879,74,1,3.5
114880,28,1,2.0
114881,51,1,3.0
114881,75,1,3.5
114882,43,1,3.0
114883,55,1,4.0
114883,69,1,3.25
114884,36,2,3.75
114885,25,2,2.2
114886,87,1,3.0
114887,32,1,3.0
114888,38,1,3.75
114889,47,1,3.0
114890,27,2,3.5
114890,76,1,3.5
114891,41,1,4.25
114892,45,2,3.0
114892,76,1,3.5
114893,57,1,3.1
114893,79,1,3.75
114894,55,2,4.0
114895,24,1,3.0
114896,61,2,4.75
114897,55,2,4.0
114898,59,1,4.5
114899,25,1,2.2
114900,52,1,2.5
114901,59,2,4.5
114901,72,1,3.25
114902,50,2,2.5
114902,76,1,3.5
114903,42,2,2.5
114904,23,2,2.5
114904,73,1,3.75
114905,53,1,3.0
114906,29,1,2.5
114907,28,2,2.0
114907,77,1,3.0
114908,52,2,2.5
114909,26,1,3.0
114910,40,1,3.75
114911,54,1,2.5
114912,51,2,3.0
114913,45,1,3.0
114914,29,1,2.5
114915,38,2,3.75
114916,47,1,3.0
114917,46,1,2.5
114918,44,2,2.5
114919,36,2,3.75
114920,34,2,2.45
114920,48,1,2.5
114921,28,1,2.0
114922,50,2,2.5
114922,77,1,3.0
114923,58,2,3.5
114924,48,1,2.5
114925,29,2,2.5
114926,23,2,2.5
114927,40,2,3.75
114928,53,1,3.0
114929,46,1,2.5
114930,22,2,2.0
114931,40,2,3.75
114931,76,1,3.5
114932,44,1,2.5
114933,41,2,4.25
114934,52,1,2.5
114935,37,1,3.0
114936,87,1,2.1
114936,73,1,3.75
114937,27,2,3.5
114938,56,2,2.55
114939,25,1,2.2
114940,33,1,3.5
114940,73,1,3.75
114941,32,1,3.0
114942,29,2,2.5
114943,35,1,3.1
114944,45,2,3.0
114945,59,2,4.5
114945,76,1,3.5
114946,32,1,3.0
114947,87,1,2.1
114948,42,2,2.5
114949,35,2,3.1
114950,24,2,3.0
114951,40,1,3.75
114952,58,2,3.5
114953,39,1,4.25
114954,57,1,3.1
114955,51,2,3.0
114956,53,1,3.0
114957,29,1,2.5
114958,32,1,3.0
114959,47,2,3.0
114960,28,1,2.0
114960,75,1,3.5
114961,24,2,3.0
114962,58,1,3.5
114963,30,2,3.0
114963,79,1,3.75
114964,32,2,3.0
114965,40,2,3.75
114965,70,1,3.25
114966,61,2,4.75
114966,71,1,3.75
114967,38,2,3.75
114967,78,1,4.5
114968,27,2,3.5
114969,30,2,3.0
114970,29,1,2.5
114971,50,1,2.5
114972,31,1,2.2
114973,49,2,3.0
114973,71,1,3.75
114974,87,2,3.0
114975,51,1,3.0
114976,28,1,2.0
114977,51,1,3.0
114978,57,1,3.1
114979,54,1,2.5
114980,32,2,3.0
114981,39,1,4.25
114981,78,1,4.5
114982,22,1,2.0
114983,50,1,2.5
114984,56,2,2.55
114985,24,2,3.0
114986,49,1,3.0
114987,23,1,2.5
114988,51,1,3.0
114989,61,1,4.75
114990,35,1,3.1
114991,27,1,3.5
114992,49,2,3.0
114993,40,2,3.75
114994,34,1,2.45
114995,60,1,3.75
114996,37,1,3.0
114997,41,1,4.25
114998,34,2,2.45
114999,60,2,3.75
115000,26,2,3.0
115001,30,2,3.0
115002,58,1,3.5
115003,44,2,2.5
115004,43,2,3.0
115005,42,1,2.5
115006,28,2,2.0
115007,38,1,3.75
115008,22,2,2.0
115009,52,1,2.5
115010,60,1,3.75
115011,59,2,4.5
115011,76,1,3.5
115012,32,2,3.0
115013,37,1,3.0
115013,79,1,3.75
115014,52,2,2.5
115015,44,2,2.5
115016,36,2,3.75
115017,38,1,3.75
115018,45,1,3.0
115019,33,1,3.5
115020,24,2,3.0
115021,28,1,2.0
115021,77,1,3.0
115022,36,1,3.75
115023,40,1,3.75
115024,33,1,3.5
115024,78,1,4.5
115025,55,2,4.0
115026,47,2,3.0
115027,51,2,3.0
115027,79,1,3.75
115028,31,1,2.2
115029,43,2,3.0
115030,31,1,2.2
115031,47,1,3.0
115032,33,1,3.5
115032,79,1,3.75
115033,47,1,3.0
115034,29,2,2.5
115035,57,1,3.1
115036,46,2,2.5
115037,28,2,2.0
115038,26,1,3.0
115039,35,1,3.1
115039,77,1,3.0
115040,35,1,3.1
115041,36,2,3.75
115042,23,1,2.5
115043,45,1,3.0
115043,71,1,3.75
115044,52,2,2.5
115044,77,1,3.0
115045,28,1,2.0
115046,33,2,3.5
115047,40,2,3.75
115047,73,1,3.75
115048,58,1,3.5
115049,22,1,2.0
115050,38,2,3.75
115051,40,1,3.75
115052,87,1,3.0
115053,42,1,2.5
115054,23,2,2.5
115055,29,1,2.5
115056,53,2,3.0
115057,36,1,3.75
115058,49,1,3.0
115058,77,1,3.0
115059,58,1,3.5
115060,53,2,3.0
115061,39,1,4.25
115062,53,1,3.0
115063,24,1,3.0
115064,54,1,2.5
115065,24,2,3.0
115066,35,2,3.1
115067,61,2,4.75
115067,78,1,4.5
115068,25,1,2.2
115069,30,2,3.0
115069,72,1,3.25
115070,33,1,3.5
115070,72,1,3.25
115071,27,1,3.5
115072,50,2,2.5
115073,26,2,3.0
115074,33,1,3.5
115075,58,2,3.5
115075,70,1,3.25
115076,37,2,3.0
115076,76,1,3.5
115077,31,1,2.2
115078,53,1,3.0
115079,59,1,4.5
115080,40,1,3.75
115081,47,2,3.0
115082,22,2,2.0
115083,24,2,3.0
115084,43,2,3.0
115084,69,1,3.25
115085,57,2,3.1
115086,87,1,2.1
115086,78,1,4.5
115087,42,1,2.5
115087,79,1,3.75
115088,58,2,3.5
115089,29,1,2.5
115089,75,1,3.5
115090,42,1,2.5
115091,48,2,2.5
115092,45,2,3.0
115092,71,1,3.75
115093,59,1,4.5
115094,87,1,2.1
115095,28,1,2.0
115096,36,2,3.75
115097,49,1,3.0
115098,46,1,2.5
115098,70,1,3.25
115099,61,2,4.75
115100,22,1,2.0
115101,28,1,2.0
115102,60,1,3.75
115103,41,1,4.25
115104,56,2,2.55
115105,45,1,3.0
115106,50,2,2.5
115107,44,1,2.5
115108,23,1,2.5
115109,47,2,3.0
115110,43,1,3.0
115111,45,1,3.0
115112,48,2,2.5
115113,27,1,3.5
115114,56,1,2.55
115114,73,1,3.75
115115,39,2,4.25
115116,50,1,2.5
115117,22,2,2.0
115118,29,1,2.5
115119,26,2,3.0
115120,50,2,2.5
115121,23,2,2.5
115121,79,1,3.75
115122,36,1,3.75
115123,32,2,3.0
115124,29,2,2.5
115125,50,1,2.5
115126,43,2,3.0
115126,69,1,3.25
115127,30,2,3.0
115128,34,2,2.45
115129,40,1,3.75
115130,29,1,2.5
115131,30,1,3.0
115132,30,1,3.0
115133,23,1,2.5
115134,49,1,3.0
115135,46,2,2.5
115136,38,1,3.75
115137,44,1,2.5
115138,44,1,2.5
115139,24,2,3.0
115140,25,1,2.2
115141,41,1,4.25
115142,40,1,3.75
115143,26,2,3.0
115144,37,1,3.0
115144,74,1,3.5
115145,38,2,3.75
115145,73,1,3.75
115146,56,1,2.55
115147,57,2,3.1
115148,27,2,3.5
115149,38,1,3.75
115150,53,1,3.0
115151,42,1,2.5
115152,36,2,3.75
115153,39,1,4.25
115154,43,1,3.0
115155,52,2,2.5
115156,30,2,3.0
115157,26,2,3.0
115158,32,2,3.0
115158,78,1,4.5
115159,34,1,2.45
115159,79,1,3.75
115160,58,1,3.5
115161,26,2,3.0
115162,35,1,3.1
115162,76,1,3.5
115163,61,1,4.75
115164,22,2,2.0
115165,44,1,2.5
115165,76,1,3.5
115166,25,2,2.2
115167,28,1,2.0
115168,24,2,3.0
115169,37,2,3.0
115169,75,1,3.5
115170,22,1,2.0
115171,35,1,3.1
115172,60,2,3.75
115173,33,2,3.5
115174,43,2,3.0
115174,70,1,3.25
115175,61,2,4.75
115176,49,1,3.0
115177,60,1,3.75
115178,37,1,3.0
115179,61,1,4.75
115180,42,2,2.5
115181,45,2,3.0
115181,74,1,3.5
115182,24,2,3.0
115183,61,2,4.75
115184,48,2,2.5
115185,23,2,2.5
115186,35,2,3.1
115187,29,1,2.5
115188,28,2,2.0
115188,77,1,3.0
115189,41,1,4.25
115190,42,1,2.5
115191,38,1,3.75
115192,57,2,3.1
115193,57,2,3.1
115194,56,2,2.55
115195,29,1,2.5
115196,45,2,3.0
115197,40,2,3.75
115198,87,2,2.1
115198,72,2,2.65
115199,55,2,4.0
115200,26,1,3.0
115200,73,1,3.75
115201,41,2,4.25
115202,51,1,3.0
115203,27,2,3.5
115204,54,1,2.5
115204,71,1,3.75
115205,37,1,3.0
115206,22,1,2.0
115206,69,1,3.25
115207,87,1,3.0
115208,46,1,2.5
115209,37,1,3.0
115210,48,1,2.5
115211,47,2,3.0
115211,79,1,3.75
115212,56,1,2.55
115213,27,1,3.5
115214,40,1,3.75
115215,56,1,2.55
115216,53,2,3.0
115217,43,2,3.0
115218,54,1,2.5
115218,72,1,3.25
115219,29,2,2.5
115220,29,2,2.5
115221,61,1,4.75
115222,41,2,4.25
115222,77,1,3.0
115223,49,1,3.0
115224,52,1,2.5
115225,27,1,3.5
115226,33,1,3.5
115227,32,2,3.0
115227,72,1,3.25
115228,61,2,4.75
115229,34,2,2.45
115230,49,1,3.0
115231,87,2,2.1
115232,36,1,3.75
115233,34,2,2.45
115234,58,2,3.5
115235,41,1,4.25
115236,58,2,3.5
115236,77,1,3.0
115237,34,2,2.45
115238,56,2,2.55
115239,59,2,4.5
115240,41,1,4.25
115241,42,2,2.5
115242,44,1,2.5
115243,27,2,3.5
115243,76,1,3.5
115244,55,1,4.0
115245,54,1,2.5
115245,74,1,3.5
115246,52,2,2.5
115247,45,1,3.0
115248,47,1,3.0
115249,24,1,3.0
115250,24,1,3.0
115251,59,1,4.5
115252,22,1,2.0
115253,45,1,3.0
115254,52,1,2.5
115255,57,2,3.1
115256,57,1,3.1
115256,70,1,3.25
115257,32,2,3.0
115258,52,2,2.5
115259,33,2,3.5
115260,35,2,3.1
115261,44,1,2.5
115262,44,2,2.5
115263,53,2,3.0
115263,77,1,3.0
115264,36,2,3.75
115265,33,1,3.5
115266,53,1,3.0
115267,54,1,2.5
115268,50,2,2.5
115269,33,2,3.5
115270,29,1,2.5
115271,26,1,3.0
115272,30,1,3.0
115273,27,1,3.5
115274,26,2,3.0
115275,44,1,2.5
115276,24,2,3.0
115277,48,2,2.5
115278,40,1,3.75
115279,28,2,2.0
115279,71,1,3.75
115280,35,1,3.1
115281,22,2,2.0
115282,45,1,3.0
115283,50,1,2.5
115283,77,1,3.0
115284,29,2,2.5
115285,61,2,4.75
115286,33,2,3.5
115287,52,1,2.5
115288,52,1,2.5
115289,57,2,3.1
115290,49,2,3.0
115291,48,1,2.5
115292,87,2,2.1
115293,57,2,3.1
115294,37,2,3.0
115295,29,1,2.5
115296,35,1,3.1
115297,43,1,3.0
115298,46,1,2.5
115299,42,1,2.5
115300,37,2,3.0
115301,41,1,4.25
115302,59,2,4.5
115303,52,1,2.5
115304,27,2,3.5
115305,53,1,3.0
115306,44,1,2.5
115306,75,1,3.5
115307,25,1,2.2
115307,79,1,3.75
115308,33,1,3.5
115309,26,2,3.0
115310,35,2,3.1
115311,27,2,3.5
115312,31,2,2.2
115313,34,1,2.45
115314,30,2,3.0
115315,58,1,3.5
115316,54,2,2.5
115317,58,1,3.5
115318,61,1,4.75
115319,61,1,4.75
115319,79,1,3.75
115320,30,1,3.0
115321,52,2,2.5
115322,38,2,3.75
115323,87,2,2.1
115323,72,2,2.65
115324,57,2,3.1
115324,71,1,3.75
115325,46,1,2.5
115326,35,1,3.1
115327,42,2,2.5
115328,48,1,2.5
115329,40,1,3.75
115330,37,1,3.0
115330,73,1,3.75
115331,50,1,2.5
115332,34,2,2.45
115332,78,1,4.5
115333,48,2,2.5
115334,40,1,3.75
115335,39,1,4.25
115336,55,2,4.0
115337,26,2,3.0
115337,75,1,3.5
115338,60,2,3.75
115338,77,1,3.0
115339,52,1,2.5
115340,51,2,3.0
115341,26,1,3.0
115342,47,1,3.0
115343,52,2,2.5
115344,49,1,3.0
115345,50,1,2.5
115346,44,1,2.5
115346,69,1,3.25
115347,55,1,4.0
115347,78,1,4.5
115348,58,2,3.5
115348,78,1,4.5
115349,55,1,4.0
115350,42,2,2.5
115351,54,1,2.5
115352,61,1,4.75
115353,37,1,3.0
115353,78,1,4.5
115354,46,1,2.5
115355,43,2,3.0
115355,73,1,3.75
115356,49,1,3.0
115357,50,2,2.5
115358,39,1,4.25
115359,41,1,4.25
115360,41,2,4.25
115361,28,1,2.0
115362,35,2,3.1
115362,77,1,3.0
115363,58,1,3.5
115364,32,1,3.0
115364,76,1,3.5
115365,47,1,3.0
115366,33,2,3.5
115367,35,1,3.1
115368,51,2,3.0
115368,78,1,4.5
115369,31,1,2.2
115370,48,1,2.5
115371,44,1,2.5
115372,52,1,2.5
115373,51,1,3.0
115373,69,1,3.25
115374,24,2,3.0
115375,44,1,2.5
115376,41,2,4.25
115377,35,2,3.1
115378,55,2,4.0
115379,40,2,3.75
115380,50,1,2.5
115380,71,1,3.75
115381,50,2,2.5
115381,77,1,3.0
115382,35,1,3.1
115383,59,1,4.5
115383,77,1,3.0
115384,25,2,2.2
115385,87,2,3.0
115386,26,1,3.0
115387,46,1,2.5
115387,78,1,4.5
115388,43,2,3.0
115389,45,2,3.0
115390,27,2,3.5
115391,36,2,3.75
115392,39,2,4.25
115393,31,1,2.2
115394,24,1,3.0
115395,28,2,2.0
115396,52,1,2.5
115397,46,1,2.5
115397,70,1,3.25
115398,34,1,2.45
115399,23,1,2.5
115400,58,2,3.5
115400,72,1,3.25
115401,29,2,2.5
115402,43,1,3.0
115403,26,2,3.0
115404,30,2,3.0
115405,55,1,4.0
115406,41,2,4.25
115407,58,2,3.5
115408,29,2,2.5
115409,50,2,2.5
115410,45,2,3.0
115411,37,2,3.0
115412,35,1,3.1
115413,32,2,3.0
115414,54,1,2.5
115415,24,1,3.0
115416,31,1,2.2
115417,25,2,2.2
115418,41,1,4.25
115419,41,2,4.25
115420,53,2,3.0
115421,87,2,2.1
115421,72,2,2.65
115422,58,1,3.5
115423,48,1,2.5
115424,51,1,3.0
115425,55,1,4.0
115426,31,2,2.2
115426,77,1,3.0
115427,33,2,3.5
115428,47,2,3.0
115429,49,1,3.0
115430,30,1,3.0
115431,34,1,2.45
115431,72,1,3.25
115432,35,2,3.1
115433,37,2,3.0
115434,54,1,2.5
115434,77,1,3.0
115435,23,2,2.5
115436,47,2,3.0
115436,69,1,3.25
115437,27,1,3.5
115438,50,2,2.5
115438,78,1,4.5
115439,87,2,3.0
115440,51,2,3.0
115441,37,1,3.0
115441,73,1,3.75
115442,55,1,4.0
115443,61,1,4.75
115444,42,2,2.5
115445,43,2,3.0
115445,78,1,4.5
115446,35,2,3.1
115447,29,1,2.5
115448,25,2,2.2
115449,31,1,2.2
115450,40,1,3.75
115451,41,2,4.25
115452,29,1,2.5
115452,69,1,3.25
115453,50,1,2.5
115454,55,1,4.0
115455,48,2,2.5
115456,57,2,3.1
115457,48,2,2.5
115458,61,2,4.75
115459,61,2,4.75
115460,25,1,2.2
115461,38,2,3.75
115462,87,2,2.1
115462,72,2,2.65
115463,59,1,4.5
115464,59,1,4.5
115465,33,2,3.5
115466,56,2,2.55
115467,33,2,3.5
115468,23,2,2.5
115468,76,1,3.5
115469,38,1,3.75
115469,78,1,4.5
115470,31,2,2.2
115471,22,1,2.0
115472,47,1,3.0
115473,23,1,2.5
115474,31,2,2.2
115475,25,1,2.2
115475,77,1,3.0
115476,43,2,3.0
115477,44,2,2.5
115478,53,2,3.0
115479,40,1,3.75
115480,57,2,3.1
115481,53,2,3.0
115482,39,2,4.25
115483,59,2,4.5
115484,47,2,3.0
115485,38,1,3.75
115485,79,1,3.75
115486,57,2,3.1
115487,42,2,2.5
115488,57,2,3.1
115489,44,1,2.5
115490,34,2,2.45
115490,70,1,3.25
115491,45,2,3.0
115492,50,1,2.5
115493,44,1,2.5
115494,45,2,3.0
115495,54,1,2.5
115496,25,1,2.2
115497,27,2,3.5
115497,72,1,3.25
115498,38,2,3.75
115499,39,2,4.25
115499,69,1,3.25
115500,59,2,4.5
115501,51,1,3.0
115502,56,2,2.55
115503,50,1,2.5
115504,31,1,2.2
115505,23,2,2.5
115506,34,1,2.45
115507,47,2,3.0
115508,60,2,3.75
115509,55,2,4.0
115510,46,1,2.5
115511,30,1,3.0
115512,45,1,3.0
115513,54,2,2.5
115513,74,1,3.5
115514,27,2,3.5
115515,61,1,4.75
115515,70,1,3.25
115516,46,2,2.5
115517,22,1,2.0
115518,43,1,3.0
115518,78,1,4.5
115519,24,2,3.0
115520,25,2,2.2
115521,39,2,4.25
115522,43,2,3.0
115523,28,1,2.0
115524,43,2,3.0
115525,23,1,2.5
115526,35,1,3.1
115526,73,1,3.75
115527,23,2,2.5
115528,26,2,3.0
115528,73,1,3.75
115529,23,2,2.5
115529,72,1,3.25
115530,34,2,2.45
115531,44,2,2.5
115531,75,1,3.5
115532,30,1,3.0
115533,29,2,2.5
115534,34,1,2.45
115535,52,1,2.5
115536,87,2,2.1
115537,25,1,2.2
115538,48,1,2.5
115539,56,1,2.55
115540,34,2,2.45
115540,74,1,3.5
115541,52,2,2.5
115542,38,2,3.75
115543,26,2,3.0
115544,24,2,3.0
115544,69,1,3.25
115545,39,2,4.25
115546,23,2,2.5
115546,79,1,3.75
115547,39,2,4.25
115548,60,2,3.75
115549,54,1,2.5
115550,50,2,2.5
115550,69,1,3.25
115551,28,2,2.0
115552,87,1,3.0
115553,31,1,2.2
115554,34,1,2.45
115554,79,1,3.75
115555,25,2,2.2
115556,53,1,3.0
115557,26,1,3.0
115557,72,1,3.25
115558,49,2,3.0
115559,56,1,2.55
115560,36,2,3.75
115561,48,1,2.5
115561,73,1,3.75
115562,61,1,4.75
115563,27,2,3.5
115563,69,1,3.25
115564,28,1,2.0
115565,39,1,4.25
115565,78,1,4.5
115566,33,1,3.5
115567,29,2,2.5
115568,46,2,2.5
115569,40,2,3.75
115570,52,1,2.5
115571,36,1,3.75
115572,55,1,4.0
115573,48,2,2.5
115574,58,1,3.5
115575,26,2,3.0
115576,61,2,4.75
115577,51,1,3.0
115578,51,1,3.0
115579,34,1,2.45
115579,77,1,3.0
115580,55,1,4.0
115581,59,2,4.5
115582,60,1,3.75
115583,55,2,4.0
115584,51,1,3.0
115585,55,2,4.0
115586,60,1,3.75
115587,48,1,2.5
115588,22,1,2.0
115589,27,2,3.5
115590,53,2,3.0
115591,56,1,2.55
115591,74,1,3.5
115592,41,1,4.25
115593,37,2,3.0
115594,56,1,2.55
115595,52,2,2.5
115596,37,1,3.0
115596,72,1,3.25
115597,87,2,2.1
115597,72,2,2.65
115597,74,1,3.5
115598,28,1,2.0
115599,32,1,3.0
115600,37,1,3.0
115601,51,2,3.0
115602,26,2,3.0
115603,47,1,3.0
115604,37,2,3.0
115604,70,1,3.25
115605,49,1,3.0
115606,58,2,3.5
115607,38,1,3.75
115608,24,2,3.0
115609,23,2,2.5
115610,43,2,3.0
115610,78,1,4.5
115611,27,1,3.5
115611,79,1,3.75
115612,42,2,2.5
115613,24,1,3.0
115614,25,1,2.2
115615,44,1,2.5
115616,48,1,2.5
115616,78,1,4.5
115617,48,1,2.5
115618,33,1,3.5
115619,34,2,2.45
115620,54,1,2.5
115621,28,1,2.0
115621,73,1,3.75
115622,38,1,3.75
115623,52,2,2.5
115624,34,1,2.45
115624,78,1,4.5
115625,61,1,4.75
115626,59,2,4.5
115627,26,1,3.0
115628,61,1,4.75
115629,54,2,2.5
115630,42,1,2.5
115630,69,1,3.25
115631,27,2,3.5
115631,70,1,3.25
115632,48,2,2.5
115632,76,1,3.5
115633,54,1,2.5
115634,54,1,2.5
115635,53,2,3.0
115636,26,2,3.0
115637,87,1,3.0
115638,57,1,3.1
115639,30,2,3.0
115639,76,1,3.5
115640,43,2,3.0
115641,56,2,2.55
115642,87,1,2.1
115643,34,2,2.45
115643,69,1,3.25
115644,31,2,2.2
115645,36,1,3.75
115646,26,1,3.0
115647,29,2,2.5
115648,53,1,3.0
115649,27,2,3.5
115650,35,2,3.1
115651,54,2,2.5
115652,30,1,3.0
115652,76,1,3.5
115653,57,1,3.1
115654,26,2,3.0
115655,55,1,4.0
115656,34,2,2.45
115657,51,1,3.0
115658,50,2,2.5
115658,69,1,3.25
115659,55,1,4.0
115659,73,1,3.75
115660,27,2,3.5
115661,56,1,2.55
115662,27,1,3.5
115663,49,1,3.0
115664,34,1,2.45
115665,27,1,3.5
115666,59,2,4.5
115667,87,1,2.1
115668,24,2,3.0
115668,78,1,4.5
115669,40,2,3.75
115669,74,1,3.5
115670,52,1,2.5
115671,22,1,2.0
115672,31,1,2.2
115673,26,1,3.0
115674,41,1,4.25
115675,29,2,2.5
115675,74,1,3.5
115676,23,1,2.5
115676,70,1,3.25
115677,38,2,3.75
115678,59,1,4.5
115679,22,2,2.0
115679,77,1,3.0
115680,87,1,3.0
115681,55,2,4.0
115682,33,1,3.5
115683,40,2,3.75
115684,28,2,2.0
115685,30,1,3.0
115686,53,1,3.0
115686,79,1,3.75
115687,48,2,2.5
115688,22,2,2.0
115689,25,1,2.2
115689,76,1,3.5
115690,56,1,2.55
115691,23,1,2.5
115692,50,1,2.5
115693,29,1,2.5
115694,44,2,2.5
115694,75,1,3.5
115695,45,1,3.0
115696,42,1,2.5
115697,58,2,3.5
115698,87,2,2.1
115699,27,2,3.5
115700,40,2,3.75
115701,31,1,2.2
115702,36,2,3.75
115703,54,2,2.5
115704,30,1,3.0
115705,42,1,2.5
115706,23,1,2.5
115707,52,2,2.5
115708,53,2,3.0
115709,25,2,2.2
115710,47,2,3.0
115710,79,1,3.75
115711,38,1,3.75
115712,46,2,2.5
115713,47,2,3.0
115714,57,1,3.1
115715,55,1,4.0
115716,49,2,3.0
115717,24,2,3.0
115718,40,2,3.75
115719,45,1,3.0
115720,53,1,3.0
115721,53,2,3.0
115722,39,1,4.25
115723,32,1,3.0
115723,74,1,3.5
115724,31,2,2.2
115725,55,2,4.0
115725,69,1,3.25
115726,31,1,2.2
115727,22,2,2.0
115728,61,1,4.75
115729,32,2,3.0
115730,59,1,4.5
115730,70,1,3.25
115731,28,2,2.0
115731,74,1,3.5
115732,59,1,4.5
115732,75,1,3.5
115733,51,2,3.0
115734,50,2,2.5
115734,76,1,3.5
115735,29,1,2.5
115736,37,2,3.0
115736,70,1,3.25
115737,59,2,4.5
115738,26,1,3.0
115739,34,2,2.45
115739,76,1,3.5
115740,38,1,3.75
115740,75,1,3.5
115741,55,2,4.0
115742,29,1,2.5
115743,50,1,2.5
115744,51,1,3.0
115745,60,2,3.75
115746,48,2,2.5
115747,38,1,3.75
115747,75,1,3.5
115748,27,2,3.5
115749,23,1,2.5
115749,73,1,3.75
115750,34,2,2.45
115751,24,1,3.0
115751,78,1,4.5
115752,34,2,2.45
115752,77,1,3.0
115753,29,2,2.5
115754,57,1,3.1
115755,39,2,4.25
115756,50,2,2.5
115757,27,1,3.5
115758,58,1,3.5
115758,69,1,3.25
115759,57,1,3.1
115760,37,2,3.0
115761,30,1,3.0
115762,39,2,4.25
115763,46,2,2.5
115764,87,1,2.1
115765,35,2,3.1
115766,26,1,3.0
115766,71,1,3.75
115767,60,2,3.75
115768,36,2,3.75
115768,70,1,3.25
115769,34,1,2.45
115769,74,1,3.5
115770,61,2,4.75
115771,50,2,2.5
115772,25,1,2.2
115773,42,2,2.5
115773,79,1,3.75
115774,50,1,2.5
115775,57,2,3.1
115775,78,1,4.5
115776,38,1,3.75
115777,25,2,2.2
115778,30,2,3.0
115779,37,2,3.0
115780,25,2,2.2
115781,43,1,3.0
115781,79,1,3.75
115782,48,1,2.5
115783,31,2,2.2
115783,75,1,3.5
115784,58,1,3.5
115785,38,1,3.75
115786,37,1,3.0
115786,72,1,3.25
115787,61,2,4.75
115788,26,1,3.0
115789,28,1,2.0
115790,57,1,3.1
115791,26,1,3.0
115791,78,1,4.5
115792,23,2,2.5
115793,31,2,2.2
115793,77,1,3.0
115794,53,2,3.0
115795,24,2,3.0
115796,50,1,2.5
115797,53,1,3.0
115798,26,1,3.0
115799,52,2,2.5
115800,61,1,4.75
115800,78,1,4.5
115801,32,2,3.0
115802,35,2,3.1
115803,59,2,4.5
115804,45,2,3.0
115805,34,2,2.45
115806,40,1,3.75
115806,74,1,3.5
115807,24,2,3.0
115807,71,1,3.75
115808,23,1,2.5
115809,24,1,3.0
115810,23,2,2.5
115811,48,1,2.5
115811,72,1,3.25
115812,87,2,2.1
115812,72,2,2.65
115812,72,1,3.25
115813,55,2,4.0
115813,79,1,3.75
115814,45,1,3.0
115815,22,2,2.0
115816,53,2,3.0
115816,69,1,3.25
115817,57,1,3.1
115818,56,1,2.55
115819,57,2,3.1
115819,78,1,4.5
115820,39,1,4.25
115821,41,2,4.25
115822,40,2,3.75
115823,42,2,2.5
115824,54,2,2.5
115824,76,1,3.5
115825,50,2,2.5
115825,72,1,3.25
115826,41,1,4.25
115827,29,2,2.5
115827,78,1,4.5
115828,43,2,3.0
115829,31,2,2.2
115829,74,1,3.5
115830,45,2,3.0
115831,42,1,2.5
115832,50,1,2.5
115833,42,2,2.5
115834,59,1,4.5
115835,27,2,3.5
115835,75,1,3.5
115836,30,1,3.0
115837,27,1,3.5
115837,79,1,3.75
115838,42,2,2.5
115839,47,1,3.0
115840,60,1,3.75
115841,48,1,2.5
115841,73,1,3.75
115842,43,1,3.0
115843,38,1,3.75
115844,23,1,2.5
115845,56,2,2.55
115845,78,1,4.5
115846,61,2,4.75
115847,87,2,3.0
115848,60,2,3.75
115848,74,1,3.5
115849,49,1,3.0
115850,57,2,3.1
115850,77,1,3.0
115851,61,2,4.75
115852,43,1,3.0
115853,56,2,2.55
115854,40,1,3.75
115855,42,1,2.5
115855,76,1,3.5
115856,55,1,4.0
115857,40,2,3.75
115858,36,2,3.75
115859,60,1,3.75
115860,47,1,3.0
115861,57,1,3.1
115862,27,1,3.5
115863,49,1,3.0
115864,30,2,3.0
115865,38,1,3.75
115866,28,1,2.0
115867,57,1,3.1
115868,41,1,4.25
115869,26,2,3.0
115870,44,2,2.5
115871,59,1,4.5
115872,25,1,2.2
115873,56,2,2.55
115873,74,1,3.5
115874,87,1,2.1
115875,61,2,4.75
115876,38,1,3.75
115877,46,1,2.5
115878,49,1,3.0
115879,41,2,4.25
115880,38,2,3.75
115881,36,2,3.75
115882,58,2,3.5
115883,24,2,3.0
115884,57,2,3.1
115885,50,1,2.5
115885,78,1,4.5
115886,23,1,2.5
115886,78,1,4.5
115887,40,2,3.75
115888,54,1,2.5
115888,70,1,3.25
115889,46,2,2.5
115890,37,1,3.0
115891,44,1,2.5
115892,42,2,2.5
115893,34,1,2.45
115894,46,1,2.5
115895,31,1,2.2
115895,70,1,3.25
115896,57,2,3.1
115897,24,1,3.0
115898,34,1,2.45
115899,28,2,2.0
115900,53,2,3.0
115901,60,1,3.75
115902,49,1,3.0
115903,57,1,3.1
115904,51,2,3.0
115905,42,1,2.5
115906,54,2,2.5
115907,61,1,4.75
115907,77,1,3.0
115908,44,1,2.5
115909,32,2,3.0
115910,53,1,3.0
115911,40,2,3.75
115911,79,1,3.75
115912,41,2,4.25
115913,41,2,4.25
115914,22,2,2.0
115915,48,2,2.5
115916,26,1,3.0
115917,58,1,3.5
115918,55,1,4.0
115919,46,1,2.5
115920,38,2,3.75
115921,35,1,3.1
115922,28,2,2.0
115923,23,1,2.5
115923,74,1,3.5
115924,29,2,2.5
115925,26,1,3.0
115926,60,2,3.75
115927,42,1,2.5
115928,54,2,2.5
115929,55,2,4.0
115930,58,1,3.5
115931,42,1,2.5
115932,59,2,4.5
115933,51,1,3.0
115934,61,2,4.75
115935,27,2,3.5
115936,54,1,2.5
115936,77,1,3.0
115937,24,2,3.0
115938,36,2,3.75
115939,50,1,2.5
115940,57,1,3.1
115941,39,2,4.25
115942,58,1,3.5
115943,33,2,3.5
115944,50,1,2.5
115945,23,2,2.5
115945,73,1,3.75
115946,30,1,3.0
115947,54,2,2.5
115948,59,2,4.5
115949,23,2,2.5
115950,59,2,4.5
115951,34,1,2.45
115952,55,2,4.0
115953,57,2,3.1
115953,77,1,3.0
115954,32,1,3.0
115955,53,1,3.0
115956,39,1,4.25
115957,44,1,2.5
115957,71,1,3.75
115958,56,1,2.55
115959,60,2,3.75
115959,72,1,3.25
115960,50,2,2.5
115961,22,1,2.0
115962,29,1,2.5
115963,44,2,2.5
115963,73,1,3.75
115964,39,1,4.25
115965,37,1,3.0
115966,40,1,3.75
115967,53,1,3.0
115967,77,1,3.0
115968,26,2,3.0
115969,47,2,3.0
115970,22,1,2.0
115970,77,1,3.0
115971,52,2,2.5
115972,51,2,3.0
115973,30,1,3.0
115974,40,2,3.75
115974,65,2,0.8
115975,28,2,2.0
115976,61,2,4.75
115977,53,2,3.0
115978,57,1,3.1
115978,73,1,3.75
115979,27,1,3.5
115980,37,3,3.0
115980,65,2,0.8
115981,31,2,2.2
115982,47,2,3.0
115983,54,2,2.5
115984,38,1,3.75
115984,84,1,0.8
115985,50,1,2.5
115986,49,1,3.0
115987,39,1,4.25
115988,53,2,3.0
115988,72,1,3.25
115989,41,1,4.25
115989,64,1,0.8
115989,72,1,3.25
115990,47,2,3.0
115990,17,1,9.5
115991,28,1,2.0
115992,23,1,2.5
115992,75,1,3.5
115993,39,2,4.25
115993,63,2,0.8
115994,28,1,2.0
115995,26,1,3.0
115996,29,2,2.5
115996,76,1,3.5
115997,39,1,4.25
115998,59,2,4.5
115999,33,1,3.5
116000,52,1,2.5
116001,46,3,2.5
116002,51,2,3.0
116003,22,2,2.0
116003,74,1,3.5
116004,32,1,3.0
116005,48,1,2.5
116005,20,1,7.6
116006,44,3,2.5
116007,25,1,2.2
116008,48,2,2.5
116009,28,2,2.0
116010,31,2,2.2
116011,46,1,2.5
116012,43,2,3.0
116013,42,2,2.5
116014,48,2,2.5
116015,29,2,2.5
116016,24,1,3.0
116017,23,2,2.5
116017,5,1,15.0
116018,29,1,2.5
116018,30,1,3.0
116019,87,2,3.0
116020,22,2,2.0
116021,61,1,4.75
116022,37,1,3.0
116023,31,2,2.2
116024,40,2,3.75
116024,64,1,0.8
116025,40,2,3.75
116025,63,2,0.8
116026,28,1,2.0
116027,48,2,2.5
116028,59,1,4.5
116028,73,1,3.75
116029,71,1,3.75
116030,22,1,2.0
116031,78,1,4.5
116032,53,1,3.0
116032,70,1,3.25
116033,36,2,3.75
116034,30,2,3.0
116035,48,2,2.5
116036,59,2,4.5
116037,50,2,2.5
116037,76,1,3.5
116038,37,1,3.0
116038,63,1,0.8
116038,76,1,3.5
116039,42,2,2.5
116040,57,1,3.1
116041,23,2,2.5
116042,28,2,2.0
116043,37,2,3.0
116043,65,2,0.8
116044,73,1,3.75
116045,40,2,3.75
116045,84,1,0.8
116045,75,1,3.5
116046,30,2,3.0
116046,74,1,3.5
116047,29,1,2.5
116048,36,2,3.75
116049,61,2,4.75
116049,21,1,13.33
116050,31,1,2.2
116051,52,2,2.5
116052,56,1,2.55
116053,54,1,2.5
116054,24,2,3.0
116055,34,2,2.45
116056,38,2,3.75
116056,63,2,0.8
116057,23,1,2.5
116058,56,1,2.55
116059,50,2,2.5
116060,54,2,2.5
116061,58,2,3.5
116061,72,1,3.25
116062,30,2,3.0
116063,50,1,2.5
116064,59,1,4.5
116065,42,2,2.5
116066,43,2,3.0
116066,79,1,3.75
116067,22,2,2.0
116068,52,1,2.5
116069,24,2,3.0
116070,40,2,3.75
116070,63,2,0.8
116071,23,2,2.5
116071,76,1,3.5
116072,44,2,2.5
116073,37,1,3.0
116074,44,2,2.5
116074,71,1,3.75
116075,87,1,3.0
116076,33,1,3.5
116077,54,2,2.5
116078,32,1,3.0
116078,21,1,13.33
116079,22,3,2.0
116079,76,1,3.5
116080,30,1,3.0
116080,71,1,3.75
116081,31,3,2.2
116082,44,2,2.5
116083,29,2,2.5
116084,60,1,3.75
116084,78,1,4.5
116085,32,3,3.0
116086,24,1,3.0
116087,60,1,3.75
116087,73,1,3.75
116088,50,3,2.5
116089,58,1,3.5
116090,35,2,3.1
116091,25,1,2.2
116091,74,1,3.5
116092,60,1,3.75
116093,56,1,2.55
116094,58,2,3.5
116094,71,1,3.75
116095,71,1,3.75
116096,54,1,2.5
116097,37,2,3.0
116097,64,2,0.8
116098,52,3,2.5
116099,51,2,3.0
116100,37,2,3.0
116100,65,2,0.8
116101,59,2,4.5
116102,57,2,3.1
116102,75,1,3.5
116103,60,1,3.75
116104,31,2,2.2
116105,56,3,2.55
116106,47,2,3.0
116107,54,1,2.5
116107,77,1,3.0
116108,35,1,3.1
116108,71,1,3.75
116109,41,2,4.25
116109,84,1,0.8
116110,28,2,2.0
116110,77,1,3.0
116111,31,2,2.2
116112,59,1,4.5
116113,28,1,2.0
116114,39,2,4.25
116115,57,2,3.1
116116,40,1,3.75
116116,71,1,3.75
116116,40,1,3.75
116116,53,1,3.0
116116,54,1,2.5
116116,39,1,4.25
116117,46,1,2.5
116118,39,2,4.25
116118,84,2,0.8
116118,79,1,3.75
116119,51,2,3.0
116119,75,1,3.5
116120,44,3,2.5
116121,23,3,2.5
116122,37,2,3.0
116122,63,2,0.8
116123,38,1,3.75
116123,64,2,0.8
116124,30,1,3.0
116125,37,1,3.0
116125,65,1,0.8
116126,45,1,3.0
116127,60,2,3.75
116128,45,2,3.0
116129,61,1,4.75
116130,34,2,2.45
116131,52,1,2.5
116132,27,1,3.5
116133,44,1,2.5
116134,42,1,2.5
116135,28,1,2.0
116136,56,1,2.55
116137,73,1,3.75
116138,48,2,2.5
116139,53,2,3.0
116140,60,2,3.75
116140,6,1,21.0
116141,44,1,2.5
116141,83,1,14.0
116142,59,2,4.5
116143,40,2,3.75
116143,65,1,0.8
116144,39,2,4.25
116145,71,1,3.75
116146,53,1,3.0
116146,14,1,8.95
116147,47,1,3.0
116148,48,1,2.5
116149,55,1,4.0
116150,38,2,3.75
116151,26,1,3.0
116152,28,1,2.0
116153,58,2,3.5
116154,22,2,2.0
116154,73,1,3.75
116155,26,2,3.0
116156,45,2,3.0
116156,78,1,4.5
116157,33,1,3.5
116158,51,1,3.0
116159,60,2,3.75
116159,69,1,3.25
116160,29,2,2.5
116161,36,1,3.75
116162,52,1,2.5
116162,78,1,4.5
116163,47,1,3.0
116164,45,1,3.0
116165,28,1,2.0
116166,43,1,3.0
116167,26,1,3.0
116168,87,3,3.0
116169,40,2,3.75
116169,84,2,0.8
116169,73,1,3.75
116170,50,1,2.5
116171,53,1,3.0
116172,41,2,4.25
116172,63,2,0.8
116173,24,2,3.0
116173,69,2,3.25
116174,42,2,2.5
116175,43,2,3.0
116176,43,2,3.0
116176,69,1,3.25
116177,43,2,3.0
116178,35,1,3.1
116179,41,2,4.25
116179,65,1,0.8
116180,51,1,3.0
116181,43,1,3.0
116182,29,2,2.5
116183,28,2,2.0
116184,50,2,2.5
116184,73,1,3.75
116185,33,1,3.5
116186,41,2,4.25
116186,63,2,0.8
116186,73,1,3.75
116187,58,3,3.5
116188,40,2,3.75
116189,34,1,2.45
116190,56,2,2.55
116191,50,1,2.5
116192,48,3,2.5
116193,55,1,4.0
116194,41,1,4.25
116195,71,1,3.75
116196,44,1,2.5
116197,49,1,3.0
116198,38,1,3.75
116198,63,2,0.8
116198,70,1,3.25
116199,37,1,3.0
116199,63,1,0.8
116200,37,1,3.0
116201,26,2,3.0
116202,57,1,3.1
116203,69,1,3.25
116204,59,1,4.5
116205,47,1,3.0
116205,79,1,3.75
116205,22,2,2.0
116206,32,1,3.0
116207,34,2,2.45
116208,50,2,2.5
116209,39,1,4.25
116210,46,2,2.5
116211,55,2,4.0
116212,41,2,4.25
116212,63,1,0.8
116213,41,1,4.25
116214,71,1,3.75
116215,32,1,3.0
116216,35,2,3.1
116217,44,2,2.5
116218,45,2,3.0
116218,75,1,3.5
116219,25,1,2.2
116220,22,1,2.0
116221,39,2,4.25
116221,64,2,0.8
116221,73,1,3.75
116222,61,2,4.75
116223,28,1,2.0
116224,49,2,3.0
116225,60,2,3.75
116226,55,2,4.0
116227,56,1,2.55
116227,76,1,3.5
116228,46,1,2.5
116229,47,2,3.0
116230,30,3,3.0
116230,6,1,21.0
116231,57,1,3.1
116232,87,1,2.1
116232,72,1,3.25
116233,52,2,2.5
116234,39,1,4.25
116234,1,2,18.0
116235,48,1,2.5
116235,76,1,3.5
116236,23,1,2.5
116237,36,1,3.75
116238,43,2,3.0
116238,73,1,3.75
116239,49,1,3.0
116240,23,3,2.5
116241,23,1,2.5
116242,57,1,3.1
116242,78,1,4.5
116243,39,1,4.25
116244,22,1,2.0
116245,37,2,3.0
116245,63,2,0.8
116246,55,2,4.0
116247,41,2,4.25
116247,64,1,0.8
116248,40,2,3.75
116248,84,1,0.8
116249,53,1,3.0
116250,47,1,3.0
116251,46,2,2.5
116252,48,1,2.5
116252,72,1,3.25
116253,22,1,2.0
116254,37,1,3.0
116254,84,2,0.8
116255,53,1,3.0
116256,31,1,2.2
116257,50,2,2.5
116258,39,1,4.25
116258,84,1,0.8
116259,42,2,2.5
116260,27,1,3.5
116260,83,1,14.0
116261,30,1,3.0
116261,78,1,4.5
116262,50,1,2.5
116262,56,1,2.55
116263,37,1,3.0
116263,64,1,0.8
116264,34,1,2.45
116265,61,1,4.75
116266,43,2,3.0
116267,31,2,2.2
116268,45,3,3.0
116269,43,1,3.0
116270,30,1,3.0
116271,40,1,3.75
116272,51,2,3.0
116273,42,2,2.5
116274,50,2,2.5
116275,46,1,2.5
116276,43,1,3.0
116277,25,2,2.2
116278,49,2,3.0
116278,78,1,4.5
116279,52,2,2.5
116279,71,1,3.75
116280,24,2,3.0
116281,37,2,3.0
116281,64,2,0.8
116282,56,2,2.55
116283,53,2,3.0
116284,47,1,3.0
116285,29,2,2.5
116286,46,1,2.5
116286,74,1,3.5
116287,30,2,3.0
116288,35,2,3.1
116289,51,1,3.0
116290,32,1,3.0
116291,77,1,3.0
116292,87,1,3.0
116293,49,1,3.0
116293,77,1,3.0
116294,57,1,3.1
116294,7,1,19.75
116294,9,1,12.0
116295,74,1,3.5
116296,33,2,3.5
116296,78,1,4.5
116297,39,2,4.25
116297,65,2,0.8
116298,42,2,2.5
116299,41,2,4.25
116299,84,1,0.8
116299,75,1,3.5
116300,33,2,3.5
116301,39,2,4.25
116301,63,1,0.8
116302,60,1,3.75
116303,38,2,3.75
116303,63,2,0.8
116304,31,2,2.2
116305,42,1,2.5
116306,34,2,2.45
116307,45,2,3.0
116308,59,1,4.5
116309,71,1,3.75
116309,71,1,3.75
116310,37,2,3.0
116310,65,1,0.8
116311,26,2,3.0
116311,70,1,3.25
116312,28,2,2.0
116312,76,1,3.5
116313,50,2,2.5
116314,46,2,2.5
116315,55,2,4.0
116316,40,3,3.75
116316,64,2,0.8
116316,72,1,3.25
116317,25,1,2.2
116318,39,1,4.25
116318,64,1,0.8
116319,42,3,2.5
116319,78,1,4.5
116320,46,2,2.5
116320,17,1,9.5
116321,35,2,3.1
116322,49,1,3.0
116323,22,1,2.0
116323,73,1,3.75
116324,71,1,3.75
116325,44,2,2.5
116326,42,3,2.5
116327,50,1,2.5
116327,69,1,3.25
116328,37,2,3.0
116328,65,1,0.8
116329,61,1,4.75
116329,71,1,3.75
116330,37,3,3.0
116330,84,2,0.8
116331,46,1,2.5
116332,41,2,4.25
116332,84,2,0.8
116333,43,2,3.0
116333,73,1,3.75
116334,55,2,4.0
116335,41,1,4.25
116335,84,2,0.8
116336,71,1,3.75
116337,47,1,3.0
116338,29,2,2.5
116338,72,1,3.25
116339,27,1,3.5
116340,26,2,3.0
116341,38,1,3.75
116341,64,2,0.8
116342,50,1,2.5
116343,58,1,3.5
116344,36,1,3.75
116345,79,1,3.75
116346,52,2,2.5
116346,78,1,4.5
116347,32,1,3.0
116348,55,2,4.0
116349,37,1,3.0
116349,64,1,0.8
116349,69,1,3.25
116350,59,2,4.5
116351,23,1,2.5
116351,79,1,3.75
116352,51,2,3.0
116352,83,2,14.0
116353,32,1,3.0
116353,15,1,9.25
116354,61,1,4.75
116355,61,1,4.75
116355,77,1,3.0
116356,51,1,3.0
116356,74,1,3.5
116357,26,1,3.0
116358,53,1,3.0
116359,24,1,3.0
116360,51,2,3.0
116361,51,3,3.0
116362,49,1,3.0
116363,22,2,2.0
116363,2,1,18.0
116364,23,2,2.5
116364,73,1,3.75
116365,49,1,3.0
116366,32,1,3.0
116366,76,1,3.5
116367,41,1,4.25
116367,65,2,0.8
116368,59,2,4.5
116369,54,2,2.5
116369,83,1,14.0
116370,30,3,3.0
116370,70,1,3.25
116371,27,1,3.5
116372,51,2,3.0
116372,70,1,3.25
116373,38,1,3.75
116373,63,1,0.8
116373,70,1,3.25
116374,32,2,3.0
116375,87,1,3.0
116375,8,1,45.0
116376,87,1,2.1
116376,72,1,3.25
116377,27,2,3.5
116378,41,1,4.25
116378,63,1,0.8
116379,49,1,3.0
116380,47,2,3.0
116380,72,1,3.25
116381,44,2,2.5
116382,51,2,3.0
116383,41,2,4.25
116383,84,2,0.8
116384,52,2,2.5
116385,25,1,2.2
116386,29,1,2.5
116387,32,1,3.0
116388,60,1,3.75
116388,69,1,3.25
116389,28,1,2.0
116390,59,1,4.5
116391,23,2,2.5
116391,71,1,3.75
116392,55,2,4.0
116392,72,1,3.25
116393,26,1,3.0
116394,39,2,4.25
116394,84,1,0.8
116394,75,1,3.5
116395,45,1,3.0
116395,73,1,3.75
116396,48,2,2.5
116397,31,1,2.2
116397,21,1,13.33
116398,27,2,3.5
116399,44,1,2.5
116400,71,1,3.75
116400,71,1,3.75
116401,75,1,3.5
116402,51,2,3.0
116403,48,1,2.5
116404,51,2,3.0
116404,49,1,3.0
116405,44,1,2.5
116406,38,2,3.75
116407,42,2,2.5
116408,39,1,4.25
116408,84,1,0.8
116409,60,1,3.75
116410,24,1,3.0
116411,37,2,3.0
116411,65,2,0.8
116412,38,1,3.75
116412,63,1,0.8
116413,56,1,2.55
116414,41,1,4.25
116414,63,2,0.8
116415,58,1,3.5
116416,30,1,3.0
116417,39,2,4.25
116417,63,1,0.8
116417,72,1,3.25
116418,24,2,3.0
116418,73,1,3.75
116419,54,1,2.5
116420,22,3,2.0
116421,61,2,4.75
116422,71,1,3.75
116423,47,2,3.0
116424,25,1,2.2
116425,55,2,4.0
116426,40,2,3.75
116426,64,1,0.8
116427,38,2,3.75
116427,14,1,8.95
116428,26,1,3.0
116429,33,2,3.5
116430,34,1,2.45
116431,25,1,2.2
116432,55,2,4.0
116432,75,1,3.5
116433,52,2,2.5
116434,35,2,3.1
116435,31,2,2.2
116436,52,1,2.5
116437,30,2,3.0
116437,18,1,10.95
116438,26,1,3.0
116439,39,2,4.25
116439,1,1,18.0
116439,17,1,9.5
116440,30,3,3.0
116441,52,1,2.5
116442,30,1,3.0
116442,76,1,3.5
116443,36,1,3.75
116444,57,1,3.1
116444,70,1,3.25
116445,51,1,3.0
116446,35,1,3.1
116447,59,2,4.5
116448,40,2,3.75
116448,63,2,0.8
116449,24,2,3.0
116449,77,1,3.0
116450,35,1,3.1
116451,49,2,3.0
116451,83,1,14.0
116452,60,2,3.75
116453,56,1,2.55
116454,23,1,2.5
116454,76,1,3.5
116455,60,2,3.75
116456,39,2,4.25
116457,24,2,3.0
116458,28,2,2.0
116459,42,1,2.5
116460,52,1,2.5
116460,72,1,3.25
116461,87,2,3.0
116462,52,1,2.5
116463,53,1,3.0
116463,77,1,3.0
116464,87,1,3.0
116464,77,1,3.0
116465,43,2,3.0
116466,87,1,2.1
116466,72,1,3.25
116466,72,1,3.25
116466,8,8,45.0
116467,51,1,3.0
116468,44,1,2.5
116468,78,1,4.5
116469,38,2,3.75
116469,63,2,0.8
116469,18,1,6.4
116470,28,1,2.0
116471,39,1,4.25
116471,64,1,0.8
116472,48,1,2.5
116473,52,2,2.5
116474,22,1,2.0
116474,73,1,3.75
116475,71,1,3.75
116475,71,1,3.75
116475,71,1,3.75
116476,61,1,4.75
116477,32,2,3.0
116478,22,2,2.0
116478,71,1,3.75
116479,40,3,3.75
116479,65,2,0.8
116480,76,1,3.5
116481,35,1,3.1
116482,52,1,2.5
116483,50,2,2.5
116484,59,2,4.5
116485,59,2,4.5
116486,25,1,2.2
116487,28,2,2.0
116488,44,2,2.5
116489,38,2,3.75
116489,64,1,0.8
116490,53,2,3.0
116491,37,1,3.0
116491,65,1,0.8
116491,2,1,18.0
116492,60,2,3.75
116493,43,2,3.0
116493,72,1,3.25
116494,46,2,2.5
116495,57,1,3.1
116496,55,2,4.0
116497,48,2,2.5
116498,61,2,4.75
116499,44,2,2.5
116500,33,1,3.5
116501,34,1,2.45
116502,27,1,3.5
116503,56,2,2.55
116504,26,1,3.0
116504,71,1,3.75
116505,25,1,2.2
116505,79,1,3.75
116506,39,2,4.25
116507,22,2,2.0
116508,26,1,3.0
116509,23,1,2.5
116510,57,2,3.1
116511,35,2,3.1
116512,54,2,2.5
116513,25,2,2.2
116514,60,2,3.75
116515,57,2,3.1
116516,51,1,3.0
116517,47,1,3.0
116517,72,1,3.25
116518,30,2,3.0
116518,20,1,7.6
116519,24,2,3.0
116520,40,1,3.75
116521,40,2,3.75
116521,76,2,3.5
116522,26,1,3.0
116523,42,2,2.5
116524,54,1,2.5
116525,32,1,3.0
116526,57,2,3.1
116526,71,1,3.75
116527,49,2,3.0
116528,47,2,3.0
116528,8,1,45.0
116529,38,2,3.75
116529,72,1,3.25
116530,33,1,3.5
116531,29,2,2.5
116532,38,2,3.75
116533,56,2,2.55
116534,55,1,4.0
116534,79,1,3.75
116535,29,1,2.5
116535,74,1,4.38
116536,33,1,3.5
116536,20,1,7.6
116537,42,1,2.5
116538,49,1,3.0
116539,34,2,2.45
116540,44,2,2.5
116541,27,1,3.5
116542,51,1,3.0
116543,29,2,2.5
116544,44,1,2.5
116545,24,1,3.0
116545,74,1,3.5
116546,27,2,3.5
116547,24,2,3.0
116547,76,1,3.5
116548,39,2,4.25
116549,23,1,2.5
116550,58,1,3.5
116551,57,1,3.1
116552,45,2,3.0
116553,57,1,3.1
116553,16,1,8.95
116554,23,1,2.5
116555,30,2,3.0
116556,55,2,4.0
116557,27,2,3.5
116558,33,2,3.5
116558,49,2,3.0
116559,35,1,3.1
116560,49,1,3.0
116561,40,1,3.75
116561,64,1,0.8
116562,23,2,2.5
116563,31,1,2.2
116564,23,1,2.5
116565,31,3,2.2
116566,51,2,3.0
116567,44,1,2.5
116568,52,1,2.5
116569,41,1,4.25
116570,35,1,3.1
116571,48,1,2.5
116572,36,1,3.75
116572,78,1,4.5
116573,37,1,3.0
116574,36,1,3.75
116575,58,2,3.5
116576,47,1,3.0
116577,36,2,3.75
116578,36,1,3.75
116578,74,1,3.5
116579,29,1,2.5
116580,39,1,4.25
116581,36,2,3.75
116581,70,1,3.25
116582,50,2,2.5
116582,72,1,3.25
116583,26,1,3.0
116584,41,1,4.25
116584,65,3,0.8
116584,79,1,3.75
116585,38,3,3.75
116585,65,2,0.8
116585,78,1,4.5
116586,29,1,2.5
116587,42,3,2.5
116588,39,2,4.25
116589,28,2,2.0
116590,45,2,3.0
116591,45,1,3.0
116591,77,1,3.0
116592,25,1,2.2
116593,27,1,3.5
116594,34,1,2.45
116595,37,2,3.0
116596,37,2,3.0
116597,51,2,3.0
116598,34,1,2.45
116599,24,2,3.0
116600,35,2,3.1
116601,42,1,2.5
116602,61,1,4.75
116603,47,1,3.0
116603,79,1,3.75
116604,27,2,3.5
116605,56,2,2.55
116605,69,1,3.25
116606,22,1,2.0
116607,42,1,2.5
116608,61,2,4.75
116609,50,2,2.5
116610,55,1,4.0
116611,36,2,3.75
116612,22,1,2.0
116613,61,1,4.75
116614,59,2,4.5
116614,70,1,3.25
116615,54,2,2.5
116616,54,1,2.5
116617,41,2,4.25
116618,34,1,2.45
116619,58,1,3.5
116619,78,1,4.5
116620,24,2,3.0
116621,41,1,4.25
116621,75,1,3.5
116622,55,2,4.0
116623,43,1,3.0
116623,71,1,3.75
116624,58,3,3.5
116624,76,1,3.5
116625,51,1,3.0
116626,45,1,3.0
116627,38,2,3.75
116627,65,1,0.8
116628,59,2,4.5
116629,42,2,2.5
116630,45,1,3.0
116630,73,1,3.75
116631,51,2,3.0
116631,78,1,4.5
116632,61,1,4.75
116633,58,1,3.5
116634,56,1,2.55
116635,46,1,2.5
116636,36,1,3.75
116636,72,1,3.25
116637,38,2,3.75
116637,70,1,3.25
116638,56,1,2.55
116639,51,1,3.0
116639,71,1,3.75
116640,7,1,19.75
116641,23,1,2.5
116641,70,1,3.25
116642,22,2,2.0
116642,78,1,4.5
116643,56,2,2.55
116644,43,1,3.0
116644,75,1,3.5
116645,33,2,3.5
116645,72,1,3.25
116646,32,2,3.0
116647,58,2,3.5
116648,37,1,3.0
116648,64,1,0.8
116649,41,2,4.25
116650,40,1,3.75
116651,23,3,2.5
116652,25,3,2.2
116653,28,2,2.0
116654,27,2,3.5
116655,37,1,3.0
116655,63,2,0.8
116656,27,2,3.5
116657,30,1,3.0
116658,47,1,3.0
116659,23,1,2.5
116660,23,2,2.5
116660,69,1,3.25
116661,23,1,2.5
116662,87,1,3.0
116663,48,1,2.5
116664,45,2,3.0
116665,57,2,3.1
116666,60,2,3.75
116667,54,1,2.5
116668,50,2,2.5
116669,30,2,3.0
116670,24,2,3.0
116671,27,1,3.5
116672,59,1,4.5
116673,28,1,2.0
116673,75,1,3.5
116674,24,2,3.0
116675,49,1,3.0
116676,24,1,3.0
116677,51,2,3.0
116677,78,1,4.5
116678,45,2,3.0
116679,37,1,3.0
116680,55,1,4.0
116681,32,2,3.0
116682,87,2,3.0
116683,59,1,4.5
116684,52,2,2.5
116684,71,1,3.75
116685,47,2,3.0
116686,28,2,2.0
116687,22,1,2.0
116687,11,1,8.95
116688,53,1,3.0
116689,56,1,2.55
116690,44,3,2.5
116691,22,2,2.0
116691,79,1,3.75
116692,53,1,3.0
116692,79,1,3.75
116693,40,1,3.75
116693,63,1,0.8
116694,25,1,2.2
116695,33,1,3.5
116696,56,1,2.55
116696,69,1,3.25
116697,27,1,3.5
116698,31,2,2.2
116699,29,2,2.5
116700,27,2,3.5
116701,45,2,3.0
116701,78,1,4.5
116702,40,2,3.75
116703,50,2,2.5
116704,38,1,3.75
116705,30,2,3.0
116706,58,2,3.5
116707,36,2,3.75
116707,76,1,3.5
116708,39,3,4.25
116708,63,2,0.8
116708,78,1,4.5
116709,23,1,2.5
116709,73,1,3.75
116709,18,1,6.4
116710,30,2,3.0
116711,52,2,2.5
116711,70,1,3.25
116712,31,2,2.2
116713,42,1,2.5
116714,56,2,2.55
116715,31,2,2.2
116716,35,1,3.1
116717,57,1,3.1
116718,52,2,2.5
116718,77,1,3.0
116719,87,1,3.0
116720,40,1,3.75
116720,84,1,0.8
116721,50,1,2.5
116721,69,1,3.25
116722,34,1,2.45
116723,58,1,3.5
116724,60,1,3.75
116725,58,2,3.5
116726,34,1,2.45
116727,25,1,2.2
116727,75,1,3.5
116728,57,1,3.1
116729,28,2,2.0
116730,54,1,2.5
116731,29,1,2.5
116732,22,2,2.0
116733,59,1,4.5
116733,72,1,3.25
116734,55,2,4.0
116735,37,2,3.0
116735,77,1,3.0
116736,47,1,3.0
116737,32,1,3.0
116737,73,1,3.75
116738,54,2,2.5
116739,49,1,3.0
116740,27,1,3.5
116741,35,2,3.1
116742,37,1,3.0
116742,65,2,0.8
116743,59,1,4.5
116744,50,2,2.5
116745,32,2,3.0
116745,79,1,3.75
116745,3,1,14.75
116746,28,2,2.0
116747,37,2,3.0
116748,32,1,3.0
116749,51,2,3.0
116750,39,1,4.25
116751,48,2,2.5
116752,60,2,3.75
116753,32,1,3.0
116754,43,1,3.0
116755,33,1,3.5
116756,59,2,4.5
116757,49,2,3.0
116758,37,1,3.0
116759,53,1,3.0
116760,38,2,3.75
116761,45,1,3.0
116762,35,1,3.1
116763,30,1,3.0
116764,42,1,2.5
116765,43,1,3.0
116766,47,2,3.0
116767,26,1,3.0
116768,23,1,2.5
116769,49,2,3.0
116769,1,1,18.0
116770,36,2,3.75
116771,41,2,4.25
116772,31,1,2.2
116772,72,1,3.25
116773,58,2,3.5
116774,60,1,3.75
116774,72,2,3.25
116775,41,1,4.25
116776,46,1,2.5
116777,55,2,4.0
116778,27,1,3.5
116778,75,1,3.5
116779,50,2,2.5
116780,26,2,3.0
116781,34,2,2.45
116782,24,1,3.0
116783,33,1,3.5
116784,54,2,2.5
116784,70,1,3.25
116785,55,2,4.0
116786,42,2,2.5
116787,44,2,2.5
116788,49,2,3.0
116789,45,1,3.0
116790,40,1,3.75
116790,64,2,0.8
